year,month,month_start,carrier,carrier_name,carrier_type,scheduled_flights,completed_flights,cancelled_flights,diverted_flights,on_time_arrival_pct,completion_factor_pct,cancellation_rate_pct,avg_arr_delay_minutes,median_arr_delay_minutes,p90_arr_delay_minutes,root_delay_minutes,inherited_delay_minutes,controllable_root_minutes,external_root_minutes,inherited_share_pct,avg_block_variance_minutes
2023,5,2023-05-01,UA,United Airlines,Network,62340,61616,510,214,78.0,98.84,0.82,6.22,-7.0,45.0,526413,373812,297711,228702,41.5,-6.71
2025,3,2025-03-01,YX,Republic Airways,Regional,28824,28422,338,64,83.33,98.61,1.17,0.23,-10.0,30.0,195789,103567,79226,116563,34.6,-4.48
2024,5,2024-05-01,AS,Alaska Airlines,Network,21257,21098,117,42,75.33,99.25,0.55,5.92,-2.0,38.0,151272,92435,76579,74693,37.9,-2.26
2021,10,2021-10-01,DL,Delta Air Lines,Network,70518,70397,35,86,88.48,99.83,0.05,-0.84,-7.0,17.0,375871,120798,265897,109974,24.3,-6.39
2023,5,2023-05-01,F9,Frontier Airlines,Ultra low-cost,14122,13920,181,21,66.65,98.57,1.28,19.76,0.0,76.0,169281,183212,108208,61073,52.0,-3.44
2025,11,2025-11-01,OO,SkyWest Airlines,Regional,68347,65222,2964,161,78.27,95.43,4.34,5.44,-9.0,39.0,833538,152218,431008,402530,15.4,-3.9
2022,9,2022-09-01,F9,Frontier Airlines,Ultra low-cost,13512,12927,564,21,70.34,95.67,4.17,12.99,-2.0,54.0,140827,103405,89994,50833,42.3,-4.43
2022,9,2022-09-01,MQ,Envoy Air,Regional,19919,19680,216,23,85.62,98.8,1.08,0.38,-7.0,22.0,91441,62303,43029,48412,40.5,-3.39
2021,3,2021-03-01,F9,Frontier Airlines,Ultra low-cost,10886,10551,325,10,84.09,96.92,2.99,-3.64,-10.0,22.0,47122,23849,23178,23944,33.6,-5.61
2021,3,2021-03-01,9E,Endeavor Air,Regional,21394,21370,0,24,94.64,99.89,0.0,-10.72,-15.0,3.0,53332,15618,33874,19458,22.7,-9.84
2022,8,2022-08-01,OO,SkyWest Airlines,Regional,63698,62641,876,181,82.94,98.34,1.38,4.71,-8.0,32.0,630003,171413,482526,147477,21.4,-5.08
2025,4,2025-04-01,AS,Alaska Airlines,Network,19025,18911,80,34,80.65,99.4,0.42,1.44,-5.0,29.0,105265,68345,52461,52804,39.4,-3.5
2025,4,2025-04-01,B6,JetBlue Airways,Low-cost,20002,19908,42,52,82.01,99.53,0.21,-0.7,-10.0,34.0,126957,89612,64922,62035,41.4,-7.66
2021,4,2021-04-01,DL,Delta Air Lines,Network,55500,55072,347,81,90.59,99.23,0.63,-5.55,-12.0,11.0,283867,74832,188724,95143,20.9,-9.1
2025,1,2025-01-01,WN,Southwest Airlines,Low-cost,105307,102120,3016,171,82.23,96.97,2.86,-1.17,-9.0,26.0,436405,370449,239675,196730,45.9,-8.43
2025,9,2025-09-01,OO,SkyWest Airlines,Regional,69406,68999,272,135,84.21,99.41,0.39,1.45,-9.0,28.0,593175,134860,372078,221097,18.5,-4.05
2021,2,2021-02-01,F9,Frontier Airlines,Ultra low-cost,6582,6481,98,3,81.98,98.47,1.49,0.12,-9.0,31.0,44278,20401,18091,26187,31.5,-3.58
2022,7,2022-07-01,AA,American Airlines,Network,76614,73903,2448,263,67.99,96.46,3.2,17.24,-2.0,69.0,920363,764782,606730,313633,45.4,-4.03
2024,10,2024-10-01,WN,Southwest Airlines,Low-cost,119251,117570,1546,135,85.42,98.59,1.3,-1.26,-7.0,21.0,365212,355609,232103,133109,49.3,-7.77
2024,10,2024-10-01,UA,United Airlines,Network,68403,67775,551,77,87.46,99.08,0.81,-3.21,-10.0,19.0,281847,180412,172611,109236,39.0,-6.87
2024,7,2024-07-01,AS,Alaska Airlines,Network,23884,23625,220,39,73.26,98.92,0.92,7.38,-1.0,40.0,170868,121046,85048,85820,41.5,-1.86
2022,2,2022-02-01,WN,Southwest Airlines,Low-cost,90965,87063,3779,123,78.28,95.71,4.15,-0.09,-7.0,30.0,407345,310967,299683,107662,43.3,-10.09
2022,4,2022-04-01,B6,JetBlue Airways,Low-cost,24141,21898,2163,80,53.32,90.71,8.96,30.05,5.0,114.0,472947,312786,355757,117190,39.8,-5.93
2025,6,2025-06-01,UA,United Airlines,Network,66324,65574,436,314,72.75,98.87,0.66,13.64,-4.0,65.0,838563,499912,330250,508313,37.3,-3.42
2025,8,2025-08-01,WN,Southwest Airlines,Low-cost,114519,113679,435,405,77.99,99.27,0.38,6.46,-4.0,39.0,673609,674995,346959,326650,50.1,-6.4
2025,10,2025-10-01,F9,Frontier Airlines,Ultra low-cost,16935,16838,79,18,77.29,99.43,0.47,9.34,-8.0,50.0,151087,162645,83993,67094,51.8,-4.52
2021,6,2021-06-01,YV,Mesa Airlines,Regional,14252,13878,309,65,69.91,97.38,2.17,20.62,-2.0,80.0,227752,133764,98503,129249,37.0,-2.89
2024,2,2024-02-01,G4,Allegiant Air,Ultra low-cost,8486,8460,12,14,82.04,99.69,0.14,4.84,-9.5,35.0,93516,41494,51442,42074,30.7,-5.36
2021,7,2021-07-01,OH,PSA Airlines,Regional,21269,20828,368,73,77.08,97.93,1.73,8.77,-5.0,48.0,177288,147954,93229,84059,45.5,-3.48
2021,7,2021-07-01,QX,Horizon Air,Regional,11400,11265,125,10,84.67,98.82,1.1,1.73,-4.0,22.0,41144,31316,29329,11815,43.2,-3.07
2022,2,2022-02-01,DL,Delta Air Lines,Network,62755,61803,892,60,85.19,98.48,1.42,-1.01,-9.0,23.0,418906,135440,275837,143069,24.4,-8.52
2023,8,2023-08-01,OO,SkyWest Airlines,Regional,58093,57528,404,161,83.46,99.03,0.7,4.61,-7.0,30.0,556260,162509,437942,118318,22.6,-4.04
2022,12,2022-12-01,AA,American Airlines,Network,76149,74801,1174,174,71.06,98.23,1.54,16.91,-2.0,62.0,876690,826539,594206,282484,48.5,-4.03
2023,5,2023-05-01,YX,Republic Airways,Regional,26540,26489,22,29,92.45,99.81,0.08,-9.73,-14.0,9.0,63828,36877,34458,29370,36.6,-8.45
2024,12,2024-12-01,HA,Hawaiian Airlines,Network,6699,6653,35,11,83.56,99.31,0.52,4.44,-1.0,24.0,35280,15194,31662,3618,30.1,-1.52
2024,3,2024-03-01,G4,Allegiant Air,Ultra low-cost,11031,10941,71,19,75.85,99.18,0.64,10.91,-8.0,56.0,148706,77973,75340,73366,34.4,-4.29
2024,3,2024-03-01,YX,Republic Airways,Regional,24348,24253,60,35,90.89,99.61,0.25,-8.6,-14.0,12.0,83707,38961,34289,49418,31.8,-8.21
2022,7,2022-07-01,G4,Allegiant Air,Ultra low-cost,12433,12220,184,29,60.94,98.29,1.48,25.92,5.0,82.0,189456,161458,100797,88659,46.0,2.24
2022,7,2022-07-01,MQ,Envoy Air,Regional,21855,21667,130,58,81.51,99.14,0.59,4.49,-5.0,34.0,133917,102877,56823,77094,43.4,-3.34
2025,5,2025-05-01,NK,Spirit Airlines,Ultra low-cost,17744,17481,220,43,73.92,98.52,1.24,11.93,-5.0,64.0,269927,71459,62719,207208,20.9,-4.23
2025,7,2025-07-01,AA,American Airlines,Network,87852,84378,2959,515,62.45,96.05,3.37,26.98,0.0,93.0,1424937,1364362,863804,561133,48.9,-4.31
2021,5,2021-05-01,YX,Republic Airways,Regional,29189,29065,70,54,91.44,99.58,0.24,-6.64,-12.0,11.0,107752,44061,74298,33454,29.0,-8.24
2025,12,2025-12-01,DL,Delta Air Lines,Network,85139,82618,2341,180,72.27,97.04,2.75,11.27,-5.0,56.0,1072805,517160,686199,386606,32.5,-5.79
2021,10,2021-10-01,UA,United Airlines,Network,47757,47419,254,84,84.81,99.29,0.53,0.35,-8.0,27.0,267247,180552,152886,114361,40.3,-7.97
2023,3,2023-03-01,YX,Republic Airways,Regional,27886,27408,440,38,84.78,98.29,1.58,-2.59,-10.0,22.0,146589,58133,64667,81922,28.4,-4.34
2024,6,2024-06-01,G4,Allegiant Air,Ultra low-cost,12229,12043,146,40,73.4,98.48,1.19,14.16,-4.0,62.0,148268,106604,92943,55325,41.8,-2.68
2024,6,2024-06-01,HA,Hawaiian Airlines,Network,6597,6547,45,5,83.55,99.24,0.68,3.99,-1.0,21.0,28335,14290,26987,1348,33.5,-1.07
2023,12,2023-12-01,DL,Delta Air Lines,Network,81022,80905,22,95,90.2,99.86,0.03,-6.38,-12.0,14.0,399633,127731,286588,113045,24.2,-10.9
2023,12,2023-12-01,F9,Frontier Airlines,Ultra low-cost,15698,15600,76,22,77.38,99.38,0.48,7.38,-6.0,47.0,119249,133908,75309,43940,52.9,-6.14
2023,12,2023-12-01,HA,Hawaiian Airlines,Network,6702,6597,100,5,83.44,98.43,1.49,4.23,0.0,21.0,28269,14715,26562,1707,34.2,-0.75
2023,12,2023-12-01,MQ,Envoy Air,Regional,20420,20337,42,41,85.37,99.59,0.21,-1.13,-8.0,22.0,86814,64476,39476,47338,42.6,-5.67
2021,9,2021-09-01,YX,Republic Airways,Regional,29780,29021,710,49,86.6,97.45,2.38,-2.67,-11.0,17.0,157174,72826,85192,71982,31.7,-6.03
2021,9,2021-09-01,9E,Endeavor Air,Regional,21946,21850,80,16,92.68,99.56,0.36,-4.28,-10.0,8.0,82561,25750,45058,37503,23.8,-5.61
2021,11,2021-11-01,9E,Endeavor Air,Regional,21149,21113,15,21,90.74,99.83,0.07,-5.21,-10.0,13.0,76299,29187,47320,28979,27.7,-6.48
2023,1,2023-01-01,DL,Delta Air Lines,Network,75174,74419,586,169,78.72,99.0,0.78,6.4,-6.0,42.0,791241,312789,501463,289778,28.3,-6.8
2025,12,2025-12-01,MQ,Envoy Air,Regional,25437,24931,444,62,75.02,98.01,1.75,8.0,-5.0,48.0,199379,179874,70151,129228,47.4,-3.63
2021,6,2021-06-01,AS,Alaska Airlines,Network,16971,16696,247,28,77.53,98.38,1.46,4.05,-2.0,32.0,107523,53599,59128,48395,33.3,-2.78
2021,6,2021-06-01,DL,Delta Air Lines,Network,65882,65708,12,162,86.74,99.74,0.02,-0.14,-8.0,21.0,414134,122192,283148,130986,22.8,-7.85
2021,7,2021-07-01,YX,Republic Airways,Regional,32700,31282,1285,133,73.75,95.66,3.93,10.84,-4.0,54.9,345929,194727,186767,159162,36.0,-2.69
2022,10,2022-10-01,YX,Republic Airways,Regional,23838,23573,223,42,84.19,98.89,0.94,-0.6,-9.0,27.0,134742,75568,46573,88169,35.9,-4.04
2022,10,2022-10-01,B6,JetBlue Airways,Low-cost,23353,22964,334,55,72.65,98.33,1.43,9.32,-2.0,50.0,252841,108801,160164,92677,30.1,-2.94
2023,11,2023-11-01,MQ,Envoy Air,Regional,19729,19673,43,13,85.43,99.72,0.22,-0.08,-7.0,23.0,85732,69920,48214,37518,44.9,-4.92
2024,12,2024-12-01,NK,Spirit Airlines,Ultra low-cost,18662,18543,98,21,77.06,99.36,0.53,6.72,-7.0,50.0,195813,88297,79019,116794,31.1,-7.7
2023,10,2023-10-01,OH,PSA Airlines,Regional,16777,16712,32,33,86.53,99.61,0.19,0.22,-9.0,21.0,90137,76442,63288,26849,45.9,-4.85
2025,4,2025-04-01,WN,Southwest Airlines,Low-cost,117622,116840,585,197,80.48,99.34,0.5,4.38,-6.0,35.0,609128,654208,321725,287403,51.8,-6.19
2024,2,2024-02-01,YX,Republic Airways,Regional,21602,21274,304,24,90.83,98.48,1.41,-11.15,-16.0,9.0,60053,35325,23022,37031,37.0,-9.49
2022,11,2022-11-01,QX,Horizon Air,Regional,5478,5405,61,12,79.45,98.67,1.11,6.91,-2.0,33.0,34831,22464,14196,20635,39.2,-0.73
2025,1,2025-01-01,OH,PSA Airlines,Regional,21094,19151,1899,44,67.65,90.79,9.0,14.14,-5.0,64.0,233405,196021,122939,110466,45.6,-3.44
2022,3,2022-03-01,OH,PSA Airlines,Regional,19525,19085,368,72,77.78,97.75,1.88,7.36,-7.0,44.0,138604,150045,81359,57245,52.0,-4.15
2022,3,2022-03-01,OO,SkyWest Airlines,Regional,60933,60187,576,170,82.76,98.78,0.95,3.86,-7.0,30.0,526275,216775,413191,113084,29.2,-5.22
2025,6,2025-06-01,YX,Republic Airways,Regional,28872,27508,1268,96,70.33,95.28,4.39,13.73,-6.0,75.0,370675,227697,143115,227560,38.1,-2.63
2022,5,2022-05-01,NK,Spirit Airlines,Ultra low-cost,19089,18635,413,41,68.83,97.62,2.16,13.63,0.0,57.0,245896,88975,97393,148503,26.6,-1.96
2025,2,2025-02-01,B6,JetBlue Airways,Low-cost,17685,17181,458,46,69.5,97.15,2.59,12.71,-6.0,71.0,210503,171433,91809,118694,44.9,-5.56
2021,2,2021-02-01,AS,Alaska Airlines,Network,11375,10659,689,27,75.82,93.71,6.06,1.23,-6.0,30.0,83556,26659,24972,58584,24.2,0.02
2021,10,2021-10-01,QX,Horizon Air,Regional,7683,7639,30,14,89.25,99.43,0.39,-1.57,-6.0,15.0,23464,13178,14357,9107,36.0,-3.59
2022,2,2022-02-01,HA,Hawaiian Airlines,Network,4984,4969,11,4,87.14,99.7,0.22,1.11,-3.0,18.0,22095,6642,19581,2514,23.1,-3.31
2022,12,2022-12-01,YV,Mesa Airlines,Regional,7995,7822,141,32,73.88,97.84,1.76,16.08,-4.0,66.0,105484,73588,70355,35129,41.1,-4.85
2024,5,2024-05-01,HA,Hawaiian Airlines,Network,6652,6478,168,6,76.77,97.38,2.53,7.68,1.0,32.0,34814,26214,31096,3718,43.0,-0.33
2021,5,2021-05-01,QX,Horizon Air,Regional,10137,10034,86,17,89.8,98.98,0.85,-1.89,-6.0,13.0,30475,14862,22150,8325,32.8,-3.49
2022,7,2022-07-01,QX,Horizon Air,Regional,8516,8472,35,9,87.17,99.48,0.41,0.9,-5.0,20.0,29143,20158,21398,7745,40.9,-2.56
2021,5,2021-05-01,MQ,Envoy Air,Regional,21513,20963,472,78,82.4,97.44,2.19,3.11,-7.0,30.0,153652,84017,40669,112983,35.4,-3.94
2023,11,2023-11-01,DL,Delta Air Lines,Network,80353,80278,11,64,91.27,99.91,0.01,-6.5,-11.0,12.0,316198,97235,241603,74595,23.5,-9.06
2022,11,2022-11-01,G4,Allegiant Air,Ultra low-cost,8122,7975,123,24,67.46,98.19,1.51,17.9,1.0,58.0,103233,77670,61527,41706,42.9,-0.32
2021,1,2021-01-01,QX,Horizon Air,Regional,8906,8765,122,19,91.03,98.42,1.37,-5.3,-8.0,10.0,20392,8857,12435,7957,30.3,-4.33
2023,6,2023-06-01,YX,Republic Airways,Regional,23752,22289,1393,70,76.96,93.84,5.86,3.01,-10.0,39.0,203239,88654,63437,139802,30.4,-4.74
2025,1,2025-01-01,NK,Spirit Airlines,Ultra low-cost,17544,16946,572,26,79.13,96.59,3.26,0.65,-9.0,32.0,129419,49986,49519,79900,27.9,-6.7
2024,7,2024-07-01,G4,Allegiant Air,Ultra low-cost,12861,12419,415,27,67.97,96.56,3.23,20.16,-2.0,72.0,202577,122411,119088,83489,37.7,-0.92
2021,2,2021-02-01,HA,Hawaiian Airlines,Network,2707,2702,4,1,95.01,99.82,0.15,-4.98,-6.0,8.0,7438,858,4330,3108,10.3,-3.87
2021,2,2021-02-01,YV,Mesa Airlines,Regional,10191,8667,1508,16,70.75,85.05,14.8,3.43,-9.0,34.0,87478,33088,31362,56116,27.4,-6.12
2022,1,2022-01-01,UA,United Airlines,Network,45741,42744,2906,91,74.26,93.45,6.35,4.76,-8.0,44.0,382228,214345,257475,124753,35.9,-8.25
2023,9,2023-09-01,B6,JetBlue Airways,Low-cost,21412,20557,724,131,60.49,96.01,3.38,29.58,1.0,107.0,453031,289043,287818,165213,39.0,-3.79
2024,1,2024-01-01,YX,Republic Airways,Regional,22914,21805,1061,48,78.95,95.16,4.63,0.32,-12.0,37.0,177868,98182,66426,111442,35.6,-5.91
2021,11,2021-11-01,UA,United Airlines,Network,47212,46921,239,52,86.42,99.38,0.51,-1.0,-8.0,21.0,204718,140224,139471,65247,40.7,-7.56
2024,4,2024-04-01,DL,Delta Air Lines,Network,82812,82569,117,126,84.11,99.71,0.14,2.45,-7.0,28.0,601610,257145,398024,203586,29.9,-5.64
2025,3,2025-03-01,MQ,Envoy Air,Regional,24032,23294,662,76,77.22,96.93,2.75,5.68,-5.0,40.0,168348,123831,70703,97645,42.4,-2.73
2021,12,2021-12-01,HA,Hawaiian Airlines,Network,6206,6074,123,9,77.34,97.87,1.98,7.59,-1.0,32.0,44353,22809,39262,5091,34.0,-2.26
2023,4,2023-04-01,AS,Alaska Airlines,Network,19573,19306,220,47,77.27,98.64,1.12,4.09,-3.0,34.0,128873,69824,60748,68125,35.1,-2.04
2025,9,2025-09-01,HA,Hawaiian Airlines,Network,6428,6412,11,5,88.19,99.75,0.17,2.43,-3.0,17.0,28555,11414,27378,1177,28.6,-1.89
2021,4,2021-04-01,QX,Horizon Air,Regional,9575,9466,100,9,91.23,98.86,1.04,-4.05,-7.0,11.0,20356,9269,14307,6049,31.3,-4.13
2025,6,2025-06-01,HA,Hawaiian Airlines,Network,6839,6821,13,5,81.87,99.74,0.19,7.59,1.0,26.0,42830,19742,40909,1921,31.6,-0.88
2022,7,2022-07-01,YV,Mesa Airlines,Regional,9590,9371,200,19,77.08,97.72,2.09,10.91,-8.0,56.0,115713,66689,87079,28634,36.6,-7.02
2024,12,2024-12-01,AA,American Airlines,Network,77737,76683,781,273,76.27,98.64,1.0,10.75,-6.0,49.0,786595,666468,491238,295357,45.9,-7.31
2021,7,2021-07-01,9E,Endeavor Air,Regional,25057,24864,112,81,88.16,99.23,0.45,-2.2,-11.0,18.0,151312,65095,79068,72244,30.1,-8.36
2021,8,2021-08-01,YX,Republic Airways,Regional,31831,30358,1356,117,73.75,95.37,4.26,10.45,-4.0,54.0,344408,172507,174543,169865,33.4,-1.74
2022,8,2022-08-01,F9,Frontier Airlines,Ultra low-cost,13337,13176,126,35,71.15,98.79,0.94,15.59,-4.0,67.0,170908,127373,97748,73160,42.7,-5.2
2023,7,2023-07-01,NK,Spirit Airlines,Ultra low-cost,21187,20650,467,70,60.8,97.47,2.2,25.49,3.0,95.0,464825,161369,151516,313309,25.8,-2.7
2023,11,2023-11-01,G4,Allegiant Air,Ultra low-cost,8940,8926,7,7,80.82,99.84,0.08,4.14,-7.0,35.0,71089,43580,42727,28362,38.0,-3.82
2025,8,2025-08-01,AS,Alaska Airlines,Network,22976,22690,247,39,71.91,98.76,1.08,8.2,-1.0,43.0,169651,135126,87769,81882,44.3,-2.59
2025,1,2025-01-01,B6,JetBlue Airways,Low-cost,17918,17558,323,37,74.03,97.99,1.8,5.81,-6.0,48.0,154053,109358,81987,72066,41.5,-5.3
2025,7,2025-07-01,MQ,Envoy Air,Regional,27489,26752,637,100,71.66,97.32,2.32,10.61,-3.0,54.0,232677,207097,86559,146118,47.1,-2.44
2025,3,2025-03-01,AS,Alaska Airlines,Network,18925,18756,123,46,80.33,99.11,0.65,1.23,-6.0,31.0,109556,71000,50098,59458,39.3,-4.13
2022,5,2022-05-01,F9,Frontier Airlines,Ultra low-cost,12678,12477,179,22,64.61,98.41,1.41,19.28,3.0,71.0,162091,126113,88278,73813,43.8,-0.92
2022,5,2022-05-01,HA,Hawaiian Airlines,Network,6292,6283,4,5,85.98,99.86,0.06,1.99,-1.0,19.0,18550,9639,17748,802,34.2,-2.17
2024,8,2024-08-01,NK,Spirit Airlines,Ultra low-cost,24676,23634,977,65,67.12,95.78,3.96,16.19,-3.0,77.0,392893,152913,133083,259810,28.0,-5.34
2022,1,2022-01-01,DL,Delta Air Lines,Network,68963,66573,2237,153,82.35,96.53,3.24,-0.23,-9.0,25.0,480646,150173,338966,141680,23.8,-8.0
2025,3,2025-03-01,DL,Delta Air Lines,Network,84487,83857,416,214,80.97,99.25,0.49,3.94,-8.0,38.0,747180,368664,462197,284983,33.0,-6.28
2023,4,2023-04-01,OO,SkyWest Airlines,Regional,56048,55081,811,156,84.39,98.27,1.45,2.54,-7.0,25.0,482383,100610,338904,143479,17.3,-4.03
2024,5,2024-05-01,9E,Endeavor Air,Regional,16310,16057,203,50,82.67,98.45,1.24,3.15,-10.0,34.0,119339,95118,49818,69521,44.4,-5.98
2021,6,2021-06-01,UA,United Airlines,Network,35760,35544,66,150,75.53,99.4,0.18,11.02,-2.0,48.0,364381,199200,143683,220698,35.3,-1.69
2023,5,2023-05-01,B6,JetBlue Airways,Low-cost,24639,24385,185,69,75.08,98.97,0.75,9.03,-7.0,58.0,269827,180333,210056,59771,40.1,-8.0
2023,5,2023-05-01,DL,Delta Air Lines,Network,84459,83947,417,95,86.73,99.39,0.49,-1.13,-9.0,21.0,506746,178079,395623,111123,26.0,-8.03
2021,1,2021-01-01,AS,Alaska Airlines,Network,10628,10531,75,22,91.81,99.09,0.71,-8.93,-11.0,10.0,25249,7953,12103,13146,24.0,-3.71
2022,6,2022-06-01,WN,Southwest Airlines,Low-cost,111002,109470,1296,236,71.36,98.62,1.17,9.83,0.0,45.0,750706,743397,522121,228585,49.8,-6.33
2024,6,2024-06-01,DL,Delta Air Lines,Network,89065,88585,191,289,79.72,99.46,0.21,6.27,-7.0,40.0,876142,370575,554930,321212,29.7,-6.36
2021,9,2021-09-01,UA,United Airlines,Network,44427,43685,633,109,84.64,98.33,1.42,-0.22,-9.0,24.0,251768,154703,132511,119257,38.1,-7.32
2022,9,2022-09-01,DL,Delta Air Lines,Network,74760,73918,745,97,89.0,98.87,1.0,-3.49,-10.0,14.0,363542,115674,268859,94683,24.1,-7.99
2023,10,2023-10-01,9E,Endeavor Air,Regional,17796,17777,0,19,92.35,99.89,0.0,-9.48,-15.0,8.0,60484,31048,41673,18811,33.9,-10.76
2021,3,2021-03-01,G4,Allegiant Air,Ultra low-cost,11709,11601,87,21,82.07,99.08,0.74,5.78,-7.0,32.0,92577,65899,67372,25205,41.6,-1.72
2021,3,2021-03-01,HA,Hawaiian Airlines,Network,3268,3260,7,1,88.22,99.76,0.21,-1.28,-3.0,16.0,11540,2713,10889,651,19.0,-3.84
2025,4,2025-04-01,DL,Delta Air Lines,Network,84188,83560,430,198,81.62,99.25,0.51,3.8,-7.0,34.0,711537,302209,458932,252605,29.8,-4.79
2023,9,2023-09-01,HA,Hawaiian Airlines,Network,6718,6646,69,3,88.42,98.93,1.03,2.13,-2.0,15.0,24973,7662,24603,370,23.5,-1.05
2025,11,2025-11-01,G4,Allegiant Air,Ultra low-cost,9652,9540,78,34,76.09,98.84,0.81,9.93,-6.0,51.1,100809,71427,39690,61119,41.5,-1.19
2025,11,2025-11-01,HA,Hawaiian Airlines,Network,6426,6294,125,7,79.89,97.95,1.95,7.11,1.0,26.0,40292,17137,37896,2396,29.8,-1.16
2025,11,2025-11-01,MQ,Envoy Air,Regional,24683,23420,1213,50,77.95,94.88,4.91,2.7,-9.0,38.0,172275,114259,48474,123801,39.9,-4.64
2025,9,2025-09-01,F9,Frontier Airlines,Ultra low-cost,14896,14820,51,25,79.22,99.49,0.34,5.67,-9.5,43.0,122586,114598,70731,51855,48.3,-5.89
2023,9,2023-09-01,G4,Allegiant Air,Ultra low-cost,6892,6855,22,15,77.6,99.46,0.32,9.31,-5.0,44.0,69294,39677,41500,27794,36.4,-1.72
2024,9,2024-09-01,MQ,Envoy Air,Regional,23598,23438,140,20,84.13,99.32,0.59,0.1,-7.0,25.3,106547,78783,51711,54836,42.5,-4.05
2021,10,2021-10-01,OH,PSA Airlines,Regional,20865,20778,40,47,87.9,99.58,0.19,-1.19,-9.0,19.0,86160,76961,56506,29654,47.2,-4.88
2023,11,2023-11-01,AS,Alaska Airlines,Network,19255,19111,86,58,82.74,99.25,0.45,-1.06,-7.0,26.0,91167,53652,44591,46576,37.0,-4.65
2023,12,2023-12-01,WN,Southwest Airlines,Low-cost,127773,126789,806,178,82.14,99.23,0.63,1.88,-5.0,27.0,499572,526077,323311,176261,51.3,-7.34
2024,12,2024-12-01,OO,SkyWest Airlines,Regional,66601,65444,886,271,76.9,98.26,1.33,10.09,-7.0,53.0,1012951,211563,615888,397063,17.3,-5.09
2021,3,2021-03-01,QX,Horizon Air,Regional,9572,9440,110,22,88.47,98.62,1.15,-1.81,-6.0,15.0,28374,14962,20163,8211,34.5,-3.17
2022,6,2022-06-01,UA,United Airlines,Network,53105,51129,1748,228,75.0,96.28,3.29,9.84,-6.0,51.0,511894,365724,301238,210656,41.7,-6.65
2022,6,2022-06-01,DL,Delta Air Lines,Network,76887,73744,2946,197,77.1,95.91,3.83,6.56,-7.0,42.0,762382,297122,548281,214101,28.0,-7.73
2024,1,2024-01-01,OO,SkyWest Airlines,Regional,56814,54206,2384,224,72.38,95.41,4.2,15.2,-6.0,65.5,1016546,249238,581854,434692,19.7,-4.37
2025,10,2025-10-01,UA,United Airlines,Network,71415,71122,191,102,80.07,99.59,0.27,3.79,-5.0,33.0,546695,250915,208211,338484,31.5,-3.32
2025,11,2025-11-01,YX,Republic Airways,Regional,29356,27742,1568,46,72.32,94.5,5.34,7.77,-8.0,60.0,293321,185081,95861,197460,38.7,-2.77
2025,2,2025-02-01,OH,PSA Airlines,Regional,19508,17465,1987,56,57.15,89.53,10.19,27.15,0.0,103.0,286548,296924,173166,113382,50.9,-1.89
2021,4,2021-04-01,YV,Mesa Airlines,Regional,12530,12416,89,25,85.07,99.09,0.71,-0.04,-10.0,27.0,79519,50728,42048,37471,38.9,-6.71
2024,7,2024-07-01,F9,Frontier Airlines,Ultra low-cost,19432,18516,878,38,61.85,95.29,4.52,22.24,1.0,84.0,234348,284379,142551,91797,54.8,-1.46
2021,11,2021-11-01,QX,Horizon Air,Regional,7687,7625,46,16,87.47,99.19,0.6,0.17,-5.0,17.0,25610,18186,16561,9049,41.5,-3.3
2022,12,2022-12-01,MQ,Envoy Air,Regional,18808,18296,473,39,71.22,97.28,2.51,13.25,-2.0,55.0,192489,139577,71859,120630,42.0,-1.26
2025,11,2025-11-01,B6,JetBlue Airways,Low-cost,19818,19177,587,54,72.66,96.77,2.96,11.01,-6.0,65.0,207017,165634,106529,100488,44.4,-3.86
2021,12,2021-12-01,MQ,Envoy Air,Regional,22845,22606,185,54,83.92,98.95,0.81,-0.2,-8.0,25.0,117079,73138,59410,57669,38.4,-6.38
2021,3,2021-03-01,YV,Mesa Airlines,Regional,12573,12402,133,38,86.01,98.64,1.06,-2.72,-11.0,21.0,75734,32611,39481,36253,30.1,-7.84
2025,6,2025-06-01,WN,Southwest Airlines,Low-cost,122348,121152,756,440,71.14,99.02,0.62,12.6,-1.0,58.0,965273,1096328,527804,437469,53.2,-5.55
2021,7,2021-07-01,WN,Southwest Airlines,Low-cost,103956,101851,1725,380,67.86,97.98,1.66,13.0,1.0,54.0,875869,826652,597618,278251,48.6,-6.46
2025,10,2025-10-01,NK,Spirit Airlines,Ultra low-cost,14128,13958,156,14,79.49,98.8,1.1,4.77,-8.0,42.0,143916,44459,58315,85601,23.6,-5.37
2022,9,2022-09-01,OO,SkyWest Airlines,Regional,62347,62016,225,106,86.35,99.47,0.36,1.43,-8.0,23.0,502337,116884,423717,78620,18.9,-5.27
2024,2,2024-02-01,B6,JetBlue Airways,Low-cost,19235,18923,267,45,74.26,98.38,1.39,7.55,-7.0,56.0,197959,134283,139242,58717,40.4,-7.27
2024,2,2024-02-01,HA,Hawaiian Airlines,Network,6067,5992,68,7,79.96,98.76,1.12,7.95,1.0,27.0,40550,20156,36054,4496,33.2,-0.77
2021,1,2021-01-01,YV,Mesa Airlines,Regional,11232,11044,172,16,86.73,98.33,1.53,-4.09,-13.0,19.0,76380,20479,34199,42181,21.1,-7.98
2025,3,2025-03-01,NK,Spirit Airlines,Ultra low-cost,19828,19577,215,36,80.11,98.73,1.08,3.89,-10.0,46.0,223883,61033,67492,156391,21.4,-7.15
2021,7,2021-07-01,UA,United Airlines,Network,43445,42670,586,189,70.3,98.22,1.35,15.96,0.0,60.0,502526,344274,228895,273631,40.7,-1.15
2022,3,2022-03-01,AA,American Airlines,Network,71264,70302,770,192,80.73,98.65,1.08,4.53,-6.0,33.0,547773,318260,344517,203256,36.7,-5.35
2021,12,2021-12-01,AA,American Airlines,Network,71824,71239,455,130,83.07,99.19,0.63,1.59,-8.0,28.0,457849,317044,336696,121153,40.9,-7.99
2022,12,2022-12-01,9E,Endeavor Air,Regional,16660,16036,592,32,78.6,96.25,3.55,3.97,-9.0,37.0,160019,64779,74373,85646,28.8,-6.86
2022,12,2022-12-01,AS,Alaska Airlines,Network,20079,18219,1735,125,57.09,90.74,8.64,18.03,5.0,70.0,246772,161060,118197,128575,39.5,-0.85
2021,4,2021-04-01,AA,American Airlines,Network,52305,51894,336,75,88.18,99.21,0.64,-5.01,-12.0,17.0,273517,114486,172380,101137,29.5,-9.8
2022,8,2022-08-01,WN,Southwest Airlines,Low-cost,118889,115376,3157,356,67.66,97.05,2.66,13.12,0.0,55.0,920953,1030435,619011,301942,52.8,-6.34
2021,8,2021-08-01,NK,Spirit Airlines,Ultra low-cost,19096,16126,2923,47,61.11,84.45,15.31,13.54,-3.0,63.0,227553,92542,100129,127424,28.9,-5.04
2021,8,2021-08-01,OH,PSA Airlines,Regional,21381,20768,538,75,77.21,97.13,2.52,8.78,-6.0,48.3,188262,148064,92424,95838,44.0,-2.96
2023,11,2023-11-01,YX,Republic Airways,Regional,22002,21986,2,14,93.97,99.93,0.01,-11.18,-15.0,6.0,41743,19272,21647,20096,31.6,-8.41
2024,10,2024-10-01,AS,Alaska Airlines,Network,20503,20287,174,42,82.19,98.95,0.85,0.34,-5.0,26.0,104358,52403,49401,54957,33.4,-3.06
2022,5,2022-05-01,YV,Mesa Airlines,Regional,11037,10775,242,20,78.58,97.63,2.19,9.33,-8.0,53.0,128941,68872,92768,36173,34.8,-7.07
2023,8,2023-08-01,AS,Alaska Airlines,Network,22974,22842,81,51,79.0,99.43,0.35,3.61,-4.0,31.0,142463,87728,76435,66028,38.1,-2.92
2022,11,2022-11-01,YV,Mesa Airlines,Regional,8608,8498,89,21,81.35,98.72,1.03,5.67,-8.0,34.0,76714,41827,47021,29693,35.3,-5.32
2022,11,2022-11-01,YX,Republic Airways,Regional,22021,21628,346,47,83.04,98.22,1.57,-0.94,-10.0,28.0,130654,69371,45314,85340,34.7,-4.68
2023,10,2023-10-01,OO,SkyWest Airlines,Regional,59863,59443,306,114,85.13,99.3,0.51,2.72,-8.0,25.0,512128,145614,402102,110026,22.1,-4.2
2023,6,2023-06-01,B6,JetBlue Airways,Low-cost,22795,21831,797,167,60.8,95.77,3.5,28.02,0.0,112.0,454749,319301,269060,185689,41.3,-5.16
2021,11,2021-11-01,MQ,Envoy Air,Regional,22326,22240,58,28,88.56,99.61,0.26,-3.63,-9.0,17.0,79599,46842,50285,29314,37.0,-6.81
2023,10,2023-10-01,YX,Republic Airways,Regional,23589,23561,0,28,92.6,99.88,0.0,-9.68,-14.0,8.0,53408,35880,28116,25292,40.2,-8.17
2025,4,2025-04-01,MQ,Envoy Air,Regional,24343,23682,601,60,76.34,97.28,2.47,6.93,-5.0,42.0,186251,133060,67498,118753,41.7,-2.0
2024,8,2024-08-01,UA,United Airlines,Network,65939,64253,1332,354,74.94,97.44,2.02,10.02,-6.0,54.0,656280,477465,319042,337238,42.1,-5.2
2023,1,2023-01-01,OO,SkyWest Airlines,Regional,50347,48378,1670,299,73.9,96.09,3.32,11.11,-4.0,51.0,657844,211381,432867,224977,24.3,-2.52
2023,8,2023-08-01,B6,JetBlue Airways,Low-cost,22895,22121,669,105,61.61,96.62,2.92,24.38,1.0,99.0,394170,293648,282727,111443,42.7,-5.49
2023,10,2023-10-01,AS,Alaska Airlines,Network,20306,20210,48,48,85.22,99.53,0.24,-1.91,-7.0,21.0,88423,44718,48924,39499,33.6,-4.6
2024,12,2024-12-01,MQ,Envoy Air,Regional,22584,22205,300,79,78.59,98.32,1.33,6.67,-6.0,39.0,178506,137936,67542,110964,43.6,-4.67
2021,9,2021-09-01,AS,Alaska Airlines,Network,17438,17289,127,22,84.99,99.15,0.73,-1.94,-7.0,21.0,75822,36683,42719,33103,32.6,-3.81
2023,10,2023-10-01,HA,Hawaiian Airlines,Network,6915,6796,115,4,76.28,98.28,1.66,8.81,2.0,29.0,42867,24296,36549,6318,36.2,0.29
2023,10,2023-10-01,NK,Spirit Airlines,Ultra low-cost,23294,22909,362,23,79.65,98.35,1.55,3.09,-7.0,34.0,176220,87662,88982,87238,33.2,-8.01
2024,5,2024-05-01,WN,Southwest Airlines,Low-cost,122496,121237,828,431,71.35,98.97,0.68,12.93,-1.0,56.0,927099,1166849,495397,431702,55.7,-5.41
2024,2,2024-02-01,WN,Southwest Airlines,Low-cost,105207,104603,466,138,83.07,99.43,0.44,0.71,-6.0,26.0,443500,388079,232769,210731,46.7,-7.1
2021,11,2021-11-01,G4,Allegiant Air,Ultra low-cost,8999,8834,153,12,67.3,98.17,1.7,14.69,2.0,54.0,87472,72570,57121,30351,45.3,-0.06
2022,12,2022-12-01,B6,JetBlue Airways,Low-cost,23881,23355,465,61,59.15,97.8,1.95,24.92,5.0,90.0,426020,270069,308694,117326,38.8,-2.9
2023,2,2023-02-01,YX,Republic Airways,Regional,23728,23305,388,35,84.38,98.22,1.64,-4.18,-12.0,25.0,126266,59476,43626,82640,32.0,-6.37
2022,3,2022-03-01,9E,Endeavor Air,Regional,21308,20906,341,61,81.73,98.11,1.6,4.28,-8.0,34.0,170102,95722,74983,95119,36.0,-4.09
2025,2,2025-02-01,AS,Alaska Airlines,Network,16315,15917,352,46,76.95,97.56,2.16,2.81,-5.0,36.0,115941,62012,47557,68384,34.8,-3.99
2023,3,2023-03-01,B6,JetBlue Airways,Low-cost,25793,25318,403,72,65.7,98.16,1.56,17.57,0.0,79.0,362742,260066,254891,107851,41.8,-5.42
2023,4,2023-04-01,G4,Allegiant Air,Ultra low-cost,10492,10314,139,39,72.05,98.3,1.32,17.87,-3.0,58.0,168046,86866,81340,86706,34.1,-2.06
2022,1,2022-01-01,AS,Alaska Airlines,Network,16549,15204,1269,76,70.74,91.87,7.67,5.23,-4.0,41.0,124073,66216,74202,49871,34.8,-2.66
2022,4,2022-04-01,F9,Frontier Airlines,Ultra low-cost,12203,11746,438,19,58.37,96.26,3.59,25.26,6.0,89.0,199833,138210,98488,101345,40.9,-0.31
2022,4,2022-04-01,G4,Allegiant Air,Ultra low-cost,10542,10214,310,18,59.27,96.89,2.94,22.98,6.0,77.0,136083,125165,64062,72021,47.9,2.42
2022,4,2022-04-01,HA,Hawaiian Airlines,Network,6019,5935,82,2,80.78,98.6,1.36,4.93,0.0,23.0,28041,13709,27320,721,32.8,-1.77
2022,2,2022-02-01,OH,PSA Airlines,Regional,18896,18198,657,41,74.41,96.31,3.48,9.27,-6.0,52.0,144045,162242,95096,48949,53.0,-3.86
2023,5,2023-05-01,AA,American Airlines,Network,79782,79158,401,223,78.53,99.22,0.5,10.07,-6.0,45.0,761692,670904,546582,215110,46.8,-6.42
2023,3,2023-03-01,OO,SkyWest Airlines,Regional,57835,56611,976,248,78.35,97.88,1.69,7.24,-5.0,39.0,611668,181047,417322,194346,22.8,-2.62
2024,5,2024-05-01,F9,Frontier Airlines,Ultra low-cost,18647,18117,488,42,63.65,97.16,2.62,20.87,0.0,82.0,221364,272280,116115,105249,55.2,-2.82
2024,5,2024-05-01,G4,Allegiant Air,Ultra low-cost,9567,9513,35,19,78.77,99.44,0.37,7.65,-8.0,47.0,100695,60580,50522,50173,37.6,-4.56
2024,5,2024-05-01,OH,PSA Airlines,Regional,18822,18579,179,64,70.44,98.71,0.95,17.41,-2.0,68.0,213415,214772,103398,110017,50.2,-0.84
2021,5,2021-05-01,UA,United Airlines,Network,30957,30802,64,91,87.48,99.5,0.21,-1.03,-8.0,19.0,167278,81442,78370,88908,32.7,-5.55
2023,9,2023-09-01,9E,Endeavor Air,Regional,17319,16505,777,37,80.6,95.3,4.49,2.23,-10.0,33.0,139005,69312,64930,74075,33.3,-6.8
2024,9,2024-09-01,OO,SkyWest Airlines,Regional,64633,64418,109,106,84.32,99.67,0.17,2.15,-8.0,29.0,508815,171056,370414,138401,25.2,-4.11
2022,11,2022-11-01,DL,Delta Air Lines,Network,75867,75269,483,115,85.47,99.21,0.64,0.68,-8.0,22.0,506969,167459,342385,164584,24.8,-6.28
2022,12,2022-12-01,DL,Delta Air Lines,Network,75771,73792,1851,128,78.0,97.39,2.44,5.93,-6.0,37.0,737676,271099,493525,244151,26.9,-7.1
2022,2,2022-02-01,YV,Mesa Airlines,Regional,9881,9185,679,17,74.67,92.96,6.87,8.59,-7.0,46.0,117678,38873,82573,35105,24.8,-7.11
2024,6,2024-06-01,MQ,Envoy Air,Regional,25111,24645,407,59,70.38,98.14,1.62,13.19,-2.0,63.0,226390,237899,109228,117162,51.2,-3.33
2021,1,2021-01-01,G4,Allegiant Air,Ultra low-cost,5827,5526,277,24,80.5,94.83,4.75,0.16,-10.0,27.0,43344,18743,17878,25466,30.2,-3.42
2021,1,2021-01-01,OH,PSA Airlines,Regional,12615,12226,373,16,85.31,96.92,2.96,-2.07,-10.0,19.0,71140,33194,41751,29389,31.8,-5.09
2022,7,2022-07-01,NK,Spirit Airlines,Ultra low-cost,19392,19292,68,32,78.78,99.48,0.35,5.86,-8.0,44.0,211159,68126,69817,141342,24.4,-6.95
2023,4,2023-04-01,MQ,Envoy Air,Regional,18137,17733,348,56,78.96,97.77,1.92,6.21,-5.0,40.0,135279,90604,48374,86905,40.1,-2.49
2023,4,2023-04-01,OH,PSA Airlines,Regional,16033,15843,150,40,82.42,98.81,0.94,2.3,-8.0,31.0,97025,75771,48585,48440,43.8,-3.25
2021,2,2021-02-01,MQ,Envoy Air,Regional,15648,13370,2233,45,67.13,85.44,14.27,4.77,-7.0,42.0,138009,43898,28349,109660,24.1,-2.83
2022,6,2022-06-01,B6,JetBlue Airways,Low-cost,21323,20480,743,100,61.3,96.05,3.48,23.97,1.0,94.0,418524,206139,259686,158838,33.0,-4.96
2025,9,2025-09-01,DL,Delta Air Lines,Network,84875,84630,85,160,87.36,99.71,0.1,-1.86,-10.0,21.0,508023,199290,335946,172077,28.2,-6.39
2023,4,2023-04-01,NK,Spirit Airlines,Ultra low-cost,22751,21887,815,49,60.69,96.2,3.58,23.65,3.0,90.0,436432,172133,158257,278175,28.3,-2.24
2022,8,2022-08-01,HA,Hawaiian Airlines,Network,6514,6499,9,6,73.53,99.77,0.14,8.5,3.0,30.0,36912,25080,35092,1820,40.5,-0.92
2023,11,2023-11-01,F9,Frontier Airlines,Ultra low-cost,15904,15871,24,9,79.7,99.79,0.15,6.08,-7.0,37.0,114557,117755,83244,31313,50.7,-5.43
2024,4,2024-04-01,YX,Republic Airways,Regional,23863,23592,220,51,86.87,98.86,0.92,-3.61,-11.0,20.0,121456,58213,51282,70174,32.4,-5.66
2024,6,2024-06-01,9E,Endeavor Air,Regional,16692,16116,542,34,77.7,96.55,3.25,5.49,-9.0,46.0,152040,94832,77918,74122,38.4,-5.94
2023,10,2023-10-01,UA,United Airlines,Network,65896,65695,133,68,86.97,99.69,0.2,-2.67,-10.0,20.0,288038,197159,178540,109498,40.6,-7.23
2025,7,2025-07-01,F9,Frontier Airlines,Ultra low-cost,16409,15893,469,47,61.98,96.86,2.86,26.01,0.0,96.0,279699,245311,158186,121513,46.7,-3.53
2023,3,2023-03-01,DL,Delta Air Lines,Network,82791,81025,1589,177,77.04,97.87,1.92,6.54,-6.0,42.0,805220,355230,528411,276809,30.6,-6.54
2023,3,2023-03-01,HA,Hawaiian Airlines,Network,6814,6762,45,7,59.47,99.24,0.66,17.06,9.0,49.0,65348,51059,53577,11771,43.9,2.71
2024,7,2024-07-01,9E,Endeavor Air,Regional,17257,15796,1390,71,65.12,91.53,8.05,19.76,-6.0,93.0,244859,192697,140512,104347,44.0,-4.12
2022,5,2022-05-01,G4,Allegiant Air,Ultra low-cost,9867,9666,179,22,65.98,97.96,1.81,17.49,2.0,68.0,110388,93468,60368,50020,45.9,0.51
2023,7,2023-07-01,OH,PSA Airlines,Regional,16940,16309,570,61,69.05,96.28,3.36,17.61,-3.0,75.0,202945,193175,107823,95122,48.8,-2.14
2022,1,2022-01-01,MQ,Envoy Air,Regional,22205,21497,669,39,82.18,96.81,3.01,-1.33,-10.0,26.0,123845,61576,58011,65834,33.2,-6.36
2022,4,2022-04-01,YV,Mesa Airlines,Regional,10367,10233,106,28,84.23,98.71,1.02,2.84,-8.0,29.0,85837,33209,57509,28328,27.9,-5.9
2023,6,2023-06-01,OO,SkyWest Airlines,Regional,56372,55545,704,123,82.07,98.53,1.25,5.78,-6.0,33.0,569255,156538,417553,151702,21.6,-3.84
2023,6,2023-06-01,UA,United Airlines,Network,62395,58791,3309,295,65.07,94.22,5.3,20.66,-1.0,84.0,963490,614512,633946,329544,38.9,-5.07
2021,8,2021-08-01,9E,Endeavor Air,Regional,23060,22934,66,60,88.14,99.45,0.29,-1.19,-9.0,18.0,129815,55233,74302,55513,29.8,-5.98
2025,8,2025-08-01,F9,Frontier Airlines,Ultra low-cost,16697,16396,269,32,69.28,98.2,1.61,15.47,-5.0,74.0,194293,195434,107928,86365,50.1,-5.04
2025,8,2025-08-01,HA,Hawaiian Airlines,Network,6946,6924,17,5,85.4,99.68,0.24,4.79,-2.0,21.0,38534,12084,37600,934,23.9,-1.1
2024,11,2024-11-01,F9,Frontier Airlines,Ultra low-cost,17559,17389,151,19,76.74,99.03,0.86,7.42,-7.0,48.0,124460,160449,66866,57594,56.3,-4.39
2024,2,2024-02-01,OO,SkyWest Airlines,Regional,53325,52397,709,219,81.81,98.26,1.33,3.61,-9.0,35.0,570764,144220,308669,262095,20.2,-5.7
2025,1,2025-01-01,HA,Hawaiian Airlines,Network,6690,6540,128,22,84.51,97.76,1.91,6.04,-2.0,21.0,37865,26469,28966,8899,41.1,-0.78
2025,11,2025-11-01,AA,American Airlines,Network,78826,77000,1670,156,74.76,97.68,2.12,9.99,-7.0,56.0,824619,628350,496137,328482,43.2,-5.92
2023,6,2023-06-01,G4,Allegiant Air,Ultra low-cost,11483,11383,64,36,70.63,99.13,0.56,18.99,-1.0,65.0,171620,102486,74689,96931,37.4,1.15
2023,6,2023-06-01,OH,PSA Airlines,Regional,17125,16418,639,68,72.19,95.87,3.73,12.87,-4.0,56.0,172654,147705,101052,71602,46.1,-2.22
2024,6,2024-06-01,B6,JetBlue Airways,Low-cost,19903,19288,490,125,69.73,96.91,2.46,15.41,-6.0,78.0,299999,170426,175206,124793,36.2,-6.53
2024,4,2024-04-01,WN,Southwest Airlines,Low-cost,120579,119903,482,194,79.81,99.44,0.4,4.68,-4.0,34.0,606277,642248,360631,245646,51.4,-6.41
2025,2,2025-02-01,HA,Hawaiian Airlines,Network,6013,5983,21,9,82.27,99.5,0.35,5.63,0.0,26.0,30577,17850,27850,2727,36.9,-0.15
2025,4,2025-04-01,UA,United Airlines,Network,64256,63799,279,178,81.18,99.29,0.43,4.08,-8.0,38.0,553088,310244,206353,346735,35.9,-5.79
2022,8,2022-08-01,B6,JetBlue Airways,Low-cost,23100,22472,551,77,65.94,97.28,2.39,17.97,-2.0,83.0,375209,194851,224680,150529,34.2,-5.06
2023,9,2023-09-01,NK,Spirit Airlines,Ultra low-cost,21036,20643,334,59,74.81,98.13,1.59,8.57,-6.0,51.0,251069,86684,89704,161365,25.7,-6.19
2025,11,2025-11-01,DL,Delta Air Lines,Network,84475,82872,1439,164,80.85,98.1,1.7,3.06,-9.0,37.0,760796,320539,445090,315706,29.6,-5.86
2021,2,2021-02-01,OO,SkyWest Airlines,Regional,47307,45065,2084,158,80.43,95.26,4.41,3.65,-10.0,29.0,553196,73261,359926,193270,11.7,-5.51
2021,2,2021-02-01,UA,United Airlines,Network,22280,21164,1093,23,81.32,94.99,4.91,-1.1,-9.0,24.0,138049,45615,53648,84401,24.8,-5.51
2022,9,2022-09-01,OH,PSA Airlines,Regional,16570,16139,411,20,85.58,97.4,2.48,-2.3,-9.0,19.0,64670,48343,39208,25462,42.8,-4.09
2022,9,2022-09-01,YV,Mesa Airlines,Regional,8586,8476,88,22,81.74,98.72,1.02,5.4,-9.0,44.0,78485,52983,55059,23426,40.3,-7.75
2022,9,2022-09-01,YX,Republic Airways,Regional,25332,24938,370,24,85.69,98.44,1.46,-2.16,-10.0,22.0,127375,66245,48798,78577,34.2,-4.28
2023,9,2023-09-01,F9,Frontier Airlines,Ultra low-cost,16353,15994,329,30,71.08,97.8,2.01,14.1,-4.0,64.0,155606,181739,95964,59642,53.9,-3.37
2024,9,2024-09-01,DL,Delta Air Lines,Network,84545,84072,330,143,86.61,99.44,0.39,-1.51,-9.0,21.0,485208,189944,338780,146428,28.1,-6.56
2021,10,2021-10-01,WN,Southwest Airlines,Low-cost,103300,99133,3972,195,67.09,95.97,3.85,10.78,1.0,49.0,764734,711986,575687,189047,48.2,-7.58
2023,12,2023-12-01,9E,Endeavor Air,Regional,16888,16702,156,30,87.75,98.9,0.92,-6.1,-15.0,18.0,93819,52343,55407,38412,35.8,-11.78
2024,12,2024-12-01,UA,United Airlines,Network,64030,63570,331,129,80.61,99.28,0.52,4.28,-7.0,37.0,499865,303330,251777,248088,37.8,-6.49
2024,7,2024-07-01,YX,Republic Airways,Regional,25613,24803,719,91,75.16,96.84,2.81,9.06,-8.0,58.0,304927,141523,126402,178525,31.7,-3.43
2024,8,2024-08-01,9E,Endeavor Air,Regional,17102,15873,1186,43,73.49,92.81,6.93,8.24,-9.0,53.0,185331,98774,79604,105727,34.8,-4.62
2022,6,2022-06-01,G4,Allegiant Air,Ultra low-cost,11510,11108,368,34,59.02,96.51,3.2,23.55,6.0,81.0,152855,139490,72345,80510,47.7,1.58
2025,10,2025-10-01,OO,SkyWest Airlines,Regional,71927,71631,146,150,82.43,99.59,0.2,3.72,-8.0,34.0,723508,159320,501368,222140,18.0,-3.63
2021,4,2021-04-01,G4,Allegiant Air,Ultra low-cost,9475,9318,146,11,79.41,98.34,1.54,8.05,-4.0,37.0,87201,46811,48850,38351,34.9,-1.59
2022,5,2022-05-01,WN,Southwest Airlines,Low-cost,108027,106992,809,226,76.83,99.04,0.75,5.16,-3.0,35.0,580605,509044,389472,191133,46.7,-6.98
2021,11,2021-11-01,OH,PSA Airlines,Regional,19727,19660,51,16,86.03,99.66,0.26,-0.69,-9.0,22.0,84251,88450,59067,25184,51.2,-5.63
2023,8,2023-08-01,DL,Delta Air Lines,Network,89057,87252,1509,296,79.51,97.97,1.69,5.58,-8.0,42.0,889639,401826,598642,290997,31.1,-8.07
2022,3,2022-03-01,MQ,Envoy Air,Regional,22536,22118,358,60,83.32,98.15,1.59,0.47,-8.0,25.0,125526,67549,57950,67576,35.0,-5.32
2024,7,2024-07-01,UA,United Airlines,Network,65463,62691,2452,320,68.29,95.77,3.75,17.58,-3.0,82.0,871904,653775,502544,369360,42.9,-5.16
2021,9,2021-09-01,DL,Delta Air Lines,Network,67597,67205,295,97,89.59,99.42,0.44,-1.6,-8.0,14.0,336926,93466,235617,101309,21.7,-6.11
2023,1,2023-01-01,9E,Endeavor Air,Regional,16926,16637,249,40,77.18,98.29,1.47,7.2,-8.0,51.0,174455,99638,79795,94660,36.4,-4.9
2023,1,2023-01-01,AS,Alaska Airlines,Network,19801,19421,280,100,77.32,98.08,1.41,3.27,-4.0,36.0,131172,79880,58276,72896,37.8,-3.02
2024,1,2024-01-01,F9,Frontier Airlines,Ultra low-cost,14379,14045,311,23,71.15,97.68,2.16,14.72,-5.0,65.0,157932,171298,87728,70204,52.0,-3.84
2021,11,2021-11-01,F9,Frontier Airlines,Ultra low-cost,12803,12774,24,5,79.93,99.77,0.19,3.47,-7.0,37.0,88169,70364,54967,33202,44.4,-5.95
2023,10,2023-10-01,F9,Frontier Airlines,Ultra low-cost,17270,17122,124,24,73.89,99.14,0.72,11.24,-5.0,54.0,140435,177881,97367,43068,55.9,-4.98
2024,3,2024-03-01,MQ,Envoy Air,Regional,22725,22386,292,47,79.26,98.51,1.28,4.52,-6.0,37.0,149115,116429,60039,89076,43.8,-3.83
2024,3,2024-03-01,NK,Spirit Airlines,Ultra low-cost,22885,22459,394,32,69.61,98.14,1.72,12.71,-3.0,64.0,336071,106403,97157,238914,24.0,-5.3
2022,7,2022-07-01,HA,Hawaiian Airlines,Network,6754,6741,6,7,80.69,99.81,0.09,6.66,1.0,23.0,37245,16864,34539,2706,31.2,-1.53
2021,6,2021-06-01,YX,Republic Airways,Regional,30952,30233,614,105,77.82,97.68,1.98,7.57,-7.0,50.0,313535,173670,160019,153516,35.6,-5.26
2023,11,2023-11-01,OH,PSA Airlines,Regional,16150,16101,32,17,87.08,99.7,0.2,-1.93,-10.0,22.0,68227,68838,45159,23068,50.2,-5.87
2023,11,2023-11-01,OO,SkyWest Airlines,Regional,57194,56952,118,124,86.35,99.58,0.21,0.8,-9.0,24.0,476954,122388,280826,196128,20.4,-5.77
2025,5,2025-05-01,HA,Hawaiian Airlines,Network,6985,6958,23,4,87.14,99.61,0.33,3.11,-2.0,18.0,31157,12100,30469,688,28.0,-1.77
2025,7,2025-07-01,OO,SkyWest Airlines,Regional,75877,74475,1025,377,73.95,98.15,1.35,14.78,-4.0,65.6,1256930,328634,725883,531047,20.7,-2.42
2025,12,2025-12-01,B6,JetBlue Airways,Low-cost,20560,19947,572,41,61.95,97.02,2.78,21.92,2.0,87.0,300720,248367,166259,134461,45.2,-3.12
2022,11,2022-11-01,WN,Southwest Airlines,Low-cost,111176,110050,982,144,81.03,98.99,0.88,1.66,-5.0,28.0,459441,401173,319622,139819,46.6,-7.86
2024,4,2024-04-01,UA,United Airlines,Network,61044,60539,345,160,80.16,99.17,0.57,3.75,-8.0,39.0,447485,321301,212483,235002,41.8,-6.22
2021,9,2021-09-01,YV,Mesa Airlines,Regional,13796,13613,160,23,84.26,98.67,1.16,1.82,-8.0,26.0,88021,48553,56100,31921,35.6,-5.41
2023,1,2023-01-01,HA,Hawaiian Airlines,Network,6697,6616,72,9,76.8,98.79,1.08,9.13,1.0,34.0,49334,23636,44384,4950,32.4,0.19
2024,12,2024-12-01,F9,Frontier Airlines,Ultra low-cost,17294,17155,111,28,75.05,99.2,0.64,8.94,-6.0,54.0,140054,160948,74924,65130,53.5,-4.8
2025,4,2025-04-01,HA,Hawaiian Airlines,Network,6559,6495,61,3,81.41,99.02,0.93,5.47,0.0,25.0,31431,15673,28826,2605,33.3,-0.29
2022,10,2022-10-01,OH,PSA Airlines,Regional,15980,15881,59,40,87.81,99.38,0.37,-1.44,-9.0,18.0,62250,59221,39712,22538,48.8,-3.93
2023,1,2023-01-01,YX,Republic Airways,Regional,24476,24049,386,41,82.1,98.26,1.58,-1.62,-11.0,32.0,162746,82097,45812,116934,33.5,-5.53
2024,3,2024-03-01,9E,Endeavor Air,Regional,17062,17028,14,20,87.69,99.8,0.08,-3.79,-12.0,20.0,86731,53156,50614,36117,38.0,-7.99
2021,9,2021-09-01,B6,JetBlue Airways,Low-cost,18575,18022,487,66,74.27,97.02,2.62,8.29,-8.0,55.0,223091,102878,153412,69679,31.6,-6.2
2021,9,2021-09-01,AA,American Airlines,Network,67576,66685,759,132,85.08,98.68,1.12,-0.57,-10.0,24.0,413989,250142,284358,129631,37.7,-8.28
2022,10,2022-10-01,HA,Hawaiian Airlines,Network,6258,6223,30,5,58.17,99.44,0.48,18.69,10.0,52.0,62503,55621,54787,7716,47.1,0.31
2023,3,2023-03-01,OH,PSA Airlines,Regional,16471,16249,176,46,83.69,98.65,1.07,1.98,-8.0,26.0,92451,73778,51265,41186,44.4,-2.98
2025,12,2025-12-01,F9,Frontier Airlines,Ultra low-cost,16724,16231,464,29,66.59,97.05,2.77,19.01,-3.0,79.0,206959,233948,129257,77702,53.1,-5.05
2023,8,2023-08-01,G4,Allegiant Air,Ultra low-cost,8813,8706,85,22,72.06,98.79,0.96,15.26,-2.0,57.0,114899,64914,58047,56852,36.1,0.15
2023,8,2023-08-01,NK,Spirit Airlines,Ultra low-cost,21514,21149,297,68,65.59,98.3,1.38,19.65,0.0,77.0,384272,148155,154856,229416,27.8,-4.34
2023,8,2023-08-01,OH,PSA Airlines,Regional,16777,16398,322,57,78.92,97.74,1.92,5.52,-8.0,43.0,131989,104115,64263,67726,44.1,-4.08
2021,11,2021-11-01,YX,Republic Airways,Regional,27548,27470,49,29,85.8,99.72,0.18,-0.94,-7.0,22.0,123666,67820,60492,63174,35.4,-3.35
2024,8,2024-08-01,AS,Alaska Airlines,Network,23265,22932,261,72,73.75,98.57,1.12,7.74,-1.0,41.0,174932,119624,78453,96479,40.6,-1.55
2025,2,2025-02-01,AA,American Airlines,Network,69876,68808,925,143,78.24,98.47,1.32,7.02,-7.0,41.0,670571,443149,412062,258509,39.8,-6.23
2021,2,2021-02-01,YX,Republic Airways,Regional,20379,19211,1121,47,80.72,94.27,5.5,-1.95,-11.0,25.0,129614,44418,63215,66399,25.5,-5.52
2021,2,2021-02-01,9E,Endeavor Air,Regional,17360,16808,524,28,88.63,96.82,3.02,-6.25,-14.0,11.0,85481,30081,33600,51881,26.0,-8.86
2025,4,2025-04-01,OO,SkyWest Airlines,Regional,69319,68451,664,204,81.35,98.75,0.96,5.21,-8.0,38.0,769808,164722,436207,333601,17.6,-3.22
2024,9,2024-09-01,B6,JetBlue Airways,Low-cost,18350,18213,76,61,81.49,99.25,0.41,2.28,-9.0,37.0,165863,64374,114875,50988,28.0,-6.75
2022,2,2022-02-01,F9,Frontier Airlines,Ultra low-cost,11131,10637,482,12,67.96,95.56,4.33,13.75,-2.0,61.0,129933,85713,79448,50485,39.7,-3.57
2022,2,2022-02-01,G4,Allegiant Air,Ultra low-cost,8672,8161,493,18,65.07,94.11,5.68,13.45,0.0,55.0,86230,62794,49812,36418,42.1,0.18
2023,5,2023-05-01,9E,Endeavor Air,Regional,16005,15976,16,13,92.04,99.82,0.1,-8.21,-13.0,9.0,51608,22136,34074,17534,30.0,-9.37
2024,4,2024-04-01,AA,American Airlines,Network,81216,80212,787,217,74.9,98.76,0.97,12.76,-4.0,54.0,819954,758231,489810,330144,48.0,-4.82
2022,10,2022-10-01,AS,Alaska Airlines,Network,19645,19509,100,36,84.58,99.31,0.51,-1.55,-6.0,22.0,88422,41734,46864,41558,32.1,-4.54
2024,10,2024-10-01,OH,PSA Airlines,Regional,21146,21016,104,26,84.21,99.39,0.49,1.49,-9.0,25.0,121776,113057,78512,43264,48.1,-5.22
2025,5,2025-05-01,WN,Southwest Airlines,Low-cost,119819,118884,626,309,76.31,99.22,0.52,8.26,-4.0,45.0,812575,816825,395335,417240,50.1,-6.09
2021,5,2021-05-01,F9,Frontier Airlines,Ultra low-cost,11940,11917,12,11,84.92,99.81,0.1,-2.04,-10.0,26.0,61735,34878,28311,33424,36.1,-5.72
2023,9,2023-09-01,AS,Alaska Airlines,Network,21426,21297,87,42,81.95,99.4,0.41,1.6,-5.0,28.0,118494,67831,61102,57392,36.4,-3.11
2021,10,2021-10-01,F9,Frontier Airlines,Ultra low-cost,12987,12900,79,8,80.65,99.33,0.61,3.56,-8.0,39.0,92756,70186,54890,37866,43.1,-5.99
2024,12,2024-12-01,YX,Republic Airways,Regional,27279,27056,169,54,80.95,99.18,0.62,1.38,-9.0,35.0,181769,109936,75677,106092,37.7,-4.69
2021,7,2021-07-01,G4,Allegiant Air,Ultra low-cost,14130,13278,820,32,51.9,93.97,5.8,30.32,10.0,95.0,215785,213151,116567,99218,49.7,2.08
2023,2,2023-02-01,WN,Southwest Airlines,Low-cost,101455,99163,2143,149,82.14,97.74,2.11,-0.24,-7.0,26.0,376607,330142,229678,146929,46.7,-7.75
2022,2,2022-02-01,YX,Republic Airways,Regional,24630,23107,1471,52,73.95,93.82,5.97,5.16,-8.0,48.0,204214,131374,93378,110836,39.1,-3.99
2023,5,2023-05-01,MQ,Envoy Air,Regional,17641,17562,48,31,84.61,99.55,0.27,0.75,-7.0,25.0,95202,55324,43071,52131,36.8,-4.57
2024,9,2024-09-01,WN,Southwest Airlines,Low-cost,112561,111925,493,143,85.01,99.43,0.44,-0.27,-7.0,23.0,379676,356397,226824,152852,48.4,-6.92
2021,11,2021-11-01,WN,Southwest Airlines,Low-cost,97398,96773,490,135,80.77,99.36,0.5,1.85,-5.0,29.0,429469,357535,335518,93951,45.4,-9.07
2023,4,2023-04-01,9E,Endeavor Air,Regional,15572,15422,113,37,84.28,99.04,0.73,1.05,-10.0,29.0,100574,70796,43261,57313,41.3,-6.16
2024,6,2024-06-01,YX,Republic Airways,Regional,24504,23674,773,57,80.96,96.61,3.15,2.55,-10.0,34.0,218807,85170,81004,137803,28.0,-4.86
2022,1,2022-01-01,YV,Mesa Airlines,Regional,11404,9920,1456,28,67.69,86.99,12.77,11.16,-7.0,61.0,152228,47092,110708,41520,23.6,-7.77
2021,12,2021-12-01,YV,Mesa Airlines,Regional,12702,11909,764,29,74.12,93.76,6.01,10.54,-6.0,51.0,136024,88546,116177,19847,39.4,-8.64
2023,3,2023-03-01,NK,Spirit Airlines,Ultra low-cost,22613,22197,381,35,64.01,98.16,1.68,20.36,2.0,80.0,401144,155302,158406,242738,27.9,-3.25
2022,1,2022-01-01,OH,PSA Airlines,Regional,20541,18262,2242,37,68.31,88.91,10.91,10.7,-7.0,59.0,183669,166641,101388,82281,47.6,-3.9
2021,12,2021-12-01,F9,Frontier Airlines,Ultra low-cost,13160,12929,212,19,70.37,98.24,1.61,11.87,-3.0,60.0,140543,109497,87382,53161,43.8,-6.1
2022,6,2022-06-01,YX,Republic Airways,Regional,28130,25560,2484,86,69.94,90.86,8.83,10.04,-6.0,57.0,304827,148174,144639,160188,32.7,-3.17
2021,3,2021-03-01,B6,JetBlue Airways,Low-cost,13724,13633,71,20,87.77,99.34,0.52,-6.12,-12.0,18.0,62794,22505,47870,14924,26.4,-8.78
2025,6,2025-06-01,G4,Allegiant Air,Ultra low-cost,13783,13676,57,50,68.87,99.22,0.41,19.59,-2.0,76.0,191302,156115,91628,99674,44.9,-0.03
2022,6,2022-06-01,AS,Alaska Airlines,Network,18917,18707,160,50,78.91,98.89,0.85,4.37,-3.0,32.0,126583,59783,65853,60730,32.1,-2.01
2022,7,2022-07-01,YX,Republic Airways,Regional,26710,25418,1195,97,74.99,95.16,4.47,7.21,-7.0,50.0,244167,157776,108035,136132,39.3,-3.4
2025,1,2025-01-01,MQ,Envoy Air,Regional,21890,20831,1030,29,77.62,95.16,4.71,4.81,-8.0,37.0,178190,101293,72749,105441,36.2,-4.1
2021,8,2021-08-01,B6,JetBlue Airways,Low-cost,20271,19735,425,111,66.03,97.36,2.1,16.38,-2.0,79.0,305193,169893,218667,86526,35.8,-7.07
2024,6,2024-06-01,UA,United Airlines,Network,63005,61961,781,263,74.59,98.34,1.24,10.86,-5.0,58.0,636112,495139,316787,319325,43.8,-5.52
2023,12,2023-12-01,AS,Alaska Airlines,Network,19400,19211,128,61,81.41,99.03,0.66,-1.01,-7.0,28.0,104216,62843,54585,49631,37.6,-6.96
2025,9,2025-09-01,AS,Alaska Airlines,Network,20747,20567,132,48,82.89,99.13,0.64,-1.0,-7.0,26.0,104716,57884,49301,55415,35.6,-4.81
2024,2,2024-02-01,AA,American Airlines,Network,74870,74635,125,110,81.04,99.69,0.17,4.84,-6.0,34.0,543876,435467,375354,168522,44.5,-5.72
2025,7,2025-07-01,G4,Allegiant Air,Ultra low-cost,13978,13855,62,61,69.28,99.12,0.44,21.37,-2.0,76.0,225989,155504,116832,109157,40.8,-0.18
2024,7,2024-07-01,AA,American Airlines,Network,88291,85707,2208,376,60.23,97.07,2.5,31.79,3.0,105.0,1439651,1741806,982025,457626,54.7,-4.46
2024,7,2024-07-01,OH,PSA Airlines,Regional,20078,19217,773,88,63.29,95.71,3.85,27.97,0.0,107.0,313862,334984,182138,131724,51.6,-1.99
2022,11,2022-11-01,OO,SkyWest Airlines,Regional,55716,54922,646,148,81.86,98.57,1.16,4.51,-7.0,31.0,557945,119316,421159,136786,17.6,-4.03
2022,3,2022-03-01,DL,Delta Air Lines,Network,75366,74788,436,142,81.06,99.23,0.58,4.93,-7.0,35.0,686396,293784,461956,224440,30.0,-7.17
2022,4,2022-04-01,WN,Southwest Airlines,Low-cost,102931,100763,1941,227,70.23,97.89,1.89,10.62,0.0,47.0,723333,750811,496619,226714,50.9,-6.03
2022,4,2022-04-01,9E,Endeavor Air,Regional,20235,19999,209,27,84.96,98.83,1.03,0.77,-9.0,26.0,128743,66892,68674,60069,34.2,-5.15
2023,2,2023-02-01,UA,United Airlines,Network,53408,52926,398,84,78.58,99.1,0.75,4.67,-6.0,39.0,415449,261804,229673,185776,38.7,-5.42
2024,5,2024-05-01,AA,American Airlines,Network,86765,83279,3005,481,60.56,95.98,3.46,30.24,3.0,99.0,1538997,1376643,898176,640821,47.2,-2.44
2025,8,2025-08-01,YX,Republic Airways,Regional,29958,29384,522,52,81.77,98.08,1.74,1.11,-10.0,35.0,229416,117965,99901,129515,34.0,-6.51
2025,8,2025-08-01,MQ,Envoy Air,Regional,26564,26066,398,100,77.34,98.13,1.5,7.02,-5.0,40.0,183813,166598,54208,129605,47.5,-2.42
2024,2,2024-02-01,MQ,Envoy Air,Regional,20117,20045,41,31,87.39,99.64,0.2,-1.97,-8.0,19.0,84588,50033,37429,47159,37.2,-5.02
2024,2,2024-02-01,OH,PSA Airlines,Regional,15655,15606,35,14,86.06,99.69,0.22,-2.41,-10.0,22.0,65737,60509,41338,24399,47.9,-5.69
2025,11,2025-11-01,AS,Alaska Airlines,Network,19752,19422,258,72,79.83,98.33,1.31,0.35,-7.0,29.0,117924,63689,46078,71846,35.1,-4.47
2022,8,2022-08-01,9E,Endeavor Air,Regional,19893,18850,1017,26,78.17,94.76,5.11,5.01,-9.0,38.0,195761,73905,95329,100432,27.4,-5.44
2023,4,2023-04-01,AA,American Airlines,Network,77039,75563,1235,241,72.92,98.08,1.6,15.28,-3.0,60.0,865307,771189,548035,317272,47.1,-3.63
2023,6,2023-06-01,MQ,Envoy Air,Regional,17176,17027,98,51,76.57,99.13,0.57,8.3,-4.0,48.0,142975,94703,51959,91016,39.8,-1.68
2025,7,2025-07-01,WN,Southwest Airlines,Low-cost,125677,123527,1605,545,69.86,98.29,1.28,14.74,-1.0,62.0,1125398,1234461,597280,528118,52.3,-5.78
2023,10,2023-10-01,AA,American Airlines,Network,81344,80771,434,139,82.67,99.3,0.53,4.57,-7.0,31.0,565070,492496,405969,159101,46.6,-6.41
2025,2,2025-02-01,G4,Allegiant Air,Ultra low-cost,9371,9249,88,34,73.98,98.7,0.94,13.23,-8.0,62.0,137878,80367,57126,80752,36.8,-4.35
2021,12,2021-12-01,WN,Southwest Airlines,Low-cost,97339,96049,1100,190,70.38,98.67,1.13,9.1,-1.0,47.0,691039,660780,509433,181606,48.9,-7.75
2021,3,2021-03-01,DL,Delta Air Lines,Network,55856,55650,150,56,92.42,99.63,0.27,-6.97,-12.0,9.0,217364,43309,153374,63990,16.6,-7.97
2021,3,2021-03-01,OH,PSA Airlines,Regional,15943,15864,21,58,90.06,99.5,0.13,-5.95,-12.0,13.0,56371,39580,22877,33494,41.3,-7.26
2024,11,2024-11-01,9E,Endeavor Air,Regional,16019,15997,4,18,90.19,99.86,0.02,-6.28,-13.0,14.0,62152,33471,33428,28724,35.0,-7.05
2025,6,2025-06-01,NK,Spirit Airlines,Ultra low-cost,17623,17329,242,52,73.8,98.33,1.37,10.35,-6.0,60.0,240610,80248,81962,158648,25.0,-5.36
2021,4,2021-04-01,B6,JetBlue Airways,Low-cost,15243,15084,120,39,81.93,98.96,0.79,1.85,-10.0,35.0,135105,65782,80398,54707,32.7,-8.67
2021,4,2021-04-01,MQ,Envoy Air,Regional,19605,19420,127,58,86.11,99.06,0.65,-2.33,-9.0,21.0,89225,51708,29776,59449,36.7,-5.05
2022,4,2022-04-01,UA,United Airlines,Network,49252,48606,485,161,79.99,98.69,0.98,6.1,-6.0,38.0,387591,277196,220594,166997,41.7,-6.55
2025,11,2025-11-01,UA,United Airlines,Network,66691,65615,993,83,78.03,98.39,1.49,7.64,-7.0,47.0,680705,375898,235908,444797,35.6,-4.33
2021,2,2021-02-01,QX,Horizon Air,Regional,8336,7662,656,18,76.04,91.91,7.87,2.74,-4.0,28.0,44455,20268,19102,25353,31.3,-1.22
2021,4,2021-04-01,OO,SkyWest Airlines,Regional,56649,56393,127,129,91.58,99.55,0.22,-5.71,-12.0,10.0,297861,48589,236947,60914,14.0,-7.79
2023,9,2023-09-01,DL,Delta Air Lines,Network,81701,81096,418,187,85.56,99.26,0.51,1.13,-9.0,25.0,610023,229581,409610,200413,27.3,-7.24
2024,9,2024-09-01,HA,Hawaiian Airlines,Network,6450,6417,31,2,89.66,99.49,0.48,0.57,-3.0,14.0,20895,6875,19787,1108,24.8,-1.01
2023,12,2023-12-01,YX,Republic Airways,Regional,21641,21449,131,61,90.66,99.11,0.61,-9.99,-15.0,11.0,69052,37857,31373,37679,35.4,-9.92
2023,12,2023-12-01,AA,American Airlines,Network,75408,75248,36,124,82.11,99.79,0.05,4.06,-6.0,31.0,510449,413114,370219,140230,44.7,-6.08
2021,3,2021-03-01,UA,United Airlines,Network,28946,28194,728,24,88.42,97.4,2.52,-5.51,-10.0,13.0,94669,37473,50469,44200,28.4,-6.72
2021,3,2021-03-01,WN,Southwest Airlines,Low-cost,80574,78664,1782,128,86.11,97.63,2.21,-2.68,-8.0,18.0,243750,186938,164718,79032,43.4,-8.7
2024,10,2024-10-01,B6,JetBlue Airways,Low-cost,19694,19172,489,33,83.55,97.35,2.48,-3.57,-11.0,24.0,111441,46862,80570,30871,29.6,-8.85
2025,11,2025-11-01,WN,Southwest Airlines,Low-cost,113938,111817,1970,151,78.36,98.14,1.73,4.53,-6.0,39.0,618955,657321,313766,305189,51.5,-7.39
2025,2,2025-02-01,OO,SkyWest Airlines,Regional,59806,58562,1055,189,74.75,97.92,1.76,10.73,-6.0,57.0,871403,263987,542935,328468,23.3,-3.58
2021,4,2021-04-01,UA,United Airlines,Network,27787,27701,47,39,89.93,99.69,0.17,-3.45,-9.0,14.0,116353,53523,51013,65340,31.5,-6.16
2021,4,2021-04-01,OH,PSA Airlines,Regional,18090,18072,8,10,93.15,99.9,0.04,-7.24,-10.0,9.0,41691,17817,27286,14405,29.9,-5.94
2021,11,2021-11-01,AA,American Airlines,Network,72908,71455,1347,106,82.69,98.01,1.85,0.56,-9.0,28.0,432120,304145,355404,76716,41.3,-9.05
2021,11,2021-11-01,OO,SkyWest Airlines,Regional,66279,65876,280,123,86.59,99.39,0.42,1.42,-9.0,22.0,546986,165123,466499,80487,23.2,-6.84
2025,2,2025-02-01,UA,United Airlines,Network,57628,57349,181,98,80.87,99.52,0.31,2.66,-8.0,38.0,473583,249320,195080,278503,34.5,-6.33
2021,3,2021-03-01,YX,Republic Airways,Regional,25776,25682,36,58,92.18,99.64,0.14,-8.05,-13.0,9.0,84707,37368,51261,33446,30.6,-8.04
2022,3,2022-03-01,G4,Allegiant Air,Ultra low-cost,11766,11108,633,25,57.24,94.41,5.38,23.05,7.0,75.0,158083,128915,73953,84130,44.9,2.49
2023,6,2023-06-01,F9,Frontier Airlines,Ultra low-cost,13937,13344,546,47,53.71,95.75,3.92,33.31,8.0,104.0,234985,263209,144307,90678,52.8,-1.87
2023,8,2023-08-01,AA,American Airlines,Network,85157,83693,1198,266,73.29,98.28,1.41,17.69,-6.0,69.0,1039962,1142854,764449,275513,52.4,-6.95
2024,7,2024-07-01,OO,SkyWest Airlines,Regional,63914,63182,568,164,77.57,98.85,0.89,10.08,-5.0,49.0,846119,195515,575757,270362,18.8,-2.78
2025,7,2025-07-01,NK,Spirit Airlines,Ultra low-cost,17307,16924,329,54,73.44,97.79,1.9,10.91,-6.0,64.0,253693,76338,76716,176977,23.1,-5.98
2021,9,2021-09-01,F9,Frontier Airlines,Ultra low-cost,12155,12060,79,16,80.62,99.22,0.65,3.67,-8.0,36.0,96386,53155,56874,39512,35.5,-4.51
2021,9,2021-09-01,HA,Hawaiian Airlines,Network,6233,6194,36,3,94.02,99.37,0.58,-4.6,-7.0,6.0,10986,1949,10841,145,15.1,-1.92
2021,9,2021-09-01,NK,Spirit Airlines,Ultra low-cost,16867,16527,316,24,81.31,97.98,1.87,1.75,-7.0,31.0,125550,44066,56154,69396,26.0,-6.28
2023,8,2023-08-01,YX,Republic Airways,Regional,24333,23906,384,43,86.06,98.25,1.58,-4.24,-13.0,21.0,124946,64936,49496,75450,34.2,-7.02
2025,10,2025-10-01,HA,Hawaiian Airlines,Network,6616,6562,45,9,81.0,99.18,0.68,8.84,0.0,27.0,51933,21082,50137,1796,28.9,-1.95
2021,8,2021-08-01,DL,Delta Air Lines,Network,70653,70360,113,180,86.05,99.59,0.16,0.59,-8.0,23.0,479068,144003,325664,153404,23.1,-7.52
2022,5,2022-05-01,UA,United Airlines,Network,53646,52466,1005,175,76.33,97.8,1.87,8.59,-5.0,48.0,484408,345632,262443,221965,41.6,-5.71
2021,5,2021-05-01,DL,Delta Air Lines,Network,61115,61008,7,100,90.25,99.82,0.01,-3.62,-9.0,14.0,297776,82505,205804,91972,21.7,-8.71
2024,12,2024-12-01,G4,Allegiant Air,Ultra low-cost,11084,10858,154,72,71.77,97.96,1.39,18.03,-6.0,69.0,185061,108961,95254,89807,37.1,-5.0
2021,4,2021-04-01,WN,Southwest Airlines,Low-cost,80253,79656,491,106,88.06,99.26,0.61,-3.21,-8.0,17.0,255066,163796,150857,104209,39.1,-9.04
2025,10,2025-10-01,AA,American Airlines,Network,85483,84760,556,167,76.13,99.15,0.65,10.12,-6.0,51.0,801902,744072,519047,282855,48.1,-5.62
2021,5,2021-05-01,YV,Mesa Airlines,Regional,13095,12800,229,66,78.5,97.75,1.75,10.01,-7.0,52.0,166729,71855,58601,108128,30.1,-5.02
2022,5,2022-05-01,9E,Endeavor Air,Regional,20379,19720,624,35,81.04,96.77,3.06,5.48,-7.0,32.0,192867,73971,99997,92870,27.7,-4.41
2023,3,2023-03-01,9E,Endeavor Air,Regional,16941,16678,232,31,83.81,98.45,1.37,0.17,-10.0,27.0,113750,54854,54785,58965,32.5,-5.93
2024,11,2024-11-01,WN,Southwest Airlines,Low-cost,112591,112068,386,137,86.89,99.54,0.34,-2.49,-9.0,20.0,352500,325410,208470,144030,48.0,-8.47
2021,8,2021-08-01,OO,SkyWest Airlines,Regional,71616,69923,1462,231,76.62,97.64,2.04,12.23,-4.0,48.0,866114,396636,628700,237414,31.4,-2.5
2023,7,2023-07-01,WN,Southwest Airlines,Low-cost,126469,124840,1191,438,67.83,98.71,0.94,14.61,1.0,57.0,998221,1210042,547958,450263,54.8,-4.26
2025,10,2025-10-01,YX,Republic Airways,Regional,30376,29792,542,42,74.75,98.08,1.78,7.57,-5.0,50.0,273263,173654,80815,192448,38.9,-1.33
2021,11,2021-11-01,B6,JetBlue Airways,Low-cost,19625,19566,27,32,77.31,99.7,0.14,5.05,-5.0,40.0,190054,66908,136059,53995,26.0,-4.7
2021,11,2021-11-01,NK,Spirit Airlines,Ultra low-cost,17441,17316,108,17,82.02,99.28,0.62,3.18,-6.0,30.0,121245,56400,61316,59929,31.7,-5.48
2023,11,2023-11-01,9E,Endeavor Air,Regional,16379,16374,0,5,91.78,99.97,0.0,-9.91,-15.0,10.0,52778,22437,37235,15543,29.8,-10.58
2024,3,2024-03-01,F9,Frontier Airlines,Ultra low-cost,17324,16833,463,28,66.38,97.17,2.67,21.65,-2.0,85.0,217434,275272,121369,96065,55.9,-5.83
2022,6,2022-06-01,OH,PSA Airlines,Regional,19279,18436,795,48,73.56,95.63,4.12,12.5,-4.0,58.0,192862,149912,101375,91487,43.7,-2.1
2023,12,2023-12-01,UA,United Airlines,Network,59844,59682,77,85,86.3,99.73,0.13,-2.2,-9.0,22.0,290505,192836,169926,120579,39.9,-7.69
2025,4,2025-04-01,G4,Allegiant Air,Ultra low-cost,10926,10894,10,22,78.92,99.71,0.09,6.56,-7.0,43.0,100682,70851,57905,42777,41.3,-3.33
2022,10,2022-10-01,MQ,Envoy Air,Regional,19256,19159,66,31,87.13,99.5,0.34,0.07,-7.0,20.0,89099,53968,40477,48622,37.7,-3.61
2024,11,2024-11-01,MQ,Envoy Air,Regional,21834,21596,198,40,85.98,98.91,0.91,-1.03,-9.0,22.0,105858,64673,41866,63992,37.9,-5.17
2024,11,2024-11-01,OH,PSA Airlines,Regional,19666,19608,32,26,86.34,99.71,0.16,-1.95,-11.0,22.0,96088,75906,62445,33643,44.1,-5.75
2025,1,2025-01-01,YX,Republic Airways,Regional,27833,26683,1119,31,80.51,95.87,4.02,-2.29,-11.0,28.0,164682,66936,69618,95064,28.9,-4.89
2023,1,2023-01-01,OH,PSA Airlines,Regional,15456,15165,250,41,83.75,98.12,1.62,0.56,-9.0,26.0,92249,67079,41330,50919,42.1,-4.33
2024,4,2024-04-01,MQ,Envoy Air,Regional,23148,22752,350,46,79.38,98.29,1.51,5.49,-6.0,37.0,161186,117250,59037,102149,42.1,-2.98
2024,4,2024-04-01,OH,PSA Airlines,Regional,18611,18427,130,54,77.47,99.01,0.7,10.29,-5.0,46.0,161312,159992,89252,72060,49.8,-2.51
2021,10,2021-10-01,9E,Endeavor Air,Regional,23482,23449,0,33,91.54,99.86,0.0,-4.23,-10.0,11.0,87719,38756,58757,28962,30.6,-6.33
2025,2,2025-02-01,YX,Republic Airways,Regional,25483,24532,891,60,75.58,96.27,3.5,4.84,-8.0,48.0,233516,118298,90072,143444,33.6,-2.88
2023,10,2023-10-01,MQ,Envoy Air,Regional,20254,20035,191,28,82.54,98.92,0.94,1.65,-6.0,27.0,106446,70973,48248,58198,40.0,-3.8
2023,2,2023-02-01,AS,Alaska Airlines,Network,17913,17251,573,89,74.47,96.3,3.2,5.28,-4.0,40.0,135425,77330,67846,67579,36.3,-2.35
2022,2,2022-02-01,9E,Endeavor Air,Regional,18940,18147,771,22,80.73,95.81,4.07,2.14,-10.0,33.0,148594,81364,67040,81554,35.4,-6.46
2023,8,2023-08-01,HA,Hawaiian Airlines,Network,7024,6905,109,10,82.09,98.31,1.55,6.33,0.0,23.0,37836,17504,35277,2559,31.6,-0.36
2024,6,2024-06-01,WN,Southwest Airlines,Low-cost,123817,123048,406,363,73.74,99.38,0.33,9.93,-1.0,46.0,818806,916001,502487,316319,52.8,-5.78
2024,8,2024-08-01,AA,American Airlines,Network,85963,83189,2461,313,66.73,96.77,2.86,21.6,-2.0,78.0,1179221,1127776,754133,425088,48.9,-4.75
2022,4,2022-04-01,NK,Spirit Airlines,Ultra low-cost,18653,16692,1920,41,58.47,89.49,10.29,21.71,2.0,84.0,299961,125718,130685,169276,29.5,-1.05
2025,4,2025-04-01,OH,PSA Airlines,Regional,21311,20818,456,37,72.62,97.69,2.14,14.18,-4.0,65.0,210056,229221,136521,73535,52.2,-2.29
2024,10,2024-10-01,NK,Spirit Airlines,Ultra low-cost,21176,20733,421,22,83.41,97.91,1.99,-1.53,-11.0,27.0,142524,54064,61910,80614,27.5,-8.49
2023,7,2023-07-01,B6,JetBlue Airways,Low-cost,22853,21108,1564,181,49.51,92.36,6.84,45.57,10.0,147.0,627183,439304,401398,225785,41.2,-3.24
2023,5,2023-05-01,AS,Alaska Airlines,Network,20641,20532,79,30,83.18,99.47,0.38,-0.21,-6.0,25.0,100635,49988,49252,51383,33.2,-3.56
2025,6,2025-06-01,AS,Alaska Airlines,Network,22576,22353,174,49,69.01,99.01,0.77,10.97,1.0,47.0,195035,145839,88720,106315,42.8,-0.96
2022,7,2022-07-01,OH,PSA Airlines,Regional,19152,18520,540,92,71.4,96.7,2.82,13.53,-3.0,62.0,200722,153015,94497,106225,43.3,-0.72
2022,9,2022-09-01,AA,American Airlines,Network,72211,70745,1303,163,78.83,97.97,1.8,7.29,-6.0,41.0,615588,438594,426693,188895,41.6,-5.26
2022,11,2022-11-01,AS,Alaska Airlines,Network,18861,18484,323,54,77.65,98.0,1.71,4.61,-4.0,34.0,137421,75890,57569,79852,35.6,-2.22
2022,12,2022-12-01,G4,Allegiant Air,Ultra low-cost,10421,9821,550,50,57.22,94.24,5.28,27.29,5.0,82.0,179789,125401,85639,94150,41.1,1.55
2022,12,2022-12-01,HA,Hawaiian Airlines,Network,6642,6392,231,19,58.15,96.24,3.48,26.72,9.0,69.0,94340,80434,67558,26782,46.0,2.18
2021,7,2021-07-01,HA,Hawaiian Airlines,Network,6214,6198,13,3,88.19,99.74,0.21,0.9,-3.0,17.0,19608,7183,18966,642,26.8,-2.91
2021,1,2021-01-01,F9,Frontier Airlines,Ultra low-cost,6264,6239,21,4,90.95,99.6,0.34,-7.97,-12.0,12.0,21409,7336,8777,12632,25.5,-6.25
2022,5,2022-05-01,AS,Alaska Airlines,Network,19554,18854,661,39,78.43,96.42,3.38,2.7,-4.0,29.0,115791,51989,64575,51216,31.0,-2.74
2022,5,2022-05-01,B6,JetBlue Airways,Low-cost,23602,22950,539,113,69.39,97.24,2.28,12.52,-4.0,68.0,311140,160884,202766,108374,34.1,-6.94
2024,7,2024-07-01,HA,Hawaiian Airlines,Network,6820,6756,55,9,84.12,99.06,0.81,4.92,-1.0,22.0,35083,16421,33444,1639,31.9,-1.36
2022,8,2022-08-01,UA,United Airlines,Network,54918,53494,1190,234,78.18,97.41,2.17,7.33,-8.0,46.0,526947,327602,280909,246038,38.3,-7.33
2024,1,2024-01-01,OH,PSA Airlines,Regional,16526,15539,944,43,70.28,94.03,5.71,14.99,-6.0,70.0,201400,161728,100741,100659,44.5,-3.52
2022,6,2022-06-01,MQ,Envoy Air,Regional,20284,20077,143,64,81.98,98.98,0.7,3.7,-5.0,29.0,127633,70780,55299,72334,35.7,-3.05
2021,12,2021-12-01,G4,Allegiant Air,Ultra low-cost,10339,9653,649,37,61.07,93.36,6.28,18.28,4.0,68.0,114648,94737,58132,56516,45.2,0.99
2024,9,2024-09-01,AS,Alaska Airlines,Network,21548,21360,140,48,79.07,99.13,0.65,2.85,-4.0,31.0,123705,70563,60360,63345,36.3,-1.88
2025,9,2025-09-01,B6,JetBlue Airways,Low-cost,16215,16079,94,42,78.52,99.16,0.58,3.86,-9.0,49.0,158937,73393,57462,101475,31.6,-7.71
2021,4,2021-04-01,AS,Alaska Airlines,Network,15127,14972,131,24,88.16,98.98,0.87,-4.4,-8.0,16.0,48077,22388,28161,19916,31.8,-4.5
2022,7,2022-07-01,WN,Southwest Airlines,Low-cost,117844,115619,1843,382,69.14,98.11,1.56,12.23,0.0,53.0,879152,994190,599033,280119,53.1,-6.28
2024,11,2024-11-01,G4,Allegiant Air,Ultra low-cost,8757,8742,5,10,84.08,99.83,0.06,0.74,-10.0,28.0,63585,38257,38169,25416,37.6,-5.17
2024,12,2024-12-01,9E,Endeavor Air,Regional,17351,17250,63,38,80.02,99.42,0.36,4.34,-10.0,42.0,140821,107327,70097,70724,43.3,-6.47
2022,8,2022-08-01,G4,Allegiant Air,Ultra low-cost,9282,9145,103,34,66.48,98.52,1.11,18.92,2.0,70.0,116073,90971,58881,57192,43.9,1.31
2023,7,2023-07-01,G4,Allegiant Air,Ultra low-cost,12181,12025,105,51,65.17,98.72,0.86,26.1,1.0,83.0,218573,145994,110925,107648,40.0,2.23
2023,11,2023-11-01,HA,Hawaiian Airlines,Network,6621,6550,64,7,84.13,98.93,0.97,3.96,-1.0,21.0,27609,12346,24644,2965,30.9,-0.32
2023,2,2023-02-01,G4,Allegiant Air,Ultra low-cost,8508,8428,58,22,76.22,99.06,0.68,9.96,-6.0,46.0,101854,50631,46103,55751,33.2,-3.01
2022,3,2022-03-01,AS,Alaska Airlines,Network,18773,18494,247,32,81.49,98.51,1.32,1.6,-5.0,26.0,101394,56228,55908,45486,35.7,-3.31
2022,4,2022-04-01,YX,Republic Airways,Regional,29963,29264,638,61,79.23,97.67,2.13,4.11,-7.0,38.0,212159,146700,98272,113887,40.9,-3.86
2023,6,2023-06-01,WN,Southwest Airlines,Low-cost,119251,118075,708,468,69.62,99.01,0.59,12.56,1.0,51.0,838085,1012451,451730,386355,54.7,-4.22
2025,12,2025-12-01,OO,SkyWest Airlines,Regional,68814,67204,1327,283,71.21,97.66,1.93,21.02,-5.0,88.0,1530333,441531,871661,658672,22.4,-3.73
2022,1,2022-01-01,OO,SkyWest Airlines,Regional,63146,58651,4284,211,73.78,92.88,6.78,7.93,-8.0,50.0,818712,207164,670109,148603,20.2,-6.83
2021,6,2021-06-01,QX,Horizon Air,Regional,10607,10383,212,12,83.53,97.89,2.0,2.25,-3.0,22.0,40035,29416,28278,11757,42.4,-2.83
2023,3,2023-03-01,WN,Southwest Airlines,Low-cost,117997,116666,1116,215,75.05,98.87,0.95,7.24,-2.0,40.0,671205,699913,349990,321215,51.0,-5.18
2024,2,2024-02-01,UA,United Airlines,Network,56834,56375,335,124,83.28,99.19,0.59,0.6,-9.0,31.0,398093,234747,178123,219970,37.1,-7.31
2025,11,2025-11-01,OH,PSA Airlines,Regional,19746,18971,720,55,72.13,96.08,3.65,13.2,-8.0,67.0,199882,229654,108675,91207,53.5,-4.76
2022,8,2022-08-01,NK,Spirit Airlines,Ultra low-cost,19581,19362,176,43,81.61,98.88,0.9,3.02,-9.0,37.0,178490,58758,54834,123656,24.8,-6.83
2023,6,2023-06-01,NK,Spirit Airlines,Ultra low-cost,21155,20353,697,105,58.77,96.21,3.29,27.7,4.0,103.0,444183,211443,183947,260236,32.3,-2.22
2024,8,2024-08-01,B6,JetBlue Airways,Low-cost,20498,19462,916,120,60.7,94.95,4.47,26.1,1.0,103.0,397289,237584,239274,158015,37.4,-3.78
2025,9,2025-09-01,MQ,Envoy Air,Regional,25170,24914,192,64,83.23,98.98,0.76,1.59,-8.0,29.0,137321,108637,46113,91208,44.2,-4.11
2021,9,2021-09-01,OH,PSA Airlines,Regional,19618,19378,202,38,86.58,98.78,1.03,-0.38,-8.0,20.0,94079,67804,50335,43744,41.9,-3.64
2024,3,2024-03-01,AA,American Airlines,Network,82259,81117,892,250,71.89,98.61,1.08,16.55,-3.0,62.0,926389,977981,587696,338693,51.4,-5.1
2024,3,2024-03-01,B6,JetBlue Airways,Low-cost,21565,21190,309,66,68.37,98.26,1.43,17.61,-4.0,83.0,323628,228364,217239,106389,41.4,-6.5
2021,3,2021-03-01,AA,American Airlines,Network,47648,47257,296,95,89.41,99.18,0.62,-6.14,-14.0,14.0,244494,97473,156763,87731,28.5,-10.48
2024,1,2024-01-01,MQ,Envoy Air,Regional,20750,19740,932,78,68.76,95.13,4.49,13.35,-2.0,61.1,210379,165724,66134,144245,44.1,-1.77
2025,4,2025-04-01,AA,American Airlines,Network,82261,80857,1178,226,74.26,98.29,1.43,11.93,-4.0,54.0,820305,705011,491631,328674,46.2,-4.03
2025,6,2025-06-01,OO,SkyWest Airlines,Regional,73660,72751,589,320,74.05,98.77,0.8,15.55,-4.0,64.0,1260107,348379,790247,469860,21.7,-2.35
2021,6,2021-06-01,WN,Southwest Airlines,Low-cost,98532,94936,3250,346,62.45,96.35,3.3,17.79,3.0,68.0,1017363,989583,731863,285500,49.3,-6.19
2025,9,2025-09-01,YX,Republic Airways,Regional,28284,27845,393,46,81.98,98.45,1.39,1.07,-10.0,36.0,209343,109532,68416,140927,34.3,-5.1
2025,9,2025-09-01,AA,American Airlines,Network,77306,76122,933,251,77.85,98.47,1.21,8.35,-8.0,47.0,772339,577881,495380,276959,42.8,-6.94
2022,9,2022-09-01,UA,United Airlines,Network,50893,50237,554,102,86.54,98.71,1.09,-2.67,-10.0,20.0,249043,131205,130685,118358,34.5,-7.66
2022,9,2022-09-01,WN,Southwest Airlines,Low-cost,112410,110182,1983,245,76.96,98.02,1.76,4.85,-4.0,36.0,578527,574552,392929,185598,49.8,-7.75
2024,10,2024-10-01,OO,SkyWest Airlines,Regional,69069,68834,120,115,85.35,99.66,0.17,1.76,-9.0,27.0,583444,149460,456970,126474,20.4,-4.77
2023,11,2023-11-01,AA,American Airlines,Network,76407,76323,11,73,84.8,99.89,0.01,2.08,-7.0,25.0,482286,328179,364933,117353,40.5,-6.15
2023,11,2023-11-01,B6,JetBlue Airways,Low-cost,21281,21213,32,36,77.02,99.68,0.15,6.53,-8.0,51.0,222592,125153,181770,40822,36.0,-7.78
2022,6,2022-06-01,F9,Frontier Airlines,Ultra low-cost,12430,12266,136,28,69.49,98.68,1.09,13.98,-2.0,62.0,147696,94637,77473,70223,39.1,-3.21
2023,7,2023-07-01,AA,American Airlines,Network,83013,81377,1346,290,66.76,98.03,1.62,24.98,-1.0,82.0,1269800,1258371,848318,421482,49.8,-4.51
2022,2,2022-02-01,QX,Horizon Air,Regional,7026,6909,102,15,84.34,98.33,1.45,1.83,-5.0,22.0,28092,18515,17796,10296,39.7,-2.4
2023,9,2023-09-01,YX,Republic Airways,Regional,24839,23068,1707,64,78.84,92.87,6.87,0.36,-11.0,30.0,187672,74417,69263,118409,28.4,-5.67
2021,3,2021-03-01,NK,Spirit Airlines,Ultra low-cost,14687,14611,56,20,84.85,99.48,0.38,1.7,-4.0,22.0,83325,24908,30020,53305,23.0,-2.61
2023,8,2023-08-01,9E,Endeavor Air,Regional,18121,17751,325,45,82.4,97.96,1.79,1.73,-11.0,35.0,144210,93293,80298,63912,39.3,-8.66
2021,9,2021-09-01,G4,Allegiant Air,Ultra low-cost,6704,6642,50,12,73.72,99.08,0.75,11.96,-2.0,48.0,64807,45026,43045,21762,41.0,0.58
2024,1,2024-01-01,B6,JetBlue Airways,Low-cost,19580,19172,334,74,69.49,97.92,1.71,13.52,-4.0,70.0,276363,157993,173848,102515,36.4,-5.46
2025,10,2025-10-01,DL,Delta Air Lines,Network,90097,89610,329,158,83.57,99.46,0.37,2.06,-8.0,29.0,657759,299039,428231,229528,31.3,-5.07
2025,12,2025-12-01,AS,Alaska Airlines,Network,21102,20695,307,100,70.58,98.07,1.45,7.89,-2.0,48.0,183677,126436,84029,99648,40.8,-4.28
2025,12,2025-12-01,G4,Allegiant Air,Ultra low-cost,11516,11372,92,52,68.16,98.75,0.8,18.22,-2.0,71.0,162525,124693,74437,88088,43.4,-0.91
2021,8,2021-08-01,UA,United Airlines,Network,44765,43978,628,159,73.37,98.24,1.4,12.33,-2.0,51.0,453493,292047,209243,244250,39.2,-2.17
2023,10,2023-10-01,DL,Delta Air Lines,Network,85367,85231,57,79,90.53,99.84,0.07,-4.84,-10.0,13.0,367821,116296,288562,79259,24.0,-8.39
2023,10,2023-10-01,G4,Allegiant Air,Ultra low-cost,9643,9600,16,27,79.09,99.55,0.17,7.94,-5.0,39.0,85739,53929,55686,30053,38.6,-1.85
2022,2,2022-02-01,B6,JetBlue Airways,Low-cost,20579,19467,1048,64,61.85,94.6,5.09,20.58,-1.0,92.0,338954,213373,244433,94521,38.6,-5.66
2024,1,2024-01-01,9E,Endeavor Air,Regional,16972,16219,706,47,73.34,95.56,4.16,10.56,-9.0,63.0,201898,138168,90471,111427,40.6,-6.28
2024,1,2024-01-01,AA,American Airlines,Network,77346,75889,1248,209,69.3,98.12,1.61,19.17,-2.0,71.0,1049378,889904,610041,439337,45.9,-3.35
2024,1,2024-01-01,AS,Alaska Airlines,Network,17775,14495,3119,161,59.07,81.55,17.55,10.38,-3.0,58.0,131553,126270,72119,59434,49.0,-5.11
2025,1,2025-01-01,UA,United Airlines,Network,62007,60668,1189,150,80.59,97.84,1.92,1.29,-8.0,33.0,425341,248856,225300,200041,36.9,-7.0
2021,12,2021-12-01,AS,Alaska Airlines,Network,16885,15776,1016,93,63.61,93.43,6.02,13.39,1.0,62.0,207846,98094,92649,115197,32.1,-1.61
2024,10,2024-10-01,MQ,Envoy Air,Regional,23564,23488,64,12,89.04,99.68,0.27,-4.53,-10.0,16.0,79271,51085,45008,34263,39.2,-6.88
2025,5,2025-05-01,MQ,Envoy Air,Regional,25534,24874,595,65,76.61,97.42,2.33,7.64,-4.0,42.0,204402,139315,69013,135389,40.5,-2.17
2021,5,2021-05-01,WN,Southwest Airlines,Low-cost,87286,86814,257,215,81.26,99.46,0.29,3.15,-5.0,31.0,451933,366042,286947,164986,44.7,-8.27
2021,12,2021-12-01,OH,PSA Airlines,Regional,20535,20414,72,49,81.94,99.41,0.35,2.88,-7.0,30.0,120880,101146,77569,43311,45.6,-4.41
2023,3,2023-03-01,G4,Allegiant Air,Ultra low-cost,11070,10945,94,31,64.18,98.87,0.85,22.72,2.0,77.6,173674,125131,72263,101411,41.9,1.35
2025,12,2025-12-01,OH,PSA Airlines,Regional,20505,19757,709,39,62.04,96.35,3.46,28.23,0.0,102.0,297426,390368,189986,107440,56.8,-4.21
2021,11,2021-11-01,HA,Hawaiian Airlines,Network,5749,5738,4,7,93.13,99.81,0.07,-1.85,-5.0,10.0,18987,2976,18024,963,13.6,-3.23
2025,12,2025-12-01,HA,Hawaiian Airlines,Network,6705,6647,46,12,71.38,99.13,0.69,14.65,3.0,44.0,69505,40613,62654,6851,36.9,-1.4
2022,6,2022-06-01,OO,SkyWest Airlines,Regional,66038,65447,431,160,81.93,99.11,0.65,6.87,-6.0,36.0,735908,193705,635050,100858,20.8,-4.69
2022,8,2022-08-01,YX,Republic Airways,Regional,26685,24787,1846,52,74.96,92.89,6.92,4.57,-8.0,41.0,233376,106853,98763,134613,31.4,-4.01
2021,10,2021-10-01,AA,American Airlines,Network,73778,70525,3106,147,77.57,95.59,4.21,5.06,-8.0,40.0,596946,382109,432892,164054,39.0,-7.9
2025,12,2025-12-01,YX,Republic Airways,Regional,30203,29197,952,54,67.01,96.67,3.15,15.76,-3.0,77.0,367538,312140,143384,224154,45.9,-2.43
2021,7,2021-07-01,NK,Spirit Airlines,Ultra low-cost,18993,18577,333,83,64.26,97.81,1.75,20.8,2.0,81.0,304456,170652,129784,174672,35.9,-4.26
2023,12,2023-12-01,OH,PSA Airlines,Regional,16141,16028,72,41,85.3,99.3,0.45,0.01,-10.0,24.0,94476,79951,54074,40402,45.8,-6.47
2024,3,2024-03-01,WN,Southwest Airlines,Low-cost,125272,123905,1170,197,76.58,98.91,0.93,6.8,-4.0,42.0,746929,817692,399792,347137,52.3,-6.26
2025,9,2025-09-01,WN,Southwest Airlines,Low-cost,110361,109889,265,207,82.6,99.57,0.24,2.59,-5.0,28.0,493149,460534,258031,235118,48.3,-6.61
2025,9,2025-09-01,NK,Spirit Airlines,Ultra low-cost,15058,14884,130,44,83.19,98.84,0.86,0.95,-12.0,36.0,130946,55447,58244,72702,29.7,-8.77
2021,8,2021-08-01,MQ,Envoy Air,Regional,24055,23083,875,97,77.69,95.96,3.64,6.03,-6.0,38.0,198069,106135,69276,128793,34.9,-3.73
2024,4,2024-04-01,B6,JetBlue Airways,Low-cost,20124,19762,288,74,76.33,98.2,1.43,7.14,-9.0,55.0,213864,137707,138935,74929,39.2,-7.67
2024,5,2024-05-01,OO,SkyWest Airlines,Regional,62107,61058,848,201,78.04,98.31,1.37,11.6,-5.0,50.0,902523,210313,493692,408831,18.9,-2.63
2024,5,2024-05-01,UA,United Airlines,Network,64156,63080,773,303,72.4,98.32,1.2,13.65,-4.0,70.0,747860,578974,340346,407514,43.6,-4.82
2023,8,2023-08-01,MQ,Envoy Air,Regional,20359,20179,137,43,83.45,99.12,0.67,1.82,-8.0,29.0,109287,86788,52198,57089,44.3,-4.78
2024,8,2024-08-01,OO,SkyWest Airlines,Regional,65390,64914,279,197,79.15,99.27,0.43,8.77,-6.0,45.0,807129,206066,530695,276434,20.3,-2.75
2021,10,2021-10-01,B6,JetBlue Airways,Low-cost,19083,18958,54,71,78.48,99.34,0.28,4.23,-7.0,40.0,176926,71569,121741,55185,28.8,-6.05
2023,2,2023-02-01,NK,Spirit Airlines,Ultra low-cost,20192,19895,272,25,74.93,98.53,1.35,10.07,-5.0,52.0,240923,104239,106720,134203,30.2,-5.69
2022,3,2022-03-01,YX,Republic Airways,Regional,30092,29106,855,131,76.03,96.72,2.84,7.03,-6.0,46.0,277914,162220,127820,150094,36.9,-2.88
2023,8,2023-08-01,UA,United Airlines,Network,66801,65807,814,180,79.2,98.51,1.22,4.75,-8.0,41.0,506991,377427,293062,213929,42.7,-6.94
2024,8,2024-08-01,F9,Frontier Airlines,Ultra low-cost,18813,18158,615,40,65.15,96.52,3.27,18.6,-1.0,78.0,226522,236878,127684,98838,51.1,-1.81
2025,4,2025-04-01,NK,Spirit Airlines,Ultra low-cost,18303,18195,81,27,82.5,99.41,0.44,2.35,-10.0,36.0,168275,61610,59143,109132,26.8,-6.62
2022,1,2022-01-01,B6,JetBlue Airways,Low-cost,21332,19192,2088,52,61.16,89.97,9.79,18.72,-2.0,85.9,340389,174169,248617,91772,33.8,-4.54
2024,10,2024-10-01,F9,Frontier Airlines,Ultra low-cost,17801,17241,555,5,73.34,96.85,3.12,9.86,-5.0,51.0,138403,162995,93544,44859,54.1,-3.58
2021,10,2021-10-01,OO,SkyWest Airlines,Regional,68988,66378,2458,152,79.38,96.22,3.56,8.74,-6.0,38.0,765955,287684,622737,143218,27.3,-4.44
2022,12,2022-12-01,WN,Southwest Airlines,Low-cost,116229,99059,17000,170,60.72,85.23,14.63,13.82,-1.0,58.0,941741,877828,693474,248267,48.2,-6.23
2022,12,2022-12-01,YX,Republic Airways,Regional,20773,20118,612,43,79.92,96.85,2.95,0.28,-9.0,33.0,148312,63596,53728,94584,30.0,-4.96
2022,12,2022-12-01,OH,PSA Airlines,Regional,14156,13904,226,26,82.91,98.22,1.6,1.86,-7.0,26.0,85451,58764,41562,43889,40.7,-3.89
2021,5,2021-05-01,OO,SkyWest Airlines,Regional,60400,59988,237,175,88.1,99.32,0.39,-0.79,-9.0,18.0,415393,104555,302029,113364,20.1,-5.72
2025,5,2025-05-01,YX,Republic Airways,Regional,28067,27269,741,57,73.78,97.16,2.64,10.52,-5.0,60.0,320766,164554,91764,229002,33.9,-1.01
2024,9,2024-09-01,OH,PSA Airlines,Regional,19944,19480,419,45,77.06,97.67,2.1,9.95,-7.0,49.0,168872,188013,101187,67685,52.7,-3.87
2021,10,2021-10-01,MQ,Envoy Air,Regional,22776,22262,478,36,84.15,97.74,2.1,0.67,-7.0,23.0,121531,59105,50764,70767,32.7,-4.12
2022,9,2022-09-01,B6,JetBlue Airways,Low-cost,22469,21588,793,88,68.77,96.08,3.53,12.76,-3.0,65.0,292059,135138,181493,110566,31.6,-2.98
2024,6,2024-06-01,NK,Spirit Airlines,Ultra low-cost,23437,22770,600,67,70.75,97.15,2.56,11.95,-5.0,64.1,308117,139102,110089,198028,31.1,-6.86
2024,6,2024-06-01,OO,SkyWest Airlines,Regional,61853,61112,530,211,76.59,98.8,0.86,12.42,-4.0,52.0,950262,185006,625406,324856,16.3,-2.38
2023,4,2023-04-01,UA,United Airlines,Network,57791,56571,953,267,75.26,97.89,1.65,10.46,-5.0,52.0,606507,400105,342111,264396,39.7,-5.15
2023,6,2023-06-01,9E,Endeavor Air,Regional,17307,16363,894,50,79.12,94.55,5.17,2.21,-11.0,36.0,140374,69743,62816,77558,33.2,-7.87
2022,8,2022-08-01,QX,Horizon Air,Regional,8246,8224,18,4,87.8,99.73,0.22,0.52,-5.0,18.0,26566,17041,17160,9406,39.1,-2.36
2025,7,2025-07-01,OH,PSA Airlines,Regional,21214,19614,1516,84,63.87,92.46,7.15,26.16,-3.0,98.0,355301,299344,188873,166428,45.7,-3.57
2021,12,2021-12-01,YX,Republic Airways,Regional,27593,27474,66,53,85.2,99.57,0.24,-0.8,-8.0,23.0,160595,53343,77840,82755,24.9,-4.16
2021,12,2021-12-01,9E,Endeavor Air,Regional,21876,21728,115,33,88.53,99.32,0.53,-3.18,-11.0,17.0,121000,49780,61002,59998,29.1,-7.52
2022,3,2022-03-01,YV,Mesa Airlines,Regional,9814,9690,99,25,82.49,98.74,1.01,5.22,-8.0,35.0,108095,32718,70617,37478,23.2,-7.18
2025,3,2025-03-01,F9,Frontier Airlines,Ultra low-cost,18846,18429,371,46,73.19,97.79,1.97,10.72,-7.0,62.0,193444,183557,111345,82099,48.7,-5.2
2024,11,2024-11-01,NK,Spirit Airlines,Ultra low-cost,19459,19391,55,13,85.39,99.65,0.28,-2.2,-11.0,27.0,129194,43703,52016,77178,25.3,-8.02
2025,10,2025-10-01,B6,JetBlue Airways,Low-cost,18401,18144,193,64,73.51,98.6,1.05,8.82,-6.0,60.0,208722,120061,79945,128777,36.5,-5.95
2021,3,2021-03-01,AS,Alaska Airlines,Network,14531,14277,229,25,86.19,98.25,1.58,-3.39,-7.0,18.0,55038,24411,30401,24637,30.7,-3.76
2023,9,2023-09-01,OO,SkyWest Airlines,Regional,59245,58909,230,106,83.86,99.43,0.39,4.03,-7.0,30.0,507339,201606,383993,123346,28.4,-4.08
2025,6,2025-06-01,F9,Frontier Airlines,Ultra low-cost,16058,15522,495,41,59.47,96.66,3.08,27.44,3.0,98.0,251170,265914,143014,108156,51.4,-2.78
2021,8,2021-08-01,YV,Mesa Airlines,Regional,15619,15087,464,68,72.39,96.59,2.97,16.79,-3.0,67.0,213722,128190,122353,91369,37.5,-3.1
2023,7,2023-07-01,HA,Hawaiian Airlines,Network,7085,7022,55,8,82.51,99.11,0.78,7.18,-1.0,24.0,47538,19018,46369,1169,28.6,-1.09
2023,7,2023-07-01,MQ,Envoy Air,Regional,19526,19348,141,37,78.08,99.09,0.72,7.1,-5.0,42.0,141757,115093,59234,82523,44.8,-2.96
2024,4,2024-04-01,G4,Allegiant Air,Ultra low-cost,9271,9215,43,13,85.83,99.4,0.46,0.43,-13.0,26.0,87471,39483,42275,45196,31.1,-7.66
2025,8,2025-08-01,UA,United Airlines,Network,68946,67885,789,272,75.3,98.46,1.14,10.05,-5.0,52.0,731133,444799,344206,386927,37.8,-4.37
2023,2,2023-02-01,MQ,Envoy Air,Regional,17228,16770,415,43,81.4,97.34,2.41,2.18,-6.0,27.0,98112,60523,48525,49587,38.2,-3.52
2025,3,2025-03-01,B6,JetBlue Airways,Low-cost,21304,21033,165,106,76.18,98.73,0.77,7.53,-8.0,55.0,209369,165510,101268,108101,44.2,-6.57
2021,6,2021-06-01,MQ,Envoy Air,Regional,23506,23070,352,84,77.36,98.15,1.5,7.99,-6.0,49.0,205228,144035,76137,129091,41.2,-4.97
2025,7,2025-07-01,YX,Republic Airways,Regional,30396,27563,2727,106,65.96,90.68,8.97,15.69,-6.0,78.0,433916,224694,165380,268536,34.1,-3.35
2022,1,2022-01-01,G4,Allegiant Air,Ultra low-cost,8714,7975,724,15,65.52,91.52,8.31,12.24,-2.0,59.0,81828,63230,43474,38354,43.6,0.09
2022,1,2022-01-01,HA,Hawaiian Airlines,Network,5868,5640,217,11,77.9,96.11,3.7,6.88,-2.0,34.0,36334,28574,32110,4224,44.0,-2.62
2022,3,2022-03-01,B6,JetBlue Airways,Low-cost,22949,22200,635,114,65.58,96.74,2.77,17.92,-2.0,83.0,358751,216323,250189,108562,37.6,-6.76
2022,4,2022-04-01,AA,American Airlines,Network,67177,65629,1350,198,77.55,97.7,2.01,7.77,-5.0,41.0,573756,405587,360191,213565,41.4,-5.37
2022,1,2022-01-01,YX,Republic Airways,Regional,27261,24315,2868,78,70.83,89.19,10.52,3.31,-8.0,42.0,209749,97233,111748,98001,31.7,-3.55
2023,4,2023-04-01,WN,Southwest Airlines,Low-cost,115946,114413,1249,284,73.43,98.68,1.08,8.85,-1.0,43.0,695321,794636,396064,299257,53.3,-5.22
2024,3,2024-03-01,OO,SkyWest Airlines,Regional,56241,55273,771,197,82.04,98.28,1.37,2.86,-8.0,32.0,541278,106735,294819,246459,16.5,-4.67
2025,8,2025-08-01,G4,Allegiant Air,Ultra low-cost,10499,10461,7,31,75.7,99.64,0.07,15.79,-6.0,52.0,160492,90932,92914,67578,36.2,-1.87
2025,8,2025-08-01,NK,Spirit Airlines,Ultra low-cost,17155,16999,93,63,76.86,99.09,0.54,7.97,-7.0,55.0,203254,79394,65263,137991,28.1,-5.81
2024,11,2024-11-01,AA,American Airlines,Network,76757,76109,491,157,82.83,99.16,0.64,2.57,-8.0,30.0,506930,389528,333487,173443,43.5,-6.79
2024,2,2024-02-01,NK,Spirit Airlines,Ultra low-cost,19929,19765,138,26,77.78,99.18,0.69,4.89,-6.0,41.0,180648,81918,73427,107221,31.2,-6.66
2021,1,2021-01-01,9E,Endeavor Air,Regional,19501,19453,23,25,92.66,99.75,0.12,-7.67,-14.0,7.0,85535,28268,41965,43570,24.8,-9.22
2021,9,2021-09-01,QX,Horizon Air,Regional,9200,9147,42,11,87.51,99.42,0.46,-0.6,-6.0,18.0,32069,20917,22783,9286,39.5,-3.61
2025,6,2025-06-01,DL,Delta Air Lines,Network,91122,89155,1571,396,72.24,97.84,1.72,13.06,-5.0,63.0,1229089,581465,752423,476666,32.1,-4.92
2021,6,2021-06-01,NK,Spirit Airlines,Ultra low-cost,16608,16435,105,68,74.1,98.96,0.63,10.63,-3.0,53.0,185300,90025,59301,125999,32.7,-4.09
2022,7,2022-07-01,9E,Endeavor Air,Regional,20166,18971,1117,78,75.92,94.07,5.54,7.37,-8.0,46.0,207927,102406,122018,85909,33.0,-5.63
2024,10,2024-10-01,DL,Delta Air Lines,Network,88300,87416,799,85,89.45,99.0,0.9,-4.69,-11.0,14.0,374340,131946,294529,79811,26.1,-7.53
2024,8,2024-08-01,WN,Southwest Airlines,Low-cost,118338,117017,1006,315,78.78,98.88,0.85,5.07,-5.0,38.0,666497,632635,361283,305214,48.7,-6.17
2024,9,2024-09-01,F9,Frontier Airlines,Ultra low-cost,17491,17186,287,18,74.8,98.26,1.64,8.29,-6.0,48.0,134393,143924,80780,53613,51.7,-2.91
2024,9,2024-09-01,G4,Allegiant Air,Ultra low-cost,6889,6721,157,11,80.96,97.56,2.28,2.73,-10.0,36.0,58017,31285,38805,19212,35.0,-4.94
2021,12,2021-12-01,DL,Delta Air Lines,Network,68537,66755,1635,147,79.46,97.4,2.39,5.11,-7.0,36.0,660143,239863,444351,215792,26.7,-7.52
2024,1,2024-01-01,UA,United Airlines,Network,58855,54003,4714,138,71.95,91.76,8.01,8.86,-7.0,51.0,555475,413094,283178,272297,42.6,-6.89
2021,4,2021-04-01,HA,Hawaiian Airlines,Network,4032,4026,4,2,91.42,99.85,0.1,-2.31,-5.0,13.0,11316,2707,10523,793,19.3,-3.82
2024,5,2024-05-01,YX,Republic Airways,Regional,25551,25194,284,73,83.25,98.6,1.11,0.84,-10.0,32.0,176484,103353,65265,111219,36.9,-4.89
2024,7,2024-07-01,B6,JetBlue Airways,Low-cost,20182,19852,234,96,67.94,98.36,1.16,18.74,-3.0,84.0,318715,197027,202802,115913,38.2,-4.77
2022,2,2022-02-01,OO,SkyWest Airlines,Regional,54943,52549,2235,159,77.51,95.64,4.07,7.2,-8.0,41.0,634207,237524,472415,161792,27.2,-6.5
2023,9,2023-09-01,WN,Southwest Airlines,Low-cost,117870,116965,660,245,79.52,99.23,0.56,4.87,-3.0,32.0,575451,553721,319884,255567,49.0,-5.3
2022,3,2022-03-01,F9,Frontier Airlines,Ultra low-cost,12901,12285,585,31,57.85,95.23,4.53,24.91,5.0,91.0,211133,152997,115885,95248,42.0,-2.36
2022,4,2022-04-01,AS,Alaska Airlines,Network,19361,18234,1058,69,72.84,94.18,5.46,6.13,-3.0,38.0,136651,81688,73270,63381,37.4,-2.19
2022,4,2022-04-01,DL,Delta Air Lines,Network,73076,72109,815,152,81.04,98.68,1.12,5.27,-7.0,35.0,667247,265406,480139,187108,28.5,-6.75
2024,6,2024-06-01,AA,American Airlines,Network,85581,83290,1942,349,66.01,97.32,2.27,23.05,-1.0,83.0,1210800,1228650,804481,406319,50.4,-5.87
2024,11,2024-11-01,DL,Delta Air Lines,Network,81825,81706,24,95,88.63,99.85,0.03,-4.0,-10.0,17.0,403983,135011,272237,131746,25.0,-7.27
2021,1,2021-01-01,YX,Republic Airways,Regional,21720,21421,271,28,90.16,98.62,1.25,-8.55,-14.0,11.0,93005,28896,41704,51301,23.7,-8.68
2023,11,2023-11-01,WN,Southwest Airlines,Low-cost,122501,122203,244,54,85.87,99.76,0.2,-1.13,-6.0,21.0,364712,336021,259181,105531,48.0,-7.61
2024,10,2024-10-01,HA,Hawaiian Airlines,Network,6583,6503,73,7,86.04,98.78,1.11,2.35,-2.0,18.0,21916,12549,20275,1641,36.4,-1.23
2024,10,2024-10-01,YX,Republic Airways,Regional,27159,27103,34,22,91.7,99.79,0.13,-8.31,-13.0,10.0,80005,32735,36719,43286,29.0,-6.72
2023,5,2023-05-01,NK,Spirit Airlines,Ultra low-cost,22506,22279,172,55,73.85,98.99,0.76,10.52,-3.0,53.0,262365,104058,101612,160753,28.4,-3.93
2023,5,2023-05-01,OO,SkyWest Airlines,Regional,56397,55855,413,129,86.17,99.04,0.73,0.39,-8.0,22.0,393966,116813,300302,93664,22.9,-4.81
2022,7,2022-07-01,F9,Frontier Airlines,Ultra low-cost,13175,12997,145,33,72.49,98.65,1.1,12.13,-5.0,61.0,157653,97664,82912,74741,38.3,-4.42
2024,1,2024-01-01,WN,Southwest Airlines,Low-cost,115389,111613,3566,210,73.93,96.73,3.09,6.42,-3.0,40.0,677159,668111,379809,297350,49.7,-5.66
2023,2,2023-02-01,B6,JetBlue Airways,Low-cost,22186,21727,372,87,71.93,97.93,1.68,10.49,-6.0,64.0,265195,168466,176489,88706,38.8,-6.12
2023,2,2023-02-01,DL,Delta Air Lines,Network,69152,68063,968,121,82.74,98.43,1.4,2.18,-9.0,30.0,589909,220441,419185,170724,27.2,-8.06
2024,9,2024-09-01,AA,American Airlines,Network,80709,80051,546,112,80.0,99.18,0.68,5.65,-7.0,37.0,621919,473939,412152,209767,43.2,-5.7
2025,5,2025-05-01,F9,Frontier Airlines,Ultra low-cost,16036,15836,167,33,68.56,98.75,1.04,19.55,-3.0,77.0,215712,216234,107120,108592,50.1,-4.18
2022,5,2022-05-01,YX,Republic Airways,Regional,31089,29037,1954,98,68.81,93.4,6.29,12.36,-4.0,64.4,338809,233730,168503,170306,40.8,-3.08
2025,10,2025-10-01,WN,Southwest Airlines,Low-cost,121588,121092,308,188,77.06,99.59,0.25,6.5,-2.0,37.0,636145,713078,380211,255934,52.9,-6.22
2023,3,2023-03-01,AA,American Airlines,Network,78705,77630,859,216,72.19,98.63,1.09,15.65,-2.0,55.0,866614,787665,556169,310445,47.6,-2.9
2023,12,2023-12-01,NK,Spirit Airlines,Ultra low-cost,22583,22461,98,24,75.36,99.46,0.43,6.94,-5.0,48.0,215404,119032,100238,115166,35.6,-8.39
2025,12,2025-12-01,WN,Southwest Airlines,Low-cost,118075,117213,654,208,74.84,99.27,0.55,7.78,-2.0,43.0,708245,816606,432083,276162,53.6,-6.89
2021,8,2021-08-01,QX,Horizon Air,Regional,11127,10987,131,9,82.79,98.74,1.18,2.84,-4.0,26.0,45669,36594,31844,13825,44.5,-2.78
2023,6,2023-06-01,AS,Alaska Airlines,Network,21337,21196,79,62,76.55,99.34,0.37,5.34,-2.0,36.0,152134,89300,77447,74687,37.0,-2.88
2023,7,2023-07-01,YX,Republic Airways,Regional,25385,22650,2621,114,68.34,89.23,10.32,9.92,-8.0,59.0,301085,127921,101685,199400,29.8,-3.48
2021,7,2021-07-01,YV,Mesa Airlines,Regional,15755,15279,409,67,65.85,96.98,2.6,25.34,0.0,93.0,248292,211879,138920,109372,46.0,-2.49
2024,10,2024-10-01,AA,American Airlines,Network,86812,85955,766,91,83.37,99.01,0.88,2.05,-8.0,27.0,529453,422756,382989,146464,44.4,-7.11
2024,12,2024-12-01,B6,JetBlue Airways,Low-cost,20771,20483,228,60,68.34,98.61,1.1,15.66,-2.0,71.0,243259,221948,137589,105670,47.7,-4.59
2022,10,2022-10-01,G4,Allegiant Air,Ultra low-cost,8531,8398,120,13,72.85,98.44,1.41,11.13,-1.0,45.0,78636,55741,48827,29809,41.5,-1.06
2022,8,2022-08-01,YV,Mesa Airlines,Regional,8895,8459,385,51,70.56,95.1,4.33,17.42,-6.0,76.0,130098,83598,84882,45216,39.1,-5.65
2023,1,2023-01-01,NK,Spirit Airlines,Ultra low-cost,21876,21348,507,21,69.2,97.59,2.32,13.9,-2.0,66.0,317986,115151,137335,180651,26.6,-4.71
2023,1,2023-01-01,WN,Southwest Airlines,Low-cost,112430,108999,3234,197,77.53,96.95,2.88,4.91,-5.0,37.0,610939,659779,378124,232815,51.9,-7.12
2025,1,2025-01-01,F9,Frontier Airlines,Ultra low-cost,15526,15110,392,24,72.04,97.32,2.52,10.82,-6.0,59.0,156797,147311,88123,68674,48.4,-3.61
2024,12,2024-12-01,OH,PSA Airlines,Regional,20903,20617,230,56,71.56,98.63,1.1,16.43,-3.0,66.0,223611,259941,135252,88359,53.8,-4.14
2021,5,2021-05-01,B6,JetBlue Airways,Low-cost,17565,17470,43,52,81.47,99.46,0.24,0.78,-8.0,32.0,131951,52056,93668,38283,28.3,-7.65
2023,10,2023-10-01,WN,Southwest Airlines,Low-cost,128588,128169,287,132,80.0,99.67,0.22,4.02,-3.0,31.0,551139,586574,353131,198008,51.6,-5.99
2021,8,2021-08-01,F9,Frontier Airlines,Ultra low-cost,13398,13047,322,29,68.91,97.38,2.4,14.4,-3.0,66.0,172743,105076,97673,75070,37.8,-4.22
2021,8,2021-08-01,HA,Hawaiian Airlines,Network,6518,6463,53,2,90.47,99.16,0.81,-1.94,-5.0,12.0,16892,5572,16407,485,24.8,-2.88
2025,4,2025-04-01,YX,Republic Airways,Regional,28384,28107,237,40,83.08,99.02,0.83,0.37,-9.0,30.0,181407,85593,72371,109036,32.1,-3.8
2022,10,2022-10-01,9E,Endeavor Air,Regional,18091,17743,302,46,83.19,98.08,1.67,1.54,-11.0,33.0,138235,80125,62186,76049,36.7,-7.01
2022,11,2022-11-01,UA,United Airlines,Network,53741,53320,360,61,83.9,99.22,0.67,0.79,-8.0,27.0,312774,211327,172659,140115,40.3,-7.02
2023,1,2023-01-01,B6,JetBlue Airways,Low-cost,23249,22978,194,77,72.67,98.83,0.83,10.55,-6.0,65.0,293598,168151,191090,102508,36.4,-6.22
2023,2,2023-02-01,OO,SkyWest Airlines,Regional,50486,48980,1351,155,79.07,97.02,2.68,6.17,-7.0,39.0,532660,177194,383358,149302,25.0,-4.4
2021,2,2021-02-01,AA,American Airlines,Network,34256,32048,2140,68,80.7,93.55,6.25,-2.07,-12.0,23.0,254445,75683,126419,128026,22.9,-8.44
2023,4,2023-04-01,B6,JetBlue Airways,Low-cost,24285,23473,705,107,65.27,96.66,2.9,19.31,-1.0,82.0,379997,241075,241409,138588,38.8,-4.49
2024,8,2024-08-01,HA,Hawaiian Airlines,Network,6829,6720,104,5,86.81,98.4,1.52,2.53,-3.0,17.0,28995,11390,28423,572,28.2,-1.61
2022,10,2022-10-01,UA,United Airlines,Network,56495,56129,288,78,87.31,99.35,0.51,-2.22,-9.0,19.0,259050,147072,157220,101830,36.2,-7.03
2022,7,2022-07-01,AS,Alaska Airlines,Network,20387,20236,100,51,81.17,99.26,0.49,2.16,-5.0,29.0,117395,60107,63023,54372,33.9,-2.89
2022,7,2022-07-01,B6,JetBlue Airways,Low-cost,22867,22340,415,112,67.4,97.7,1.81,16.92,-3.0,82.0,360015,186747,243335,116680,34.2,-5.55
2022,2,2022-02-01,UA,United Airlines,Network,43982,43051,887,44,79.97,97.88,2.02,2.24,-7.0,33.0,296836,180145,172397,124439,37.8,-8.22
2024,7,2024-07-01,WN,Southwest Airlines,Low-cost,127642,126291,849,502,70.56,98.94,0.67,12.17,-1.0,53.0,960843,1084224,591746,369097,53.0,-5.44
2022,10,2022-10-01,NK,Spirit Airlines,Ultra low-cost,21317,20807,488,22,81.1,97.61,2.29,3.0,-7.0,31.0,163854,64977,75716,88138,28.4,-6.55
2022,10,2022-10-01,YV,Mesa Airlines,Regional,8694,8564,109,21,81.96,98.5,1.25,6.98,-8.0,41.0,84500,51978,59217,25283,38.1,-5.98
2022,10,2022-10-01,DL,Delta Air Lines,Network,75987,75594,325,68,88.49,99.48,0.43,-2.01,-9.0,17.0,415453,122830,316587,98866,22.8,-7.46
2024,10,2024-10-01,9E,Endeavor Air,Regional,16841,16833,0,8,92.08,99.95,0.0,-7.11,-13.0,9.0,59241,26333,40789,18452,30.8,-7.14
2021,5,2021-05-01,G4,Allegiant Air,Ultra low-cost,8920,8888,23,9,78.37,99.64,0.26,9.83,-2.0,38.0,72198,56034,53475,18723,43.7,-0.84
2023,9,2023-09-01,AA,American Airlines,Network,76972,76073,640,259,78.6,98.83,0.83,8.61,-7.0,45.0,716234,589307,462599,253635,45.1,-6.0
2025,7,2025-07-01,AS,Alaska Airlines,Network,23619,23012,512,95,67.58,97.43,2.17,12.06,1.0,51.0,211980,169521,96593,115387,44.4,-1.64
2025,8,2025-08-01,OH,PSA Airlines,Regional,20427,19849,530,48,73.89,97.17,2.59,13.68,-6.0,59.0,212164,220213,129756,82408,50.9,-4.17
2022,11,2022-11-01,F9,Frontier Airlines,Ultra low-cost,13659,13292,351,16,64.6,97.31,2.57,18.69,2.0,67.0,167570,144851,107481,60089,46.4,-4.39
2022,9,2022-09-01,AS,Alaska Airlines,Network,19775,19527,188,60,82.5,98.75,0.95,0.5,-5.0,27.0,100108,51681,53354,46754,34.0,-3.4
2021,7,2021-07-01,F9,Frontier Airlines,Ultra low-cost,13467,12970,463,34,60.03,96.31,3.44,24.54,3.0,94.0,231105,159158,120118,110987,40.8,-2.57
2023,5,2023-05-01,HA,Hawaiian Airlines,Network,6894,6712,179,3,61.33,97.36,2.6,21.47,6.0,57.0,76515,73231,63887,12628,48.9,0.54
2024,6,2024-06-01,OH,PSA Airlines,Regional,18526,18268,215,43,80.57,98.61,1.16,6.71,-8.0,39.0,148257,132469,80587,67670,47.2,-4.55
2021,1,2021-01-01,HA,Hawaiian Airlines,Network,3199,3191,7,1,94.72,99.75,0.22,-6.65,-7.0,7.0,5070,465,4707,363,8.4,-3.11
2021,1,2021-01-01,NK,Spirit Airlines,Ultra low-cost,11202,11089,99,14,88.82,98.99,0.88,-4.27,-9.0,15.0,52383,11214,12542,39841,17.6,-5.5
2021,1,2021-01-01,OO,SkyWest Airlines,Regional,52000,51247,588,165,88.57,98.55,1.13,-3.6,-13.0,15.0,378628,76509,264163,114465,16.8,-7.71
2021,2,2021-02-01,OH,PSA Airlines,Regional,11491,11105,354,32,83.62,96.64,3.08,-1.02,-9.0,22.0,59997,33357,24317,35680,35.7,-4.38
2022,3,2022-03-01,NK,Spirit Airlines,Ultra low-cost,19236,18793,410,33,68.51,97.7,2.13,15.85,0.0,64.0,266767,108255,93444,173323,28.9,-1.05
2025,5,2025-05-01,B6,JetBlue Airways,Low-cost,19663,19461,96,106,73.42,98.97,0.49,9.81,-6.0,63.0,226826,138553,82398,144428,37.9,-4.91
2021,2,2021-02-01,NK,Spirit Airlines,Ultra low-cost,10105,9739,349,17,82.0,96.38,3.45,0.57,-7.0,25.0,64666,15702,18292,46374,19.5,-3.01
2022,9,2022-09-01,9E,Endeavor Air,Regional,17960,17743,200,17,86.5,98.79,1.11,-1.98,-12.0,22.0,104761,64433,53946,50815,38.1,-7.52
2022,1,2022-01-01,QX,Horizon Air,Regional,8105,7649,426,30,70.56,94.37,5.26,10.96,-1.0,49.0,64127,48135,40049,24078,42.9,-1.13
2022,6,2022-06-01,NK,Spirit Airlines,Ultra low-cost,18555,18282,227,46,75.29,98.53,1.22,9.08,-5.0,49.0,228281,73765,81490,146791,24.4,-6.04
2024,11,2024-11-01,HA,Hawaiian Airlines,Network,6427,6393,29,5,89.17,99.47,0.45,-0.12,-3.0,15.0,17592,10099,16007,1585,36.5,-1.72
2021,5,2021-05-01,AS,Alaska Airlines,Network,15999,15941,36,22,89.59,99.64,0.23,-4.76,-8.0,15.0,48491,17345,26418,22073,26.3,-4.25
2023,7,2023-07-01,F9,Frontier Airlines,Ultra low-cost,14811,14102,672,37,53.48,95.21,4.54,33.82,8.0,110.0,258659,274025,154105,104554,51.4,-1.8
2025,3,2025-03-01,OO,SkyWest Airlines,Regional,70517,69177,1075,265,78.63,98.1,1.52,6.96,-8.0,47.0,879960,213556,539058,340902,19.5,-4.32
2025,6,2025-06-01,MQ,Envoy Air,Regional,26837,26293,459,85,71.54,97.97,1.71,11.51,-2.0,54.0,234078,201330,92634,141444,46.2,-1.36
2021,4,2021-04-01,YX,Republic Airways,Regional,26509,26374,95,40,91.39,99.49,0.36,-7.12,-13.0,10.0,108022,40804,70782,37240,27.4,-8.6
2021,4,2021-04-01,NK,Spirit Airlines,Ultra low-cost,14487,14221,232,34,76.06,98.16,1.6,11.34,-2.0,45.0,156868,79156,53314,103554,33.5,-2.38
2021,4,2021-04-01,F9,Frontier Airlines,Ultra low-cost,10910,10801,93,16,81.42,99.0,0.85,2.62,-8.0,35.0,82261,44876,38485,43776,35.3,-4.58
2024,5,2024-05-01,DL,Delta Air Lines,Network,88381,87954,163,264,78.34,99.52,0.18,8.35,-5.0,44.0,853290,459738,512105,341185,35.0,-4.4
2023,2,2023-02-01,HA,Hawaiian Airlines,Network,5997,5944,46,7,73.47,99.12,0.77,11.67,3.0,37.0,49100,27212,39888,9212,35.7,1.31
2025,9,2025-09-01,OH,PSA Airlines,Regional,19218,19023,151,44,82.89,98.99,0.79,1.58,-12.0,34.8,131379,122703,81686,49693,48.3,-6.94
2024,2,2024-02-01,AS,Alaska Airlines,Network,16863,16670,137,56,81.84,98.86,0.81,-1.03,-7.0,28.0,90252,51661,41464,48788,36.4,-5.14
2021,6,2021-06-01,G4,Allegiant Air,Ultra low-cost,12568,12257,278,33,56.56,97.53,2.21,28.05,8.0,83.0,189869,175172,101889,87980,48.0,2.31
2022,1,2022-01-01,F9,Frontier Airlines,Ultra low-cost,12039,11486,536,17,69.38,95.41,4.45,10.96,-4.0,59.0,126425,85746,80506,45919,40.4,-4.54
2022,1,2022-01-01,NK,Spirit Airlines,Ultra low-cost,17554,16933,601,20,74.08,96.46,3.42,8.52,-5.0,49.0,176706,77322,80329,96377,30.4,-3.21
2021,8,2021-08-01,AA,American Airlines,Network,73455,69514,3551,390,72.37,94.63,4.83,10.5,-6.0,56.0,817429,482821,514757,302672,37.1,-7.22
2021,6,2021-06-01,OO,SkyWest Airlines,Regional,67511,66759,505,247,79.71,98.89,0.75,9.72,-5.0,44.0,745908,347180,528674,217234,31.8,-3.83
2021,7,2021-07-01,AS,Alaska Airlines,Network,17370,17214,119,37,82.01,99.1,0.69,1.41,-4.0,26.0,89184,46410,48941,40243,34.2,-3.47
2021,1,2021-01-01,AA,American Airlines,Network,38226,37906,258,62,88.89,99.16,0.67,-6.08,-13.0,15.0,219500,63297,115829,103671,22.4,-9.3
2021,1,2021-01-01,B6,JetBlue Airways,Low-cost,8937,8827,99,11,77.57,98.77,1.11,4.64,-3.0,34.0,76756,24981,43260,33496,24.6,-0.16
2021,1,2021-01-01,DL,Delta Air Lines,Network,48239,48100,92,47,90.7,99.71,0.19,-4.9,-10.0,13.0,228555,59806,137825,90730,20.7,-6.47
2022,8,2022-08-01,AA,American Airlines,Network,78327,74692,3302,333,70.44,95.36,4.22,13.46,-3.0,59.0,882303,585473,534621,347682,39.9,-3.88
2023,6,2023-06-01,HA,Hawaiian Airlines,Network,6832,6742,88,2,77.42,98.68,1.29,6.45,1.0,28.0,35379,21688,34414,965,38.0,-1.44
2024,6,2024-06-01,F9,Frontier Airlines,Ultra low-cost,18646,17952,655,39,61.31,96.28,3.51,24.7,2.0,84.0,253100,288842,155425,97675,53.3,-1.81
2021,7,2021-07-01,MQ,Envoy Air,Regional,24276,23996,217,63,79.15,98.85,0.89,6.2,-6.0,42.0,178790,145376,94073,84717,44.8,-5.15
2021,9,2021-09-01,OO,SkyWest Airlines,Regional,66966,66541,297,128,86.95,99.37,0.44,1.34,-8.0,21.0,453944,176805,368258,85686,28.0,-4.56
2025,2,2025-02-01,MQ,Envoy Air,Regional,19995,19609,346,40,79.31,98.07,1.73,3.47,-7.0,36.0,141650,91996,59412,82238,39.4,-3.88
2021,3,2021-03-01,MQ,Envoy Air,Regional,19760,19487,231,42,87.38,98.62,1.17,-3.33,-11.0,17.0,95030,44546,33823,61207,31.9,-5.89
2022,8,2022-08-01,AS,Alaska Airlines,Network,20514,20333,134,47,80.78,99.12,0.65,2.17,-5.0,29.0,117962,64624,56214,61748,35.4,-3.06
2022,8,2022-08-01,DL,Delta Air Lines,Network,78673,77909,572,192,83.35,99.03,0.73,3.31,-8.0,30.0,679864,221244,464546,215318,24.6,-6.82
2024,11,2024-11-01,OO,SkyWest Airlines,Regional,65042,63955,923,164,80.36,98.33,1.42,5.34,-8.0,38.0,721666,169328,455817,265849,19.0,-3.86
2024,11,2024-11-01,UA,United Airlines,Network,63581,63315,190,76,82.42,99.58,0.3,1.97,-8.0,34.0,454249,264252,189051,265198,36.8,-5.97
2024,11,2024-11-01,B6,JetBlue Airways,Low-cost,19134,19109,0,25,84.19,99.87,0.0,-3.09,-12.0,29.0,126138,55678,85837,40301,30.6,-9.36
2025,6,2025-06-01,B6,JetBlue Airways,Low-cost,18953,18730,121,102,70.86,98.82,0.64,14.07,-5.0,74.0,251627,167565,110963,140664,40.0,-4.89
2022,4,2022-04-01,OH,PSA Airlines,Regional,19191,18966,180,45,81.13,98.83,0.94,3.76,-7.0,35.0,122073,106104,83521,38552,46.5,-4.59
2022,4,2022-04-01,OO,SkyWest Airlines,Regional,63870,62905,823,142,83.02,98.49,1.29,5.36,-7.0,30.0,615032,210195,480501,134531,25.5,-4.27
2022,5,2022-05-01,AA,American Airlines,Network,71652,70283,1154,215,76.61,98.09,1.61,9.02,-5.0,46.0,663288,451018,403334,259954,40.5,-5.06
2023,7,2023-07-01,OO,SkyWest Airlines,Regional,57287,56262,848,177,81.15,98.21,1.48,6.74,-7.0,38.0,566212,237306,413342,152870,29.5,-4.23
2023,9,2023-09-01,MQ,Envoy Air,Regional,18789,18665,69,55,82.13,99.34,0.37,2.46,-7.0,31.0,106393,75726,43540,62853,41.6,-3.92
2025,11,2025-11-01,F9,Frontier Airlines,Ultra low-cost,17047,16691,340,16,74.31,97.91,1.99,10.91,-8.0,64.0,168579,180663,80182,88397,51.7,-4.21
2021,2,2021-02-01,DL,Delta Air Lines,Network,43738,42812,868,58,87.43,97.88,1.98,-3.39,-10.0,16.0,246651,44970,130604,116047,15.4,-5.94
2021,2,2021-02-01,G4,Allegiant Air,Ultra low-cost,7977,7521,443,13,75.58,94.28,5.55,5.02,-7.0,38.0,69022,33943,35818,33204,33.0,-1.24
2021,10,2021-10-01,NK,Spirit Airlines,Ultra low-cost,16858,16590,249,19,82.29,98.41,1.48,2.0,-8.0,29.0,125753,46282,57618,68135,26.9,-6.57
2023,7,2023-07-01,9E,Endeavor Air,Regional,17633,16457,1124,52,74.45,93.33,6.37,7.63,-9.0,51.0,191161,97232,79194,111967,33.7,-7.11
2021,11,2021-11-01,AS,Alaska Airlines,Network,16893,16599,237,57,78.18,98.26,1.4,2.47,-3.0,30.0,100189,54848,54145,46044,35.4,-3.79
2022,12,2022-12-01,NK,Spirit Airlines,Ultra low-cost,21236,20231,994,11,64.96,95.27,4.68,16.98,0.0,70.0,307738,132896,156110,151628,30.2,-3.29
2024,6,2024-06-01,AS,Alaska Airlines,Network,22166,21973,153,40,73.89,99.13,0.69,7.49,-1.0,40.0,164370,109134,78224,86146,39.9,-1.73
2025,8,2025-08-01,OO,SkyWest Airlines,Regional,74150,73108,755,287,78.07,98.59,1.02,9.49,-6.0,49.0,973179,259054,589077,384102,21.0,-2.99
2024,1,2024-01-01,DL,Delta Air Lines,Network,74384,73722,478,184,80.38,99.11,0.64,4.36,-8.0,37.0,750911,288500,423363,327548,27.8,-7.29
2025,10,2025-10-01,OH,PSA Airlines,Regional,20423,20297,93,33,80.46,99.38,0.46,4.02,-9.0,38.0,138054,139781,84273,53781,50.3,-4.87
2025,12,2025-12-01,NK,Spirit Airlines,Ultra low-cost,11800,11344,440,16,63.75,96.14,3.73,19.38,-1.0,88.0,203853,93646,91619,112234,31.5,-6.43
2022,9,2022-09-01,QX,Horizon Air,Regional,7548,7525,12,11,85.41,99.7,0.16,2.87,-4.0,22.0,30399,22384,18729,11670,42.4,-1.65
2021,1,2021-01-01,UA,United Airlines,Network,23960,23762,162,36,90.88,99.17,0.68,-6.93,-12.0,11.0,93440,34165,40591,52849,26.8,-7.42
2022,5,2022-05-01,DL,Delta Air Lines,Network,76300,73891,2227,182,80.34,96.84,2.92,4.67,-6.0,31.0,656318,219326,495171,161147,25.0,-6.83
2023,2,2023-02-01,AA,American Airlines,Network,71289,69732,1447,110,76.6,97.82,2.03,9.49,-5.0,42.0,623334,549093,431323,192011,46.8,-4.77
2021,7,2021-07-01,OO,SkyWest Airlines,Regional,72133,71094,765,274,75.44,98.56,1.06,14.6,-3.0,58.0,981476,469879,752531,228945,32.4,-3.22
2022,2,2022-02-01,AS,Alaska Airlines,Network,15969,15690,243,36,81.13,98.25,1.52,0.03,-6.0,27.0,85567,38217,43714,41853,30.9,-2.87
2021,11,2021-11-01,DL,Delta Air Lines,Network,70361,70289,14,58,89.92,99.9,0.02,-2.46,-8.0,14.0,317746,97761,236843,80903,23.5,-6.92
2023,5,2023-05-01,WN,Southwest Airlines,Low-cost,122521,121646,623,252,78.83,99.29,0.51,4.54,-3.0,34.0,571517,598154,332718,238799,51.1,-6.08
2023,5,2023-05-01,OH,PSA Airlines,Regional,16049,15971,49,29,87.7,99.51,0.31,-2.34,-10.0,18.0,68683,52254,42697,25986,43.2,-4.8
2024,3,2024-03-01,HA,Hawaiian Airlines,Network,6455,6414,36,5,87.2,99.36,0.56,1.81,-1.0,17.0,21867,9443,20549,1318,30.2,-2.04
2024,3,2024-03-01,OH,PSA Airlines,Regional,17364,17276,61,27,83.09,99.49,0.35,2.47,-9.0,29.0,104834,98544,68172,36662,48.5,-4.9
2025,5,2025-05-01,OH,PSA Airlines,Regional,22147,21070,1003,74,65.41,95.14,4.53,21.3,-2.0,80.0,287814,287279,163621,124193,50.0,-1.71
2025,5,2025-05-01,UA,United Airlines,Network,67807,67013,603,191,74.67,98.83,0.89,11.14,-5.0,59.0,856679,407693,286678,570001,32.2,-4.19
2021,6,2021-06-01,AA,American Airlines,Network,70426,67764,2400,262,71.24,96.22,3.41,13.42,-4.0,62.0,831128,550123,526942,304186,39.8,-6.7
2023,11,2023-11-01,NK,Spirit Airlines,Ultra low-cost,23164,23067,84,13,75.57,99.58,0.36,7.99,-4.0,46.0,210618,129610,107955,102663,38.1,-6.46
2023,9,2023-09-01,UA,United Airlines,Network,62591,61707,760,124,81.37,98.59,1.21,3.38,-8.0,34.0,503047,263994,258550,244497,34.4,-6.1
2021,12,2021-12-01,NK,Spirit Airlines,Ultra low-cost,17985,17087,871,27,70.54,95.01,4.84,8.58,-4.0,53.0,183226,80929,92695,90531,30.6,-6.02
2022,11,2022-11-01,AA,American Airlines,Network,73904,72953,801,150,77.9,98.71,1.08,9.58,-4.0,41.0,650015,535472,448246,201769,45.2,-4.16
2025,7,2025-07-01,DL,Delta Air Lines,Network,94066,92245,1320,501,73.7,98.06,1.4,12.03,-6.0,61.0,1225504,583345,740038,485466,32.2,-5.1
2022,1,2022-01-01,WN,Southwest Airlines,Low-cost,97436,90859,6448,129,76.07,93.25,6.62,1.05,-8.0,35.0,483592,405678,354485,129107,45.6,-9.17
2022,1,2022-01-01,AA,American Airlines,Network,69400,66370,2939,91,81.57,95.63,4.23,-1.08,-11.0,27.0,470818,245968,341638,129180,34.3,-8.96
2022,11,2022-11-01,NK,Spirit Airlines,Ultra low-cost,20935,20507,403,25,73.45,97.96,1.93,10.1,-2.0,46.0,220553,95542,103791,116762,30.2,-3.61
2023,12,2023-12-01,G4,Allegiant Air,Ultra low-cost,9480,9383,62,35,79.8,98.98,0.65,5.19,-9.0,43.0,93323,57516,44178,49145,38.1,-6.24
2024,11,2024-11-01,AS,Alaska Airlines,Network,19462,19311,115,36,82.42,99.22,0.59,0.28,-5.0,26.0,99513,50717,41670,57843,33.8,-2.75
2023,10,2023-10-01,B6,JetBlue Airways,Low-cost,22066,21972,35,59,73.91,99.57,0.16,11.27,-5.0,58.0,263831,164301,213583,50248,38.4,-6.46
2024,3,2024-03-01,DL,Delta Air Lines,Network,82668,82427,111,130,83.36,99.71,0.13,2.0,-8.0,30.0,635534,260257,411974,223560,29.1,-6.63
2025,12,2025-12-01,AA,American Airlines,Network,79859,79315,393,151,73.11,99.32,0.49,13.09,-4.0,56.0,839033,790462,560450,278583,48.5,-6.25
2021,5,2021-05-01,OH,PSA Airlines,Regional,20681,20534,105,42,88.21,99.29,0.51,-1.25,-9.0,17.0,95488,69504,57388,38100,42.1,-4.92
2021,6,2021-06-01,B6,JetBlue Airways,Low-cost,18369,18147,113,109,65.15,98.79,0.62,19.98,0.0,87.0,308471,181384,213267,95204,37.0,-6.23
2023,12,2023-12-01,OO,SkyWest Airlines,Regional,55996,55317,421,258,84.21,98.79,0.75,2.72,-10.0,28.0,590338,136491,278428,311910,18.8,-6.91
2024,12,2024-12-01,DL,Delta Air Lines,Network,83283,83057,67,159,80.13,99.73,0.08,4.33,-7.0,37.0,736594,328907,493308,243286,30.9,-6.87
2025,4,2025-04-01,F9,Frontier Airlines,Ultra low-cost,17451,17213,210,28,72.51,98.64,1.2,13.28,-6.0,63.0,181422,195398,109086,72336,51.9,-4.65
2021,9,2021-09-01,WN,Southwest Airlines,Low-cost,97438,94961,2326,151,80.19,97.46,2.39,1.76,-6.0,29.0,462508,335123,327756,134752,42.0,-8.18
2025,1,2025-01-01,DL,Delta Air Lines,Network,76306,74025,2137,144,78.27,97.01,2.8,5.22,-9.0,41.0,827035,305736,473239,353796,27.0,-7.48
2024,4,2024-04-01,NK,Spirit Airlines,Ultra low-cost,21998,21723,239,36,81.39,98.75,1.09,2.05,-9.0,36.0,188806,64947,66985,121821,25.6,-7.24
2021,8,2021-08-01,G4,Allegiant Air,Ultra low-cost,9920,9327,570,23,64.13,94.02,5.75,16.98,1.0,66.0,108566,86114,61511,47055,44.2,1.13
2024,4,2024-04-01,AS,Alaska Airlines,Network,19430,19287,108,35,78.67,99.26,0.56,3.42,-5.0,37.0,129362,84174,65953,63409,39.4,-3.87
2024,5,2024-05-01,NK,Spirit Airlines,Ultra low-cost,23298,22951,259,88,71.87,98.51,1.11,13.13,-4.0,65.0,342606,123397,113287,229319,26.5,-5.09
2022,10,2022-10-01,WN,Southwest Airlines,Low-cost,116520,114952,1369,199,80.59,98.65,1.17,2.47,-4.0,28.0,486118,436982,341791,144327,47.3,-7.74
2024,12,2024-12-01,AS,Alaska Airlines,Network,20027,19841,124,62,77.48,99.07,0.62,3.98,-5.0,37.0,135186,96222,60126,75060,41.6,-5.28
2024,3,2024-03-01,UA,United Airlines,Network,64929,64467,333,129,80.63,99.29,0.51,3.02,-8.0,37.0,477493,320079,230840,246653,40.1,-6.97
2025,1,2025-01-01,OO,SkyWest Airlines,Regional,65036,63502,1343,191,77.25,97.64,2.07,7.94,-8.0,49.0,880981,235074,541772,339209,21.1,-5.06
2021,11,2021-11-01,YV,Mesa Airlines,Regional,13454,13152,282,20,79.5,97.76,2.1,6.69,-8.0,45.0,120466,90805,103103,17363,43.0,-8.68
2022,5,2022-05-01,MQ,Envoy Air,Regional,21351,21066,222,63,81.51,98.67,1.04,3.15,-5.0,30.0,136116,72560,62615,73501,34.8,-3.9
2022,5,2022-05-01,OH,PSA Airlines,Regional,19301,18656,582,63,76.29,96.66,3.02,8.39,-6.0,48.0,163286,128788,84821,78465,44.1,-3.38
2023,3,2023-03-01,AS,Alaska Airlines,Network,19975,19695,204,76,76.64,98.6,1.02,5.21,-2.0,36.0,130109,86023,60064,70045,39.8,-2.12
2023,4,2023-04-01,HA,Hawaiian Airlines,Network,6668,6550,111,7,56.64,98.23,1.66,19.11,10.0,55.0,69096,59415,51329,17767,46.2,2.32
2024,8,2024-08-01,G4,Allegiant Air,Ultra low-cost,9244,9016,199,29,73.24,97.53,2.15,13.76,-7.0,62.0,122675,77076,67865,54810,38.6,-2.84
2022,4,2022-04-01,MQ,Envoy Air,Regional,21790,21364,364,62,80.66,98.04,1.67,3.99,-5.0,32.0,140689,79595,63193,77496,36.1,-3.05
2023,7,2023-07-01,DL,Delta Air Lines,Network,89751,88066,1353,332,74.74,98.12,1.51,10.94,-6.0,56.0,1109735,508455,762311,347424,31.4,-7.23
2021,12,2021-12-01,QX,Horizon Air,Regional,7398,6947,436,15,68.49,93.9,5.89,14.13,0.0,57.0,74263,48067,37336,36927,39.3,-0.54
2021,12,2021-12-01,UA,United Airlines,Network,49541,47814,1607,120,73.91,96.51,3.24,8.21,-3.0,46.0,418240,284615,281946,136294,40.5,-7.35
2022,10,2022-10-01,QX,Horizon Air,Regional,5646,5622,16,8,90.05,99.57,0.28,-1.42,-6.0,14.0,16840,7422,10525,6315,30.6,-3.22
2024,5,2024-05-01,MQ,Envoy Air,Regional,24488,23574,790,124,64.29,96.27,3.23,21.41,1.0,84.0,331238,275658,114447,216791,45.4,-0.25
2021,5,2021-05-01,HA,Hawaiian Airlines,Network,4580,4575,2,3,93.01,99.89,0.04,-1.4,-4.0,10.6,13766,2063,13641,125,13.0,-3.94
2022,5,2022-05-01,QX,Horizon Air,Regional,8278,8197,68,13,83.41,99.02,0.82,4.21,-2.0,26.0,32738,27986,23840,8898,46.1,-0.79
2024,9,2024-09-01,YX,Republic Airways,Regional,25425,25312,85,28,89.51,99.56,0.33,-6.05,-12.0,15.0,94034,41865,37698,56336,30.8,-5.49
2024,9,2024-09-01,NK,Spirit Airlines,Ultra low-cost,20399,20147,236,16,81.63,98.76,1.16,1.04,-10.0,35.0,169024,57036,66665,102359,25.2,-7.1
2022,12,2022-12-01,UA,United Airlines,Network,58417,56880,1420,117,71.04,97.37,2.43,14.88,-3.0,66.0,673845,550833,435405,238440,45.0,-5.94
2022,11,2022-11-01,MQ,Envoy Air,Regional,17425,17084,302,39,78.77,98.04,1.73,5.46,-5.0,35.0,123125,77089,54487,68638,38.5,-2.43
2025,2,2025-02-01,WN,Southwest Airlines,Low-cost,100199,99506,557,136,82.94,99.31,0.56,0.23,-9.0,30.0,482678,443046,246600,236078,47.9,-8.44
2022,12,2022-12-01,OO,SkyWest Airlines,Regional,50430,48181,2028,221,71.95,95.54,4.02,14.24,-3.0,58.0,766905,225633,506427,260478,22.7,-3.03
2024,7,2024-07-01,MQ,Envoy Air,Regional,26111,25769,280,62,70.14,98.69,1.07,13.47,-1.0,58.0,236855,239985,118135,118720,50.3,-2.37
2024,7,2024-07-01,NK,Spirit Airlines,Ultra low-cost,24769,23436,1278,55,61.07,94.62,5.16,21.45,0.0,91.0,452284,202551,197467,254817,30.9,-5.48
2025,5,2025-05-01,AS,Alaska Airlines,Network,21751,21600,121,30,74.3,99.31,0.56,7.02,-1.0,39.0,168768,105188,66414,102354,38.4,-1.46
2021,2,2021-02-01,WN,Southwest Airlines,Low-cost,52733,48820,3840,73,80.99,92.58,7.28,-3.57,-9.0,19.0,176889,72755,104047,72842,29.1,-7.58
2024,4,2024-04-01,F9,Frontier Airlines,Ultra low-cost,17081,16778,286,17,69.07,98.23,1.67,18.64,-3.0,74.0,176830,259465,104929,71901,59.5,-4.98
2021,8,2021-08-01,WN,Southwest Airlines,Low-cost,104524,100516,3595,413,67.61,96.17,3.44,12.03,0.0,52.0,842010,772933,591086,250924,47.9,-6.69
2023,4,2023-04-01,F9,Frontier Airlines,Ultra low-cost,13772,13525,214,33,65.53,98.21,1.55,19.42,1.0,72.0,171799,159879,99685,72114,48.2,-2.52
2021,5,2021-05-01,9E,Endeavor Air,Regional,24103,24068,13,22,92.57,99.85,0.05,-6.64,-13.0,7.0,84677,49102,53108,31569,36.7,-9.24
2025,3,2025-03-01,OH,PSA Airlines,Regional,21981,21042,871,68,71.41,95.73,3.96,14.56,-5.0,65.0,230909,230035,135882,95027,49.9,-2.72
2025,8,2025-08-01,B6,JetBlue Airways,Low-cost,20204,19973,131,100,74.4,98.86,0.65,10.6,-7.0,65.0,207466,182975,110282,97184,46.9,-6.35
2024,4,2024-04-01,HA,Hawaiian Airlines,Network,6375,6285,82,8,84.05,98.59,1.29,4.4,-2.0,23.0,27959,20650,26320,1639,42.5,-2.03
2021,6,2021-06-01,F9,Frontier Airlines,Ultra low-cost,12590,12363,201,26,69.47,98.2,1.6,13.78,-3.0,73.0,155035,103756,72235,82800,40.1,-3.96
2024,8,2024-08-01,MQ,Envoy Air,Regional,25925,25679,191,55,79.32,99.05,0.74,5.04,-6.0,38.0,165826,139998,79951,85875,45.8,-3.36
2022,11,2022-11-01,OH,PSA Airlines,Regional,14467,14268,155,44,84.2,98.62,1.07,1.41,-8.0,25.0,77777,65080,47305,30472,45.6,-3.27
2025,3,2025-03-01,WN,Southwest Airlines,Low-cost,122432,121118,1022,292,81.54,98.93,0.83,2.98,-7.0,33.0,618259,663147,342671,275588,51.8,-7.5
2023,4,2023-04-01,DL,Delta Air Lines,Network,80230,78238,1837,155,79.76,97.52,2.29,4.4,-7.0,35.0,704416,273746,493293,211123,28.0,-6.75
2023,4,2023-04-01,YX,Republic Airways,Regional,27104,26330,689,85,82.89,97.14,2.54,-0.5,-11.0,28.0,174106,111660,67466,106640,39.1,-6.17
2025,8,2025-08-01,AA,American Airlines,Network,83024,80997,1603,424,67.77,97.56,1.93,20.45,-2.0,77.0,1098776,1074559,675438,423338,49.4,-4.46
2021,7,2021-07-01,AA,American Airlines,Network,72965,71382,1223,360,73.25,97.83,1.68,11.98,-5.0,58.0,794623,581457,517268,277355,42.3,-7.19
2021,7,2021-07-01,B6,JetBlue Airways,Low-cost,20126,19441,516,169,55.67,96.6,2.56,33.09,6.0,119.0,456454,301068,327105,129349,39.7,-6.02
2025,1,2025-01-01,G4,Allegiant Air,Ultra low-cost,9345,9206,119,20,75.15,98.51,1.27,9.54,-9.0,54.0,122803,70966,55149,67654,36.6,-5.93
2022,8,2022-08-01,OH,PSA Airlines,Regional,17392,16943,397,52,78.36,97.42,2.28,6.09,-7.0,42.0,136711,95447,59983,76728,41.1,-2.85
2024,8,2024-08-01,DL,Delta Air Lines,Network,90397,89420,717,260,79.94,98.92,0.79,5.96,-8.0,41.0,901426,372824,566317,335109,29.3,-6.33
2025,7,2025-07-01,UA,United Airlines,Network,69788,68051,1218,519,67.88,97.51,1.75,20.2,-2.0,85.0,1096566,712516,443061,653505,39.4,-3.28
2022,9,2022-09-01,G4,Allegiant Air,Ultra low-cost,7017,6675,323,19,71.97,95.13,4.6,10.23,-2.0,46.0,64284,38746,36323,27961,37.6,-0.91
2022,9,2022-09-01,HA,Hawaiian Airlines,Network,6062,6047,10,5,82.84,99.75,0.16,3.76,0.0,22.0,21427,12999,20832,595,37.8,-1.55
2022,9,2022-09-01,NK,Spirit Airlines,Ultra low-cost,20123,19365,714,44,78.12,96.23,3.55,3.99,-7.0,36.0,167690,68312,55504,112186,28.9,-5.43
2024,3,2024-03-01,AS,Alaska Airlines,Network,19639,19444,143,52,77.39,99.01,0.73,4.17,-5.0,39.0,134618,96004,65487,69131,41.6,-4.29
2025,2,2025-02-01,DL,Delta Air Lines,Network,71333,71061,164,108,79.72,99.62,0.23,3.89,-8.0,40.0,702243,290809,439238,263005,29.3,-7.33
2025,2,2025-02-01,F9,Frontier Airlines,Ultra low-cost,15440,15213,201,26,73.72,98.53,1.3,10.31,-8.0,61.0,151885,160804,82209,69676,51.4,-4.88
2025,2,2025-02-01,NK,Spirit Airlines,Ultra low-cost,16232,16041,179,12,80.38,98.82,1.1,2.44,-10.0,42.0,166524,45516,48618,117906,21.5,-6.53
2021,3,2021-03-01,OO,SkyWest Airlines,Regional,57629,56022,1504,103,87.68,97.21,2.61,-3.52,-11.0,14.0,385365,44294,305902,79463,10.3,-7.12
2022,6,2022-06-01,AA,American Airlines,Network,74979,69981,4713,285,64.16,93.33,6.29,19.53,0.0,73.0,992297,717403,651688,340609,42.0,-3.85
2024,11,2024-11-01,YX,Republic Airways,Regional,27291,27244,26,21,87.55,99.83,0.1,-4.39,-12.0,20.0,132344,63458,50054,82290,32.4,-6.17
2025,6,2025-06-01,OH,PSA Airlines,Regional,21161,19625,1459,77,58.96,92.74,6.89,30.58,1.0,110.0,362705,346080,186919,175786,48.8,-0.89
2021,4,2021-04-01,9E,Endeavor Air,Regional,22560,22539,0,21,95.35,99.91,0.0,-11.82,-15.0,1.0,52672,15900,37157,15515,23.2,-11.27
2021,6,2021-06-01,OH,PSA Airlines,Regional,20396,20203,146,47,79.89,99.05,0.72,6.55,-6.0,39.0,163310,115588,82065,81245,41.4,-3.72
2022,4,2022-04-01,QX,Horizon Air,Regional,7731,7560,160,11,80.25,97.79,2.07,5.63,-2.0,30.0,40030,27844,24140,15890,41.0,-0.83
2023,7,2023-07-01,UA,United Airlines,Network,65002,62271,2437,294,64.94,95.8,3.75,20.69,-1.0,85.0,969238,691631,549794,419444,41.6,-5.45
2023,9,2023-09-01,OH,PSA Airlines,Regional,16175,15907,232,36,82.26,98.34,1.43,3.12,-9.0,29.0,115573,83868,64640,50933,42.1,-4.59
2025,11,2025-11-01,NK,Spirit Airlines,Ultra low-cost,11793,11513,270,10,76.72,97.63,2.29,7.29,-8.0,57.0,144031,46472,46469,97562,24.4,-6.01
2024,12,2024-12-01,WN,Southwest Airlines,Low-cost,116276,115417,574,285,79.94,99.26,0.49,4.71,-6.0,36.0,581151,736564,350339,230812,55.9,-7.97
2024,8,2024-08-01,YX,Republic Airways,Regional,25916,23996,1841,79,74.02,92.59,7.1,6.19,-8.0,45.0,255047,108939,98864,156183,29.9,-3.03
2024,8,2024-08-01,OH,PSA Airlines,Regional,20730,20040,629,61,72.54,96.67,3.03,15.28,-5.0,67.0,231532,217827,121064,110468,48.5,-2.66
2022,6,2022-06-01,HA,Hawaiian Airlines,Network,6286,6273,7,6,77.24,99.79,0.11,6.47,2.0,26.0,35189,15306,32875,2314,30.3,-1.71
2022,7,2022-07-01,UA,United Airlines,Network,55510,54482,825,203,76.84,98.15,1.49,7.85,-7.0,51.0,505076,371849,305057,200019,42.4,-7.22
2022,7,2022-07-01,DL,Delta Air Lines,Network,78767,77802,788,177,79.59,98.77,1.0,5.99,-7.0,40.0,756806,311924,563978,192828,29.2,-6.85
2023,5,2023-05-01,G4,Allegiant Air,Ultra low-cost,9422,9382,15,25,78.44,99.58,0.16,8.35,-6.0,43.0,95416,52906,52018,43398,35.7,-1.83
2023,7,2023-07-01,AS,Alaska Airlines,Network,22743,22571,112,60,77.7,99.24,0.49,6.38,-4.0,37.0,164369,121469,81533,82836,42.5,-3.72
2024,7,2024-07-01,DL,Delta Air Lines,Network,92296,85878,6053,365,65.23,93.05,6.56,22.61,-3.0,90.0,1767351,723331,1359483,407868,29.0,-4.74
2023,8,2023-08-01,F9,Frontier Airlines,Ultra low-cost,15405,14595,774,36,62.07,94.74,5.02,23.75,0.0,86.0,208153,227738,138810,69343,52.2,-3.74
2022,3,2022-03-01,HA,Hawaiian Airlines,Network,6009,5980,24,5,84.62,99.52,0.4,2.7,-1.0,20.0,23446,9564,21339,2107,29.0,-1.84
2023,6,2023-06-01,DL,Delta Air Lines,Network,85929,84411,1249,269,75.37,98.23,1.45,10.01,-5.0,51.0,1016537,448045,720232,296305,30.6,-6.98
2021,9,2021-09-01,MQ,Envoy Air,Regional,21735,21557,141,37,88.65,99.18,0.65,-2.52,-9.0,16.0,87311,41661,40897,46414,32.3,-4.49
2023,1,2023-01-01,AA,American Airlines,Network,74999,73454,1417,128,75.69,97.94,1.89,10.79,-4.0,48.0,797471,512505,445582,351889,39.1,-3.65
2024,1,2024-01-01,G4,Allegiant Air,Ultra low-cost,8596,8366,193,37,75.58,97.32,2.25,10.53,-9.0,52.0,122284,59483,52020,70264,32.7,-4.71
2024,1,2024-01-01,HA,Hawaiian Airlines,Network,6576,6475,96,5,72.03,98.46,1.46,10.66,3.0,36.0,46679,30954,34552,12127,39.9,0.79
2025,10,2025-10-01,G4,Allegiant Air,Ultra low-cost,10470,10438,5,27,77.65,99.69,0.05,8.99,-6.0,46.0,99759,75823,57875,41884,43.2,-1.71
2025,10,2025-10-01,MQ,Envoy Air,Regional,27348,27169,136,43,81.05,99.35,0.5,3.43,-6.0,33.0,148481,131578,52610,95871,47.0,-3.01
2023,1,2023-01-01,UA,United Airlines,Network,56657,56102,415,140,76.14,99.02,0.73,8.32,-5.0,51.0,531893,374992,281261,250632,41.3,-5.69
2024,2,2024-02-01,DL,Delta Air Lines,Network,71218,71020,97,101,88.5,99.72,0.14,-4.24,-10.0,17.0,383382,107037,259179,124203,21.8,-8.36
2024,2,2024-02-01,F9,Frontier Airlines,Ultra low-cost,14157,14112,35,10,79.84,99.68,0.25,3.75,-9.0,39.0,97451,104158,49100,48351,51.7,-6.21
2021,1,2021-01-01,WN,Southwest Airlines,Low-cost,61307,60587,677,43,90.86,98.83,1.1,-7.08,-11.0,11.0,142613,68788,80565,62048,32.5,-8.88
2022,3,2022-03-01,WN,Southwest Airlines,Low-cost,103720,101480,2048,192,71.13,97.84,1.97,8.98,-2.0,48.0,749940,711218,515769,234171,48.7,-7.38
2023,2,2023-02-01,9E,Endeavor Air,Regional,14633,14263,356,14,84.65,97.47,2.43,-2.87,-12.0,24.0,89741,45657,42255,47486,33.7,-8.49
2025,3,2025-03-01,UA,United Airlines,Network,66994,66617,212,165,82.19,99.44,0.32,1.82,-9.0,35.0,493480,304128,214753,278727,38.1,-6.96
2025,5,2025-05-01,AA,American Airlines,Network,86123,84496,1309,318,72.1,98.11,1.52,13.98,-4.0,62.0,1016342,782286,536873,479469,43.5,-3.99
2022,2,2022-02-01,AA,American Airlines,Network,64867,59403,5362,102,71.92,91.58,8.27,8.46,-5.0,43.0,617584,310399,392979,224605,33.4,-4.32
2021,12,2021-12-01,B6,JetBlue Airways,Low-cost,21181,20144,918,119,64.51,95.1,4.33,16.08,0.0,67.0,296762,151534,222789,73973,33.8,-4.18
2022,10,2022-10-01,F9,Frontier Airlines,Ultra low-cost,14522,14254,248,20,70.29,98.15,1.71,13.87,-1.0,58.0,148681,130852,102391,46290,46.8,-5.85
2023,8,2023-08-01,WN,Southwest Airlines,Low-cost,125664,123310,2064,290,75.55,98.13,1.64,6.78,-2.0,37.0,646671,695021,366429,280242,51.8,-4.86
2024,1,2024-01-01,NK,Spirit Airlines,Ultra low-cost,20415,20081,303,31,72.53,98.36,1.48,9.68,-4.0,53.0,247257,96935,89128,158129,28.2,-5.28
2025,5,2025-05-01,DL,Delta Air Lines,Network,89931,89472,195,264,77.59,99.49,0.22,8.01,-5.0,46.0,946771,438948,550712,396059,31.7,-4.35
2025,5,2025-05-01,OO,SkyWest Airlines,Regional,72962,72120,628,214,80.37,98.85,0.86,7.2,-6.0,40.0,864893,192801,477415,387478,18.2,-2.6
2021,6,2021-06-01,9E,Endeavor Air,Regional,25214,25118,38,58,88.49,99.62,0.15,-3.0,-12.0,18.0,140333,65850,84869,55464,31.9,-8.85
2024,10,2024-10-01,G4,Allegiant Air,Ultra low-cost,9195,8588,588,19,79.22,93.4,6.39,2.88,-10.0,30.0,72502,40187,47807,24695,35.7,-5.09
2024,9,2024-09-01,UA,United Airlines,Network,64212,63789,341,82,86.18,99.34,0.53,-1.73,-9.0,22.0,296930,203306,170378,126552,40.6,-6.12
2024,9,2024-09-01,9E,Endeavor Air,Regional,15868,15733,109,26,89.54,99.15,0.69,-4.95,-12.0,14.0,69591,40083,38764,30827,36.5,-6.63
2025,5,2025-05-01,G4,Allegiant Air,Ultra low-cost,11079,11040,17,22,75.88,99.65,0.15,12.19,-6.0,55.0,135643,88356,70033,65610,39.4,-2.4
2022,10,2022-10-01,AA,American Airlines,Network,77601,76875,578,148,81.58,99.06,0.74,6.56,-6.0,35.0,593988,486899,413362,180626,45.0,-5.36
2022,11,2022-11-01,9E,Endeavor Air,Regional,16791,16468,270,53,81.04,98.08,1.61,3.4,-8.0,31.0,130476,68019,53231,77245,34.3,-3.87
2022,1,2022-01-01,9E,Endeavor Air,Regional,21644,20259,1346,39,78.46,93.6,6.22,1.98,-10.0,32.0,172638,78910,93528,79110,31.4,-6.12
2025,3,2025-03-01,AA,American Airlines,Network,82536,81043,1255,238,75.48,98.19,1.52,10.73,-5.0,49.0,839288,669660,485938,353350,44.4,-5.07
2023,6,2023-06-01,AA,American Airlines,Network,80416,79036,954,426,68.25,98.28,1.19,22.7,-2.0,77.0,1168732,1112779,723730,445002,48.8,-3.88
2023,1,2023-01-01,F9,Frontier Airlines,Ultra low-cost,13285,12828,438,19,62.65,96.56,3.3,21.11,1.0,76.0,200588,146082,115285,85303,42.1,-4.78
2023,1,2023-01-01,G4,Allegiant Air,Ultra low-cost,8615,8478,115,22,70.41,98.41,1.33,15.8,-3.0,62.0,129629,65654,55866,73763,33.6,-1.49
2023,1,2023-01-01,MQ,Envoy Air,Regional,18849,18325,482,42,74.55,97.22,2.56,7.32,-4.0,43.0,157818,87216,52089,105729,35.6,-1.3
2025,12,2025-12-01,UA,United Airlines,Network,65865,65453,260,152,76.76,99.37,0.39,7.86,-5.0,48.0,629022,400591,265817,363205,38.9,-5.4
2022,6,2022-06-01,QX,Horizon Air,Regional,8776,8716,50,10,80.97,99.32,0.57,5.34,-2.0,28.0,41314,33606,28380,12934,44.9,-0.8
2023,12,2023-12-01,B6,JetBlue Airways,Low-cost,21398,21232,83,83,71.43,99.22,0.39,11.9,-4.0,64.0,264023,172804,185545,78478,39.6,-7.2
2022,10,2022-10-01,OO,SkyWest Airlines,Regional,60553,60245,177,131,88.49,99.49,0.29,-0.44,-9.0,17.0,418853,100622,326504,92349,19.4,-5.51
2024,4,2024-04-01,OO,SkyWest Airlines,Regional,59669,59093,400,176,82.9,99.03,0.67,4.93,-7.0,32.0,618542,127115,381479,237063,17.0,-3.35
2021,10,2021-10-01,YV,Mesa Airlines,Regional,14610,14273,299,38,76.6,97.69,2.05,10.02,-6.0,53.8,160212,87509,115360,44852,35.3,-5.62
2021,10,2021-10-01,YX,Republic Airways,Regional,29086,28873,177,36,88.11,99.27,0.61,-2.71,-9.0,17.0,131379,59333,67962,63417,31.1,-4.73
2025,8,2025-08-01,DL,Delta Air Lines,Network,90313,89322,687,304,82.06,98.9,0.76,2.79,-9.0,35.0,765927,322743,513058,252869,29.6,-6.69
2021,10,2021-10-01,AS,Alaska Airlines,Network,17848,17611,191,46,81.6,98.67,1.07,-0.3,-5.0,26.0,95529,40446,50967,44562,29.7,-4.37
2022,3,2022-03-01,QX,Horizon Air,Regional,7888,7737,139,12,86.07,98.09,1.76,1.11,-4.0,19.0,28742,17175,20511,8231,37.4,-2.68
2022,3,2022-03-01,UA,United Airlines,Network,50773,50451,218,104,79.02,99.37,0.43,5.82,-6.0,41.0,378216,309572,210242,167974,45.0,-7.14
2023,2,2023-02-01,OH,PSA Airlines,Regional,14050,13971,47,32,87.89,99.44,0.33,-2.27,-10.0,18.0,66627,46398,41499,25128,41.1,-4.58
2021,2,2021-02-01,B6,JetBlue Airways,Low-cost,10003,9554,426,23,66.3,95.51,4.26,13.21,1.0,54.0,129699,52527,67693,62006,28.8,0.58
2025,1,2025-01-01,AA,American Airlines,Network,75088,72082,2802,204,77.54,96.0,3.73,5.57,-8.0,39.0,685578,424388,413376,272202,38.2,-7.29
2021,12,2021-12-01,OO,SkyWest Airlines,Regional,65939,62585,3105,249,72.75,94.91,4.71,12.4,-5.0,58.0,993671,272872,755959,237712,21.5,-5.62
2022,2,2022-02-01,NK,Spirit Airlines,Ultra low-cost,16729,16133,559,37,71.23,96.44,3.34,11.71,-3.0,57.0,196412,82980,95211,101201,29.7,-2.81
2023,3,2023-03-01,MQ,Envoy Air,Regional,19380,19041,277,62,76.15,98.25,1.43,7.87,-3.0,42.0,146312,108023,61299,85013,42.5,-1.6
2024,4,2024-04-01,9E,Endeavor Air,Regional,16964,16778,158,28,86.47,98.9,0.93,-2.24,-11.0,22.0,94260,54154,50122,44138,36.5,-6.77
2023,3,2023-03-01,UA,United Airlines,Network,61590,61079,403,108,76.94,99.17,0.65,6.93,-4.0,41.0,508416,322303,264188,244228,38.8,-4.25
2025,6,2025-06-01,AA,American Airlines,Network,85419,82983,2096,340,65.29,97.15,2.45,23.09,-1.0,84.0,1282868,1127962,715003,567865,46.8,-3.09
2022,7,2022-07-01,OO,SkyWest Airlines,Regional,65225,64498,507,220,82.87,98.89,0.78,5.05,-7.0,32.0,656849,174831,503430,153419,21.0,-4.86
2021,5,2021-05-01,NK,Spirit Airlines,Ultra low-cost,17032,16968,20,44,84.37,99.62,0.12,2.59,-6.0,26.0,106418,54781,38769,67649,34.0,-4.71
2022,5,2022-05-01,OO,SkyWest Airlines,Regional,66677,66007,523,147,83.61,99.0,0.78,5.65,-7.0,31.0,675618,217128,571256,104362,24.3,-4.76
2021,10,2021-10-01,G4,Allegiant Air,Ultra low-cost,9313,8957,333,23,65.85,96.18,3.58,16.81,2.0,61.0,97805,84020,55979,41826,46.2,0.43
2021,10,2021-10-01,HA,Hawaiian Airlines,Network,5856,5842,9,5,94.07,99.76,0.15,-3.64,-6.0,9.0,11513,2042,10686,827,15.1,-2.61
2022,11,2022-11-01,B6,JetBlue Airways,Low-cost,23462,22956,445,61,68.86,97.84,1.9,13.63,-2.0,64.0,286916,181852,202200,84716,38.8,-4.29
2025,7,2025-07-01,B6,JetBlue Airways,Low-cost,20690,19512,1043,135,62.5,94.31,5.04,24.66,-2.0,101.0,364074,255318,172153,191921,41.2,-4.2
2022,11,2022-11-01,HA,Hawaiian Airlines,Network,6177,6120,49,8,66.07,99.08,0.79,13.84,5.0,41.0,51809,38070,46245,5564,42.4,0.75
2022,12,2022-12-01,F9,Frontier Airlines,Ultra low-cost,13895,13204,665,26,56.55,95.03,4.79,27.1,6.0,91.0,229772,183055,139436,90336,44.3,-4.29
2021,7,2021-07-01,DL,Delta Air Lines,Network,70002,69692,63,247,84.88,99.56,0.09,1.75,-8.0,25.0,525856,168114,360250,165606,24.2,-8.0
2023,11,2023-11-01,UA,United Airlines,Network,57897,57785,61,51,88.83,99.81,0.11,-4.72,-11.0,17.0,214977,144646,140682,74295,40.2,-8.04
2022,2,2022-02-01,MQ,Envoy Air,Regional,20764,18674,2065,25,74.33,89.93,9.95,1.87,-8.0,33.0,133093,68823,58740,74353,34.1,-6.08
2021,1,2021-01-01,MQ,Envoy Air,Regional,17665,17290,331,44,82.97,97.88,1.87,-0.88,-10.0,26.0,122362,36315,29387,92975,22.9,-4.5
2022,12,2022-12-01,QX,Horizon Air,Regional,5553,5105,425,23,61.75,91.93,7.65,22.09,4.0,76.6,72124,54271,28838,43286,42.9,-0.47
2022,8,2022-08-01,MQ,Envoy Air,Regional,21866,21257,542,67,78.74,97.21,2.48,6.18,-6.0,39.0,176702,98455,64939,111763,35.8,-3.31
2025,3,2025-03-01,G4,Allegiant Air,Ultra low-cost,13355,13247,79,29,77.07,99.19,0.59,9.4,-8.0,54.0,155966,98912,71862,84104,38.8,-3.95
2025,3,2025-03-01,HA,Hawaiian Airlines,Network,6811,6689,119,3,81.34,98.21,1.75,6.09,0.0,25.0,31857,24480,29125,2732,43.5,-0.81
2025,10,2025-10-01,AS,Alaska Airlines,Network,20637,20157,425,55,78.22,97.67,2.06,2.93,-6.0,34.0,146481,78086,78075,68406,34.8,-4.27
2025,9,2025-09-01,G4,Allegiant Air,Ultra low-cost,6925,6914,1,10,82.84,99.84,0.01,3.52,-9.0,35.0,57478,33872,30961,26517,37.1,-3.19
2021,5,2021-05-01,AA,American Airlines,Network,61032,60162,607,263,83.98,98.57,0.99,1.38,-10.0,28.0,478794,241514,281557,197237,33.5,-8.56
2022,6,2022-06-01,YV,Mesa Airlines,Regional,9908,9672,216,20,76.2,97.62,2.18,13.64,-6.0,61.0,130293,74755,94331,35962,36.5,-6.28
2022,6,2022-06-01,9E,Endeavor Air,Regional,19874,18405,1413,56,76.64,92.61,7.11,6.7,-9.0,42.0,200854,94365,107620,93234,32.0,-6.32
2021,8,2021-08-01,AS,Alaska Airlines,Network,17890,17741,120,29,79.15,99.17,0.67,3.3,-3.0,30.0,109146,53496,58452,50694,32.9,-2.38
2024,5,2024-05-01,B6,JetBlue Airways,Low-cost,21246,21057,104,85,74.48,99.11,0.49,9.63,-7.0,61.0,254220,150539,156531,97689,37.2,-7.47
2023,2,2023-02-01,F9,Frontier Airlines,Ultra low-cost,12524,12329,185,10,68.98,98.44,1.48,13.46,-2.0,64.0,146317,109966,86102,60215,42.9,-6.04
2025,9,2025-09-01,UA,United Airlines,Network,67550,67231,176,143,82.62,99.53,0.26,2.26,-7.0,31.0,448753,267731,183562,265191,37.4,-4.4
2024,2,2024-02-01,9E,Endeavor Air,Regional,15656,15392,233,31,88.17,98.31,1.49,-6.49,-14.0,15.0,68017,49823,38964,29053,42.3,-9.67
2025,1,2025-01-01,AS,Alaska Airlines,Network,18163,17847,243,73,80.99,98.26,1.34,-0.12,-7.0,27.0,100681,57916,48474,52207,36.5,-5.27
2025,7,2025-07-01,HA,Hawaiian Airlines,Network,7066,7010,51,5,78.94,99.21,0.72,9.41,1.0,29.0,49273,24235,46542,2731,33.0,-0.27
2023,3,2023-03-01,F9,Frontier Airlines,Ultra low-cost,14461,14229,211,21,64.73,98.4,1.46,19.89,2.0,75.0,210330,146904,104013,106317,41.1,-3.11
2021,6,2021-06-01,HA,Hawaiian Airlines,Network,5980,5974,2,4,87.71,99.9,0.03,0.29,-3.0,17.0,18765,7226,18281,484,27.8,-3.05
