date_day,year,quarter,month,month_name,day_of_month,iso_day_of_week,day_name,is_weekend,holiday_name,is_federal_holiday,travel_period
2025-11-27,2025,4,11,November,27,4,Thursday,false,Thanksgiving,true,Thanksgiving
2024-11-28,2024,4,11,November,28,4,Thursday,false,Thanksgiving,true,Thanksgiving
2023-11-23,2023,4,11,November,23,4,Thursday,false,Thanksgiving,true,Thanksgiving
2022-11-24,2022,4,11,November,24,4,Thursday,false,Thanksgiving,true,Thanksgiving
2021-11-25,2021,4,11,November,25,4,Thursday,false,Thanksgiving,true,Thanksgiving
2025-12-25,2025,4,12,December,25,4,Thursday,false,Christmas Day,true,Christmas / New Year
2025-11-11,2025,4,11,November,11,2,Tuesday,false,Veterans Day,true,
2025-10-13,2025,4,10,October,13,1,Monday,false,Columbus Day,true,
2025-09-01,2025,3,9,September,1,1,Monday,false,Labor Day,true,Summer peak
2025-07-04,2025,3,7,July,4,5,Friday,false,Independence Day,true,Summer peak
2025-06-19,2025,2,6,June,19,4,Thursday,false,Juneteenth,true,Summer peak
2025-05-26,2025,2,5,May,26,1,Monday,false,Memorial Day,true,
2025-02-17,2025,1,2,February,17,1,Monday,false,Presidents' Day,true,
2025-01-20,2025,1,1,January,20,1,Monday,false,Martin Luther King Jr. Day,true,
2025-01-01,2025,1,1,January,1,3,Wednesday,false,New Year's Day,true,Christmas / New Year
2024-12-25,2024,4,12,December,25,3,Wednesday,false,Christmas Day,true,Christmas / New Year
2024-11-11,2024,4,11,November,11,1,Monday,false,Veterans Day,true,
2024-10-14,2024,4,10,October,14,1,Monday,false,Columbus Day,true,
2024-09-02,2024,3,9,September,2,1,Monday,false,Labor Day,true,Summer peak
2024-07-04,2024,3,7,July,4,4,Thursday,false,Independence Day,true,Summer peak
2024-06-19,2024,2,6,June,19,3,Wednesday,false,Juneteenth,true,Summer peak
2024-05-27,2024,2,5,May,27,1,Monday,false,Memorial Day,true,
2024-02-19,2024,1,2,February,19,1,Monday,false,Presidents' Day,true,
2024-01-15,2024,1,1,January,15,1,Monday,false,Martin Luther King Jr. Day,true,
2024-01-01,2024,1,1,January,1,1,Monday,false,New Year's Day,true,Christmas / New Year
2023-12-25,2023,4,12,December,25,1,Monday,false,Christmas Day,true,Christmas / New Year
2023-11-11,2023,4,11,November,11,6,Saturday,true,Veterans Day,true,
2023-10-09,2023,4,10,October,9,1,Monday,false,Columbus Day,true,
2023-09-04,2023,3,9,September,4,1,Monday,false,Labor Day,true,Summer peak
2023-07-04,2023,3,7,July,4,2,Tuesday,false,Independence Day,true,Summer peak
2023-06-19,2023,2,6,June,19,1,Monday,false,Juneteenth,true,Summer peak
2023-05-29,2023,2,5,May,29,1,Monday,false,Memorial Day,true,
2023-02-20,2023,1,2,February,20,1,Monday,false,Presidents' Day,true,
2023-01-16,2023,1,1,January,16,1,Monday,false,Martin Luther King Jr. Day,true,
2023-01-01,2023,1,1,January,1,7,Sunday,true,New Year's Day,true,Christmas / New Year
2022-12-25,2022,4,12,December,25,7,Sunday,true,Christmas Day,true,Christmas / New Year
2022-11-11,2022,4,11,November,11,5,Friday,false,Veterans Day,true,
2022-10-10,2022,4,10,October,10,1,Monday,false,Columbus Day,true,
2022-09-05,2022,3,9,September,5,1,Monday,false,Labor Day,true,Summer peak
2022-07-04,2022,3,7,July,4,1,Monday,false,Independence Day,true,Summer peak
2022-06-19,2022,2,6,June,19,7,Sunday,true,Juneteenth,true,Summer peak
2022-05-30,2022,2,5,May,30,1,Monday,false,Memorial Day,true,
2022-02-21,2022,1,2,February,21,1,Monday,false,Presidents' Day,true,
2022-01-17,2022,1,1,January,17,1,Monday,false,Martin Luther King Jr. Day,true,
2022-01-01,2022,1,1,January,1,6,Saturday,true,New Year's Day,true,Christmas / New Year
2021-12-25,2021,4,12,December,25,6,Saturday,true,Christmas Day,true,Christmas / New Year
2021-11-11,2021,4,11,November,11,4,Thursday,false,Veterans Day,true,
2021-10-11,2021,4,10,October,11,1,Monday,false,Columbus Day,true,
2021-09-06,2021,3,9,September,6,1,Monday,false,Labor Day,true,Summer peak
2021-07-04,2021,3,7,July,4,7,Sunday,true,Independence Day,true,Summer peak
2021-06-19,2021,2,6,June,19,6,Saturday,true,Juneteenth,true,Summer peak
2021-05-31,2021,2,5,May,31,1,Monday,false,Memorial Day,true,Summer peak
2021-02-15,2021,1,2,February,15,1,Monday,false,Presidents' Day,true,
2021-01-18,2021,1,1,January,18,1,Monday,false,Martin Luther King Jr. Day,true,
2021-01-01,2021,1,1,January,1,5,Friday,false,New Year's Day,true,Christmas / New Year
2025-12-30,2025,4,12,December,30,2,Tuesday,false,,false,Christmas / New Year
2025-12-27,2025,4,12,December,27,6,Saturday,true,,false,Christmas / New Year
2025-12-11,2025,4,12,December,11,4,Thursday,false,,false,
2025-11-23,2025,4,11,November,23,7,Sunday,true,,false,
2025-11-14,2025,4,11,November,14,5,Friday,false,,false,
2025-10-03,2025,4,10,October,3,5,Friday,false,,false,
2025-09-28,2025,3,9,September,28,7,Sunday,true,,false,
2025-09-18,2025,3,9,September,18,4,Thursday,false,,false,
2025-09-05,2025,3,9,September,5,5,Friday,false,,false,Summer peak
2025-09-02,2025,3,9,September,2,2,Tuesday,false,,false,Summer peak
2025-08-16,2025,3,8,August,16,6,Saturday,true,,false,Summer peak
2025-08-08,2025,3,8,August,8,5,Friday,false,,false,Summer peak
2025-08-01,2025,3,8,August,1,5,Friday,false,,false,Summer peak
2025-07-31,2025,3,7,July,31,4,Thursday,false,,false,Summer peak
2025-07-23,2025,3,7,July,23,3,Wednesday,false,,false,Summer peak
2025-07-18,2025,3,7,July,18,5,Friday,false,,false,Summer peak
2025-07-06,2025,3,7,July,6,7,Sunday,true,,false,Summer peak
2025-06-30,2025,2,6,June,30,1,Monday,false,,false,Summer peak
2025-06-29,2025,2,6,June,29,7,Sunday,true,,false,Summer peak
2025-06-28,2025,2,6,June,28,6,Saturday,true,,false,Summer peak
2025-06-14,2025,2,6,June,14,6,Saturday,true,,false,Summer peak
2025-06-08,2025,2,6,June,8,7,Sunday,true,,false,Summer peak
2025-06-05,2025,2,6,June,5,4,Thursday,false,,false,Summer peak
2025-06-01,2025,2,6,June,1,7,Sunday,true,,false,Summer peak
2025-05-19,2025,2,5,May,19,1,Monday,false,,false,
2025-04-25,2025,2,4,April,25,5,Friday,false,,false,
2025-04-16,2025,2,4,April,16,3,Wednesday,false,,false,
2025-04-09,2025,2,4,April,9,3,Wednesday,false,,false,
2025-04-07,2025,2,4,April,7,1,Monday,false,,false,
2025-03-25,2025,1,3,March,25,2,Tuesday,false,,false,
2025-03-24,2025,1,3,March,24,1,Monday,false,,false,
2025-03-08,2025,1,3,March,8,6,Saturday,true,,false,
2025-03-06,2025,1,3,March,6,4,Thursday,false,,false,
2025-02-27,2025,1,2,February,27,4,Thursday,false,,false,
2025-02-26,2025,1,2,February,26,3,Wednesday,false,,false,
2025-01-04,2025,1,1,January,4,6,Saturday,true,,false,
2024-12-21,2024,4,12,December,21,6,Saturday,true,,false,Christmas / New Year
2024-12-16,2024,4,12,December,16,1,Monday,false,,false,
2024-12-15,2024,4,12,December,15,7,Sunday,true,,false,
2024-12-12,2024,4,12,December,12,4,Thursday,false,,false,
2024-12-11,2024,4,12,December,11,3,Wednesday,false,,false,
2024-11-21,2024,4,11,November,21,4,Thursday,false,,false,
2024-11-12,2024,4,11,November,12,2,Tuesday,false,,false,
2024-10-24,2024,4,10,October,24,4,Thursday,false,,false,
2024-10-20,2024,4,10,October,20,7,Sunday,true,,false,
2024-10-18,2024,4,10,October,18,5,Friday,false,,false,
2024-10-10,2024,4,10,October,10,4,Thursday,false,,false,
2024-10-04,2024,4,10,October,4,5,Friday,false,,false,
2024-10-03,2024,4,10,October,3,4,Thursday,false,,false,
2024-10-01,2024,4,10,October,1,2,Tuesday,false,,false,
2024-09-26,2024,3,9,September,26,4,Thursday,false,,false,
2024-08-28,2024,3,8,August,28,3,Wednesday,false,,false,Summer peak
2024-08-16,2024,3,8,August,16,5,Friday,false,,false,Summer peak
2024-08-12,2024,3,8,August,12,1,Monday,false,,false,Summer peak
2024-08-04,2024,3,8,August,4,7,Sunday,true,,false,Summer peak
2024-07-29,2024,3,7,July,29,1,Monday,false,,false,Summer peak
2024-06-27,2024,2,6,June,27,4,Thursday,false,,false,Summer peak
2024-06-25,2024,2,6,June,25,2,Tuesday,false,,false,Summer peak
2024-06-23,2024,2,6,June,23,7,Sunday,true,,false,Summer peak
2024-06-22,2024,2,6,June,22,6,Saturday,true,,false,Summer peak
2024-06-20,2024,2,6,June,20,4,Thursday,false,,false,Summer peak
2024-06-17,2024,2,6,June,17,1,Monday,false,,false,Summer peak
2024-06-06,2024,2,6,June,6,4,Thursday,false,,false,Summer peak
2024-05-30,2024,2,5,May,30,4,Thursday,false,,false,Summer peak
2024-05-29,2024,2,5,May,29,3,Wednesday,false,,false,
2024-04-18,2024,2,4,April,18,4,Thursday,false,,false,
2024-04-15,2024,2,4,April,15,1,Monday,false,,false,
2024-04-03,2024,2,4,April,3,3,Wednesday,false,,false,
2024-03-27,2024,1,3,March,27,3,Wednesday,false,,false,
2024-03-19,2024,1,3,March,19,2,Tuesday,false,,false,
2024-03-04,2024,1,3,March,4,1,Monday,false,,false,
2024-02-28,2024,1,2,February,28,3,Wednesday,false,,false,
2024-02-24,2024,1,2,February,24,6,Saturday,true,,false,
2024-02-22,2024,1,2,February,22,4,Thursday,false,,false,
2024-02-21,2024,1,2,February,21,3,Wednesday,false,,false,
2024-02-18,2024,1,2,February,18,7,Sunday,true,,false,
2024-02-16,2024,1,2,February,16,5,Friday,false,,false,
2024-02-08,2024,1,2,February,8,4,Thursday,false,,false,
2024-01-22,2024,1,1,January,22,1,Monday,false,,false,
2024-01-19,2024,1,1,January,19,5,Friday,false,,false,
2024-01-16,2024,1,1,January,16,2,Tuesday,false,,false,
2024-01-13,2024,1,1,January,13,6,Saturday,true,,false,
2024-01-09,2024,1,1,January,9,2,Tuesday,false,,false,
2024-01-06,2024,1,1,January,6,6,Saturday,true,,false,
2023-12-20,2023,4,12,December,20,3,Wednesday,false,,false,Christmas / New Year
2023-12-18,2023,4,12,December,18,1,Monday,false,,false,
2023-12-16,2023,4,12,December,16,6,Saturday,true,,false,
2023-12-04,2023,4,12,December,4,1,Monday,false,,false,
2023-12-01,2023,4,12,December,1,5,Friday,false,,false,
2023-11-18,2023,4,11,November,18,6,Saturday,true,,false,
2023-11-02,2023,4,11,November,2,4,Thursday,false,,false,
2023-11-01,2023,4,11,November,1,3,Wednesday,false,,false,
2023-10-31,2023,4,10,October,31,2,Tuesday,false,,false,
2023-10-29,2023,4,10,October,29,7,Sunday,true,,false,
2023-10-20,2023,4,10,October,20,5,Friday,false,,false,
2023-10-13,2023,4,10,October,13,5,Friday,false,,false,
2023-10-11,2023,4,10,October,11,3,Wednesday,false,,false,
2023-10-03,2023,4,10,October,3,2,Tuesday,false,,false,
2023-09-20,2023,3,9,September,20,3,Wednesday,false,,false,
2023-08-08,2023,3,8,August,8,2,Tuesday,false,,false,Summer peak
2023-08-06,2023,3,8,August,6,7,Sunday,true,,false,Summer peak
2023-08-04,2023,3,8,August,4,5,Friday,false,,false,Summer peak
2023-08-02,2023,3,8,August,2,3,Wednesday,false,,false,Summer peak
2023-07-31,2023,3,7,July,31,1,Monday,false,,false,Summer peak
2023-07-23,2023,3,7,July,23,7,Sunday,true,,false,Summer peak
2023-07-14,2023,3,7,July,14,5,Friday,false,,false,Summer peak
2023-06-27,2023,2,6,June,27,2,Tuesday,false,,false,Summer peak
2023-06-23,2023,2,6,June,23,5,Friday,false,,false,Summer peak
2023-06-21,2023,2,6,June,21,3,Wednesday,false,,false,Summer peak
2023-06-09,2023,2,6,June,9,5,Friday,false,,false,Summer peak
2023-06-01,2023,2,6,June,1,4,Thursday,false,,false,Summer peak
2023-05-24,2023,2,5,May,24,3,Wednesday,false,,false,
2023-05-21,2023,2,5,May,21,7,Sunday,true,,false,
2023-05-18,2023,2,5,May,18,4,Thursday,false,,false,
2023-05-06,2023,2,5,May,6,6,Saturday,true,,false,
2023-05-03,2023,2,5,May,3,3,Wednesday,false,,false,
2023-04-14,2023,2,4,April,14,5,Friday,false,,false,
2023-04-13,2023,2,4,April,13,4,Thursday,false,,false,
2023-04-12,2023,2,4,April,12,3,Wednesday,false,,false,
2023-04-09,2023,2,4,April,9,7,Sunday,true,,false,
2023-03-17,2023,1,3,March,17,5,Friday,false,,false,
2023-03-13,2023,1,3,March,13,1,Monday,false,,false,
2023-03-12,2023,1,3,March,12,7,Sunday,true,,false,
2023-03-05,2023,1,3,March,5,7,Sunday,true,,false,
2023-03-03,2023,1,3,March,3,5,Friday,false,,false,
2023-02-12,2023,1,2,February,12,7,Sunday,true,,false,
2023-02-06,2023,1,2,February,6,1,Monday,false,,false,
2023-01-07,2023,1,1,January,7,6,Saturday,true,,false,
2023-01-05,2023,1,1,January,5,4,Thursday,false,,false,
2022-12-29,2022,4,12,December,29,4,Thursday,false,,false,Christmas / New Year
2022-12-28,2022,4,12,December,28,3,Wednesday,false,,false,Christmas / New Year
2022-12-27,2022,4,12,December,27,2,Tuesday,false,,false,Christmas / New Year
2022-12-21,2022,4,12,December,21,3,Wednesday,false,,false,Christmas / New Year
2022-12-20,2022,4,12,December,20,2,Tuesday,false,,false,Christmas / New Year
2022-12-16,2022,4,12,December,16,5,Friday,false,,false,
2022-12-15,2022,4,12,December,15,4,Thursday,false,,false,
2022-12-07,2022,4,12,December,7,3,Wednesday,false,,false,
2022-11-20,2022,4,11,November,20,7,Sunday,true,,false,
2022-11-03,2022,4,11,November,3,4,Thursday,false,,false,
2022-10-31,2022,4,10,October,31,1,Monday,false,,false,
2022-10-16,2022,4,10,October,16,7,Sunday,true,,false,
2022-10-03,2022,4,10,October,3,1,Monday,false,,false,
2022-09-21,2022,3,9,September,21,3,Wednesday,false,,false,
2022-09-12,2022,3,9,September,12,1,Monday,false,,false,
2022-09-02,2022,3,9,September,2,5,Friday,false,,false,Summer peak
2022-08-31,2022,3,8,August,31,3,Wednesday,false,,false,Summer peak
2022-08-23,2022,3,8,August,23,2,Tuesday,false,,false,Summer peak
2022-08-15,2022,3,8,August,15,1,Monday,false,,false,Summer peak
2022-08-07,2022,3,8,August,7,7,Sunday,true,,false,Summer peak
2022-08-03,2022,3,8,August,3,3,Wednesday,false,,false,Summer peak
2022-07-27,2022,3,7,July,27,3,Wednesday,false,,false,Summer peak
2022-07-13,2022,3,7,July,13,3,Wednesday,false,,false,Summer peak
2022-07-11,2022,3,7,July,11,1,Monday,false,,false,Summer peak
2022-07-08,2022,3,7,July,8,5,Friday,false,,false,Summer peak
2022-06-26,2022,2,6,June,26,7,Sunday,true,,false,Summer peak
2022-06-18,2022,2,6,June,18,6,Saturday,true,,false,Summer peak
2022-06-15,2022,2,6,June,15,3,Wednesday,false,,false,Summer peak
2022-06-01,2022,2,6,June,1,3,Wednesday,false,,false,Summer peak
2022-05-15,2022,2,5,May,15,7,Sunday,true,,false,
2022-05-05,2022,2,5,May,5,4,Thursday,false,,false,
2022-05-04,2022,2,5,May,4,3,Wednesday,false,,false,
2022-04-24,2022,2,4,April,24,7,Sunday,true,,false,
2022-04-23,2022,2,4,April,23,6,Saturday,true,,false,
2022-04-19,2022,2,4,April,19,2,Tuesday,false,,false,
2022-04-16,2022,2,4,April,16,6,Saturday,true,,false,
2022-04-15,2022,2,4,April,15,5,Friday,false,,false,
2022-03-17,2022,1,3,March,17,4,Thursday,false,,false,
2022-03-08,2022,1,3,March,8,2,Tuesday,false,,false,
2022-03-02,2022,1,3,March,2,3,Wednesday,false,,false,
2022-02-27,2022,1,2,February,27,7,Sunday,true,,false,
2022-02-22,2022,1,2,February,22,2,Tuesday,false,,false,
2022-02-06,2022,1,2,February,6,7,Sunday,true,,false,
2022-02-03,2022,1,2,February,3,4,Thursday,false,,false,
2022-01-27,2022,1,1,January,27,4,Thursday,false,,false,
2022-01-26,2022,1,1,January,26,3,Wednesday,false,,false,
2022-01-22,2022,1,1,January,22,6,Saturday,true,,false,
2022-01-21,2022,1,1,January,21,5,Friday,false,,false,
2021-12-17,2021,4,12,December,17,5,Friday,false,,false,
2021-12-10,2021,4,12,December,10,5,Friday,false,,false,
2021-12-08,2021,4,12,December,8,3,Wednesday,false,,false,
2021-12-06,2021,4,12,December,6,1,Monday,false,,false,
2021-11-18,2021,4,11,November,18,4,Thursday,false,,false,
2021-11-06,2021,4,11,November,6,6,Saturday,true,,false,
2021-11-02,2021,4,11,November,2,2,Tuesday,false,,false,
2021-10-29,2021,4,10,October,29,5,Friday,false,,false,
2021-10-22,2021,4,10,October,22,5,Friday,false,,false,
2021-10-21,2021,4,10,October,21,4,Thursday,false,,false,
2021-10-20,2021,4,10,October,20,3,Wednesday,false,,false,
2021-09-28,2021,3,9,September,28,2,Tuesday,false,,false,
2021-09-09,2021,3,9,September,9,4,Thursday,false,,false,
2021-08-28,2021,3,8,August,28,6,Saturday,true,,false,Summer peak
2021-08-24,2021,3,8,August,24,2,Tuesday,false,,false,Summer peak
2021-08-22,2021,3,8,August,22,7,Sunday,true,,false,Summer peak
2021-07-30,2021,3,7,July,30,5,Friday,false,,false,Summer peak
2021-07-21,2021,3,7,July,21,3,Wednesday,false,,false,Summer peak
2021-07-17,2021,3,7,July,17,6,Saturday,true,,false,Summer peak
2021-07-15,2021,3,7,July,15,4,Thursday,false,,false,Summer peak
2021-07-06,2021,3,7,July,6,2,Tuesday,false,,false,Summer peak
2021-06-10,2021,2,6,June,10,4,Thursday,false,,false,Summer peak
2021-06-08,2021,2,6,June,8,2,Tuesday,false,,false,Summer peak
2021-06-04,2021,2,6,June,4,5,Friday,false,,false,Summer peak
2021-05-29,2021,2,5,May,29,6,Saturday,true,,false,
2021-05-26,2021,2,5,May,26,3,Wednesday,false,,false,
2021-05-12,2021,2,5,May,12,3,Wednesday,false,,false,
2021-04-30,2021,2,4,April,30,5,Friday,false,,false,
2021-04-24,2021,2,4,April,24,6,Saturday,true,,false,
2021-04-22,2021,2,4,April,22,4,Thursday,false,,false,
2021-04-20,2021,2,4,April,20,2,Tuesday,false,,false,
2021-04-14,2021,2,4,April,14,3,Wednesday,false,,false,
2021-04-09,2021,2,4,April,9,5,Friday,false,,false,
2021-04-03,2021,2,4,April,3,6,Saturday,true,,false,
2021-03-29,2021,1,3,March,29,1,Monday,false,,false,
2021-03-20,2021,1,3,March,20,6,Saturday,true,,false,
2021-02-09,2021,1,2,February,9,2,Tuesday,false,,false,
2021-02-01,2021,1,2,February,1,1,Monday,false,,false,
2021-01-30,2021,1,1,January,30,6,Saturday,true,,false,
2021-01-29,2021,1,1,January,29,5,Friday,false,,false,
2025-12-26,2025,4,12,December,26,5,Friday,false,,false,Christmas / New Year
2025-11-09,2025,4,11,November,9,7,Sunday,true,,false,
2025-11-02,2025,4,11,November,2,7,Sunday,true,,false,
2025-10-27,2025,4,10,October,27,1,Monday,false,,false,
2025-10-26,2025,4,10,October,26,7,Sunday,true,,false,
2025-10-10,2025,4,10,October,10,5,Friday,false,,false,
2025-09-30,2025,3,9,September,30,2,Tuesday,false,,false,
2025-09-21,2025,3,9,September,21,7,Sunday,true,,false,
2025-08-27,2025,3,8,August,27,3,Wednesday,false,,false,Summer peak
2025-08-24,2025,3,8,August,24,7,Sunday,true,,false,Summer peak
2025-08-22,2025,3,8,August,22,5,Friday,false,,false,Summer peak
2025-08-15,2025,3,8,August,15,5,Friday,false,,false,Summer peak
2025-08-03,2025,3,8,August,3,7,Sunday,true,,false,Summer peak
2025-08-02,2025,3,8,August,2,6,Saturday,true,,false,Summer peak
2025-07-30,2025,3,7,July,30,3,Wednesday,false,,false,Summer peak
2025-07-29,2025,3,7,July,29,2,Tuesday,false,,false,Summer peak
2025-07-15,2025,3,7,July,15,2,Tuesday,false,,false,Summer peak
2025-07-11,2025,3,7,July,11,5,Friday,false,,false,Summer peak
2025-07-10,2025,3,7,July,10,4,Thursday,false,,false,Summer peak
2025-07-01,2025,3,7,July,1,2,Tuesday,false,,false,Summer peak
2025-06-11,2025,2,6,June,11,3,Wednesday,false,,false,Summer peak
2025-06-09,2025,2,6,June,9,1,Monday,false,,false,Summer peak
2025-06-04,2025,2,6,June,4,3,Wednesday,false,,false,Summer peak
2025-05-30,2025,2,5,May,30,5,Friday,false,,false,
2025-05-21,2025,2,5,May,21,3,Wednesday,false,,false,
2025-05-12,2025,2,5,May,12,1,Monday,false,,false,
2025-04-24,2025,2,4,April,24,4,Thursday,false,,false,
2025-04-23,2025,2,4,April,23,3,Wednesday,false,,false,
2025-04-22,2025,2,4,April,22,2,Tuesday,false,,false,
2025-04-04,2025,2,4,April,4,5,Friday,false,,false,
2025-04-02,2025,2,4,April,2,3,Wednesday,false,,false,
2025-03-30,2025,1,3,March,30,7,Sunday,true,,false,
2025-03-15,2025,1,3,March,15,6,Saturday,true,,false,
2025-02-25,2025,1,2,February,25,2,Tuesday,false,,false,
2025-02-22,2025,1,2,February,22,6,Saturday,true,,false,
2025-02-16,2025,1,2,February,16,7,Sunday,true,,false,
2025-02-15,2025,1,2,February,15,6,Saturday,true,,false,
2025-01-29,2025,1,1,January,29,3,Wednesday,false,,false,
2025-01-18,2025,1,1,January,18,6,Saturday,true,,false,
2025-01-16,2025,1,1,January,16,4,Thursday,false,,false,
2025-01-13,2025,1,1,January,13,1,Monday,false,,false,
2025-01-02,2025,1,1,January,2,4,Thursday,false,,false,Christmas / New Year
2024-12-23,2024,4,12,December,23,1,Monday,false,,false,Christmas / New Year
2024-12-19,2024,4,12,December,19,4,Thursday,false,,false,
2024-12-18,2024,4,12,December,18,3,Wednesday,false,,false,
2024-12-05,2024,4,12,December,5,4,Thursday,false,,false,
2024-12-04,2024,4,12,December,4,3,Wednesday,false,,false,
2024-11-08,2024,4,11,November,8,5,Friday,false,,false,
2024-11-04,2024,4,11,November,4,1,Monday,false,,false,
2024-10-31,2024,4,10,October,31,4,Thursday,false,,false,
2024-10-25,2024,4,10,October,25,5,Friday,false,,false,
2024-10-17,2024,4,10,October,17,4,Thursday,false,,false,
2024-10-13,2024,4,10,October,13,7,Sunday,true,,false,
2024-10-12,2024,4,10,October,12,6,Saturday,true,,false,
2024-10-05,2024,4,10,October,5,6,Saturday,true,,false,
2024-09-15,2024,3,9,September,15,7,Sunday,true,,false,
2024-09-11,2024,3,9,September,11,3,Wednesday,false,,false,
2024-09-10,2024,3,9,September,10,2,Tuesday,false,,false,
2024-09-05,2024,3,9,September,5,4,Thursday,false,,false,Summer peak
2024-09-01,2024,3,9,September,1,7,Sunday,true,,false,Summer peak
2024-08-31,2024,3,8,August,31,6,Saturday,true,,false,Summer peak
2024-08-29,2024,3,8,August,29,4,Thursday,false,,false,Summer peak
2024-08-01,2024,3,8,August,1,4,Thursday,false,,false,Summer peak
2024-07-22,2024,3,7,July,22,1,Monday,false,,false,Summer peak
2024-07-20,2024,3,7,July,20,6,Saturday,true,,false,Summer peak
2024-07-13,2024,3,7,July,13,6,Saturday,true,,false,Summer peak
2024-07-11,2024,3,7,July,11,4,Thursday,false,,false,Summer peak
2024-07-03,2024,3,7,July,3,3,Wednesday,false,,false,Summer peak
2024-06-21,2024,2,6,June,21,5,Friday,false,,false,Summer peak
2024-05-28,2024,2,5,May,28,2,Tuesday,false,,false,
2024-05-25,2024,2,5,May,25,6,Saturday,true,,false,
2024-05-20,2024,2,5,May,20,1,Monday,false,,false,
2024-05-09,2024,2,5,May,9,4,Thursday,false,,false,
2024-04-17,2024,2,4,April,17,3,Wednesday,false,,false,
2024-04-16,2024,2,4,April,16,2,Tuesday,false,,false,
2024-03-22,2024,1,3,March,22,5,Friday,false,,false,
2024-03-21,2024,1,3,March,21,4,Thursday,false,,false,
2024-03-16,2024,1,3,March,16,6,Saturday,true,,false,
2024-03-12,2024,1,3,March,12,2,Tuesday,false,,false,
2024-03-06,2024,1,3,March,6,3,Wednesday,false,,false,
2024-03-05,2024,1,3,March,5,2,Tuesday,false,,false,
2024-02-15,2024,1,2,February,15,4,Thursday,false,,false,
2024-02-10,2024,1,2,February,10,6,Saturday,true,,false,
2024-02-09,2024,1,2,February,9,5,Friday,false,,false,
2024-02-02,2024,1,2,February,2,5,Friday,false,,false,
2024-01-27,2024,1,1,January,27,6,Saturday,true,,false,
2024-01-14,2024,1,1,January,14,7,Sunday,true,,false,
2023-12-23,2023,4,12,December,23,6,Saturday,true,,false,Christmas / New Year
2023-12-10,2023,4,12,December,10,7,Sunday,true,,false,
2023-11-20,2023,4,11,November,20,1,Monday,false,,false,
2023-10-23,2023,4,10,October,23,1,Monday,false,,false,
2023-10-16,2023,4,10,October,16,1,Monday,false,,false,
2023-10-04,2023,4,10,October,4,3,Wednesday,false,,false,
2023-10-02,2023,4,10,October,2,1,Monday,false,,false,
2023-10-01,2023,4,10,October,1,7,Sunday,true,,false,
2023-09-19,2023,3,9,September,19,2,Tuesday,false,,false,
2023-09-08,2023,3,9,September,8,5,Friday,false,,false,
2023-08-31,2023,3,8,August,31,4,Thursday,false,,false,Summer peak
2023-08-18,2023,3,8,August,18,5,Friday,false,,false,Summer peak
2023-08-15,2023,3,8,August,15,2,Tuesday,false,,false,Summer peak
2023-08-10,2023,3,8,August,10,4,Thursday,false,,false,Summer peak
2023-07-11,2023,3,7,July,11,2,Tuesday,false,,false,Summer peak
2023-06-26,2023,2,6,June,26,1,Monday,false,,false,Summer peak
2023-06-18,2023,2,6,June,18,7,Sunday,true,,false,Summer peak
2023-06-17,2023,2,6,June,17,6,Saturday,true,,false,Summer peak
2023-06-02,2023,2,6,June,2,5,Friday,false,,false,Summer peak
2023-05-23,2023,2,5,May,23,2,Tuesday,false,,false,
2023-05-15,2023,2,5,May,15,1,Monday,false,,false,
2023-05-14,2023,2,5,May,14,7,Sunday,true,,false,
2023-05-12,2023,2,5,May,12,5,Friday,false,,false,
2023-05-11,2023,2,5,May,11,4,Thursday,false,,false,
2023-05-10,2023,2,5,May,10,3,Wednesday,false,,false,
2023-04-30,2023,2,4,April,30,7,Sunday,true,,false,
2023-04-27,2023,2,4,April,27,4,Thursday,false,,false,
2023-04-26,2023,2,4,April,26,3,Wednesday,false,,false,
2023-04-21,2023,2,4,April,21,5,Friday,false,,false,
2023-04-19,2023,2,4,April,19,3,Wednesday,false,,false,
2023-04-17,2023,2,4,April,17,1,Monday,false,,false,
2023-04-16,2023,2,4,April,16,7,Sunday,true,,false,
2023-04-02,2023,2,4,April,2,7,Sunday,true,,false,
2023-04-01,2023,2,4,April,1,6,Saturday,true,,false,
2023-02-24,2023,1,2,February,24,5,Friday,false,,false,
2023-02-16,2023,1,2,February,16,4,Thursday,false,,false,
2023-02-14,2023,1,2,February,14,2,Tuesday,false,,false,
2023-02-07,2023,1,2,February,7,2,Tuesday,false,,false,
2023-02-04,2023,1,2,February,4,6,Saturday,true,,false,
2023-01-31,2023,1,1,January,31,2,Tuesday,false,,false,
2023-01-26,2023,1,1,January,26,4,Thursday,false,,false,
2023-01-25,2023,1,1,January,25,3,Wednesday,false,,false,
2023-01-02,2023,1,1,January,2,1,Monday,false,,false,Christmas / New Year
2022-12-24,2022,4,12,December,24,6,Saturday,true,,false,Christmas / New Year
2022-12-10,2022,4,12,December,10,6,Saturday,true,,false,
2022-12-04,2022,4,12,December,4,7,Sunday,true,,false,
2022-11-30,2022,4,11,November,30,3,Wednesday,false,,false,
2022-11-19,2022,4,11,November,19,6,Saturday,true,,false,
2022-11-15,2022,4,11,November,15,2,Tuesday,false,,false,
2022-11-14,2022,4,11,November,14,1,Monday,false,,false,
2022-11-05,2022,4,11,November,5,6,Saturday,true,,false,
2022-11-04,2022,4,11,November,4,5,Friday,false,,false,
2022-11-02,2022,4,11,November,2,3,Wednesday,false,,false,
2022-10-27,2022,4,10,October,27,4,Thursday,false,,false,
2022-10-25,2022,4,10,October,25,2,Tuesday,false,,false,
2022-09-29,2022,3,9,September,29,4,Thursday,false,,false,
2022-09-24,2022,3,9,September,24,6,Saturday,true,,false,
2022-09-22,2022,3,9,September,22,4,Thursday,false,,false,
2022-09-19,2022,3,9,September,19,1,Monday,false,,false,
2022-09-16,2022,3,9,September,16,5,Friday,false,,false,
2022-09-10,2022,3,9,September,10,6,Saturday,true,,false,
2022-09-04,2022,3,9,September,4,7,Sunday,true,,false,Summer peak
2022-08-30,2022,3,8,August,30,2,Tuesday,false,,false,Summer peak
2022-08-20,2022,3,8,August,20,6,Saturday,true,,false,Summer peak
2022-08-16,2022,3,8,August,16,2,Tuesday,false,,false,Summer peak
2022-08-06,2022,3,8,August,6,6,Saturday,true,,false,Summer peak
2022-08-05,2022,3,8,August,5,5,Friday,false,,false,Summer peak
2022-07-31,2022,3,7,July,31,7,Sunday,true,,false,Summer peak
2022-07-28,2022,3,7,July,28,4,Thursday,false,,false,Summer peak
2022-07-26,2022,3,7,July,26,2,Tuesday,false,,false,Summer peak
2022-07-20,2022,3,7,July,20,3,Wednesday,false,,false,Summer peak
2022-07-12,2022,3,7,July,12,2,Tuesday,false,,false,Summer peak
2022-06-27,2022,2,6,June,27,1,Monday,false,,false,Summer peak
2022-06-23,2022,2,6,June,23,4,Thursday,false,,false,Summer peak
2022-06-11,2022,2,6,June,11,6,Saturday,true,,false,Summer peak
2022-06-09,2022,2,6,June,9,4,Thursday,false,,false,Summer peak
2022-06-03,2022,2,6,June,3,5,Friday,false,,false,Summer peak
2022-05-24,2022,2,5,May,24,2,Tuesday,false,,false,
2022-05-23,2022,2,5,May,23,1,Monday,false,,false,
2022-05-13,2022,2,5,May,13,5,Friday,false,,false,
2022-05-10,2022,2,5,May,10,2,Tuesday,false,,false,
2022-05-07,2022,2,5,May,7,6,Saturday,true,,false,
2022-05-06,2022,2,5,May,6,5,Friday,false,,false,
2022-04-14,2022,2,4,April,14,4,Thursday,false,,false,
2022-04-11,2022,2,4,April,11,1,Monday,false,,false,
2022-04-03,2022,2,4,April,3,7,Sunday,true,,false,
2022-03-29,2022,1,3,March,29,2,Tuesday,false,,false,
2022-03-23,2022,1,3,March,23,3,Wednesday,false,,false,
2022-03-09,2022,1,3,March,9,3,Wednesday,false,,false,
2022-03-05,2022,1,3,March,5,6,Saturday,true,,false,
2022-02-25,2022,1,2,February,25,5,Friday,false,,false,
2022-02-20,2022,1,2,February,20,7,Sunday,true,,false,
2022-02-09,2022,1,2,February,9,3,Wednesday,false,,false,
2022-02-07,2022,1,2,February,7,1,Monday,false,,false,
2022-02-05,2022,1,2,February,5,6,Saturday,true,,false,
2022-02-01,2022,1,2,February,1,2,Tuesday,false,,false,
2022-01-15,2022,1,1,January,15,6,Saturday,true,,false,
2022-01-11,2022,1,1,January,11,2,Tuesday,false,,false,
2021-12-30,2021,4,12,December,30,4,Thursday,false,,false,Christmas / New Year
2021-12-29,2021,4,12,December,29,3,Wednesday,false,,false,Christmas / New Year
2021-12-20,2021,4,12,December,20,1,Monday,false,,false,Christmas / New Year
2021-12-18,2021,4,12,December,18,6,Saturday,true,,false,
2021-12-03,2021,4,12,December,3,5,Friday,false,,false,
2021-12-02,2021,4,12,December,2,4,Thursday,false,,false,
2021-11-19,2021,4,11,November,19,5,Friday,false,,false,
2021-11-13,2021,4,11,November,13,6,Saturday,true,,false,
2021-10-26,2021,4,10,October,26,2,Tuesday,false,,false,
2021-10-15,2021,4,10,October,15,5,Friday,false,,false,
2021-10-06,2021,4,10,October,6,3,Wednesday,false,,false,
2021-10-01,2021,4,10,October,1,5,Friday,false,,false,
2021-09-22,2021,3,9,September,22,3,Wednesday,false,,false,
2021-09-04,2021,3,9,September,4,6,Saturday,true,,false,Summer peak
2021-09-01,2021,3,9,September,1,3,Wednesday,false,,false,Summer peak
2021-08-26,2021,3,8,August,26,4,Thursday,false,,false,Summer peak
2021-08-16,2021,3,8,August,16,1,Monday,false,,false,Summer peak
2021-08-01,2021,3,8,August,1,7,Sunday,true,,false,Summer peak
2021-07-22,2021,3,7,July,22,4,Thursday,false,,false,Summer peak
2021-07-16,2021,3,7,July,16,5,Friday,false,,false,Summer peak
2021-07-09,2021,3,7,July,9,5,Friday,false,,false,Summer peak
2021-07-08,2021,3,7,July,8,4,Thursday,false,,false,Summer peak
2021-07-07,2021,3,7,July,7,3,Wednesday,false,,false,Summer peak
2021-07-05,2021,3,7,July,5,1,Monday,false,,false,Summer peak
2021-07-02,2021,3,7,July,2,5,Friday,false,,false,Summer peak
2021-06-14,2021,2,6,June,14,1,Monday,false,,false,Summer peak
2021-06-02,2021,2,6,June,2,3,Wednesday,false,,false,Summer peak
2021-05-25,2021,2,5,May,25,2,Tuesday,false,,false,
2021-05-20,2021,2,5,May,20,4,Thursday,false,,false,
2021-05-09,2021,2,5,May,9,7,Sunday,true,,false,
2021-04-26,2021,2,4,April,26,1,Monday,false,,false,
2021-04-23,2021,2,4,April,23,5,Friday,false,,false,
2021-04-15,2021,2,4,April,15,4,Thursday,false,,false,
2021-04-06,2021,2,4,April,6,2,Tuesday,false,,false,
2021-04-02,2021,2,4,April,2,5,Friday,false,,false,
2021-03-28,2021,1,3,March,28,7,Sunday,true,,false,
2021-03-11,2021,1,3,March,11,4,Thursday,false,,false,
2021-03-10,2021,1,3,March,10,3,Wednesday,false,,false,
2021-03-05,2021,1,3,March,5,5,Friday,false,,false,
2021-03-01,2021,1,3,March,1,1,Monday,false,,false,
2021-02-13,2021,1,2,February,13,6,Saturday,true,,false,
2021-02-12,2021,1,2,February,12,5,Friday,false,,false,
2021-02-08,2021,1,2,February,8,1,Monday,false,,false,
2021-02-03,2021,1,2,February,3,3,Wednesday,false,,false,
2021-01-28,2021,1,1,January,28,4,Thursday,false,,false,
2021-01-16,2021,1,1,January,16,6,Saturday,true,,false,
2021-01-11,2021,1,1,January,11,1,Monday,false,,false,
2025-12-29,2025,4,12,December,29,1,Monday,false,,false,Christmas / New Year
2025-12-24,2025,4,12,December,24,3,Wednesday,false,,false,Christmas / New Year
2025-12-23,2025,4,12,December,23,2,Tuesday,false,,false,Christmas / New Year
2025-12-17,2025,4,12,December,17,3,Wednesday,false,,false,
2025-12-16,2025,4,12,December,16,2,Tuesday,false,,false,
2025-12-08,2025,4,12,December,8,1,Monday,false,,false,
2025-11-08,2025,4,11,November,8,6,Saturday,true,,false,
2025-10-30,2025,4,10,October,30,4,Thursday,false,,false,
2025-10-23,2025,4,10,October,23,4,Thursday,false,,false,
2025-10-16,2025,4,10,October,16,4,Thursday,false,,false,
2025-09-27,2025,3,9,September,27,6,Saturday,true,,false,
2025-09-22,2025,3,9,September,22,1,Monday,false,,false,
2025-09-16,2025,3,9,September,16,2,Tuesday,false,,false,
2025-08-25,2025,3,8,August,25,1,Monday,false,,false,Summer peak
2025-08-14,2025,3,8,August,14,4,Thursday,false,,false,Summer peak
2025-07-17,2025,3,7,July,17,4,Thursday,false,,false,Summer peak
2025-07-09,2025,3,7,July,9,3,Wednesday,false,,false,Summer peak
2025-07-02,2025,3,7,July,2,3,Wednesday,false,,false,Summer peak
2025-06-20,2025,2,6,June,20,5,Friday,false,,false,Summer peak
2025-06-15,2025,2,6,June,15,7,Sunday,true,,false,Summer peak
2025-06-10,2025,2,6,June,10,2,Tuesday,false,,false,Summer peak
2025-06-06,2025,2,6,June,6,5,Friday,false,,false,Summer peak
2025-05-17,2025,2,5,May,17,6,Saturday,true,,false,
2025-05-15,2025,2,5,May,15,4,Thursday,false,,false,
2025-05-10,2025,2,5,May,10,6,Saturday,true,,false,
2025-04-27,2025,2,4,April,27,7,Sunday,true,,false,
2025-04-14,2025,2,4,April,14,1,Monday,false,,false,
2025-03-26,2025,1,3,March,26,3,Wednesday,false,,false,
2025-03-11,2025,1,3,March,11,2,Tuesday,false,,false,
2025-02-21,2025,1,2,February,21,5,Friday,false,,false,
2025-02-20,2025,1,2,February,20,4,Thursday,false,,false,
2025-02-12,2025,1,2,February,12,3,Wednesday,false,,false,
2025-02-11,2025,1,2,February,11,2,Tuesday,false,,false,
2025-02-10,2025,1,2,February,10,1,Monday,false,,false,
2025-02-08,2025,1,2,February,8,6,Saturday,true,,false,
2025-02-05,2025,1,2,February,5,3,Wednesday,false,,false,
2025-02-03,2025,1,2,February,3,1,Monday,false,,false,
2025-01-21,2025,1,1,January,21,2,Tuesday,false,,false,
2025-01-19,2025,1,1,January,19,7,Sunday,true,,false,
2025-01-09,2025,1,1,January,9,4,Thursday,false,,false,
2025-01-08,2025,1,1,January,8,3,Wednesday,false,,false,
2025-01-07,2025,1,1,January,7,2,Tuesday,false,,false,
2024-12-31,2024,4,12,December,31,2,Tuesday,false,,false,Christmas / New Year
2024-11-22,2024,4,11,November,22,5,Friday,false,,false,
2024-11-20,2024,4,11,November,20,3,Wednesday,false,,false,
2024-11-16,2024,4,11,November,16,6,Saturday,true,,false,
2024-10-21,2024,4,10,October,21,1,Monday,false,,false,
2024-10-19,2024,4,10,October,19,6,Saturday,true,,false,
2024-09-29,2024,3,9,September,29,7,Sunday,true,,false,
2024-09-27,2024,3,9,September,27,5,Friday,false,,false,
2024-09-20,2024,3,9,September,20,5,Friday,false,,false,
2024-09-18,2024,3,9,September,18,3,Wednesday,false,,false,
2024-09-17,2024,3,9,September,17,2,Tuesday,false,,false,
2024-09-07,2024,3,9,September,7,6,Saturday,true,,false,
2024-09-06,2024,3,9,September,6,5,Friday,false,,false,
2024-08-30,2024,3,8,August,30,5,Friday,false,,false,Summer peak
2024-08-23,2024,3,8,August,23,5,Friday,false,,false,Summer peak
2024-08-21,2024,3,8,August,21,3,Wednesday,false,,false,Summer peak
2024-08-17,2024,3,8,August,17,6,Saturday,true,,false,Summer peak
2024-08-14,2024,3,8,August,14,3,Wednesday,false,,false,Summer peak
2024-07-18,2024,3,7,July,18,4,Thursday,false,,false,Summer peak
2024-07-02,2024,3,7,July,2,2,Tuesday,false,,false,Summer peak
2024-06-30,2024,2,6,June,30,7,Sunday,true,,false,Summer peak
2024-06-15,2024,2,6,June,15,6,Saturday,true,,false,Summer peak
2024-06-10,2024,2,6,June,10,1,Monday,false,,false,Summer peak
2024-06-01,2024,2,6,June,1,6,Saturday,true,,false,Summer peak
2024-05-21,2024,2,5,May,21,2,Tuesday,false,,false,
2024-05-10,2024,2,5,May,10,5,Friday,false,,false,
2024-05-04,2024,2,5,May,4,6,Saturday,true,,false,
2024-04-27,2024,2,4,April,27,6,Saturday,true,,false,
2024-04-19,2024,2,4,April,19,5,Friday,false,,false,
2024-04-13,2024,2,4,April,13,6,Saturday,true,,false,
2024-04-08,2024,2,4,April,8,1,Monday,false,,false,
2024-03-26,2024,1,3,March,26,2,Tuesday,false,,false,
2024-03-18,2024,1,3,March,18,1,Monday,false,,false,
2024-03-07,2024,1,3,March,7,4,Thursday,false,,false,
2024-03-02,2024,1,3,March,2,6,Saturday,true,,false,
2024-02-29,2024,1,2,February,29,4,Thursday,false,,false,
2024-02-27,2024,1,2,February,27,2,Tuesday,false,,false,
2024-02-25,2024,1,2,February,25,7,Sunday,true,,false,
2024-02-20,2024,1,2,February,20,2,Tuesday,false,,false,
2024-02-14,2024,1,2,February,14,3,Wednesday,false,,false,
2024-02-03,2024,1,2,February,3,6,Saturday,true,,false,
2024-01-30,2024,1,1,January,30,2,Tuesday,false,,false,
2024-01-26,2024,1,1,January,26,5,Friday,false,,false,
2024-01-17,2024,1,1,January,17,3,Wednesday,false,,false,
2024-01-07,2024,1,1,January,7,7,Sunday,true,,false,
2023-12-28,2023,4,12,December,28,4,Thursday,false,,false,Christmas / New Year
2023-12-15,2023,4,12,December,15,5,Friday,false,,false,
2023-12-05,2023,4,12,December,5,2,Tuesday,false,,false,
2023-11-30,2023,4,11,November,30,4,Thursday,false,,false,
2023-11-17,2023,4,11,November,17,5,Friday,false,,false,
2023-11-03,2023,4,11,November,3,5,Friday,false,,false,
2023-10-25,2023,4,10,October,25,3,Wednesday,false,,false,
2023-10-10,2023,4,10,October,10,2,Tuesday,false,,false,
2023-10-05,2023,4,10,October,5,4,Thursday,false,,false,
2023-09-26,2023,3,9,September,26,2,Tuesday,false,,false,
2023-09-21,2023,3,9,September,21,4,Thursday,false,,false,
2023-09-10,2023,3,9,September,10,7,Sunday,true,,false,
2023-09-09,2023,3,9,September,9,6,Saturday,true,,false,
2023-09-06,2023,3,9,September,6,3,Wednesday,false,,false,Summer peak
2023-08-30,2023,3,8,August,30,3,Wednesday,false,,false,Summer peak
2023-08-27,2023,3,8,August,27,7,Sunday,true,,false,Summer peak
2023-08-25,2023,3,8,August,25,5,Friday,false,,false,Summer peak
2023-08-24,2023,3,8,August,24,4,Thursday,false,,false,Summer peak
2023-08-19,2023,3,8,August,19,6,Saturday,true,,false,Summer peak
2023-07-26,2023,3,7,July,26,3,Wednesday,false,,false,Summer peak
2023-07-07,2023,3,7,July,7,5,Friday,false,,false,Summer peak
2023-06-15,2023,2,6,June,15,4,Thursday,false,,false,Summer peak
2023-06-07,2023,2,6,June,7,3,Wednesday,false,,false,Summer peak
2023-05-07,2023,2,5,May,7,7,Sunday,true,,false,
2023-05-02,2023,2,5,May,2,2,Tuesday,false,,false,
2023-04-11,2023,2,4,April,11,2,Tuesday,false,,false,
2023-04-05,2023,2,4,April,5,3,Wednesday,false,,false,
2023-03-24,2023,1,3,March,24,5,Friday,false,,false,
2023-03-21,2023,1,3,March,21,2,Tuesday,false,,false,
2023-03-09,2023,1,3,March,9,4,Thursday,false,,false,
2023-03-06,2023,1,3,March,6,1,Monday,false,,false,
2023-02-25,2023,1,2,February,25,6,Saturday,true,,false,
2023-02-19,2023,1,2,February,19,7,Sunday,true,,false,
2023-02-09,2023,1,2,February,9,4,Thursday,false,,false,
2023-01-28,2023,1,1,January,28,6,Saturday,true,,false,
2023-01-20,2023,1,1,January,20,5,Friday,false,,false,
2023-01-17,2023,1,1,January,17,2,Tuesday,false,,false,
2023-01-14,2023,1,1,January,14,6,Saturday,true,,false,
2023-01-12,2023,1,1,January,12,4,Thursday,false,,false,
2023-01-10,2023,1,1,January,10,2,Tuesday,false,,false,
2022-12-05,2022,4,12,December,5,1,Monday,false,,false,
2022-10-21,2022,4,10,October,21,5,Friday,false,,false,
2022-10-14,2022,4,10,October,14,5,Friday,false,,false,
2022-10-13,2022,4,10,October,13,4,Thursday,false,,false,
2022-10-11,2022,4,10,October,11,2,Tuesday,false,,false,
2022-10-09,2022,4,10,October,9,7,Sunday,true,,false,
2022-10-05,2022,4,10,October,5,3,Wednesday,false,,false,
2022-10-04,2022,4,10,October,4,2,Tuesday,false,,false,
2022-09-25,2022,3,9,September,25,7,Sunday,true,,false,
2022-08-29,2022,3,8,August,29,1,Monday,false,,false,Summer peak
2022-08-21,2022,3,8,August,21,7,Sunday,true,,false,Summer peak
2022-08-19,2022,3,8,August,19,5,Friday,false,,false,Summer peak
2022-08-12,2022,3,8,August,12,5,Friday,false,,false,Summer peak
2022-08-01,2022,3,8,August,1,1,Monday,false,,false,Summer peak
2022-07-29,2022,3,7,July,29,5,Friday,false,,false,Summer peak
2022-07-25,2022,3,7,July,25,1,Monday,false,,false,Summer peak
2022-06-20,2022,2,6,June,20,1,Monday,false,,false,Summer peak
2022-06-08,2022,2,6,June,8,3,Wednesday,false,,false,Summer peak
2022-05-31,2022,2,5,May,31,2,Tuesday,false,,false,Summer peak
2022-05-22,2022,2,5,May,22,7,Sunday,true,,false,
2022-05-03,2022,2,5,May,3,2,Tuesday,false,,false,
2022-05-02,2022,2,5,May,2,1,Monday,false,,false,
2022-04-26,2022,2,4,April,26,2,Tuesday,false,,false,
2022-04-22,2022,2,4,April,22,5,Friday,false,,false,
2022-04-18,2022,2,4,April,18,1,Monday,false,,false,
2022-04-13,2022,2,4,April,13,3,Wednesday,false,,false,
2022-03-28,2022,1,3,March,28,1,Monday,false,,false,
2022-03-21,2022,1,3,March,21,1,Monday,false,,false,
2022-03-18,2022,1,3,March,18,5,Friday,false,,false,
2022-03-13,2022,1,3,March,13,7,Sunday,true,,false,
2022-03-06,2022,1,3,March,6,7,Sunday,true,,false,
2022-02-24,2022,1,2,February,24,4,Thursday,false,,false,
2022-02-18,2022,1,2,February,18,5,Friday,false,,false,
2022-02-08,2022,1,2,February,8,2,Tuesday,false,,false,
2022-02-04,2022,1,2,February,4,5,Friday,false,,false,
2022-01-31,2022,1,1,January,31,1,Monday,false,,false,
2022-01-29,2022,1,1,January,29,6,Saturday,true,,false,
2022-01-28,2022,1,1,January,28,5,Friday,false,,false,
2022-01-18,2022,1,1,January,18,2,Tuesday,false,,false,
2022-01-13,2022,1,1,January,13,4,Thursday,false,,false,
2022-01-12,2022,1,1,January,12,3,Wednesday,false,,false,
2022-01-08,2022,1,1,January,8,6,Saturday,true,,false,
2022-01-06,2022,1,1,January,6,4,Thursday,false,,false,
2021-12-28,2021,4,12,December,28,2,Tuesday,false,,false,Christmas / New Year
2021-12-26,2021,4,12,December,26,7,Sunday,true,,false,Christmas / New Year
2021-12-14,2021,4,12,December,14,2,Tuesday,false,,false,
2021-12-09,2021,4,12,December,9,4,Thursday,false,,false,
2021-12-01,2021,4,12,December,1,3,Wednesday,false,,false,
2021-11-14,2021,4,11,November,14,7,Sunday,true,,false,
2021-11-12,2021,4,11,November,12,5,Friday,false,,false,
2021-11-08,2021,4,11,November,8,1,Monday,false,,false,
2021-11-07,2021,4,11,November,7,7,Sunday,true,,false,
2021-10-31,2021,4,10,October,31,7,Sunday,true,,false,
2021-10-13,2021,4,10,October,13,3,Wednesday,false,,false,
2021-10-10,2021,4,10,October,10,7,Sunday,true,,false,
2021-10-09,2021,4,10,October,9,6,Saturday,true,,false,
2021-10-08,2021,4,10,October,8,5,Friday,false,,false,
2021-09-20,2021,3,9,September,20,1,Monday,false,,false,
2021-08-31,2021,3,8,August,31,2,Tuesday,false,,false,Summer peak
2021-08-23,2021,3,8,August,23,1,Monday,false,,false,Summer peak
2021-08-21,2021,3,8,August,21,6,Saturday,true,,false,Summer peak
2021-08-18,2021,3,8,August,18,3,Wednesday,false,,false,Summer peak
2021-08-14,2021,3,8,August,14,6,Saturday,true,,false,Summer peak
2021-08-12,2021,3,8,August,12,4,Thursday,false,,false,Summer peak
2021-08-10,2021,3,8,August,10,2,Tuesday,false,,false,Summer peak
2021-08-04,2021,3,8,August,4,3,Wednesday,false,,false,Summer peak
2021-07-24,2021,3,7,July,24,6,Saturday,true,,false,Summer peak
2021-06-22,2021,2,6,June,22,2,Tuesday,false,,false,Summer peak
2021-06-21,2021,2,6,June,21,1,Monday,false,,false,Summer peak
2021-06-15,2021,2,6,June,15,2,Tuesday,false,,false,Summer peak
2021-06-13,2021,2,6,June,13,7,Sunday,true,,false,Summer peak
2021-06-01,2021,2,6,June,1,2,Tuesday,false,,false,Summer peak
2021-05-27,2021,2,5,May,27,4,Thursday,false,,false,
2021-05-24,2021,2,5,May,24,1,Monday,false,,false,
2021-03-27,2021,1,3,March,27,6,Saturday,true,,false,
2021-03-26,2021,1,3,March,26,5,Friday,false,,false,
2021-03-06,2021,1,3,March,6,6,Saturday,true,,false,
2021-03-02,2021,1,3,March,2,2,Tuesday,false,,false,
2021-02-22,2021,1,2,February,22,1,Monday,false,,false,
2021-02-19,2021,1,2,February,19,5,Friday,false,,false,
2021-02-18,2021,1,2,February,18,4,Thursday,false,,false,
2021-02-05,2021,1,2,February,5,5,Friday,false,,false,
2021-01-07,2021,1,1,January,7,4,Thursday,false,,false,
2021-01-04,2021,1,1,January,4,1,Monday,false,,false,
2021-01-03,2021,1,1,January,3,7,Sunday,true,,false,Christmas / New Year
2021-01-02,2021,1,1,January,2,6,Saturday,true,,false,Christmas / New Year
2025-12-28,2025,4,12,December,28,7,Sunday,true,,false,Christmas / New Year
2025-12-19,2025,4,12,December,19,5,Friday,false,,false,
2025-12-15,2025,4,12,December,15,1,Monday,false,,false,
2025-12-09,2025,4,12,December,9,2,Tuesday,false,,false,
2025-11-21,2025,4,11,November,21,5,Friday,false,,false,
2025-11-03,2025,4,11,November,3,1,Monday,false,,false,
2025-10-29,2025,4,10,October,29,3,Wednesday,false,,false,
2025-10-25,2025,4,10,October,25,6,Saturday,true,,false,
2025-10-12,2025,4,10,October,12,7,Sunday,true,,false,
2025-09-25,2025,3,9,September,25,4,Thursday,false,,false,
2025-09-14,2025,3,9,September,14,7,Sunday,true,,false,
2025-09-12,2025,3,9,September,12,5,Friday,false,,false,
2025-09-06,2025,3,9,September,6,6,Saturday,true,,false,Summer peak
2025-09-04,2025,3,9,September,4,4,Thursday,false,,false,Summer peak
2025-08-29,2025,3,8,August,29,5,Friday,false,,false,Summer peak
2025-08-26,2025,3,8,August,26,2,Tuesday,false,,false,Summer peak
2025-08-09,2025,3,8,August,9,6,Saturday,true,,false,Summer peak
2025-07-26,2025,3,7,July,26,6,Saturday,true,,false,Summer peak
2025-07-25,2025,3,7,July,25,5,Friday,false,,false,Summer peak
2025-07-19,2025,3,7,July,19,6,Saturday,true,,false,Summer peak
2025-07-16,2025,3,7,July,16,3,Wednesday,false,,false,Summer peak
2025-06-17,2025,2,6,June,17,2,Tuesday,false,,false,Summer peak
2025-06-12,2025,2,6,June,12,4,Thursday,false,,false,Summer peak
2025-05-31,2025,2,5,May,31,6,Saturday,true,,false,Summer peak
2025-05-29,2025,2,5,May,29,4,Thursday,false,,false,
2025-05-23,2025,2,5,May,23,5,Friday,false,,false,
2025-05-11,2025,2,5,May,11,7,Sunday,true,,false,
2025-05-08,2025,2,5,May,8,4,Thursday,false,,false,
2025-04-21,2025,2,4,April,21,1,Monday,false,,false,
2025-04-13,2025,2,4,April,13,7,Sunday,true,,false,
2025-03-18,2025,1,3,March,18,2,Tuesday,false,,false,
2025-03-14,2025,1,3,March,14,5,Friday,false,,false,
2025-03-12,2025,1,3,March,12,3,Wednesday,false,,false,
2025-03-10,2025,1,3,March,10,1,Monday,false,,false,
2025-03-09,2025,1,3,March,9,7,Sunday,true,,false,
2025-02-28,2025,1,2,February,28,5,Friday,false,,false,
2025-02-09,2025,1,2,February,9,7,Sunday,true,,false,
2025-02-06,2025,1,2,February,6,4,Thursday,false,,false,
2025-01-30,2025,1,1,January,30,4,Thursday,false,,false,
2025-01-26,2025,1,1,January,26,7,Sunday,true,,false,
2025-01-17,2025,1,1,January,17,5,Friday,false,,false,
2025-01-15,2025,1,1,January,15,3,Wednesday,false,,false,
2025-01-05,2025,1,1,January,5,7,Sunday,true,,false,
2024-12-30,2024,4,12,December,30,1,Monday,false,,false,Christmas / New Year
2024-12-28,2024,4,12,December,28,6,Saturday,true,,false,Christmas / New Year
2024-12-20,2024,4,12,December,20,5,Friday,false,,false,Christmas / New Year
2024-12-14,2024,4,12,December,14,6,Saturday,true,,false,
2024-12-10,2024,4,12,December,10,2,Tuesday,false,,false,
2024-12-07,2024,4,12,December,7,6,Saturday,true,,false,
2024-11-25,2024,4,11,November,25,1,Monday,false,,false,
2024-11-23,2024,4,11,November,23,6,Saturday,true,,false,
2024-11-17,2024,4,11,November,17,7,Sunday,true,,false,
2024-11-13,2024,4,11,November,13,3,Wednesday,false,,false,
2024-11-09,2024,4,11,November,9,6,Saturday,true,,false,
2024-10-23,2024,4,10,October,23,3,Wednesday,false,,false,
2024-09-21,2024,3,9,September,21,6,Saturday,true,,false,
2024-09-03,2024,3,9,September,3,2,Tuesday,false,,false,Summer peak
2024-08-25,2024,3,8,August,25,7,Sunday,true,,false,Summer peak
2024-08-24,2024,3,8,August,24,6,Saturday,true,,false,Summer peak
2024-08-19,2024,3,8,August,19,1,Monday,false,,false,Summer peak
2024-08-18,2024,3,8,August,18,7,Sunday,true,,false,Summer peak
2024-08-11,2024,3,8,August,11,7,Sunday,true,,false,Summer peak
2024-08-10,2024,3,8,August,10,6,Saturday,true,,false,Summer peak
2024-08-09,2024,3,8,August,9,5,Friday,false,,false,Summer peak
2024-08-05,2024,3,8,August,5,1,Monday,false,,false,Summer peak
2024-07-31,2024,3,7,July,31,3,Wednesday,false,,false,Summer peak
2024-07-16,2024,3,7,July,16,2,Tuesday,false,,false,Summer peak
2024-07-12,2024,3,7,July,12,5,Friday,false,,false,Summer peak
2024-07-07,2024,3,7,July,7,7,Sunday,true,,false,Summer peak
2024-06-18,2024,2,6,June,18,2,Tuesday,false,,false,Summer peak
2024-06-13,2024,2,6,June,13,4,Thursday,false,,false,Summer peak
2024-06-11,2024,2,6,June,11,2,Tuesday,false,,false,Summer peak
2024-06-08,2024,2,6,June,8,6,Saturday,true,,false,Summer peak
2024-06-04,2024,2,6,June,4,2,Tuesday,false,,false,Summer peak
2024-06-03,2024,2,6,June,3,1,Monday,false,,false,Summer peak
2024-05-26,2024,2,5,May,26,7,Sunday,true,,false,
2024-05-19,2024,2,5,May,19,7,Sunday,true,,false,
2024-05-18,2024,2,5,May,18,6,Saturday,true,,false,
2024-04-30,2024,2,4,April,30,2,Tuesday,false,,false,
2024-04-29,2024,2,4,April,29,1,Monday,false,,false,
2024-04-24,2024,2,4,April,24,3,Wednesday,false,,false,
2024-04-09,2024,2,4,April,9,2,Tuesday,false,,false,
2024-04-01,2024,2,4,April,1,1,Monday,false,,false,
2024-03-31,2024,1,3,March,31,7,Sunday,true,,false,
2024-03-11,2024,1,3,March,11,1,Monday,false,,false,
2024-02-26,2024,1,2,February,26,1,Monday,false,,false,
2024-02-17,2024,1,2,February,17,6,Saturday,true,,false,
2024-02-04,2024,1,2,February,4,7,Sunday,true,,false,
2024-01-29,2024,1,1,January,29,1,Monday,false,,false,
2024-01-18,2024,1,1,January,18,4,Thursday,false,,false,
2024-01-11,2024,1,1,January,11,4,Thursday,false,,false,
2023-12-26,2023,4,12,December,26,2,Tuesday,false,,false,Christmas / New Year
2023-12-19,2023,4,12,December,19,2,Tuesday,false,,false,
2023-12-12,2023,4,12,December,12,2,Tuesday,false,,false,
2023-12-02,2023,4,12,December,2,6,Saturday,true,,false,
2023-11-08,2023,4,11,November,8,3,Wednesday,false,,false,
2023-11-04,2023,4,11,November,4,6,Saturday,true,,false,
2023-10-26,2023,4,10,October,26,4,Thursday,false,,false,
2023-10-24,2023,4,10,October,24,2,Tuesday,false,,false,
2023-10-14,2023,4,10,October,14,6,Saturday,true,,false,
2023-10-12,2023,4,10,October,12,4,Thursday,false,,false,
2023-09-29,2023,3,9,September,29,5,Friday,false,,false,
2023-09-24,2023,3,9,September,24,7,Sunday,true,,false,
2023-09-18,2023,3,9,September,18,1,Monday,false,,false,
2023-09-17,2023,3,9,September,17,7,Sunday,true,,false,
2023-09-01,2023,3,9,September,1,5,Friday,false,,false,Summer peak
2023-08-29,2023,3,8,August,29,2,Tuesday,false,,false,Summer peak
2023-08-16,2023,3,8,August,16,3,Wednesday,false,,false,Summer peak
2023-08-03,2023,3,8,August,3,4,Thursday,false,,false,Summer peak
2023-08-01,2023,3,8,August,1,2,Tuesday,false,,false,Summer peak
2023-07-29,2023,3,7,July,29,6,Saturday,true,,false,Summer peak
2023-07-22,2023,3,7,July,22,6,Saturday,true,,false,Summer peak
2023-07-16,2023,3,7,July,16,7,Sunday,true,,false,Summer peak
2023-07-09,2023,3,7,July,9,7,Sunday,true,,false,Summer peak
2023-07-08,2023,3,7,July,8,6,Saturday,true,,false,Summer peak
2023-06-24,2023,2,6,June,24,6,Saturday,true,,false,Summer peak
2023-06-20,2023,2,6,June,20,2,Tuesday,false,,false,Summer peak
2023-06-16,2023,2,6,June,16,5,Friday,false,,false,Summer peak
2023-05-31,2023,2,5,May,31,3,Wednesday,false,,false,Summer peak
2023-05-30,2023,2,5,May,30,2,Tuesday,false,,false,
2023-05-28,2023,2,5,May,28,7,Sunday,true,,false,
2023-05-25,2023,2,5,May,25,4,Thursday,false,,false,
2023-05-16,2023,2,5,May,16,2,Tuesday,false,,false,
2023-05-09,2023,2,5,May,9,2,Tuesday,false,,false,
2023-05-08,2023,2,5,May,8,1,Monday,false,,false,
2023-03-31,2023,1,3,March,31,5,Friday,false,,false,
2023-03-30,2023,1,3,March,30,4,Thursday,false,,false,
2023-03-26,2023,1,3,March,26,7,Sunday,true,,false,
2023-03-23,2023,1,3,March,23,4,Thursday,false,,false,
2023-03-18,2023,1,3,March,18,6,Saturday,true,,false,
2023-03-14,2023,1,3,March,14,2,Tuesday,false,,false,
2023-03-01,2023,1,3,March,1,3,Wednesday,false,,false,
2023-02-26,2023,1,2,February,26,7,Sunday,true,,false,
2023-02-18,2023,1,2,February,18,6,Saturday,true,,false,
2023-02-10,2023,1,2,February,10,5,Friday,false,,false,
2023-02-05,2023,1,2,February,5,7,Sunday,true,,false,
2023-01-27,2023,1,1,January,27,5,Friday,false,,false,
2023-01-03,2023,1,1,January,3,2,Tuesday,false,,false,Christmas / New Year
2022-12-26,2022,4,12,December,26,1,Monday,false,,false,Christmas / New Year
2022-12-22,2022,4,12,December,22,4,Thursday,false,,false,Christmas / New Year
2022-12-11,2022,4,12,December,11,7,Sunday,true,,false,
2022-12-01,2022,4,12,December,1,4,Thursday,false,,false,
2022-11-08,2022,4,11,November,8,2,Tuesday,false,,false,
2022-11-06,2022,4,11,November,6,7,Sunday,true,,false,
2022-10-26,2022,4,10,October,26,3,Wednesday,false,,false,
2022-10-06,2022,4,10,October,6,4,Thursday,false,,false,
2022-09-28,2022,3,9,September,28,3,Wednesday,false,,false,
2022-09-26,2022,3,9,September,26,1,Monday,false,,false,
2022-09-20,2022,3,9,September,20,2,Tuesday,false,,false,
2022-08-27,2022,3,8,August,27,6,Saturday,true,,false,Summer peak
2022-07-23,2022,3,7,July,23,6,Saturday,true,,false,Summer peak
2022-07-14,2022,3,7,July,14,4,Thursday,false,,false,Summer peak
2022-07-10,2022,3,7,July,10,7,Sunday,true,,false,Summer peak
2022-07-06,2022,3,7,July,6,3,Wednesday,false,,false,Summer peak
2022-07-03,2022,3,7,July,3,7,Sunday,true,,false,Summer peak
2022-06-25,2022,2,6,June,25,6,Saturday,true,,false,Summer peak
2022-06-13,2022,2,6,June,13,1,Monday,false,,false,Summer peak
2022-06-10,2022,2,6,June,10,5,Friday,false,,false,Summer peak
2022-06-07,2022,2,6,June,7,2,Tuesday,false,,false,Summer peak
2022-05-26,2022,2,5,May,26,4,Thursday,false,,false,
2022-05-20,2022,2,5,May,20,5,Friday,false,,false,
2022-05-18,2022,2,5,May,18,3,Wednesday,false,,false,
2022-05-08,2022,2,5,May,8,7,Sunday,true,,false,
2022-04-25,2022,2,4,April,25,1,Monday,false,,false,
2022-04-17,2022,2,4,April,17,7,Sunday,true,,false,
2022-04-02,2022,2,4,April,2,6,Saturday,true,,false,
2022-04-01,2022,2,4,April,1,5,Friday,false,,false,
2022-03-15,2022,1,3,March,15,2,Tuesday,false,,false,
2022-03-07,2022,1,3,March,7,1,Monday,false,,false,
2022-02-28,2022,1,2,February,28,1,Monday,false,,false,
2022-02-12,2022,1,2,February,12,6,Saturday,true,,false,
2022-02-02,2022,1,2,February,2,3,Wednesday,false,,false,
2022-01-25,2022,1,1,January,25,2,Tuesday,false,,false,
2022-01-23,2022,1,1,January,23,7,Sunday,true,,false,
2022-01-20,2022,1,1,January,20,4,Thursday,false,,false,
2022-01-10,2022,1,1,January,10,1,Monday,false,,false,
2022-01-02,2022,1,1,January,2,7,Sunday,true,,false,Christmas / New Year
2021-12-23,2021,4,12,December,23,4,Thursday,false,,false,Christmas / New Year
2021-12-12,2021,4,12,December,12,7,Sunday,true,,false,
2021-11-16,2021,4,11,November,16,2,Tuesday,false,,false,
2021-11-15,2021,4,11,November,15,1,Monday,false,,false,
2021-10-30,2021,4,10,October,30,6,Saturday,true,,false,
2021-09-19,2021,3,9,September,19,7,Sunday,true,,false,
2021-09-15,2021,3,9,September,15,3,Wednesday,false,,false,
2021-09-07,2021,3,9,September,7,2,Tuesday,false,,false,
2021-08-30,2021,3,8,August,30,1,Monday,false,,false,Summer peak
2021-08-25,2021,3,8,August,25,3,Wednesday,false,,false,Summer peak
2021-08-13,2021,3,8,August,13,5,Friday,false,,false,Summer peak
2021-08-11,2021,3,8,August,11,3,Wednesday,false,,false,Summer peak
2021-08-07,2021,3,8,August,7,6,Saturday,true,,false,Summer peak
2021-08-06,2021,3,8,August,6,5,Friday,false,,false,Summer peak
2021-07-26,2021,3,7,July,26,1,Monday,false,,false,Summer peak
2021-06-29,2021,2,6,June,29,2,Tuesday,false,,false,Summer peak
2021-06-26,2021,2,6,June,26,6,Saturday,true,,false,Summer peak
2021-06-25,2021,2,6,June,25,5,Friday,false,,false,Summer peak
2021-06-23,2021,2,6,June,23,3,Wednesday,false,,false,Summer peak
2021-06-07,2021,2,6,June,7,1,Monday,false,,false,Summer peak
2021-06-03,2021,2,6,June,3,4,Thursday,false,,false,Summer peak
2021-05-23,2021,2,5,May,23,7,Sunday,true,,false,
2021-05-22,2021,2,5,May,22,6,Saturday,true,,false,
2021-05-16,2021,2,5,May,16,7,Sunday,true,,false,
2021-05-13,2021,2,5,May,13,4,Thursday,false,,false,
2021-05-08,2021,2,5,May,8,6,Saturday,true,,false,
2021-05-04,2021,2,5,May,4,2,Tuesday,false,,false,
2021-05-03,2021,2,5,May,3,1,Monday,false,,false,
2021-04-21,2021,2,4,April,21,3,Wednesday,false,,false,
2021-04-17,2021,2,4,April,17,6,Saturday,true,,false,
2021-04-04,2021,2,4,April,4,7,Sunday,true,,false,
2021-04-01,2021,2,4,April,1,4,Thursday,false,,false,
2021-03-24,2021,1,3,March,24,3,Wednesday,false,,false,
2021-03-23,2021,1,3,March,23,2,Tuesday,false,,false,
2021-03-03,2021,1,3,March,3,3,Wednesday,false,,false,
2021-02-24,2021,1,2,February,24,3,Wednesday,false,,false,
2021-02-07,2021,1,2,February,7,7,Sunday,true,,false,
2021-01-26,2021,1,1,January,26,2,Tuesday,false,,false,
2021-01-24,2021,1,1,January,24,7,Sunday,true,,false,
2021-01-23,2021,1,1,January,23,6,Saturday,true,,false,
2021-01-21,2021,1,1,January,21,4,Thursday,false,,false,
2021-01-15,2021,1,1,January,15,5,Friday,false,,false,
2021-01-12,2021,1,1,January,12,2,Tuesday,false,,false,
2021-01-10,2021,1,1,January,10,7,Sunday,true,,false,
2025-12-31,2025,4,12,December,31,3,Wednesday,false,,false,Christmas / New Year
2025-12-21,2025,4,12,December,21,7,Sunday,true,,false,Christmas / New Year
2025-12-12,2025,4,12,December,12,5,Friday,false,,false,
2025-12-10,2025,4,12,December,10,3,Wednesday,false,,false,
2025-12-07,2025,4,12,December,7,7,Sunday,true,,false,
2025-12-04,2025,4,12,December,4,4,Thursday,false,,false,
2025-11-07,2025,4,11,November,7,5,Friday,false,,false,
2025-10-31,2025,4,10,October,31,5,Friday,false,,false,
2025-10-28,2025,4,10,October,28,2,Tuesday,false,,false,
2025-10-22,2025,4,10,October,22,3,Wednesday,false,,false,
2025-10-21,2025,4,10,October,21,2,Tuesday,false,,false,
2025-10-19,2025,4,10,October,19,7,Sunday,true,,false,
2025-10-05,2025,4,10,October,5,7,Sunday,true,,false,
2025-10-04,2025,4,10,October,4,6,Saturday,true,,false,
2025-09-24,2025,3,9,September,24,3,Wednesday,false,,false,
2025-09-23,2025,3,9,September,23,2,Tuesday,false,,false,
2025-09-17,2025,3,9,September,17,3,Wednesday,false,,false,
2025-09-11,2025,3,9,September,11,4,Thursday,false,,false,
2025-09-10,2025,3,9,September,10,3,Wednesday,false,,false,
2025-09-07,2025,3,9,September,7,7,Sunday,true,,false,
2025-08-30,2025,3,8,August,30,6,Saturday,true,,false,Summer peak
2025-08-17,2025,3,8,August,17,7,Sunday,true,,false,Summer peak
2025-08-10,2025,3,8,August,10,7,Sunday,true,,false,Summer peak
2025-08-07,2025,3,8,August,7,4,Thursday,false,,false,Summer peak
2025-07-27,2025,3,7,July,27,7,Sunday,true,,false,Summer peak
2025-07-20,2025,3,7,July,20,7,Sunday,true,,false,Summer peak
2025-07-14,2025,3,7,July,14,1,Monday,false,,false,Summer peak
2025-07-12,2025,3,7,July,12,6,Saturday,true,,false,Summer peak
2025-06-23,2025,2,6,June,23,1,Monday,false,,false,Summer peak
2025-06-13,2025,2,6,June,13,5,Friday,false,,false,Summer peak
2025-06-02,2025,2,6,June,2,1,Monday,false,,false,Summer peak
2025-05-27,2025,2,5,May,27,2,Tuesday,false,,false,
2025-05-14,2025,2,5,May,14,3,Wednesday,false,,false,
2025-05-03,2025,2,5,May,3,6,Saturday,true,,false,
2025-04-30,2025,2,4,April,30,3,Wednesday,false,,false,
2025-04-19,2025,2,4,April,19,6,Saturday,true,,false,
2025-04-15,2025,2,4,April,15,2,Tuesday,false,,false,
2025-03-22,2025,1,3,March,22,6,Saturday,true,,false,
2025-03-21,2025,1,3,March,21,5,Friday,false,,false,
2025-03-03,2025,1,3,March,3,1,Monday,false,,false,
2025-03-02,2025,1,3,March,2,7,Sunday,true,,false,
2025-02-23,2025,1,2,February,23,7,Sunday,true,,false,
2025-02-14,2025,1,2,February,14,5,Friday,false,,false,
2025-02-01,2025,1,2,February,1,6,Saturday,true,,false,
2025-01-22,2025,1,1,January,22,3,Wednesday,false,,false,
2025-01-14,2025,1,1,January,14,2,Tuesday,false,,false,
2025-01-06,2025,1,1,January,6,1,Monday,false,,false,
2024-12-27,2024,4,12,December,27,5,Friday,false,,false,Christmas / New Year
2024-12-22,2024,4,12,December,22,7,Sunday,true,,false,Christmas / New Year
2024-12-09,2024,4,12,December,9,1,Monday,false,,false,
2024-12-08,2024,4,12,December,8,7,Sunday,true,,false,
2024-12-06,2024,4,12,December,6,5,Friday,false,,false,
2024-11-24,2024,4,11,November,24,7,Sunday,true,,false,
2024-11-15,2024,4,11,November,15,5,Friday,false,,false,
2024-11-14,2024,4,11,November,14,4,Thursday,false,,false,
2024-11-05,2024,4,11,November,5,2,Tuesday,false,,false,
2024-11-03,2024,4,11,November,3,7,Sunday,true,,false,
2024-11-01,2024,4,11,November,1,5,Friday,false,,false,
2024-10-30,2024,4,10,October,30,3,Wednesday,false,,false,
2024-10-28,2024,4,10,October,28,1,Monday,false,,false,
2024-10-27,2024,4,10,October,27,7,Sunday,true,,false,
2024-09-28,2024,3,9,September,28,6,Saturday,true,,false,
2024-09-24,2024,3,9,September,24,2,Tuesday,false,,false,
2024-09-13,2024,3,9,September,13,5,Friday,false,,false,
2024-09-09,2024,3,9,September,9,1,Monday,false,,false,
2024-09-04,2024,3,9,September,4,3,Wednesday,false,,false,Summer peak
2024-08-22,2024,3,8,August,22,4,Thursday,false,,false,Summer peak
2024-08-20,2024,3,8,August,20,2,Tuesday,false,,false,Summer peak
2024-08-13,2024,3,8,August,13,2,Tuesday,false,,false,Summer peak
2024-08-08,2024,3,8,August,8,4,Thursday,false,,false,Summer peak
2024-08-02,2024,3,8,August,2,5,Friday,false,,false,Summer peak
2024-07-30,2024,3,7,July,30,2,Tuesday,false,,false,Summer peak
2024-07-26,2024,3,7,July,26,5,Friday,false,,false,Summer peak
2024-07-25,2024,3,7,July,25,4,Thursday,false,,false,Summer peak
2024-07-17,2024,3,7,July,17,3,Wednesday,false,,false,Summer peak
2024-07-10,2024,3,7,July,10,3,Wednesday,false,,false,Summer peak
2024-07-05,2024,3,7,July,5,5,Friday,false,,false,Summer peak
2024-07-01,2024,3,7,July,1,1,Monday,false,,false,Summer peak
2024-06-29,2024,2,6,June,29,6,Saturday,true,,false,Summer peak
2024-06-24,2024,2,6,June,24,1,Monday,false,,false,Summer peak
2024-06-12,2024,2,6,June,12,3,Wednesday,false,,false,Summer peak
2024-06-09,2024,2,6,June,9,7,Sunday,true,,false,Summer peak
2024-06-02,2024,2,6,June,2,7,Sunday,true,,false,Summer peak
2024-05-31,2024,2,5,May,31,5,Friday,false,,false,Summer peak
2024-05-23,2024,2,5,May,23,4,Thursday,false,,false,
2024-05-03,2024,2,5,May,3,5,Friday,false,,false,
2024-05-02,2024,2,5,May,2,4,Thursday,false,,false,
2024-04-23,2024,2,4,April,23,2,Tuesday,false,,false,
2024-04-20,2024,2,4,April,20,6,Saturday,true,,false,
2024-04-14,2024,2,4,April,14,7,Sunday,true,,false,
2024-03-24,2024,1,3,March,24,7,Sunday,true,,false,
2024-02-07,2024,1,2,February,7,3,Wednesday,false,,false,
2024-02-01,2024,1,2,February,1,4,Thursday,false,,false,
2024-01-31,2024,1,1,January,31,3,Wednesday,false,,false,
2024-01-25,2024,1,1,January,25,4,Thursday,false,,false,
2024-01-23,2024,1,1,January,23,2,Tuesday,false,,false,
2024-01-05,2024,1,1,January,5,5,Friday,false,,false,
2024-01-03,2024,1,1,January,3,3,Wednesday,false,,false,Christmas / New Year
2024-01-02,2024,1,1,January,2,2,Tuesday,false,,false,Christmas / New Year
2023-12-31,2023,4,12,December,31,7,Sunday,true,,false,Christmas / New Year
2023-12-27,2023,4,12,December,27,3,Wednesday,false,,false,Christmas / New Year
2023-12-22,2023,4,12,December,22,5,Friday,false,,false,Christmas / New Year
2023-12-13,2023,4,12,December,13,3,Wednesday,false,,false,
2023-12-07,2023,4,12,December,7,4,Thursday,false,,false,
2023-11-19,2023,4,11,November,19,7,Sunday,true,,false,
2023-11-14,2023,4,11,November,14,2,Tuesday,false,,false,
2023-11-06,2023,4,11,November,6,1,Monday,false,,false,
2023-10-30,2023,4,10,October,30,1,Monday,false,,false,
2023-10-28,2023,4,10,October,28,6,Saturday,true,,false,
2023-10-27,2023,4,10,October,27,5,Friday,false,,false,
2023-09-27,2023,3,9,September,27,3,Wednesday,false,,false,
2023-09-16,2023,3,9,September,16,6,Saturday,true,,false,
2023-09-14,2023,3,9,September,14,4,Thursday,false,,false,
2023-09-05,2023,3,9,September,5,2,Tuesday,false,,false,Summer peak
2023-08-23,2023,3,8,August,23,3,Wednesday,false,,false,Summer peak
2023-08-22,2023,3,8,August,22,2,Tuesday,false,,false,Summer peak
2023-08-17,2023,3,8,August,17,4,Thursday,false,,false,Summer peak
2023-07-28,2023,3,7,July,28,5,Friday,false,,false,Summer peak
2023-07-25,2023,3,7,July,25,2,Tuesday,false,,false,Summer peak
2023-07-24,2023,3,7,July,24,1,Monday,false,,false,Summer peak
2023-07-21,2023,3,7,July,21,5,Friday,false,,false,Summer peak
2023-07-20,2023,3,7,July,20,4,Thursday,false,,false,Summer peak
2023-07-19,2023,3,7,July,19,3,Wednesday,false,,false,Summer peak
2023-07-18,2023,3,7,July,18,2,Tuesday,false,,false,Summer peak
2023-06-22,2023,2,6,June,22,4,Thursday,false,,false,Summer peak
2023-06-03,2023,2,6,June,3,6,Saturday,true,,false,Summer peak
2023-05-27,2023,2,5,May,27,6,Saturday,true,,false,
2023-05-13,2023,2,5,May,13,6,Saturday,true,,false,
2023-05-04,2023,2,5,May,4,4,Thursday,false,,false,
2023-04-29,2023,2,4,April,29,6,Saturday,true,,false,
2023-04-28,2023,2,4,April,28,5,Friday,false,,false,
2023-04-22,2023,2,4,April,22,6,Saturday,true,,false,
2023-03-29,2023,1,3,March,29,3,Wednesday,false,,false,
2023-03-27,2023,1,3,March,27,1,Monday,false,,false,
2023-02-27,2023,1,2,February,27,1,Monday,false,,false,
2023-02-03,2023,1,2,February,3,5,Friday,false,,false,
2023-02-02,2023,1,2,February,2,4,Thursday,false,,false,
2023-01-30,2023,1,1,January,30,1,Monday,false,,false,
2023-01-23,2023,1,1,January,23,1,Monday,false,,false,
2023-01-21,2023,1,1,January,21,6,Saturday,true,,false,
2023-01-08,2023,1,1,January,8,7,Sunday,true,,false,
2023-01-04,2023,1,1,January,4,3,Wednesday,false,,false,
2022-12-19,2022,4,12,December,19,1,Monday,false,,false,
2022-12-12,2022,4,12,December,12,1,Monday,false,,false,
2022-12-08,2022,4,12,December,8,4,Thursday,false,,false,
2022-12-03,2022,4,12,December,3,6,Saturday,true,,false,
2022-11-21,2022,4,11,November,21,1,Monday,false,,false,
2022-11-17,2022,4,11,November,17,4,Thursday,false,,false,
2022-11-12,2022,4,11,November,12,6,Saturday,true,,false,
2022-10-24,2022,4,10,October,24,1,Monday,false,,false,
2022-10-08,2022,4,10,October,8,6,Saturday,true,,false,
2022-10-02,2022,4,10,October,2,7,Sunday,true,,false,
2022-09-30,2022,3,9,September,30,5,Friday,false,,false,
2022-09-13,2022,3,9,September,13,2,Tuesday,false,,false,
2022-09-07,2022,3,9,September,7,3,Wednesday,false,,false,
2022-08-26,2022,3,8,August,26,5,Friday,false,,false,Summer peak
2022-08-25,2022,3,8,August,25,4,Thursday,false,,false,Summer peak
2022-08-24,2022,3,8,August,24,3,Wednesday,false,,false,Summer peak
2022-08-17,2022,3,8,August,17,3,Wednesday,false,,false,Summer peak
2022-08-13,2022,3,8,August,13,6,Saturday,true,,false,Summer peak
2022-08-08,2022,3,8,August,8,1,Monday,false,,false,Summer peak
2022-08-02,2022,3,8,August,2,2,Tuesday,false,,false,Summer peak
2022-07-24,2022,3,7,July,24,7,Sunday,true,,false,Summer peak
2022-07-15,2022,3,7,July,15,5,Friday,false,,false,Summer peak
2022-07-05,2022,3,7,July,5,2,Tuesday,false,,false,Summer peak
2022-06-06,2022,2,6,June,6,1,Monday,false,,false,Summer peak
2022-06-05,2022,2,6,June,5,7,Sunday,true,,false,Summer peak
2022-06-02,2022,2,6,June,2,4,Thursday,false,,false,Summer peak
2022-05-27,2022,2,5,May,27,5,Friday,false,,false,
2022-05-11,2022,2,5,May,11,3,Wednesday,false,,false,
2022-04-30,2022,2,4,April,30,6,Saturday,true,,false,
2022-04-09,2022,2,4,April,9,6,Saturday,true,,false,
2022-04-04,2022,2,4,April,4,1,Monday,false,,false,
2022-03-25,2022,1,3,March,25,5,Friday,false,,false,
2022-03-24,2022,1,3,March,24,4,Thursday,false,,false,
2022-03-20,2022,1,3,March,20,7,Sunday,true,,false,
2022-03-19,2022,1,3,March,19,6,Saturday,true,,false,
2022-03-12,2022,1,3,March,12,6,Saturday,true,,false,
2022-03-04,2022,1,3,March,4,5,Friday,false,,false,
2022-02-26,2022,1,2,February,26,6,Saturday,true,,false,
2022-02-17,2022,1,2,February,17,4,Thursday,false,,false,
2022-02-11,2022,1,2,February,11,5,Friday,false,,false,
2022-01-19,2022,1,1,January,19,3,Wednesday,false,,false,
2022-01-14,2022,1,1,January,14,5,Friday,false,,false,
2021-12-22,2021,4,12,December,22,3,Wednesday,false,,false,Christmas / New Year
2021-12-19,2021,4,12,December,19,7,Sunday,true,,false,
2021-12-15,2021,4,12,December,15,3,Wednesday,false,,false,
2021-12-07,2021,4,12,December,7,2,Tuesday,false,,false,
2021-11-22,2021,4,11,November,22,1,Monday,false,,false,
2021-11-21,2021,4,11,November,21,7,Sunday,true,,false,
2021-11-05,2021,4,11,November,5,5,Friday,false,,false,
2021-10-25,2021,4,10,October,25,1,Monday,false,,false,
2021-10-23,2021,4,10,October,23,6,Saturday,true,,false,
2021-10-16,2021,4,10,October,16,6,Saturday,true,,false,
2021-10-07,2021,4,10,October,7,4,Thursday,false,,false,
2021-10-04,2021,4,10,October,4,1,Monday,false,,false,
2021-09-29,2021,3,9,September,29,3,Wednesday,false,,false,
2021-09-26,2021,3,9,September,26,7,Sunday,true,,false,
2021-09-21,2021,3,9,September,21,2,Tuesday,false,,false,
2021-09-12,2021,3,9,September,12,7,Sunday,true,,false,
2021-09-11,2021,3,9,September,11,6,Saturday,true,,false,
2021-09-10,2021,3,9,September,10,5,Friday,false,,false,
2021-09-03,2021,3,9,September,3,5,Friday,false,,false,Summer peak
2021-08-17,2021,3,8,August,17,2,Tuesday,false,,false,Summer peak
2021-08-08,2021,3,8,August,8,7,Sunday,true,,false,Summer peak
2021-08-05,2021,3,8,August,5,4,Thursday,false,,false,Summer peak
2021-07-27,2021,3,7,July,27,2,Tuesday,false,,false,Summer peak
2021-07-20,2021,3,7,July,20,2,Tuesday,false,,false,Summer peak
2021-07-18,2021,3,7,July,18,7,Sunday,true,,false,Summer peak
2021-07-03,2021,3,7,July,3,6,Saturday,true,,false,Summer peak
2021-06-16,2021,2,6,June,16,3,Wednesday,false,,false,Summer peak
2021-06-09,2021,2,6,June,9,3,Wednesday,false,,false,Summer peak
2021-05-17,2021,2,5,May,17,1,Monday,false,,false,
2021-05-11,2021,2,5,May,11,2,Tuesday,false,,false,
2021-05-10,2021,2,5,May,10,1,Monday,false,,false,
2021-05-01,2021,2,5,May,1,6,Saturday,true,,false,
2021-04-29,2021,2,4,April,29,4,Thursday,false,,false,
2021-04-16,2021,2,4,April,16,5,Friday,false,,false,
2021-03-30,2021,1,3,March,30,2,Tuesday,false,,false,
2021-03-25,2021,1,3,March,25,4,Thursday,false,,false,
2021-03-22,2021,1,3,March,22,1,Monday,false,,false,
2021-03-19,2021,1,3,March,19,5,Friday,false,,false,
2021-03-18,2021,1,3,March,18,4,Thursday,false,,false,
2021-03-13,2021,1,3,March,13,6,Saturday,true,,false,
2021-03-08,2021,1,3,March,8,1,Monday,false,,false,
2021-02-27,2021,1,2,February,27,6,Saturday,true,,false,
2021-02-21,2021,1,2,February,21,7,Sunday,true,,false,
2021-02-20,2021,1,2,February,20,6,Saturday,true,,false,
2021-02-17,2021,1,2,February,17,3,Wednesday,false,,false,
2021-02-06,2021,1,2,February,6,6,Saturday,true,,false,
2021-02-04,2021,1,2,February,4,4,Thursday,false,,false,
2021-02-02,2021,1,2,February,2,2,Tuesday,false,,false,
2021-01-31,2021,1,1,January,31,7,Sunday,true,,false,
2021-01-27,2021,1,1,January,27,3,Wednesday,false,,false,
2021-01-13,2021,1,1,January,13,3,Wednesday,false,,false,
2021-01-08,2021,1,1,January,8,5,Friday,false,,false,
2025-12-22,2025,4,12,December,22,1,Monday,false,,false,Christmas / New Year
2025-12-18,2025,4,12,December,18,4,Thursday,false,,false,
2025-12-14,2025,4,12,December,14,7,Sunday,true,,false,
2025-12-13,2025,4,12,December,13,6,Saturday,true,,false,
2025-12-06,2025,4,12,December,6,6,Saturday,true,,false,
2025-12-05,2025,4,12,December,5,5,Friday,false,,false,
2025-12-03,2025,4,12,December,3,3,Wednesday,false,,false,
2025-11-18,2025,4,11,November,18,2,Tuesday,false,,false,
2025-11-15,2025,4,11,November,15,6,Saturday,true,,false,
2025-10-24,2025,4,10,October,24,5,Friday,false,,false,
2025-10-15,2025,4,10,October,15,3,Wednesday,false,,false,
2025-10-07,2025,4,10,October,7,2,Tuesday,false,,false,
2025-10-06,2025,4,10,October,6,1,Monday,false,,false,
2025-10-02,2025,4,10,October,2,4,Thursday,false,,false,
2025-09-19,2025,3,9,September,19,5,Friday,false,,false,
2025-09-13,2025,3,9,September,13,6,Saturday,true,,false,
2025-09-03,2025,3,9,September,3,3,Wednesday,false,,false,Summer peak
2025-08-23,2025,3,8,August,23,6,Saturday,true,,false,Summer peak
2025-08-21,2025,3,8,August,21,4,Thursday,false,,false,Summer peak
2025-08-20,2025,3,8,August,20,3,Wednesday,false,,false,Summer peak
2025-08-13,2025,3,8,August,13,3,Wednesday,false,,false,Summer peak
2025-08-11,2025,3,8,August,11,1,Monday,false,,false,Summer peak
2025-08-06,2025,3,8,August,6,3,Wednesday,false,,false,Summer peak
2025-08-04,2025,3,8,August,4,1,Monday,false,,false,Summer peak
2025-07-22,2025,3,7,July,22,2,Tuesday,false,,false,Summer peak
2025-07-13,2025,3,7,July,13,7,Sunday,true,,false,Summer peak
2025-07-03,2025,3,7,July,3,4,Thursday,false,,false,Summer peak
2025-06-27,2025,2,6,June,27,5,Friday,false,,false,Summer peak
2025-06-26,2025,2,6,June,26,4,Thursday,false,,false,Summer peak
2025-06-22,2025,2,6,June,22,7,Sunday,true,,false,Summer peak
2025-06-18,2025,2,6,June,18,3,Wednesday,false,,false,Summer peak
2025-06-07,2025,2,6,June,7,6,Saturday,true,,false,Summer peak
2025-05-25,2025,2,5,May,25,7,Sunday,true,,false,
2025-05-20,2025,2,5,May,20,2,Tuesday,false,,false,
2025-05-09,2025,2,5,May,9,5,Friday,false,,false,
2025-05-07,2025,2,5,May,7,3,Wednesday,false,,false,
2025-04-29,2025,2,4,April,29,2,Tuesday,false,,false,
2025-04-12,2025,2,4,April,12,6,Saturday,true,,false,
2025-04-11,2025,2,4,April,11,5,Friday,false,,false,
2025-04-06,2025,2,4,April,6,7,Sunday,true,,false,
2025-04-05,2025,2,4,April,5,6,Saturday,true,,false,
2025-04-03,2025,2,4,April,3,4,Thursday,false,,false,
2025-04-01,2025,2,4,April,1,2,Tuesday,false,,false,
2025-03-31,2025,1,3,March,31,1,Monday,false,,false,
2025-03-28,2025,1,3,March,28,5,Friday,false,,false,
2025-03-27,2025,1,3,March,27,4,Thursday,false,,false,
2025-03-17,2025,1,3,March,17,1,Monday,false,,false,
2025-02-18,2025,1,2,February,18,2,Tuesday,false,,false,
2025-02-13,2025,1,2,February,13,4,Thursday,false,,false,
2025-02-07,2025,1,2,February,7,5,Friday,false,,false,
2025-01-24,2025,1,1,January,24,5,Friday,false,,false,
2025-01-10,2025,1,1,January,10,5,Friday,false,,false,
2024-12-24,2024,4,12,December,24,2,Tuesday,false,,false,Christmas / New Year
2024-12-17,2024,4,12,December,17,2,Tuesday,false,,false,
2024-12-13,2024,4,12,December,13,5,Friday,false,,false,
2024-11-19,2024,4,11,November,19,2,Tuesday,false,,false,
2024-11-07,2024,4,11,November,7,4,Thursday,false,,false,
2024-10-26,2024,4,10,October,26,6,Saturday,true,,false,
2024-10-22,2024,4,10,October,22,2,Tuesday,false,,false,
2024-10-16,2024,4,10,October,16,3,Wednesday,false,,false,
2024-10-15,2024,4,10,October,15,2,Tuesday,false,,false,
2024-10-07,2024,4,10,October,7,1,Monday,false,,false,
2024-09-22,2024,3,9,September,22,7,Sunday,true,,false,
2024-09-16,2024,3,9,September,16,1,Monday,false,,false,
2024-08-27,2024,3,8,August,27,2,Tuesday,false,,false,Summer peak
2024-08-07,2024,3,8,August,7,3,Wednesday,false,,false,Summer peak
2024-08-03,2024,3,8,August,3,6,Saturday,true,,false,Summer peak
2024-07-24,2024,3,7,July,24,3,Wednesday,false,,false,Summer peak
2024-07-19,2024,3,7,July,19,5,Friday,false,,false,Summer peak
2024-07-08,2024,3,7,July,8,1,Monday,false,,false,Summer peak
2024-06-26,2024,2,6,June,26,3,Wednesday,false,,false,Summer peak
2024-06-14,2024,2,6,June,14,5,Friday,false,,false,Summer peak
2024-05-24,2024,2,5,May,24,5,Friday,false,,false,
2024-05-11,2024,2,5,May,11,6,Saturday,true,,false,
2024-05-08,2024,2,5,May,8,3,Wednesday,false,,false,
2024-05-06,2024,2,5,May,6,1,Monday,false,,false,
2024-05-05,2024,2,5,May,5,7,Sunday,true,,false,
2024-05-01,2024,2,5,May,1,3,Wednesday,false,,false,
2024-04-26,2024,2,4,April,26,5,Friday,false,,false,
2024-04-25,2024,2,4,April,25,4,Thursday,false,,false,
2024-04-21,2024,2,4,April,21,7,Sunday,true,,false,
2024-04-12,2024,2,4,April,12,5,Friday,false,,false,
2024-04-07,2024,2,4,April,7,7,Sunday,true,,false,
2024-04-05,2024,2,4,April,5,5,Friday,false,,false,
2024-04-02,2024,2,4,April,2,2,Tuesday,false,,false,
2024-03-28,2024,1,3,March,28,4,Thursday,false,,false,
2024-03-25,2024,1,3,March,25,1,Monday,false,,false,
2024-03-15,2024,1,3,March,15,5,Friday,false,,false,
2024-03-14,2024,1,3,March,14,4,Thursday,false,,false,
2024-03-03,2024,1,3,March,3,7,Sunday,true,,false,
2024-02-13,2024,1,2,February,13,2,Tuesday,false,,false,
2024-02-11,2024,1,2,February,11,7,Sunday,true,,false,
2024-02-06,2024,1,2,February,6,2,Tuesday,false,,false,
2024-01-28,2024,1,1,January,28,7,Sunday,true,,false,
2024-01-24,2024,1,1,January,24,3,Wednesday,false,,false,
2024-01-21,2024,1,1,January,21,7,Sunday,true,,false,
2024-01-20,2024,1,1,January,20,6,Saturday,true,,false,
2024-01-08,2024,1,1,January,8,1,Monday,false,,false,
2024-01-04,2024,1,1,January,4,4,Thursday,false,,false,
2023-12-30,2023,4,12,December,30,6,Saturday,true,,false,Christmas / New Year
2023-12-29,2023,4,12,December,29,5,Friday,false,,false,Christmas / New Year
2023-12-17,2023,4,12,December,17,7,Sunday,true,,false,
2023-12-09,2023,4,12,December,9,6,Saturday,true,,false,
2023-12-06,2023,4,12,December,6,3,Wednesday,false,,false,
2023-12-03,2023,4,12,December,3,7,Sunday,true,,false,
2023-11-15,2023,4,11,November,15,3,Wednesday,false,,false,
2023-11-12,2023,4,11,November,12,7,Sunday,true,,false,
2023-11-10,2023,4,11,November,10,5,Friday,false,,false,
2023-11-05,2023,4,11,November,5,7,Sunday,true,,false,
2023-10-21,2023,4,10,October,21,6,Saturday,true,,false,
2023-10-18,2023,4,10,October,18,3,Wednesday,false,,false,
2023-10-15,2023,4,10,October,15,7,Sunday,true,,false,
2023-10-07,2023,4,10,October,7,6,Saturday,true,,false,
2023-09-30,2023,3,9,September,30,6,Saturday,true,,false,
2023-09-23,2023,3,9,September,23,6,Saturday,true,,false,
2023-09-22,2023,3,9,September,22,5,Friday,false,,false,
2023-09-15,2023,3,9,September,15,5,Friday,false,,false,
2023-09-13,2023,3,9,September,13,3,Wednesday,false,,false,
2023-09-02,2023,3,9,September,2,6,Saturday,true,,false,Summer peak
2023-08-26,2023,3,8,August,26,6,Saturday,true,,false,Summer peak
2023-08-09,2023,3,8,August,9,3,Wednesday,false,,false,Summer peak
2023-07-05,2023,3,7,July,5,3,Wednesday,false,,false,Summer peak
2023-07-03,2023,3,7,July,3,1,Monday,false,,false,Summer peak
2023-06-14,2023,2,6,June,14,3,Wednesday,false,,false,Summer peak
2023-06-13,2023,2,6,June,13,2,Tuesday,false,,false,Summer peak
2023-06-11,2023,2,6,June,11,7,Sunday,true,,false,Summer peak
2023-06-08,2023,2,6,June,8,4,Thursday,false,,false,Summer peak
2023-06-06,2023,2,6,June,6,2,Tuesday,false,,false,Summer peak
2023-06-05,2023,2,6,June,5,1,Monday,false,,false,Summer peak
2023-06-04,2023,2,6,June,4,7,Sunday,true,,false,Summer peak
2023-05-19,2023,2,5,May,19,5,Friday,false,,false,
2023-05-01,2023,2,5,May,1,1,Monday,false,,false,
2023-04-24,2023,2,4,April,24,1,Monday,false,,false,
2023-04-23,2023,2,4,April,23,7,Sunday,true,,false,
2023-04-15,2023,2,4,April,15,6,Saturday,true,,false,
2023-04-08,2023,2,4,April,8,6,Saturday,true,,false,
2023-04-07,2023,2,4,April,7,5,Friday,false,,false,
2023-04-04,2023,2,4,April,4,2,Tuesday,false,,false,
2023-03-28,2023,1,3,March,28,2,Tuesday,false,,false,
2023-03-22,2023,1,3,March,22,3,Wednesday,false,,false,
2023-03-11,2023,1,3,March,11,6,Saturday,true,,false,
2023-03-10,2023,1,3,March,10,5,Friday,false,,false,
2023-03-07,2023,1,3,March,7,2,Tuesday,false,,false,
2023-03-04,2023,1,3,March,4,6,Saturday,true,,false,
2023-02-21,2023,1,2,February,21,2,Tuesday,false,,false,
2023-02-15,2023,1,2,February,15,3,Wednesday,false,,false,
2023-01-29,2023,1,1,January,29,7,Sunday,true,,false,
2023-01-24,2023,1,1,January,24,2,Tuesday,false,,false,
2023-01-19,2023,1,1,January,19,4,Thursday,false,,false,
2023-01-15,2023,1,1,January,15,7,Sunday,true,,false,
2023-01-11,2023,1,1,January,11,3,Wednesday,false,,false,
2022-12-31,2022,4,12,December,31,6,Saturday,true,,false,Christmas / New Year
2022-12-23,2022,4,12,December,23,5,Friday,false,,false,Christmas / New Year
2022-12-17,2022,4,12,December,17,6,Saturday,true,,false,
2022-12-02,2022,4,12,December,2,5,Friday,false,,false,
2022-11-18,2022,4,11,November,18,5,Friday,false,,false,
2022-10-20,2022,4,10,October,20,4,Thursday,false,,false,
2022-10-19,2022,4,10,October,19,3,Wednesday,false,,false,
2022-10-17,2022,4,10,October,17,1,Monday,false,,false,
2022-10-12,2022,4,10,October,12,3,Wednesday,false,,false,
2022-10-01,2022,4,10,October,1,6,Saturday,true,,false,
2022-09-27,2022,3,9,September,27,2,Tuesday,false,,false,
2022-09-15,2022,3,9,September,15,4,Thursday,false,,false,
2022-08-11,2022,3,8,August,11,4,Thursday,false,,false,Summer peak
2022-07-30,2022,3,7,July,30,6,Saturday,true,,false,Summer peak
2022-07-21,2022,3,7,July,21,4,Thursday,false,,false,Summer peak
2022-07-18,2022,3,7,July,18,1,Monday,false,,false,Summer peak
2022-07-09,2022,3,7,July,9,6,Saturday,true,,false,Summer peak
2022-06-30,2022,2,6,June,30,4,Thursday,false,,false,Summer peak
2022-06-24,2022,2,6,June,24,5,Friday,false,,false,Summer peak
2022-06-21,2022,2,6,June,21,2,Tuesday,false,,false,Summer peak
2022-06-17,2022,2,6,June,17,5,Friday,false,,false,Summer peak
2022-06-14,2022,2,6,June,14,2,Tuesday,false,,false,Summer peak
2022-06-12,2022,2,6,June,12,7,Sunday,true,,false,Summer peak
2022-05-28,2022,2,5,May,28,6,Saturday,true,,false,
2022-05-19,2022,2,5,May,19,4,Thursday,false,,false,
2022-05-12,2022,2,5,May,12,4,Thursday,false,,false,
2022-04-27,2022,2,4,April,27,3,Wednesday,false,,false,
2022-04-06,2022,2,4,April,6,3,Wednesday,false,,false,
2022-03-30,2022,1,3,March,30,3,Wednesday,false,,false,
2022-03-27,2022,1,3,March,27,7,Sunday,true,,false,
2022-03-26,2022,1,3,March,26,6,Saturday,true,,false,
2022-02-23,2022,1,2,February,23,3,Wednesday,false,,false,
2022-02-19,2022,1,2,February,19,6,Saturday,true,,false,
2022-01-30,2022,1,1,January,30,7,Sunday,true,,false,
2022-01-16,2022,1,1,January,16,7,Sunday,true,,false,
2022-01-03,2022,1,1,January,3,1,Monday,false,,false,Christmas / New Year
2021-12-05,2021,4,12,December,5,7,Sunday,true,,false,
2021-11-30,2021,4,11,November,30,2,Tuesday,false,,false,
2021-11-10,2021,4,11,November,10,3,Wednesday,false,,false,
2021-11-04,2021,4,11,November,4,4,Thursday,false,,false,
2021-10-28,2021,4,10,October,28,4,Thursday,false,,false,
2021-10-18,2021,4,10,October,18,1,Monday,false,,false,
2021-10-14,2021,4,10,October,14,4,Thursday,false,,false,
2021-10-12,2021,4,10,October,12,2,Tuesday,false,,false,
2021-10-02,2021,4,10,October,2,6,Saturday,true,,false,
2021-09-27,2021,3,9,September,27,1,Monday,false,,false,
2021-09-24,2021,3,9,September,24,5,Friday,false,,false,
2021-09-17,2021,3,9,September,17,5,Friday,false,,false,
2021-09-13,2021,3,9,September,13,1,Monday,false,,false,
2021-09-08,2021,3,9,September,8,3,Wednesday,false,,false,
2021-09-05,2021,3,9,September,5,7,Sunday,true,,false,Summer peak
2021-09-02,2021,3,9,September,2,4,Thursday,false,,false,Summer peak
2021-08-29,2021,3,8,August,29,7,Sunday,true,,false,Summer peak
2021-08-27,2021,3,8,August,27,5,Friday,false,,false,Summer peak
2021-08-19,2021,3,8,August,19,4,Thursday,false,,false,Summer peak
2021-07-31,2021,3,7,July,31,6,Saturday,true,,false,Summer peak
2021-07-29,2021,3,7,July,29,4,Thursday,false,,false,Summer peak
2021-07-28,2021,3,7,July,28,3,Wednesday,false,,false,Summer peak
2021-07-11,2021,3,7,July,11,7,Sunday,true,,false,Summer peak
2021-06-30,2021,2,6,June,30,3,Wednesday,false,,false,Summer peak
2021-06-18,2021,2,6,June,18,5,Friday,false,,false,Summer peak
2021-06-17,2021,2,6,June,17,4,Thursday,false,,false,Summer peak
2021-06-12,2021,2,6,June,12,6,Saturday,true,,false,Summer peak
2021-06-11,2021,2,6,June,11,5,Friday,false,,false,Summer peak
2021-06-06,2021,2,6,June,6,7,Sunday,true,,false,Summer peak
2021-05-21,2021,2,5,May,21,5,Friday,false,,false,
2021-05-18,2021,2,5,May,18,2,Tuesday,false,,false,
2021-05-14,2021,2,5,May,14,5,Friday,false,,false,
2021-05-06,2021,2,5,May,6,4,Thursday,false,,false,
2021-05-05,2021,2,5,May,5,3,Wednesday,false,,false,
2021-04-28,2021,2,4,April,28,3,Wednesday,false,,false,
2021-04-25,2021,2,4,April,25,7,Sunday,true,,false,
2021-04-12,2021,2,4,April,12,1,Monday,false,,false,
2021-04-08,2021,2,4,April,8,4,Thursday,false,,false,
2021-03-31,2021,1,3,March,31,3,Wednesday,false,,false,
2021-03-14,2021,1,3,March,14,7,Sunday,true,,false,
2021-02-25,2021,1,2,February,25,4,Thursday,false,,false,
2021-02-23,2021,1,2,February,23,2,Tuesday,false,,false,
2021-02-11,2021,1,2,February,11,4,Thursday,false,,false,
2021-02-10,2021,1,2,February,10,3,Wednesday,false,,false,
2021-01-19,2021,1,1,January,19,2,Tuesday,false,,false,
2021-01-09,2021,1,1,January,9,6,Saturday,true,,false,
2021-01-06,2021,1,1,January,6,3,Wednesday,false,,false,
2025-12-20,2025,4,12,December,20,6,Saturday,true,,false,Christmas / New Year
2025-12-02,2025,4,12,December,2,2,Tuesday,false,,false,
2025-11-24,2025,4,11,November,24,1,Monday,false,,false,
2025-11-17,2025,4,11,November,17,1,Monday,false,,false,
2025-11-13,2025,4,11,November,13,4,Thursday,false,,false,
2025-11-12,2025,4,11,November,12,3,Wednesday,false,,false,
2025-11-10,2025,4,11,November,10,1,Monday,false,,false,
2025-11-06,2025,4,11,November,6,4,Thursday,false,,false,
2025-11-04,2025,4,11,November,4,2,Tuesday,false,,false,
2025-10-18,2025,4,10,October,18,6,Saturday,true,,false,
2025-10-09,2025,4,10,October,9,4,Thursday,false,,false,
2025-09-29,2025,3,9,September,29,1,Monday,false,,false,
2025-09-20,2025,3,9,September,20,6,Saturday,true,,false,
2025-09-15,2025,3,9,September,15,1,Monday,false,,false,
2025-09-08,2025,3,9,September,8,1,Monday,false,,false,
2025-08-31,2025,3,8,August,31,7,Sunday,true,,false,Summer peak
2025-08-28,2025,3,8,August,28,4,Thursday,false,,false,Summer peak
2025-08-18,2025,3,8,August,18,1,Monday,false,,false,Summer peak
2025-08-12,2025,3,8,August,12,2,Tuesday,false,,false,Summer peak
2025-07-07,2025,3,7,July,7,1,Monday,false,,false,Summer peak
2025-06-24,2025,2,6,June,24,2,Tuesday,false,,false,Summer peak
2025-06-03,2025,2,6,June,3,2,Tuesday,false,,false,Summer peak
2025-05-28,2025,2,5,May,28,3,Wednesday,false,,false,
2025-05-06,2025,2,5,May,6,2,Tuesday,false,,false,
2025-05-05,2025,2,5,May,5,1,Monday,false,,false,
2025-05-04,2025,2,5,May,4,7,Sunday,true,,false,
2025-04-28,2025,2,4,April,28,1,Monday,false,,false,
2025-04-26,2025,2,4,April,26,6,Saturday,true,,false,
2025-04-18,2025,2,4,April,18,5,Friday,false,,false,
2025-04-17,2025,2,4,April,17,4,Thursday,false,,false,
2025-04-08,2025,2,4,April,8,2,Tuesday,false,,false,
2025-03-16,2025,1,3,March,16,7,Sunday,true,,false,
2025-03-07,2025,1,3,March,7,5,Friday,false,,false,
2025-03-05,2025,1,3,March,5,3,Wednesday,false,,false,
2025-03-01,2025,1,3,March,1,6,Saturday,true,,false,
2025-02-04,2025,1,2,February,4,2,Tuesday,false,,false,
2025-01-27,2025,1,1,January,27,1,Monday,false,,false,
2025-01-12,2025,1,1,January,12,7,Sunday,true,,false,
2025-01-11,2025,1,1,January,11,6,Saturday,true,,false,
2024-12-26,2024,4,12,December,26,4,Thursday,false,,false,Christmas / New Year
2024-11-18,2024,4,11,November,18,1,Monday,false,,false,
2024-11-10,2024,4,11,November,10,7,Sunday,true,,false,
2024-11-02,2024,4,11,November,2,6,Saturday,true,,false,
2024-10-29,2024,4,10,October,29,2,Tuesday,false,,false,
2024-10-11,2024,4,10,October,11,5,Friday,false,,false,
2024-10-09,2024,4,10,October,9,3,Wednesday,false,,false,
2024-10-06,2024,4,10,October,6,7,Sunday,true,,false,
2024-10-02,2024,4,10,October,2,3,Wednesday,false,,false,
2024-09-23,2024,3,9,September,23,1,Monday,false,,false,
2024-08-06,2024,3,8,August,6,2,Tuesday,false,,false,Summer peak
2024-07-23,2024,3,7,July,23,2,Tuesday,false,,false,Summer peak
2024-07-21,2024,3,7,July,21,7,Sunday,true,,false,Summer peak
2024-07-15,2024,3,7,July,15,1,Monday,false,,false,Summer peak
2024-07-14,2024,3,7,July,14,7,Sunday,true,,false,Summer peak
2024-07-09,2024,3,7,July,9,2,Tuesday,false,,false,Summer peak
2024-06-16,2024,2,6,June,16,7,Sunday,true,,false,Summer peak
2024-05-22,2024,2,5,May,22,3,Wednesday,false,,false,
2024-05-16,2024,2,5,May,16,4,Thursday,false,,false,
2024-05-14,2024,2,5,May,14,2,Tuesday,false,,false,
2024-05-12,2024,2,5,May,12,7,Sunday,true,,false,
2024-05-07,2024,2,5,May,7,2,Tuesday,false,,false,
2024-04-11,2024,2,4,April,11,4,Thursday,false,,false,
2024-04-10,2024,2,4,April,10,3,Wednesday,false,,false,
2024-04-06,2024,2,4,April,6,6,Saturday,true,,false,
2024-03-29,2024,1,3,March,29,5,Friday,false,,false,
2024-03-23,2024,1,3,March,23,6,Saturday,true,,false,
2024-03-13,2024,1,3,March,13,3,Wednesday,false,,false,
2024-03-08,2024,1,3,March,8,5,Friday,false,,false,
2024-02-23,2024,1,2,February,23,5,Friday,false,,false,
2024-02-12,2024,1,2,February,12,1,Monday,false,,false,
2023-12-24,2023,4,12,December,24,7,Sunday,true,,false,Christmas / New Year
2023-12-21,2023,4,12,December,21,4,Thursday,false,,false,Christmas / New Year
2023-12-14,2023,4,12,December,14,4,Thursday,false,,false,
2023-12-11,2023,4,12,December,11,1,Monday,false,,false,
2023-12-08,2023,4,12,December,8,5,Friday,false,,false,
2023-11-16,2023,4,11,November,16,4,Thursday,false,,false,
2023-11-13,2023,4,11,November,13,1,Monday,false,,false,
2023-10-19,2023,4,10,October,19,4,Thursday,false,,false,
2023-10-06,2023,4,10,October,6,5,Friday,false,,false,
2023-09-28,2023,3,9,September,28,4,Thursday,false,,false,
2023-09-11,2023,3,9,September,11,1,Monday,false,,false,
2023-09-07,2023,3,9,September,7,4,Thursday,false,,false,
2023-08-14,2023,3,8,August,14,1,Monday,false,,false,Summer peak
2023-08-12,2023,3,8,August,12,6,Saturday,true,,false,Summer peak
2023-08-11,2023,3,8,August,11,5,Friday,false,,false,Summer peak
2023-08-07,2023,3,8,August,7,1,Monday,false,,false,Summer peak
2023-07-30,2023,3,7,July,30,7,Sunday,true,,false,Summer peak
2023-07-17,2023,3,7,July,17,1,Monday,false,,false,Summer peak
2023-07-12,2023,3,7,July,12,3,Wednesday,false,,false,Summer peak
2023-07-10,2023,3,7,July,10,1,Monday,false,,false,Summer peak
2023-07-06,2023,3,7,July,6,4,Thursday,false,,false,Summer peak
2023-07-02,2023,3,7,July,2,7,Sunday,true,,false,Summer peak
2023-07-01,2023,3,7,July,1,6,Saturday,true,,false,Summer peak
2023-06-30,2023,2,6,June,30,5,Friday,false,,false,Summer peak
2023-05-26,2023,2,5,May,26,5,Friday,false,,false,
2023-05-17,2023,2,5,May,17,3,Wednesday,false,,false,
2023-05-05,2023,2,5,May,5,5,Friday,false,,false,
2023-04-10,2023,2,4,April,10,1,Monday,false,,false,
2023-03-25,2023,1,3,March,25,6,Saturday,true,,false,
2023-03-19,2023,1,3,March,19,7,Sunday,true,,false,
2023-03-08,2023,1,3,March,8,3,Wednesday,false,,false,
2023-03-02,2023,1,3,March,2,4,Thursday,false,,false,
2023-02-28,2023,1,2,February,28,2,Tuesday,false,,false,
2023-02-22,2023,1,2,February,22,3,Wednesday,false,,false,
2023-02-13,2023,1,2,February,13,1,Monday,false,,false,
2023-02-01,2023,1,2,February,1,3,Wednesday,false,,false,
2023-01-22,2023,1,1,January,22,7,Sunday,true,,false,
2023-01-13,2023,1,1,January,13,5,Friday,false,,false,
2023-01-09,2023,1,1,January,9,1,Monday,false,,false,
2023-01-06,2023,1,1,January,6,5,Friday,false,,false,
2022-12-18,2022,4,12,December,18,7,Sunday,true,,false,
2022-12-14,2022,4,12,December,14,3,Wednesday,false,,false,
2022-11-16,2022,4,11,November,16,3,Wednesday,false,,false,
2022-11-10,2022,4,11,November,10,4,Thursday,false,,false,
2022-10-30,2022,4,10,October,30,7,Sunday,true,,false,
2022-10-28,2022,4,10,October,28,5,Friday,false,,false,
2022-10-23,2022,4,10,October,23,7,Sunday,true,,false,
2022-10-22,2022,4,10,October,22,6,Saturday,true,,false,
2022-10-18,2022,4,10,October,18,2,Tuesday,false,,false,
2022-10-15,2022,4,10,October,15,6,Saturday,true,,false,
2022-10-07,2022,4,10,October,7,5,Friday,false,,false,
2022-09-23,2022,3,9,September,23,5,Friday,false,,false,
2022-09-18,2022,3,9,September,18,7,Sunday,true,,false,
2022-09-14,2022,3,9,September,14,3,Wednesday,false,,false,
2022-09-11,2022,3,9,September,11,7,Sunday,true,,false,
2022-09-06,2022,3,9,September,6,2,Tuesday,false,,false,Summer peak
2022-08-28,2022,3,8,August,28,7,Sunday,true,,false,Summer peak
2022-08-22,2022,3,8,August,22,1,Monday,false,,false,Summer peak
2022-08-18,2022,3,8,August,18,4,Thursday,false,,false,Summer peak
2022-08-09,2022,3,8,August,9,2,Tuesday,false,,false,Summer peak
2022-07-17,2022,3,7,July,17,7,Sunday,true,,false,Summer peak
2022-07-07,2022,3,7,July,7,4,Thursday,false,,false,Summer peak
2022-07-02,2022,3,7,July,2,6,Saturday,true,,false,Summer peak
2022-06-16,2022,2,6,June,16,4,Thursday,false,,false,Summer peak
2022-06-04,2022,2,6,June,4,6,Saturday,true,,false,Summer peak
2022-05-29,2022,2,5,May,29,7,Sunday,true,,false,
2022-05-16,2022,2,5,May,16,1,Monday,false,,false,
2022-05-09,2022,2,5,May,9,1,Monday,false,,false,
2022-04-29,2022,2,4,April,29,5,Friday,false,,false,
2022-04-21,2022,2,4,April,21,4,Thursday,false,,false,
2022-04-10,2022,2,4,April,10,7,Sunday,true,,false,
2022-04-05,2022,2,4,April,5,2,Tuesday,false,,false,
2022-03-03,2022,1,3,March,3,4,Thursday,false,,false,
2022-03-01,2022,1,3,March,1,2,Tuesday,false,,false,
2022-02-16,2022,1,2,February,16,3,Wednesday,false,,false,
2022-02-15,2022,1,2,February,15,2,Tuesday,false,,false,
2022-02-14,2022,1,2,February,14,1,Monday,false,,false,
2022-02-10,2022,1,2,February,10,4,Thursday,false,,false,
2022-01-24,2022,1,1,January,24,1,Monday,false,,false,
2022-01-09,2022,1,1,January,9,7,Sunday,true,,false,
2022-01-05,2022,1,1,January,5,3,Wednesday,false,,false,
2022-01-04,2022,1,1,January,4,2,Tuesday,false,,false,
2021-12-31,2021,4,12,December,31,5,Friday,false,,false,Christmas / New Year
2021-12-27,2021,4,12,December,27,1,Monday,false,,false,Christmas / New Year
2021-12-21,2021,4,12,December,21,2,Tuesday,false,,false,Christmas / New Year
2021-12-11,2021,4,12,December,11,6,Saturday,true,,false,
2021-11-09,2021,4,11,November,9,2,Tuesday,false,,false,
2021-11-01,2021,4,11,November,1,1,Monday,false,,false,
2021-10-27,2021,4,10,October,27,3,Wednesday,false,,false,
2021-10-17,2021,4,10,October,17,7,Sunday,true,,false,
2021-10-05,2021,4,10,October,5,2,Tuesday,false,,false,
2021-10-03,2021,4,10,October,3,7,Sunday,true,,false,
2021-09-25,2021,3,9,September,25,6,Saturday,true,,false,
2021-08-09,2021,3,8,August,9,1,Monday,false,,false,Summer peak
2021-08-03,2021,3,8,August,3,2,Tuesday,false,,false,Summer peak
2021-07-23,2021,3,7,July,23,5,Friday,false,,false,Summer peak
2021-07-14,2021,3,7,July,14,3,Wednesday,false,,false,Summer peak
2021-06-28,2021,2,6,June,28,1,Monday,false,,false,Summer peak
2021-06-20,2021,2,6,June,20,7,Sunday,true,,false,Summer peak
2021-06-05,2021,2,6,June,5,6,Saturday,true,,false,Summer peak
2021-05-07,2021,2,5,May,7,5,Friday,false,,false,
2021-04-27,2021,2,4,April,27,2,Tuesday,false,,false,
2021-04-18,2021,2,4,April,18,7,Sunday,true,,false,
2021-03-21,2021,1,3,March,21,7,Sunday,true,,false,
2021-03-15,2021,1,3,March,15,1,Monday,false,,false,
2021-03-12,2021,1,3,March,12,5,Friday,false,,false,
2021-03-07,2021,1,3,March,7,7,Sunday,true,,false,
2021-02-26,2021,1,2,February,26,5,Friday,false,,false,
2021-02-16,2021,1,2,February,16,2,Tuesday,false,,false,
2021-02-14,2021,1,2,February,14,7,Sunday,true,,false,
2021-01-20,2021,1,1,January,20,3,Wednesday,false,,false,
2021-01-14,2021,1,1,January,14,4,Thursday,false,,false,
2021-01-05,2021,1,1,January,5,2,Tuesday,false,,false,
2025-11-22,2025,4,11,November,22,6,Saturday,true,,false,
2025-11-20,2025,4,11,November,20,4,Thursday,false,,false,
2025-11-19,2025,4,11,November,19,3,Wednesday,false,,false,
2025-11-16,2025,4,11,November,16,7,Sunday,true,,false,
2025-11-05,2025,4,11,November,5,3,Wednesday,false,,false,
2025-11-01,2025,4,11,November,1,6,Saturday,true,,false,
2025-10-20,2025,4,10,October,20,1,Monday,false,,false,
2025-10-17,2025,4,10,October,17,5,Friday,false,,false,
2025-10-14,2025,4,10,October,14,2,Tuesday,false,,false,
2025-10-11,2025,4,10,October,11,6,Saturday,true,,false,
2025-10-08,2025,4,10,October,8,3,Wednesday,false,,false,
2025-10-01,2025,4,10,October,1,3,Wednesday,false,,false,
2025-09-26,2025,3,9,September,26,5,Friday,false,,false,
2025-09-09,2025,3,9,September,9,2,Tuesday,false,,false,
2025-08-19,2025,3,8,August,19,2,Tuesday,false,,false,Summer peak
2025-08-05,2025,3,8,August,5,2,Tuesday,false,,false,Summer peak
2025-07-28,2025,3,7,July,28,1,Monday,false,,false,Summer peak
2025-07-24,2025,3,7,July,24,4,Thursday,false,,false,Summer peak
2025-07-21,2025,3,7,July,21,1,Monday,false,,false,Summer peak
2025-07-08,2025,3,7,July,8,2,Tuesday,false,,false,Summer peak
2025-07-05,2025,3,7,July,5,6,Saturday,true,,false,Summer peak
2025-06-25,2025,2,6,June,25,3,Wednesday,false,,false,Summer peak
2025-06-21,2025,2,6,June,21,6,Saturday,true,,false,Summer peak
2025-06-16,2025,2,6,June,16,1,Monday,false,,false,Summer peak
2025-05-24,2025,2,5,May,24,6,Saturday,true,,false,
2025-05-22,2025,2,5,May,22,4,Thursday,false,,false,
2025-05-18,2025,2,5,May,18,7,Sunday,true,,false,
2025-05-16,2025,2,5,May,16,5,Friday,false,,false,
2025-05-13,2025,2,5,May,13,2,Tuesday,false,,false,
2025-05-02,2025,2,5,May,2,5,Friday,false,,false,
2025-05-01,2025,2,5,May,1,4,Thursday,false,,false,
2025-04-20,2025,2,4,April,20,7,Sunday,true,,false,
2025-04-10,2025,2,4,April,10,4,Thursday,false,,false,
2025-03-29,2025,1,3,March,29,6,Saturday,true,,false,
2025-03-23,2025,1,3,March,23,7,Sunday,true,,false,
2025-03-20,2025,1,3,March,20,4,Thursday,false,,false,
2025-03-19,2025,1,3,March,19,3,Wednesday,false,,false,
2025-03-13,2025,1,3,March,13,4,Thursday,false,,false,
2025-03-04,2025,1,3,March,4,2,Tuesday,false,,false,
2025-02-24,2025,1,2,February,24,1,Monday,false,,false,
2025-02-19,2025,1,2,February,19,3,Wednesday,false,,false,
2025-02-02,2025,1,2,February,2,7,Sunday,true,,false,
2025-01-31,2025,1,1,January,31,5,Friday,false,,false,
2025-01-28,2025,1,1,January,28,2,Tuesday,false,,false,
2025-01-25,2025,1,1,January,25,6,Saturday,true,,false,
2025-01-23,2025,1,1,January,23,4,Thursday,false,,false,
2025-01-03,2025,1,1,January,3,5,Friday,false,,false,Christmas / New Year
2024-12-29,2024,4,12,December,29,7,Sunday,true,,false,Christmas / New Year
2024-12-03,2024,4,12,December,3,2,Tuesday,false,,false,
2024-11-06,2024,4,11,November,6,3,Wednesday,false,,false,
2024-10-08,2024,4,10,October,8,2,Tuesday,false,,false,
2024-09-30,2024,3,9,September,30,1,Monday,false,,false,
2024-09-25,2024,3,9,September,25,3,Wednesday,false,,false,
2024-09-19,2024,3,9,September,19,4,Thursday,false,,false,
2024-09-14,2024,3,9,September,14,6,Saturday,true,,false,
2024-09-12,2024,3,9,September,12,4,Thursday,false,,false,
2024-09-08,2024,3,9,September,8,7,Sunday,true,,false,
2024-08-26,2024,3,8,August,26,1,Monday,false,,false,Summer peak
2024-08-15,2024,3,8,August,15,4,Thursday,false,,false,Summer peak
2024-07-28,2024,3,7,July,28,7,Sunday,true,,false,Summer peak
2024-07-27,2024,3,7,July,27,6,Saturday,true,,false,Summer peak
2024-07-06,2024,3,7,July,6,6,Saturday,true,,false,Summer peak
2024-06-28,2024,2,6,June,28,5,Friday,false,,false,Summer peak
2024-06-07,2024,2,6,June,7,5,Friday,false,,false,Summer peak
2024-06-05,2024,2,6,June,5,3,Wednesday,false,,false,Summer peak
2024-05-17,2024,2,5,May,17,5,Friday,false,,false,
2024-05-15,2024,2,5,May,15,3,Wednesday,false,,false,
2024-05-13,2024,2,5,May,13,1,Monday,false,,false,
2024-04-28,2024,2,4,April,28,7,Sunday,true,,false,
2024-04-22,2024,2,4,April,22,1,Monday,false,,false,
2024-04-04,2024,2,4,April,4,4,Thursday,false,,false,
2024-03-30,2024,1,3,March,30,6,Saturday,true,,false,
2024-03-20,2024,1,3,March,20,3,Wednesday,false,,false,
2024-03-17,2024,1,3,March,17,7,Sunday,true,,false,
2024-03-10,2024,1,3,March,10,7,Sunday,true,,false,
2024-03-09,2024,1,3,March,9,6,Saturday,true,,false,
2024-03-01,2024,1,3,March,1,5,Friday,false,,false,
2024-02-05,2024,1,2,February,5,1,Monday,false,,false,
2024-01-12,2024,1,1,January,12,5,Friday,false,,false,
2024-01-10,2024,1,1,January,10,3,Wednesday,false,,false,
2023-11-29,2023,4,11,November,29,3,Wednesday,false,,false,
2023-11-28,2023,4,11,November,28,2,Tuesday,false,,false,
2023-11-09,2023,4,11,November,9,4,Thursday,false,,false,
2023-11-07,2023,4,11,November,7,2,Tuesday,false,,false,
2023-10-22,2023,4,10,October,22,7,Sunday,true,,false,
2023-10-17,2023,4,10,October,17,2,Tuesday,false,,false,
2023-10-08,2023,4,10,October,8,7,Sunday,true,,false,
2023-09-25,2023,3,9,September,25,1,Monday,false,,false,
2023-09-12,2023,3,9,September,12,2,Tuesday,false,,false,
2023-09-03,2023,3,9,September,3,7,Sunday,true,,false,Summer peak
2023-08-28,2023,3,8,August,28,1,Monday,false,,false,Summer peak
2023-08-21,2023,3,8,August,21,1,Monday,false,,false,Summer peak
2023-08-20,2023,3,8,August,20,7,Sunday,true,,false,Summer peak
2023-08-13,2023,3,8,August,13,7,Sunday,true,,false,Summer peak
2023-08-05,2023,3,8,August,5,6,Saturday,true,,false,Summer peak
2023-07-27,2023,3,7,July,27,4,Thursday,false,,false,Summer peak
2023-07-15,2023,3,7,July,15,6,Saturday,true,,false,Summer peak
2023-07-13,2023,3,7,July,13,4,Thursday,false,,false,Summer peak
2023-06-29,2023,2,6,June,29,4,Thursday,false,,false,Summer peak
2023-06-28,2023,2,6,June,28,3,Wednesday,false,,false,Summer peak
2023-06-25,2023,2,6,June,25,7,Sunday,true,,false,Summer peak
2023-06-12,2023,2,6,June,12,1,Monday,false,,false,Summer peak
2023-06-10,2023,2,6,June,10,6,Saturday,true,,false,Summer peak
2023-05-22,2023,2,5,May,22,1,Monday,false,,false,
2023-05-20,2023,2,5,May,20,6,Saturday,true,,false,
2023-04-25,2023,2,4,April,25,2,Tuesday,false,,false,
2023-04-20,2023,2,4,April,20,4,Thursday,false,,false,
2023-04-18,2023,2,4,April,18,2,Tuesday,false,,false,
2023-04-06,2023,2,4,April,6,4,Thursday,false,,false,
2023-04-03,2023,2,4,April,3,1,Monday,false,,false,
2023-03-20,2023,1,3,March,20,1,Monday,false,,false,
2023-03-16,2023,1,3,March,16,4,Thursday,false,,false,
2023-03-15,2023,1,3,March,15,3,Wednesday,false,,false,
2023-02-23,2023,1,2,February,23,4,Thursday,false,,false,
2023-02-17,2023,1,2,February,17,5,Friday,false,,false,
2023-02-11,2023,1,2,February,11,6,Saturday,true,,false,
2023-02-08,2023,1,2,February,8,3,Wednesday,false,,false,
2023-01-18,2023,1,1,January,18,3,Wednesday,false,,false,
2022-12-30,2022,4,12,December,30,5,Friday,false,,false,Christmas / New Year
2022-12-13,2022,4,12,December,13,2,Tuesday,false,,false,
2022-12-09,2022,4,12,December,9,5,Friday,false,,false,
2022-12-06,2022,4,12,December,6,2,Tuesday,false,,false,
2022-11-29,2022,4,11,November,29,2,Tuesday,false,,false,
2022-11-13,2022,4,11,November,13,7,Sunday,true,,false,
2022-11-09,2022,4,11,November,9,3,Wednesday,false,,false,
2022-11-07,2022,4,11,November,7,1,Monday,false,,false,
2022-11-01,2022,4,11,November,1,2,Tuesday,false,,false,
2022-10-29,2022,4,10,October,29,6,Saturday,true,,false,
2022-09-17,2022,3,9,September,17,6,Saturday,true,,false,
2022-09-09,2022,3,9,September,9,5,Friday,false,,false,
2022-09-08,2022,3,9,September,8,4,Thursday,false,,false,
2022-09-03,2022,3,9,September,3,6,Saturday,true,,false,Summer peak
2022-09-01,2022,3,9,September,1,4,Thursday,false,,false,Summer peak
2022-08-14,2022,3,8,August,14,7,Sunday,true,,false,Summer peak
2022-08-10,2022,3,8,August,10,3,Wednesday,false,,false,Summer peak
2022-08-04,2022,3,8,August,4,4,Thursday,false,,false,Summer peak
2022-07-22,2022,3,7,July,22,5,Friday,false,,false,Summer peak
2022-07-19,2022,3,7,July,19,2,Tuesday,false,,false,Summer peak
2022-07-16,2022,3,7,July,16,6,Saturday,true,,false,Summer peak
2022-07-01,2022,3,7,July,1,5,Friday,false,,false,Summer peak
2022-06-29,2022,2,6,June,29,3,Wednesday,false,,false,Summer peak
2022-06-28,2022,2,6,June,28,2,Tuesday,false,,false,Summer peak
2022-06-22,2022,2,6,June,22,3,Wednesday,false,,false,Summer peak
2022-05-25,2022,2,5,May,25,3,Wednesday,false,,false,
2022-05-21,2022,2,5,May,21,6,Saturday,true,,false,
2022-05-17,2022,2,5,May,17,2,Tuesday,false,,false,
2022-05-14,2022,2,5,May,14,6,Saturday,true,,false,
2022-05-01,2022,2,5,May,1,7,Sunday,true,,false,
2022-04-28,2022,2,4,April,28,4,Thursday,false,,false,
2022-04-20,2022,2,4,April,20,3,Wednesday,false,,false,
2022-04-12,2022,2,4,April,12,2,Tuesday,false,,false,
2022-04-08,2022,2,4,April,8,5,Friday,false,,false,
2022-04-07,2022,2,4,April,7,4,Thursday,false,,false,
2022-03-31,2022,1,3,March,31,4,Thursday,false,,false,
2022-03-22,2022,1,3,March,22,2,Tuesday,false,,false,
2022-03-16,2022,1,3,March,16,3,Wednesday,false,,false,
2022-03-14,2022,1,3,March,14,1,Monday,false,,false,
2022-03-11,2022,1,3,March,11,5,Friday,false,,false,
2022-03-10,2022,1,3,March,10,4,Thursday,false,,false,
2022-02-13,2022,1,2,February,13,7,Sunday,true,,false,
2022-01-07,2022,1,1,January,7,5,Friday,false,,false,
2021-12-24,2021,4,12,December,24,5,Friday,false,,false,Christmas / New Year
2021-12-16,2021,4,12,December,16,4,Thursday,false,,false,
2021-12-13,2021,4,12,December,13,1,Monday,false,,false,
2021-12-04,2021,4,12,December,4,6,Saturday,true,,false,
2021-11-20,2021,4,11,November,20,6,Saturday,true,,false,
2021-11-17,2021,4,11,November,17,3,Wednesday,false,,false,
2021-11-03,2021,4,11,November,3,3,Wednesday,false,,false,
2021-10-24,2021,4,10,October,24,7,Sunday,true,,false,
2021-10-19,2021,4,10,October,19,2,Tuesday,false,,false,
2021-09-30,2021,3,9,September,30,4,Thursday,false,,false,
2021-09-23,2021,3,9,September,23,4,Thursday,false,,false,
2021-09-18,2021,3,9,September,18,6,Saturday,true,,false,
2021-09-16,2021,3,9,September,16,4,Thursday,false,,false,
2021-09-14,2021,3,9,September,14,2,Tuesday,false,,false,
2021-08-20,2021,3,8,August,20,5,Friday,false,,false,Summer peak
2021-08-15,2021,3,8,August,15,7,Sunday,true,,false,Summer peak
2021-08-02,2021,3,8,August,2,1,Monday,false,,false,Summer peak
2021-07-25,2021,3,7,July,25,7,Sunday,true,,false,Summer peak
2021-07-19,2021,3,7,July,19,1,Monday,false,,false,Summer peak
2021-07-13,2021,3,7,July,13,2,Tuesday,false,,false,Summer peak
2021-07-12,2021,3,7,July,12,1,Monday,false,,false,Summer peak
2021-07-10,2021,3,7,July,10,6,Saturday,true,,false,Summer peak
2021-07-01,2021,3,7,July,1,4,Thursday,false,,false,Summer peak
2021-06-27,2021,2,6,June,27,7,Sunday,true,,false,Summer peak
2021-06-24,2021,2,6,June,24,4,Thursday,false,,false,Summer peak
2021-05-30,2021,2,5,May,30,7,Sunday,true,,false,
2021-05-28,2021,2,5,May,28,5,Friday,false,,false,
2021-05-19,2021,2,5,May,19,3,Wednesday,false,,false,
2021-05-15,2021,2,5,May,15,6,Saturday,true,,false,
2021-05-02,2021,2,5,May,2,7,Sunday,true,,false,
2021-04-19,2021,2,4,April,19,1,Monday,false,,false,
2021-04-13,2021,2,4,April,13,2,Tuesday,false,,false,
2021-04-11,2021,2,4,April,11,7,Sunday,true,,false,
2021-04-10,2021,2,4,April,10,6,Saturday,true,,false,
2021-04-07,2021,2,4,April,7,3,Wednesday,false,,false,
2021-04-05,2021,2,4,April,5,1,Monday,false,,false,
2021-03-17,2021,1,3,March,17,3,Wednesday,false,,false,
2021-03-16,2021,1,3,March,16,2,Tuesday,false,,false,
2021-03-09,2021,1,3,March,9,2,Tuesday,false,,false,
2021-03-04,2021,1,3,March,4,4,Thursday,false,,false,
2021-02-28,2021,1,2,February,28,7,Sunday,true,,false,
2021-01-25,2021,1,1,January,25,1,Monday,false,,false,
2021-01-22,2021,1,1,January,22,5,Friday,false,,false,
2021-01-17,2021,1,1,January,17,7,Sunday,true,,false,
2025-11-30,2025,4,11,November,30,7,Sunday,true,,false,Thanksgiving
2023-11-22,2023,4,11,November,22,3,Wednesday,false,,false,Thanksgiving
2022-11-23,2022,4,11,November,23,3,Wednesday,false,,false,Thanksgiving
2021-11-29,2021,4,11,November,29,1,Monday,false,,false,Thanksgiving
2021-11-28,2021,4,11,November,28,7,Sunday,true,,false,Thanksgiving
2025-11-28,2025,4,11,November,28,5,Friday,false,,false,Thanksgiving
2025-11-26,2025,4,11,November,26,3,Wednesday,false,,false,Thanksgiving
2023-11-26,2023,4,11,November,26,7,Sunday,true,,false,Thanksgiving
2022-11-27,2022,4,11,November,27,7,Sunday,true,,false,Thanksgiving
2024-12-02,2024,4,12,December,2,1,Monday,false,,false,Thanksgiving
2024-11-27,2024,4,11,November,27,3,Wednesday,false,,false,Thanksgiving
2024-11-26,2024,4,11,November,26,2,Tuesday,false,,false,Thanksgiving
2023-11-27,2023,4,11,November,27,1,Monday,false,,false,Thanksgiving
2023-11-25,2023,4,11,November,25,6,Saturday,true,,false,Thanksgiving
2022-11-28,2022,4,11,November,28,1,Monday,false,,false,Thanksgiving
2025-11-29,2025,4,11,November,29,6,Saturday,true,,false,Thanksgiving
2025-11-25,2025,4,11,November,25,2,Tuesday,false,,false,Thanksgiving
2023-11-24,2023,4,11,November,24,5,Friday,false,,false,Thanksgiving
2025-12-01,2025,4,12,December,1,1,Monday,false,,false,Thanksgiving
2024-12-01,2024,4,12,December,1,7,Sunday,true,,false,Thanksgiving
2023-11-21,2023,4,11,November,21,2,Tuesday,false,,false,Thanksgiving
2021-11-24,2021,4,11,November,24,3,Wednesday,false,,false,Thanksgiving
2022-11-26,2022,4,11,November,26,6,Saturday,true,,false,Thanksgiving
2022-11-25,2022,4,11,November,25,5,Friday,false,,false,Thanksgiving
2021-11-26,2021,4,11,November,26,5,Friday,false,,false,Thanksgiving
2024-11-30,2024,4,11,November,30,6,Saturday,true,,false,Thanksgiving
2024-11-29,2024,4,11,November,29,5,Friday,false,,false,Thanksgiving
2021-11-23,2021,4,11,November,23,2,Tuesday,false,,false,Thanksgiving
2022-11-22,2022,4,11,November,22,2,Tuesday,false,,false,Thanksgiving
2021-11-27,2021,4,11,November,27,6,Saturday,true,,false,Thanksgiving
