route,origin,dest,origin_city,dest_city,origin_size_band,carrier,carrier_name,flights,distance_miles,avg_scheduled_block_minutes,on_time_arrival_pct,cancellation_rate_pct,avg_arr_delay_minutes,p90_arr_delay_minutes,avg_block_variance_minutes,avg_air_time_minutes,root_delay_minutes,inherited_delay_minutes
HNL-OGG,HNL,OGG,Honolulu,Kahului,Medium,HA,Hawaiian Airlines,37717,100.0,42.3,83.01,1.01,5.47,23.0,0.59,21.8,131124,97440
OGG-HNL,OGG,HNL,Kahului,Honolulu,Medium,HA,Hawaiian Airlines,37715,100.0,41.0,79.89,1.19,6.17,27.0,1.1,24.5,115969,170531
HNL-LIH,HNL,LIH,Honolulu,Lihue,Medium,HA,Hawaiian Airlines,28595,102.0,41.9,84.7,1.23,4.38,21.0,0.38,22.3,80304,73733
LIH-HNL,LIH,HNL,Lihue,Honolulu,Small,HA,Hawaiian Airlines,28592,102.0,38.0,81.54,1.32,5.12,25.0,1.24,22.1,74623,124518
KOA-HNL,KOA,HNL,Kona,Honolulu,Small,HA,Hawaiian Airlines,27298,163.0,48.9,83.16,1.07,4.32,23.0,0.47,30.7,65734,114684
HNL-KOA,HNL,KOA,Honolulu,Kona,Medium,HA,Hawaiian Airlines,27292,163.0,47.6,85.55,0.96,4.06,19.0,0.14,28.4,79719,60489
ANC-SEA,ANC,SEA,Anchorage,Seattle,Medium,AS,Alaska Airlines,27098,1448.0,208.6,81.85,1.36,0.7,24.0,-2.35,179.5,141892,56230
SEA-ANC,SEA,ANC,Seattle,Anchorage,Large,AS,Alaska Airlines,27089,1448.0,222.5,72.8,1.3,5.79,37.0,-3.95,191.9,213932,80336
ATL-MCO,ATL,MCO,Atlanta,Orlando,Large,DL,Delta Air Lines,25825,404.0,89.8,73.25,0.89,12.84,52.0,-1.56,61.1,342233,69583
MCO-ATL,MCO,ATL,Orlando,Atlanta,Large,DL,Delta Air Lines,25824,404.0,96.6,78.16,0.93,10.76,50.0,-4.14,63.6,251425,193778
LAX-DFW,LAX,DFW,Los Angeles,Dallas-Fort Worth,Large,AA,American Airlines,22986,1235.0,186.2,77.09,1.76,11.71,47.0,-6.13,151.8,239932,179182
DFW-LAX,DFW,LAX,Dallas-Fort Worth,Los Angeles,Large,AA,American Airlines,22984,1235.0,201.7,71.47,1.74,11.55,56.0,-7.39,166.5,234784,174895
LGA-ATL,LGA,ATL,New York,Atlanta,Large,DL,Delta Air Lines,22126,762.0,155.5,81.31,1.68,0.63,37.0,-12.66,112.0,197299,97595
ATL-LGA,ATL,LGA,Atlanta,New York,Large,DL,Delta Air Lines,22125,762.0,135.4,79.4,1.64,3.79,38.0,-8.88,101.6,228991,35647
ITO-HNL,ITO,HNL,Hilo,Honolulu,Small,HA,Hawaiian Airlines,21084,216.0,55.3,83.56,0.82,4.92,23.0,0.7,37.8,44419,89759
HNL-ITO,HNL,ITO,Honolulu,Hilo,Medium,HA,Hawaiian Airlines,21069,216.0,55.1,84.39,0.77,4.86,21.0,-0.21,35.9,59753,58096
TPA-ATL,TPA,ATL,Tampa,Atlanta,Large,DL,Delta Air Lines,20781,406.0,95.7,82.52,1.18,4.99,34.0,-5.92,64.7,139589,114681
ATL-TPA,ATL,TPA,Atlanta,Tampa,Large,DL,Delta Air Lines,20781,406.0,85.7,76.55,1.16,9.78,42.0,-2.58,61.8,217795,53041
LGA-BOS,LGA,BOS,New York,Boston,Large,YX,Republic Airways,20244,184.0,82.4,79.1,3.21,1.3,44.0,-7.39,38.9,167455,79710
BOS-LGA,BOS,LGA,Boston,New York,Large,YX,Republic Airways,20243,184.0,86.6,79.58,3.7,1.72,43.0,-6.75,46.6,179262,67325
ATL-FLL,ATL,FLL,Atlanta,Fort Lauderdale,Large,DL,Delta Air Lines,20070,581.0,111.6,75.99,0.88,8.77,44.0,-4.3,84.6,211989,53235
FLL-ATL,FLL,ATL,Fort Lauderdale,Atlanta,Large,DL,Delta Air Lines,20066,581.0,116.6,79.17,0.9,8.51,43.0,-5.54,85.0,172716,128173
SAN-SMF,SAN,SMF,San Diego,Sacramento,Large,WN,Southwest Airlines,19803,480.0,97.5,78.47,1.33,4.56,35.0,-5.56,71.7,57982,135894
PHX-DEN,PHX,DEN,Phoenix,Denver,Large,WN,Southwest Airlines,19740,602.0,106.2,74.0,2.21,8.17,42.0,-6.02,80.6,141641,96624
SMF-SAN,SMF,SAN,Sacramento,San Diego,Medium,WN,Southwest Airlines,19718,480.0,89.6,77.65,1.35,6.71,35.0,-3.83,69.8,88533,109456
DEN-PHX,DEN,PHX,Denver,Phoenix,Large,WN,Southwest Airlines,19708,602.0,117.1,70.1,2.17,10.64,47.0,-6.77,88.8,144195,136883
DFW-AUS,DFW,AUS,Dallas-Fort Worth,Austin,Large,AA,American Airlines,19654,190.0,66.0,68.44,2.89,16.83,66.0,-2.66,36.5,224049,186044
AUS-DFW,AUS,DFW,Austin,Dallas-Fort Worth,Large,AA,American Airlines,19651,190.0,71.3,74.82,2.99,18.42,58.0,-1.79,40.7,244142,220973
ATL-LAX,ATL,LAX,Atlanta,Los Angeles,Large,DL,Delta Air Lines,19617,1947.0,291.4,77.77,0.61,4.96,36.0,-7.79,255.4,195242,32010
LAX-ATL,LAX,ATL,Los Angeles,Atlanta,Large,DL,Delta Air Lines,19607,1947.0,257.5,80.18,0.62,5.08,32.0,-8.47,223.2,172003,59445
PHX-DFW,PHX,DFW,Phoenix,Dallas-Fort Worth,Large,AA,American Airlines,19496,868.0,146.3,80.38,1.74,6.23,37.0,-5.9,112.0,152510,109188
DFW-PHX,DFW,PHX,Dallas-Fort Worth,Phoenix,Large,AA,American Airlines,19491,868.0,157.7,71.34,1.72,14.3,59.0,-5.63,125.8,185510,182246
LAX-SFO,LAX,SFO,Los Angeles,San Francisco,Large,OO,SkyWest Airlines,19460,337.0,86.6,78.07,0.53,5.37,39.0,-2.32,56.9,152890,72830
SJC-SAN,SJC,SAN,San Jose,San Diego,Medium,WN,Southwest Airlines,19455,417.0,82.6,76.97,1.69,6.33,35.0,-2.96,62.6,87636,104162
SFO-LAX,SFO,LAX,San Francisco,Los Angeles,Large,OO,SkyWest Airlines,19426,337.0,92.2,81.8,0.59,2.43,32.0,-4.64,57.2,117939,74436
SAN-SJC,SAN,SJC,San Diego,San Jose,Large,WN,Southwest Airlines,19339,417.0,85.5,77.27,1.58,5.41,36.0,-4.7,60.9,55534,142100
HOU-DAL,HOU,DAL,Houston,Dallas,Medium,WN,Southwest Airlines,19268,239.0,67.3,76.93,2.8,5.48,39.0,-5.8,43.8,138971,79933
DAL-HOU,DAL,HOU,Dallas,Houston,Large,WN,Southwest Airlines,19221,239.0,70.9,74.63,2.72,6.89,43.0,-6.52,45.7,126685,113905
CLT-MCO,CLT,MCO,Charlotte,Orlando,Large,AA,American Airlines,19160,468.0,102.9,72.92,1.51,12.45,56.0,-2.08,70.9,188535,136861
MCO-CLT,MCO,CLT,Orlando,Charlotte,Large,AA,American Airlines,19159,468.0,108.1,78.44,1.58,9.06,48.0,-4.05,74.0,152093,168514
DFW-LAS,DFW,LAS,Dallas-Fort Worth,Las Vegas,Large,AA,American Airlines,18740,1055.0,176.3,66.91,2.35,16.56,67.0,-4.79,145.0,204112,187679
LAS-DFW,LAS,DFW,Las Vegas,Dallas-Fort Worth,Large,AA,American Airlines,18733,1055.0,166.8,77.45,2.43,11.02,46.0,-7.43,130.4,186939,183023
DFW-MIA,DFW,MIA,Dallas-Fort Worth,Miami,Large,AA,American Airlines,18652,1121.0,172.0,69.46,1.75,14.94,62.0,-5.48,137.8,248082,123873
MIA-DFW,MIA,DFW,Miami,Dallas-Fort Worth,Large,AA,American Airlines,18639,1121.0,197.7,70.89,1.74,15.26,62.0,-4.52,160.4,260754,127039
DFW-LGA,DFW,LGA,Dallas-Fort Worth,New York,Large,AA,American Airlines,18574,1389.0,204.5,70.87,3.11,9.8,57.0,-6.67,173.1,182263,123109
LGA-DFW,LGA,DFW,New York,Dallas-Fort Worth,Large,AA,American Airlines,18572,1389.0,243.3,74.43,3.19,6.07,55.0,-8.84,197.4,186858,148266
ORD-DFW,ORD,DFW,Chicago,Dallas-Fort Worth,Large,AA,American Airlines,18540,802.0,154.5,73.48,2.2,12.13,56.0,-7.78,116.0,212909,159662
DFW-ORD,DFW,ORD,Dallas-Fort Worth,Chicago,Large,AA,American Airlines,18538,802.0,146.9,73.51,2.16,10.32,55.0,-7.63,108.5,190616,133384
LAS-SAN,LAS,SAN,Las Vegas,San Diego,Large,WN,Southwest Airlines,18388,258.0,70.8,67.53,1.54,12.23,50.0,-3.35,45.3,144227,131928
SAN-LAS,SAN,LAS,San Diego,Las Vegas,Large,WN,Southwest Airlines,18236,258.0,79.5,75.03,1.91,6.72,43.0,-5.71,49.9,106025,114242
DCA-ATL,DCA,ATL,Washington,Atlanta,Large,DL,Delta Air Lines,18064,547.0,116.9,82.38,1.43,4.0,33.0,-8.62,82.7,146338,94204
ATL-DCA,ATL,DCA,Atlanta,Washington,Large,DL,Delta Air Lines,18064,547.0,103.7,74.35,1.35,9.65,43.0,-2.63,78.7,203480,46791
DFW-CLT,DFW,CLT,Dallas-Fort Worth,Charlotte,Large,AA,American Airlines,18042,936.0,153.9,73.12,1.93,12.21,58.0,-6.97,118.2,183345,146617
CLT-DFW,CLT,DFW,Charlotte,Dallas-Fort Worth,Large,AA,American Airlines,18021,936.0,174.5,75.46,1.93,7.28,46.0,-6.34,137.7,160332,98808
EWR-MCO,EWR,MCO,Newark,Orlando,Large,UA,United Airlines,17997,937.0,173.5,72.39,2.67,10.27,60.0,-5.48,134.3,203809,121752
MCO-EWR,MCO,EWR,Orlando,Newark,Large,UA,United Airlines,17995,937.0,162.6,73.17,2.81,13.14,64.0,-3.98,127.7,251313,116810
DEN-IAH,DEN,IAH,Denver,Houston,Large,UA,United Airlines,17987,862.0,145.5,74.94,1.23,10.34,51.0,-4.42,112.9,163713,121670
IAH-DEN,IAH,DEN,Houston,Denver,Large,UA,United Airlines,17985,862.0,155.9,78.07,1.2,7.15,43.0,-5.73,121.2,158639,95303
ORD-EWR,ORD,EWR,Chicago,Newark,Large,UA,United Airlines,17953,719.0,137.5,73.18,2.13,12.5,67.0,-7.04,95.1,251492,114873
EWR-ORD,EWR,ORD,Newark,Chicago,Large,UA,United Airlines,17937,719.0,158.5,73.13,2.15,10.1,57.0,-5.89,113.3,201046,116936
ATL-BOS,ATL,BOS,Atlanta,Boston,Large,DL,Delta Air Lines,17920,946.0,156.3,80.42,0.83,2.99,35.0,-8.55,121.7,156932,28660
ATL-DTW,ATL,DTW,Atlanta,Detroit,Large,DL,Delta Air Lines,17913,594.0,116.0,81.97,0.34,4.5,31.0,-5.64,85.8,142851,30729
BOS-ATL,BOS,ATL,Boston,Atlanta,Large,DL,Delta Air Lines,17904,946.0,175.6,82.6,0.87,1.81,31.0,-10.33,137.1,136997,69190
DTW-ATL,DTW,ATL,Detroit,Atlanta,Large,DL,Delta Air Lines,17898,594.0,123.9,85.21,0.37,-0.02,26.0,-11.42,87.9,144469,37784
DCA-BOS,DCA,BOS,Washington,Boston,Large,B6,JetBlue Airways,17887,399.0,93.8,74.94,2.7,9.62,61.0,-5.1,63.6,186819,145190
BOS-DCA,BOS,DCA,Boston,Washington,Large,B6,JetBlue Airways,17886,399.0,104.0,75.95,2.44,6.1,48.0,-4.43,74.9,187591,80580
DFW-SAT,DFW,SAT,Dallas-Fort Worth,San Antonio,Large,AA,American Airlines,17809,247.0,71.3,68.26,2.69,17.63,71.0,-4.22,45.1,192472,197146
SAT-DFW,SAT,DFW,San Antonio,Dallas-Fort Worth,Medium,AA,American Airlines,17807,247.0,75.2,75.38,2.72,14.3,56.0,-2.14,45.8,181068,173635
ATL-JAX,ATL,JAX,Atlanta,Jacksonville,Large,DL,Delta Air Lines,17800,270.0,68.8,78.06,0.99,7.53,39.0,-3.48,43.8,158218,47895
JAX-ATL,JAX,ATL,Jacksonville,Atlanta,Medium,DL,Delta Air Lines,17800,270.0,75.7,86.57,1.02,0.6,22.0,-6.85,46.1,96407,66203
ATL-PBI,ATL,PBI,Atlanta,West Palm Beach,Large,DL,Delta Air Lines,17364,545.0,107.0,76.76,1.08,8.21,42.0,-2.78,82.4,169329,43935
PBI-ATL,PBI,ATL,West Palm Beach,Atlanta,Medium,DL,Delta Air Lines,17363,545.0,111.5,83.93,1.1,2.69,29.0,-5.14,81.7,94930,82199
MCO-BWI,MCO,BWI,Orlando,Baltimore,Large,WN,Southwest Airlines,17356,787.0,133.9,74.15,2.73,8.22,45.0,-6.65,106.1,132591,101698
BWI-MCO,BWI,MCO,Baltimore,Orlando,Large,WN,Southwest Airlines,17324,787.0,144.1,70.91,2.61,10.39,52.0,-7.75,113.9,186023,87251
IAH-ORD,IAH,ORD,Houston,Chicago,Large,UA,United Airlines,17267,925.0,162.9,80.08,1.08,4.83,38.0,-7.24,123.7,140242,76950
ORD-IAH,ORD,IAH,Chicago,Houston,Large,UA,United Airlines,17258,925.0,173.6,80.26,1.07,2.49,36.0,-8.49,132.6,117494,82565
DEN-LAS,DEN,LAS,Denver,Las Vegas,Large,WN,Southwest Airlines,17221,628.0,117.6,69.63,2.17,10.98,51.0,-6.76,89.2,145161,114354
LAS-DEN,LAS,DEN,Las Vegas,Denver,Large,WN,Southwest Airlines,17150,628.0,112.9,70.66,2.5,9.8,50.0,-6.24,83.1,140427,104207
SEA-LAX,SEA,LAX,Seattle,Los Angeles,Large,AS,Alaska Airlines,17102,954.0,166.7,77.07,1.73,4.3,32.0,-4.3,128.3,109394,57587
LAX-SEA,LAX,SEA,Los Angeles,Seattle,Large,AS,Alaska Airlines,17086,954.0,173.4,81.2,1.93,1.32,27.0,-4.38,135.7,92274,56080
DEN-ORD,DEN,ORD,Denver,Chicago,Large,UA,United Airlines,16819,888.0,150.7,75.12,1.09,11.06,51.0,-4.95,112.7,161683,114689
ATL-RDU,ATL,RDU,Atlanta,Raleigh-durham,Large,DL,Delta Air Lines,16811,356.0,82.5,82.83,0.61,3.99,29.0,-4.13,56.8,114698,35180
RDU-ATL,RDU,ATL,Raleigh-durham,Atlanta,Medium,DL,Delta Air Lines,16807,356.0,91.1,87.2,0.65,-0.24,19.0,-7.92,58.6,90555,50689
ORD-DEN,ORD,DEN,Chicago,Denver,Large,UA,United Airlines,16798,888.0,166.2,79.41,1.17,4.9,40.0,-7.36,127.1,128270,86772
PHX-LAS,PHX,LAS,Phoenix,Las Vegas,Large,WN,Southwest Airlines,16739,255.0,69.0,74.37,1.31,8.3,43.0,-6.02,44.2,111924,94161
LAS-PHX,LAS,PHX,Las Vegas,Phoenix,Large,WN,Southwest Airlines,16674,255.0,73.7,73.16,1.54,8.21,45.0,-6.89,45.0,96213,115786
LGA-DCA,LGA,DCA,New York,Washington,Large,YX,Republic Airways,16589,214.0,87.4,78.33,3.68,0.7,41.0,-6.26,48.2,128923,66557
DCA-LGA,DCA,LGA,Washington,New York,Large,YX,Republic Airways,16582,214.0,80.9,76.0,3.97,5.18,47.0,-3.89,43.5,175102,63825
SMF-LAS,SMF,LAS,Sacramento,Las Vegas,Medium,WN,Southwest Airlines,16537,397.0,84.9,77.67,1.09,6.8,38.0,-4.94,61.1,86632,93345
LAS-SMF,LAS,SMF,Las Vegas,Sacramento,Large,WN,Southwest Airlines,16433,397.0,94.7,75.06,0.97,6.74,42.0,-8.17,67.1,81292,114077
MIA-LGA,MIA,LGA,Miami,New York,Large,AA,American Airlines,16294,1096.0,179.7,69.05,2.87,12.48,60.0,-4.94,147.3,200372,96793
LGA-MIA,LGA,MIA,New York,Miami,Large,AA,American Airlines,16289,1096.0,195.8,72.72,3.02,9.75,56.0,-6.75,154.6,174641,143434
SJC-LAX,SJC,LAX,San Jose,Los Angeles,Medium,OO,SkyWest Airlines,16277,308.0,87.6,90.0,0.29,-4.76,14.0,-6.19,53.4,78792,25968
LAX-SJC,LAX,SJC,Los Angeles,San Jose,Large,OO,SkyWest Airlines,16247,308.0,77.5,87.62,0.31,-1.33,20.0,-5.39,51.4,78121,34843
OGG-HNL,OGG,HNL,Kahului,Honolulu,Medium,WN,Southwest Airlines,16190,100.0,44.6,87.6,1.38,-1.7,17.0,-3.36,25.4,37969,42549
HNL-OGG,HNL,OGG,Honolulu,Kahului,Medium,WN,Southwest Airlines,16188,100.0,46.0,88.36,1.23,-1.15,15.0,-3.22,22.5,39048,34603
ORD-LGA,ORD,LGA,Chicago,New York,Large,UA,United Airlines,16152,733.0,134.6,73.75,2.7,9.39,60.0,-5.04,98.4,175483,100382
OAK-LAS,OAK,LAS,Oakland,Las Vegas,Medium,WN,Southwest Airlines,16146,407.0,90.8,75.69,1.05,8.39,40.0,-4.1,67.3,107129,80869
LGA-ORD,LGA,ORD,New York,Chicago,Large,UA,United Airlines,16123,733.0,159.1,77.19,2.93,6.61,52.0,-5.35,115.4,153245,121522
DFW-MCO,DFW,MCO,Dallas-Fort Worth,Orlando,Large,AA,American Airlines,16113,985.0,157.1,64.13,2.54,19.89,78.0,-2.56,127.5,205524,174189
LAS-OAK,LAS,OAK,Las Vegas,Oakland,Large,WN,Southwest Airlines,16096,407.0,93.3,71.42,0.96,10.42,47.0,-6.32,65.9,98269,125592
MCO-DFW,MCO,DFW,Orlando,Dallas-Fort Worth,Large,AA,American Airlines,16093,985.0,180.0,73.62,2.62,13.48,61.6,-4.36,145.5,176986,153564
MIA-DCA,MIA,DCA,Miami,Washington,Large,AA,American Airlines,16069,919.0,156.6,72.45,2.27,10.15,51.0,-5.81,125.4,164378,100710
DCA-MIA,DCA,MIA,Washington,Miami,Large,AA,American Airlines,16065,919.0,169.0,75.36,2.35,8.22,51.0,-6.63,132.0,147299,129959
MIA-ATL,MIA,ATL,Miami,Atlanta,Large,DL,Delta Air Lines,15922,594.0,120.7,76.54,0.91,12.15,48.0,-4.19,86.7,167266,111022
ATL-MIA,ATL,MIA,Atlanta,Miami,Large,DL,Delta Air Lines,15921,594.0,113.7,73.91,0.88,11.22,46.0,-1.91,85.9,194403,38030
ATL-MSP,ATL,MSP,Atlanta,Minneapolis,Large,DL,Delta Air Lines,15888,907.0,158.9,83.57,0.3,1.93,27.0,-7.25,129.3,115850,23855
MSP-ATL,MSP,ATL,Minneapolis,Atlanta,Large,DL,Delta Air Lines,15873,907.0,151.7,85.58,0.3,-0.46,24.0,-8.88,117.5,118954,23270
LAS-SJC,LAS,SJC,Las Vegas,San Jose,Large,WN,Southwest Airlines,15831,386.0,89.2,75.8,1.21,6.14,41.0,-7.34,62.5,78145,103980
LAX-JFK,LAX,JFK,Los Angeles,New York,Large,B6,JetBlue Airways,15805,2475.0,328.8,76.98,0.97,3.38,49.0,-9.71,291.5,159209,82101
JFK-LAX,JFK,LAX,New York,Los Angeles,Large,B6,JetBlue Airways,15801,2475.0,375.5,76.8,0.91,0.83,52.0,-12.04,328.2,182645,57990
SJC-LAS,SJC,LAS,San Jose,Las Vegas,Medium,WN,Southwest Airlines,15771,386.0,87.6,78.33,1.39,5.96,38.0,-5.01,63.1,87194,82725
BUR-OAK,BUR,OAK,Burbank,Oakland,Medium,WN,Southwest Airlines,15758,325.0,77.5,82.04,3.15,0.24,26.0,-6.79,51.5,29986,85729
SFO-ORD,SFO,ORD,San Francisco,Chicago,Large,UA,United Airlines,15757,1846.0,257.5,81.87,1.05,1.51,30.0,-9.79,214.0,95991,74699
ORD-SFO,ORD,SFO,Chicago,San Francisco,Large,UA,United Airlines,15751,1846.0,285.3,78.03,0.98,4.88,45.0,-10.71,243.5,144747,86028
OAK-BUR,OAK,BUR,Oakland,Burbank,Medium,WN,Southwest Airlines,15749,325.0,72.9,80.48,2.89,1.34,29.0,-7.06,50.9,55245,68478
CLT-TPA,CLT,TPA,Charlotte,Tampa,Large,AA,American Airlines,15738,507.0,102.3,73.08,1.92,11.31,51.0,-2.47,76.8,128684,118692
TPA-CLT,TPA,CLT,Tampa,Charlotte,Large,AA,American Airlines,15737,507.0,108.0,79.73,2.03,7.34,40.0,-4.27,75.7,115626,116108
EWR-IAH,EWR,IAH,Newark,Houston,Large,UA,United Airlines,15695,1400.0,236.9,75.39,2.09,7.21,51.0,-8.6,194.6,165139,91916
IAH-EWR,IAH,EWR,Houston,Newark,Large,UA,United Airlines,15685,1400.0,213.4,72.24,2.16,11.02,57.0,-7.29,173.7,213498,74239
DAL-DEN,DAL,DEN,Dallas,Denver,Large,WN,Southwest Airlines,15616,651.0,124.8,71.22,2.84,9.42,48.0,-6.22,97.7,123536,92298
BUR-LAS,BUR,LAS,Burbank,Las Vegas,Medium,WN,Southwest Airlines,15607,223.0,69.1,75.61,2.25,6.58,42.0,-4.4,41.4,93243,93319
DEN-DAL,DEN,DAL,Denver,Dallas,Large,WN,Southwest Airlines,15562,651.0,116.6,68.82,2.9,11.96,52.0,-5.8,90.6,137738,100202
LAS-BUR,LAS,BUR,Las Vegas,Burbank,Large,WN,Southwest Airlines,15519,223.0,70.8,72.51,2.06,8.07,47.0,-7.16,45.1,85647,114764
IAH-LAX,IAH,LAX,Houston,Los Angeles,Large,UA,United Airlines,15504,1379.0,219.9,80.86,1.15,4.61,36.0,-7.83,182.8,110934,70083
LAX-IAH,LAX,IAH,Los Angeles,Houston,Large,UA,United Airlines,15500,1379.0,198.3,86.29,1.12,-1.87,20.0,-7.33,164.9,64519,52214
RDU-CLT,RDU,CLT,Raleigh-durham,Charlotte,Medium,AA,American Airlines,15490,130.0,69.4,79.37,1.47,8.1,36.0,-5.51,35.2,114780,124409
CLT-RDU,CLT,RDU,Charlotte,Raleigh-durham,Large,AA,American Airlines,15485,130.0,57.4,76.23,1.45,9.44,45.0,-4.17,30.5,109346,119678
DFW-DCA,DFW,DCA,Dallas-Fort Worth,Washington,Large,AA,American Airlines,15428,1192.0,176.1,73.29,2.84,9.24,52.0,-7.58,145.4,139656,106935
DCA-DFW,DCA,DFW,Washington,Dallas-Fort Worth,Large,AA,American Airlines,15424,1192.0,212.9,77.0,2.94,6.64,47.0,-8.73,170.6,143218,125536
LGA-ORD,LGA,ORD,New York,Chicago,Large,AA,American Airlines,15411,733.0,163.6,74.15,3.93,8.61,60.0,-7.46,115.5,138313,161975
ORD-LGA,ORD,LGA,Chicago,New York,Large,AA,American Airlines,15410,733.0,126.4,68.39,3.92,16.59,69.0,-2.06,97.8,196054,133020
SAN-OAK,SAN,OAK,San Diego,Oakland,Large,WN,Southwest Airlines,15404,446.0,92.0,76.47,1.54,5.48,37.0,-5.27,65.3,46012,114846
SFO-IAH,SFO,IAH,San Francisco,Houston,Large,UA,United Airlines,15306,1635.0,231.7,83.12,1.01,0.26,27.0,-8.44,194.3,84994,50242
DFW-SAN,DFW,SAN,Dallas-Fort Worth,San Diego,Large,AA,American Airlines,15304,1171.0,187.7,67.3,2.54,16.85,60.0,-4.25,159.1,175426,141046
SAN-DFW,SAN,DFW,San Diego,Dallas-Fort Worth,Large,AA,American Airlines,15304,1171.0,185.1,78.0,2.59,10.18,45.0,-6.38,145.9,140658,137489
IAH-SFO,IAH,SFO,Houston,San Francisco,Large,UA,United Airlines,15302,1635.0,253.8,78.28,0.97,5.71,41.0,-9.17,217.5,137901,68322
OAK-SAN,OAK,SAN,Oakland,San Diego,Medium,WN,Southwest Airlines,15246,446.0,89.5,77.12,1.33,6.56,35.0,-3.8,68.7,78121,78795
SFO-DEN,SFO,DEN,San Francisco,Denver,Large,UA,United Airlines,15241,967.0,157.8,82.09,0.84,2.74,32.0,-6.7,121.7,90509,69872
DEN-SFO,DEN,SFO,Denver,San Francisco,Large,UA,United Airlines,15238,967.0,165.8,75.95,0.99,8.07,50.0,-7.77,131.5,138371,93854
LAX-JFK,LAX,JFK,Los Angeles,New York,Large,AA,American Airlines,15234,2475.0,329.5,81.87,1.06,4.59,36.0,-10.23,291.3,148545,122793
JFK-LAX,JFK,LAX,New York,Los Angeles,Large,AA,American Airlines,15232,2475.0,376.9,82.01,1.01,-3.96,33.0,-12.51,329.8,134145,60259
CLT-ORD,CLT,ORD,Charlotte,Chicago,Large,AA,American Airlines,15166,599.0,131.6,76.45,1.4,6.28,48.4,-7.02,92.5,132458,94150
ORD-CLT,ORD,CLT,Chicago,Charlotte,Large,AA,American Airlines,15154,599.0,121.0,78.03,1.41,8.65,45.0,-6.65,84.9,126033,123326
JFK-LAX,JFK,LAX,New York,Los Angeles,Large,DL,Delta Air Lines,15140,2475.0,373.9,77.88,0.79,4.79,43.0,-9.37,324.4,215722,22914
LAX-JFK,LAX,JFK,Los Angeles,New York,Large,DL,Delta Air Lines,15130,2475.0,329.4,78.41,0.85,6.45,41.0,-11.84,284.8,202992,55491
LGA-CLT,LGA,CLT,New York,Charlotte,Large,AA,American Airlines,15124,544.0,128.3,79.3,2.72,5.54,45.0,-8.69,87.3,128969,130534
CLT-LGA,CLT,LGA,Charlotte,New York,Large,AA,American Airlines,15120,544.0,107.8,70.82,2.63,13.56,58.0,-2.28,78.5,170703,104837
EWR-SFO,EWR,SFO,Newark,San Francisco,Large,UA,United Airlines,15058,2565.0,377.7,71.98,2.14,11.37,66.0,-12.3,330.5,219469,106251
SFO-EWR,SFO,EWR,San Francisco,Newark,Large,UA,United Airlines,15054,2565.0,328.1,72.94,2.01,9.52,55.0,-9.59,282.2,183214,83638
ATL-BNA,ATL,BNA,Atlanta,Nashville,Large,DL,Delta Air Lines,15033,214.0,66.7,83.11,0.96,4.05,29.0,-3.09,40.4,107963,25081
MIA-CLT,MIA,CLT,Miami,Charlotte,Large,AA,American Airlines,15033,650.0,130.7,75.4,1.26,10.91,52.0,-4.72,96.0,167100,85243
BNA-ATL,BNA,ATL,Nashville,Atlanta,Large,DL,Delta Air Lines,15027,214.0,69.2,87.78,1.0,-1.01,17.0,-5.96,39.3,73273,50806
CLT-MIA,CLT,MIA,Charlotte,Miami,Large,AA,American Airlines,15024,650.0,126.9,74.62,1.3,10.22,46.0,-4.62,94.2,157782,80397
LAS-ATL,LAS,ATL,Las Vegas,Atlanta,Large,DL,Delta Air Lines,15010,1747.0,233.8,83.3,0.78,4.14,28.0,-7.96,200.2,127407,58135
ATL-LAS,ATL,LAS,Atlanta,Las Vegas,Large,DL,Delta Air Lines,15005,1747.0,262.8,78.01,0.64,5.35,36.0,-5.07,232.8,141073,26589
LAX-SMF,LAX,SMF,Los Angeles,Sacramento,Large,OO,SkyWest Airlines,15004,373.0,91.4,87.18,0.32,-0.27,21.0,-5.5,63.7,97353,22760
SMF-LAX,SMF,LAX,Sacramento,Los Angeles,Medium,OO,SkyWest Airlines,15002,373.0,97.2,89.17,0.33,-1.93,16.0,-5.09,63.6,93868,22281
DEN-DFW,DEN,DFW,Denver,Dallas-Fort Worth,Large,AA,American Airlines,14989,641.0,122.5,73.61,2.76,14.57,57.0,-4.34,88.2,167315,154931
DFW-DEN,DFW,DEN,Dallas-Fort Worth,Denver,Large,AA,American Airlines,14978,641.0,128.3,67.35,2.72,15.59,65.0,-3.49,96.5,168827,133790
ATL-MSY,ATL,MSY,Atlanta,New Orleans,Large,DL,Delta Air Lines,14915,425.0,93.5,79.9,1.42,5.66,35.0,-4.28,67.5,123678,33804
MSY-ATL,MSY,ATL,New Orleans,Atlanta,Medium,DL,Delta Air Lines,14912,425.0,90.9,85.35,1.42,0.64,23.0,-7.24,60.3,83874,56111
MIA-JFK,MIA,JFK,Miami,New York,Large,AA,American Airlines,14895,1089.0,181.7,71.35,1.89,12.93,60.0,-6.41,143.4,208118,82937
JFK-MIA,JFK,MIA,New York,Miami,Large,AA,American Airlines,14894,1089.0,193.5,74.8,1.86,8.6,52.0,-5.78,152.8,171530,85833
SEA-BOI,SEA,BOI,Seattle,Boise,Large,OO,SkyWest Airlines,14875,399.0,88.6,86.75,0.46,-0.21,19.0,-3.86,60.3,83685,15254
PHX-SAN,PHX,SAN,Phoenix,San Diego,Large,WN,Southwest Airlines,14853,304.0,72.3,76.16,1.11,7.14,39.0,-6.13,50.4,84799,79392
DEN-EWR,DEN,EWR,Denver,Newark,Large,UA,United Airlines,14821,1605.0,224.9,71.08,2.31,12.31,60.0,-6.08,187.3,189041,88974
EWR-DEN,EWR,DEN,Newark,Denver,Large,UA,United Airlines,14820,1605.0,264.4,74.19,2.21,7.03,54.0,-8.86,222.0,148014,95391
SLC-ATL,SLC,ATL,Salt Lake City,Atlanta,Large,DL,Delta Air Lines,14820,1590.0,221.4,82.92,0.49,2.56,29.0,-8.75,186.7,125846,33515
ATL-SLC,ATL,SLC,Atlanta,Salt Lake City,Large,DL,Delta Air Lines,14801,1590.0,248.9,82.62,0.44,1.47,29.0,-8.31,216.5,108431,24437
SAN-PHX,SAN,PHX,San Diego,Phoenix,Large,WN,Southwest Airlines,14794,304.0,79.6,77.87,1.64,4.49,35.0,-6.38,51.1,50071,93727
ORD-LAX,ORD,LAX,Chicago,Los Angeles,Large,UA,United Airlines,14782,1744.0,271.5,80.19,1.1,3.43,37.0,-9.91,228.3,106740,79186
BOS-DCA,BOS,DCA,Boston,Washington,Large,YX,Republic Airways,14765,399.0,112.6,79.8,2.68,1.84,39.0,-4.47,77.8,117253,53005
LAX-ORD,LAX,ORD,Los Angeles,Chicago,Large,UA,United Airlines,14760,1744.0,247.4,84.98,1.15,-1.47,23.0,-8.54,207.1,71362,57963
DCA-BOS,DCA,BOS,Washington,Boston,Large,YX,Republic Airways,14759,399.0,102.2,81.3,2.64,0.64,40.0,-6.85,64.5,118844,50407
LAX-DEN,LAX,DEN,Los Angeles,Denver,Large,UA,United Airlines,14689,862.0,144.8,85.48,1.18,-0.28,25.0,-6.13,111.2,74716,58665
LAS-RNO,LAS,RNO,Las Vegas,Reno,Large,WN,Southwest Airlines,14668,345.0,84.1,74.23,1.45,7.07,44.0,-7.62,57.2,76890,102569
DEN-LAX,DEN,LAX,Denver,Los Angeles,Large,UA,United Airlines,14659,862.0,152.0,78.55,1.08,6.83,42.0,-6.69,117.3,99948,96735
RNO-LAS,RNO,LAS,Reno,Las Vegas,Medium,WN,Southwest Airlines,14642,345.0,80.5,78.4,1.52,4.39,38.0,-5.06,54.9,74329,84565
EWR-ATL,EWR,ATL,Newark,Atlanta,Large,DL,Delta Air Lines,14616,746.0,143.6,78.41,1.81,9.41,46.0,-6.85,108.5,155387,98465
ATL-EWR,ATL,EWR,Atlanta,Newark,Large,DL,Delta Air Lines,14615,746.0,128.6,73.62,1.76,12.5,53.0,-2.96,101.2,219355,23951
PHL-CLT,PHL,CLT,Philadelphia,Charlotte,Large,AA,American Airlines,14595,449.0,111.6,79.38,1.5,7.74,46.0,-6.75,74.6,124085,120080
CLT-PHL,CLT,PHL,Charlotte,Philadelphia,Large,AA,American Airlines,14577,449.0,99.8,76.31,1.42,9.19,44.0,-5.26,69.4,112098,104840
EWR-LAX,EWR,LAX,Newark,Los Angeles,Large,UA,United Airlines,14453,2454.0,362.7,71.68,1.99,12.45,64.0,-10.19,314.8,209941,98544
LAX-EWR,LAX,EWR,Los Angeles,Newark,Large,UA,United Airlines,14450,2454.0,316.1,75.66,2.06,6.81,52.0,-8.54,275.2,157137,82847
DFW-SNA,DFW,SNA,Dallas-Fort Worth,Santa Ana,Large,AA,American Airlines,14424,1205.0,199.1,77.43,2.49,4.3,36.0,-6.34,166.4,104297,59770
SNA-DFW,SNA,DFW,Santa Ana,Dallas-Fort Worth,Medium,AA,American Airlines,14423,1205.0,184.1,79.21,2.61,6.9,35.0,-7.94,148.4,122242,100182
ATL-AUS,ATL,AUS,Atlanta,Austin,Large,DL,Delta Air Lines,14388,813.0,146.4,78.07,1.12,5.73,37.0,-3.45,118.5,119831,36168
PDX-SEA,PDX,SEA,Portland,Seattle,Medium,OO,SkyWest Airlines,14387,129.0,65.2,86.16,0.75,-0.22,21.0,-4.93,32.1,95988,19593
AUS-ATL,AUS,ATL,Austin,Atlanta,Large,DL,Delta Air Lines,14386,813.0,134.6,86.07,1.14,-0.11,22.0,-7.56,103.6,75086,53230
SEA-PHX,SEA,PHX,Seattle,Phoenix,Large,AS,Alaska Airlines,14375,1107.0,171.7,77.51,1.11,4.37,32.0,-2.38,142.4,92393,40386
PHX-SEA,PHX,SEA,Phoenix,Seattle,Large,AS,Alaska Airlines,14370,1107.0,187.9,82.12,1.19,2.89,26.0,-1.38,156.9,61426,55862
SEA-GEG,SEA,GEG,Seattle,Spokane,Large,OO,SkyWest Airlines,14283,224.0,69.2,86.22,0.71,1.01,20.0,-3.82,40.6,98528,8839
GEG-SEA,GEG,SEA,Spokane,Seattle,Medium,OO,SkyWest Airlines,14276,224.0,80.3,87.57,0.74,-1.23,18.0,-4.73,46.6,95938,12236
BOI-SEA,BOI,SEA,Boise,Seattle,Medium,OO,SkyWest Airlines,14263,399.0,102.9,86.64,0.4,-2.61,21.0,-4.41,69.6,88865,11225
PHX-DAL,PHX,DAL,Phoenix,Dallas,Large,WN,Southwest Airlines,14244,879.0,138.7,75.54,1.94,7.05,38.0,-6.81,114.7,96957,60349
PHL-DFW,PHL,DFW,Philadelphia,Dallas-Fort Worth,Large,AA,American Airlines,14232,1303.0,224.1,77.1,2.37,4.89,43.0,-8.2,182.7,138930,78748
DFW-PHL,DFW,PHL,Dallas-Fort Worth,Philadelphia,Large,AA,American Airlines,14206,1303.0,192.8,72.28,2.34,11.42,56.0,-7.31,160.1,141194,111052
DAL-PHX,DAL,PHX,Dallas,Phoenix,Large,WN,Southwest Airlines,14177,879.0,157.6,74.73,2.14,7.14,42.0,-8.55,130.3,80900,95920
ATL-CHS,ATL,CHS,Atlanta,Charleston,Large,DL,Delta Air Lines,14133,259.0,69.6,82.56,0.96,4.1,28.0,-2.77,43.5,97355,25711
CHS-ATL,CHS,ATL,Charleston,Atlanta,Medium,DL,Delta Air Lines,14131,259.0,76.3,87.98,0.97,-1.56,17.0,-6.93,46.3,68852,38112
SNA-SFO,SNA,SFO,Santa Ana,San Francisco,Medium,OO,SkyWest Airlines,14128,372.0,91.0,76.96,1.39,6.79,45.0,-1.33,64.8,123917,65569
CLT-BOS,CLT,BOS,Charlotte,Boston,Large,AA,American Airlines,14126,728.0,130.8,74.0,1.52,9.89,56.0,-5.44,99.4,114508,109959
BOS-CLT,BOS,CLT,Boston,Charlotte,Large,AA,American Airlines,14121,728.0,151.1,82.61,1.59,0.5,34.0,-9.68,112.4,100539,86130
SFO-SNA,SFO,SNA,San Francisco,Santa Ana,Large,OO,SkyWest Airlines,14103,372.0,94.9,81.49,1.27,3.24,31.0,-2.69,67.3,67710,58773
SEA-SFO,SEA,SFO,Seattle,San Francisco,Large,AS,Alaska Airlines,14102,679.0,132.2,70.91,2.09,9.08,47.0,-1.85,101.0,135758,52089
MIA-MCO,MIA,MCO,Miami,Orlando,Large,AA,American Airlines,14097,192.0,72.1,72.4,1.83,13.66,60.0,-3.72,37.2,167018,100602
MCO-MIA,MCO,MIA,Orlando,Miami,Large,AA,American Airlines,14089,192.0,72.6,75.97,1.82,12.79,56.0,-3.86,40.6,124389,137803
CMH-LGA,CMH,LGA,Columbus,New York,Medium,YX,Republic Airways,14084,479.0,107.3,81.26,3.05,1.33,31.0,-2.33,78.3,107345,28896
LGA-CMH,LGA,CMH,New York,Columbus,Large,YX,Republic Airways,14079,479.0,117.5,81.18,2.95,-0.44,37.0,-6.74,79.4,96531,72624
SFO-SEA,SFO,SEA,San Francisco,Seattle,Large,AS,Alaska Airlines,13980,679.0,134.0,74.48,2.37,5.67,41.0,-3.77,97.5,91220,82170
BWI-ATL,BWI,ATL,Baltimore,Atlanta,Large,DL,Delta Air Lines,13908,577.0,116.6,85.52,1.04,2.1,24.0,-6.91,86.3,88850,54608
ATL-BWI,ATL,BWI,Atlanta,Baltimore,Large,DL,Delta Air Lines,13907,577.0,107.3,80.41,0.99,6.29,34.0,-4.12,80.3,115728,32614
BUR-SMF,BUR,SMF,Burbank,Sacramento,Medium,WN,Southwest Airlines,13890,358.0,83.0,83.07,2.49,-0.54,25.0,-6.98,58.1,23602,72755
BNA-DFW,BNA,DFW,Nashville,Dallas-Fort Worth,Large,AA,American Airlines,13874,631.0,131.9,73.06,3.17,14.8,58.0,-4.97,96.6,162221,136018
SMF-BUR,SMF,BUR,Sacramento,Burbank,Medium,WN,Southwest Airlines,13873,358.0,75.2,81.03,2.43,2.7,29.0,-5.83,55.4,40289,73028
DFW-BNA,DFW,BNA,Dallas-Fort Worth,Nashville,Large,AA,American Airlines,13870,631.0,112.6,69.08,3.05,15.34,63.0,-3.86,82.9,137170,135328
ATL-CLT,ATL,CLT,Atlanta,Charlotte,Large,DL,Delta Air Lines,13857,226.0,72.5,84.4,0.46,1.08,27.0,-5.94,41.8,94855,29611
ORD-LAX,ORD,LAX,Chicago,Los Angeles,Large,AA,American Airlines,13846,1744.0,268.9,75.2,1.37,7.65,48.0,-9.98,230.4,137765,101803
CLT-ATL,CLT,ATL,Charlotte,Atlanta,Large,DL,Delta Air Lines,13840,226.0,78.4,87.33,0.53,-0.95,21.0,-9.59,43.1,90937,46252
LAX-ORD,LAX,ORD,Los Angeles,Chicago,Large,AA,American Airlines,13837,1744.0,248.5,78.72,1.37,8.7,42.0,-8.91,208.9,133305,113862
ATL-PHL,ATL,PHL,Atlanta,Philadelphia,Large,DL,Delta Air Lines,13836,666.0,118.9,80.22,0.95,5.04,35.0,-4.9,91.4,114759,29207
PHL-ATL,PHL,ATL,Philadelphia,Atlanta,Large,DL,Delta Air Lines,13834,666.0,132.2,85.94,0.94,-1.16,22.0,-9.16,98.9,87698,41908
SEA-SAN,SEA,SAN,Seattle,San Diego,Large,AS,Alaska Airlines,13820,1050.0,167.6,77.43,1.51,3.89,32.0,-2.22,137.5,85320,37816
SAN-SEA,SAN,SEA,San Diego,Seattle,Large,AS,Alaska Airlines,13818,1050.0,182.7,79.45,1.78,3.7,30.0,-3.32,145.3,78814,61985
SEA-PDX,SEA,PDX,Seattle,Portland,Large,OO,SkyWest Airlines,13805,129.0,59.9,86.08,0.73,0.24,21.0,-4.33,30.2,80035,13597
DEN-ATL,DEN,ATL,Denver,Atlanta,Large,DL,Delta Air Lines,13780,1199.0,174.4,81.86,0.76,5.85,31.0,-6.62,142.7,125201,49209
ATL-DEN,ATL,DEN,Atlanta,Denver,Large,DL,Delta Air Lines,13779,1199.0,196.8,77.34,0.74,5.94,37.0,-2.88,168.2,123988,25851
MDW-DEN,MDW,DEN,Chicago,Denver,Large,WN,Southwest Airlines,13727,895.0,159.0,74.48,2.41,5.64,45.0,-9.44,129.4,104977,68024
ATL-MEM,ATL,MEM,Atlanta,Memphis,Large,DL,Delta Air Lines,13705,332.0,80.3,82.36,1.26,4.08,29.0,-3.81,56.5,97296,28680
MEM-ATL,MEM,ATL,Memphis,Atlanta,Medium,DL,Delta Air Lines,13704,332.0,80.7,87.95,1.3,-1.89,17.0,-7.36,50.9,72991,40939
SFO-DFW,SFO,DFW,San Francisco,Dallas-Fort Worth,Large,AA,American Airlines,13687,1464.0,213.3,76.79,2.42,11.31,47.0,-8.87,175.9,140160,138261
DFW-SFO,DFW,SFO,Dallas-Fort Worth,San Francisco,Large,AA,American Airlines,13680,1464.0,231.0,64.73,2.32,18.51,69.0,-5.32,197.2,171603,141097
DEN-MDW,DEN,MDW,Denver,Chicago,Large,WN,Southwest Airlines,13636,895.0,140.0,69.95,2.97,9.71,47.0,-8.08,112.3,97168,91121
ATL-RSW,ATL,RSW,Atlanta,Fort Myers,Large,DL,Delta Air Lines,13617,515.0,99.1,79.21,1.55,6.3,36.0,-3.48,74.6,118960,31510
ORD-PHX,ORD,PHX,Chicago,Phoenix,Large,AA,American Airlines,13616,1440.0,230.6,77.59,1.24,8.33,46.0,-9.72,195.6,135179,104758
RSW-ATL,RSW,ATL,Fort Myers,Atlanta,Medium,DL,Delta Air Lines,13612,515.0,107.3,86.79,1.62,0.26,19.0,-5.65,78.2,82102,49992
PHX-ORD,PHX,ORD,Phoenix,Chicago,Large,AA,American Airlines,13611,1440.0,212.1,81.57,1.21,1.84,35.0,-9.72,173.5,92794,78672
JFK-MCO,JFK,MCO,New York,Orlando,Large,B6,JetBlue Airways,13569,944.0,178.9,61.56,2.55,22.44,93.0,-6.27,136.0,278164,108298
MCO-JFK,MCO,JFK,Orlando,New York,Large,B6,JetBlue Airways,13567,944.0,160.4,62.46,2.69,26.6,102.0,-3.37,126.2,250817,161887
ATL-BHM,ATL,BHM,Atlanta,Birmingham,Large,DL,Delta Air Lines,13561,134.0,52.2,83.96,1.05,3.2,27.0,-3.88,29.6,95086,23302
BHM-ATL,BHM,ATL,Birmingham,Atlanta,Small,DL,Delta Air Lines,13559,134.0,66.0,89.28,1.09,-2.89,14.0,-8.17,33.3,68265,35680
DFW-ATL,DFW,ATL,Dallas-Fort Worth,Atlanta,Large,DL,Delta Air Lines,13524,731.0,128.6,83.27,1.4,4.07,31.0,-7.61,95.9,87892,77510
ATL-DFW,ATL,DFW,Atlanta,Dallas-Fort Worth,Large,DL,Delta Air Lines,13524,731.0,140.9,75.12,1.39,8.69,42.0,-2.56,112.0,140279,32581
ORD-MIA,ORD,MIA,Chicago,Miami,Large,AA,American Airlines,13517,1197.0,188.4,74.93,1.32,8.68,48.0,-5.51,154.9,135649,71589
MIA-ORD,MIA,ORD,Miami,Chicago,Large,AA,American Airlines,13510,1197.0,207.7,75.51,1.32,6.46,50.0,-8.82,165.6,141226,72097
LAX-SFO,LAX,SFO,Los Angeles,San Francisco,Large,UA,United Airlines,13409,337.0,89.5,78.18,1.09,3.25,37.0,-4.07,55.2,104778,50212
SFO-LAX,SFO,LAX,San Francisco,Los Angeles,Large,UA,United Airlines,13406,337.0,94.8,83.46,1.04,0.85,27.0,-6.78,55.5,60391,58825
CLT-PHX,CLT,PHX,Charlotte,Phoenix,Large,AA,American Airlines,13388,1773.0,273.7,78.71,0.79,3.93,39.0,-9.08,240.0,92139,75507
PHX-CLT,PHX,CLT,Phoenix,Charlotte,Large,AA,American Airlines,13385,1773.0,242.9,86.33,0.8,-1.9,20.0,-9.3,205.9,75579,45511
LAS-SEA,LAS,SEA,Las Vegas,Seattle,Large,AS,Alaska Airlines,13350,867.0,165.1,77.72,1.66,6.1,35.0,-2.55,130.4,90824,71365
SEA-LAS,SEA,LAS,Seattle,Las Vegas,Large,AS,Alaska Airlines,13345,867.0,151.6,75.17,1.39,6.84,39.0,-1.59,119.0,103116,41585
SNA-SJC,SNA,SJC,Santa Ana,San Jose,Medium,WN,Southwest Airlines,13328,342.0,79.6,82.43,1.44,1.14,27.0,-7.32,56.2,30135,67803
SJC-SNA,SJC,SNA,San Jose,Santa Ana,Medium,WN,Southwest Airlines,13324,342.0,81.4,83.37,1.59,-0.25,24.0,-6.78,58.5,33850,50712
MCO-MDW,MCO,MDW,Orlando,Chicago,Large,WN,Southwest Airlines,13321,990.0,168.0,71.63,2.48,10.14,49.0,-5.63,140.5,107496,83611
LAS-MDW,LAS,MDW,Las Vegas,Chicago,Large,WN,Southwest Airlines,13290,1521.0,210.0,72.68,1.36,7.57,44.0,-8.62,180.9,90870,76136
MDW-LAS,MDW,LAS,Chicago,Las Vegas,Large,WN,Southwest Airlines,13276,1521.0,235.1,73.12,1.45,5.62,44.0,-10.19,205.7,109017,60218
SNA-LAS,SNA,LAS,Santa Ana,Las Vegas,Medium,WN,Southwest Airlines,13244,226.0,71.0,75.69,1.77,6.06,39.0,-6.46,44.0,80165,66744
DAL-SAT,DAL,SAT,Dallas,San Antonio,Large,WN,Southwest Airlines,13242,247.0,68.2,77.6,1.94,4.67,37.0,-7.84,44.6,63097,78506
LAS-SNA,LAS,SNA,Las Vegas,Santa Ana,Large,WN,Southwest Airlines,13231,226.0,68.2,73.16,1.63,6.9,39.0,-6.45,41.2,70839,76800
SAT-DAL,SAT,DAL,San Antonio,Dallas,Medium,WN,Southwest Airlines,13225,247.0,69.3,79.55,2.22,3.34,33.0,-6.13,47.1,61254,71493
MDW-MCO,MDW,MCO,Chicago,Orlando,Large,WN,Southwest Airlines,13212,990.0,154.7,72.52,2.3,8.85,47.0,-6.29,127.4,116535,65183
LAX-LAS,LAX,LAS,Los Angeles,Las Vegas,Large,WN,Southwest Airlines,13182,236.0,72.4,73.08,1.1,8.4,47.0,-6.16,43.5,91570,85593
SEA-SNA,SEA,SNA,Seattle,Santa Ana,Large,AS,Alaska Airlines,13129,978.0,165.3,82.94,1.65,-0.38,23.0,-3.28,135.5,56836,25325
SNA-SEA,SNA,SEA,Santa Ana,Seattle,Medium,AS,Alaska Airlines,13128,978.0,173.3,84.15,1.91,-2.04,22.0,-3.67,142.0,46499,42773
LAS-LAX,LAS,LAX,Las Vegas,Los Angeles,Large,WN,Southwest Airlines,13127,236.0,74.3,68.39,1.06,11.73,49.0,-6.55,42.5,90825,108045
ATL-SAV,ATL,SAV,Atlanta,Savannah,Large,DL,Delta Air Lines,13101,214.0,64.0,81.56,1.16,4.31,30.0,-3.48,38.3,97598,26320
SAV-ATL,SAV,ATL,Savannah,Atlanta,Medium,DL,Delta Air Lines,13100,214.0,71.9,86.27,1.21,0.03,21.0,-7.74,41.1,74429,43872
SJC-BUR,SJC,BUR,San Jose,Burbank,Medium,WN,Southwest Airlines,13067,296.0,67.7,81.46,2.98,1.32,28.0,-6.38,47.0,35278,67869
MDW-PHX,MDW,PHX,Chicago,Phoenix,Large,WN,Southwest Airlines,13051,1444.0,226.5,73.8,1.52,6.05,42.0,-9.73,197.8,101350,64646
LAS-DAL,LAS,DAL,Las Vegas,Dallas,Large,WN,Southwest Airlines,13022,1067.0,159.9,70.35,1.77,10.3,47.0,-5.5,133.4,105874,75586
DAL-LAS,DAL,LAS,Dallas,Las Vegas,Large,WN,Southwest Airlines,12992,1067.0,175.7,73.47,1.63,8.11,45.0,-7.99,149.3,87616,82997
PHX-MDW,PHX,MDW,Phoenix,Chicago,Large,WN,Southwest Airlines,12951,1444.0,196.7,74.8,1.37,6.66,38.0,-7.99,172.0,80512,59605
BUR-SJC,BUR,SJC,Burbank,San Jose,Medium,WN,Southwest Airlines,12927,296.0,71.5,82.83,3.08,0.12,25.0,-6.03,48.1,21566,69198
BWI-FLL,BWI,FLL,Baltimore,Fort Lauderdale,Large,WN,Southwest Airlines,12918,925.0,158.9,70.81,2.55,8.94,50.0,-8.62,131.2,127373,64194
FLL-BWI,FLL,BWI,Fort Lauderdale,Baltimore,Large,WN,Southwest Airlines,12871,925.0,152.1,75.97,2.77,6.45,42.0,-6.14,123.8,79347,78078
FLL-EWR,FLL,EWR,Fort Lauderdale,Newark,Large,UA,United Airlines,12809,1065.0,183.0,73.55,2.98,12.53,63.0,-4.46,146.9,176764,87506
EWR-FLL,EWR,FLL,Newark,Fort Lauderdale,Large,UA,United Airlines,12805,1065.0,188.2,72.32,2.87,8.81,59.0,-7.28,150.5,131705,93505
DAL-AUS,DAL,AUS,Dallas,Austin,Large,WN,Southwest Airlines,12715,189.0,60.9,77.3,2.4,4.81,38.0,-7.13,35.9,71809,68142
AUS-DAL,AUS,DAL,Austin,Dallas,Large,WN,Southwest Airlines,12706,189.0,63.3,77.02,2.73,5.26,39.0,-5.81,39.0,68900,75584
DFW-SGF,DFW,SGF,Dallas-Fort Worth,Springfield,Large,MQ,Envoy Air,12705,364.0,85.3,79.69,1.67,5.09,34.0,-2.63,56.5,73664,57466
LAX-MIA,LAX,MIA,Los Angeles,Miami,Large,AA,American Airlines,12705,2342.0,299.6,78.27,0.69,8.22,38.0,-7.8,262.5,131141,73141
SGF-DFW,SGF,DFW,Springfield,Dallas-Fort Worth,Small,MQ,Envoy Air,12701,364.0,94.3,78.38,1.72,7.33,40.0,-3.35,62.0,119349,65233
MIA-LAX,MIA,LAX,Miami,Los Angeles,Large,AA,American Airlines,12689,2342.0,341.6,70.3,0.67,14.99,62.0,-7.22,302.1,195337,82167
JFK-BOS,JFK,BOS,New York,Boston,Large,B6,JetBlue Airways,12651,187.0,78.2,66.1,2.8,18.12,84.0,-7.23,39.2,201985,106713
BOS-JFK,BOS,JFK,Boston,New York,Large,B6,JetBlue Airways,12618,187.0,78.0,72.27,2.73,11.91,62.0,-3.84,45.3,167835,60952
DCA-ORD,DCA,ORD,Washington,Chicago,Large,AA,American Airlines,12549,612.0,138.0,78.29,2.55,5.24,47.0,-8.6,96.4,108243,105765
ORD-DCA,ORD,DCA,Chicago,Washington,Large,AA,American Airlines,12545,612.0,111.6,71.56,2.64,17.25,62.0,-3.24,84.4,153455,130465
BOS-EWR,BOS,EWR,Boston,Newark,Large,UA,United Airlines,12523,200.0,88.1,74.18,3.78,9.16,55.0,-5.04,51.3,134314,82455
ORD-PHL,ORD,PHL,Chicago,Philadelphia,Large,AA,American Airlines,12507,678.0,120.8,72.03,2.3,19.37,68.0,-4.44,90.5,160871,150237
ATL-DFW,ATL,DFW,Atlanta,Dallas-Fort Worth,Large,AA,American Airlines,12505,731.0,150.1,75.86,2.7,12.0,53.0,-6.03,113.2,125156,119952
PHL-ORD,PHL,ORD,Philadelphia,Chicago,Large,AA,American Airlines,12502,678.0,148.6,78.55,2.28,5.89,49.0,-7.99,106.2,117760,94205
DFW-ATL,DFW,ATL,Dallas-Fort Worth,Atlanta,Large,AA,American Airlines,12501,731.0,129.4,70.05,2.69,13.46,62.0,-5.84,96.3,123721,109631
EWR-BOS,EWR,BOS,Newark,Boston,Large,UA,United Airlines,12500,200.0,77.0,69.9,3.49,13.19,71.0,-5.41,41.5,141599,104183
OAK-LAX,OAK,LAX,Oakland,Los Angeles,Medium,WN,Southwest Airlines,12475,337.0,84.8,81.41,1.43,1.22,29.0,-9.07,55.6,46009,57671
LAX-OAK,LAX,OAK,Los Angeles,Oakland,Large,WN,Southwest Airlines,12475,337.0,81.0,81.74,1.37,0.39,29.0,-9.38,53.9,33965,65086
ASE-DEN,ASE,DEN,Aspen,Denver,Small,OO,SkyWest Airlines,12468,125.0,68.7,66.75,6.88,16.74,81.0,-3.38,32.0,193777,88724
DEN-ASE,DEN,ASE,Denver,Aspen,Large,OO,SkyWest Airlines,12467,125.0,58.1,65.46,6.8,19.87,71.0,-3.12,29.0,213163,79306
DFW-IAH,DFW,IAH,Dallas-Fort Worth,Houston,Large,AA,American Airlines,12415,224.0,72.7,66.05,3.61,18.79,74.0,-2.97,42.7,160855,118224
IAH-DFW,IAH,DFW,Houston,Dallas-Fort Worth,Large,AA,American Airlines,12408,224.0,83.7,73.19,3.75,17.77,67.2,-6.03,45.5,162677,147861
ATL-PNS,ATL,PNS,Atlanta,Pensacola,Large,DL,Delta Air Lines,12379,271.0,71.8,83.2,1.01,4.52,28.0,-3.63,47.9,100729,22924
PNS-ATL,PNS,ATL,Pensacola,Atlanta,Small,DL,Delta Air Lines,12377,271.0,75.3,90.34,1.03,-3.21,11.0,-7.43,44.8,63520,36996
BWI-TPA,BWI,TPA,Baltimore,Tampa,Large,WN,Southwest Airlines,12308,842.0,148.6,72.74,2.36,8.25,46.0,-7.77,122.3,113447,55410
ATL-ORD,ATL,ORD,Atlanta,Chicago,Large,DL,Delta Air Lines,12304,606.0,124.2,75.19,1.0,9.42,42.0,-2.04,93.0,138733,23661
ORD-ATL,ORD,ATL,Chicago,Atlanta,Large,DL,Delta Air Lines,12301,606.0,118.5,79.92,1.01,7.05,38.0,-6.72,84.9,108528,69521
EWR-PBI,EWR,PBI,Newark,West Palm Beach,Large,UA,United Airlines,12298,1023.0,180.8,72.69,2.84,8.16,59.0,-6.03,145.5,127519,78989
PBI-EWR,PBI,EWR,West Palm Beach,Newark,Medium,UA,United Airlines,12296,1023.0,175.8,71.89,3.21,13.86,70.0,-5.14,141.8,188214,88009
SEA-DFW,SEA,DFW,Seattle,Dallas-Fort Worth,Large,AA,American Airlines,12275,1660.0,237.6,77.38,2.22,11.59,39.0,-8.25,198.4,133783,111187
DFW-SEA,DFW,SEA,Dallas-Fort Worth,Seattle,Large,AA,American Airlines,12270,1660.0,263.3,70.99,2.09,11.78,55.0,-8.19,223.9,131483,89474
LAX-SLC,LAX,SLC,Los Angeles,Salt Lake City,Large,DL,Delta Air Lines,12268,590.0,114.5,88.41,0.56,-2.26,17.0,-8.37,83.5,53953,27421
SLC-LAX,SLC,LAX,Salt Lake City,Los Angeles,Large,DL,Delta Air Lines,12263,590.0,123.3,84.4,0.55,1.25,24.0,-6.57,87.5,78336,24234
DCA-CLT,DCA,CLT,Washington,Charlotte,Large,AA,American Airlines,12249,331.0,97.9,78.81,2.09,8.15,45.0,-6.55,59.0,99682,113064
CLT-DCA,CLT,DCA,Charlotte,Washington,Large,AA,American Airlines,12247,331.0,84.2,72.43,1.85,11.98,52.0,-2.79,55.2,123128,87371
DCA-ORD,DCA,ORD,Washington,Chicago,Large,UA,United Airlines,12240,612.0,133.7,80.18,2.1,6.07,38.0,-3.54,97.3,104337,73631
DEN-SLC,DEN,SLC,Denver,Salt Lake City,Large,WN,Southwest Airlines,12212,391.0,93.3,69.99,1.84,10.37,47.0,-7.75,64.3,87800,86399
TPA-BWI,TPA,BWI,Tampa,Baltimore,Large,WN,Southwest Airlines,12205,842.0,137.1,78.03,2.55,5.5,38.0,-6.06,112.0,62466,74475
DCA-BOS,DCA,BOS,Washington,Boston,Large,AA,American Airlines,12192,399.0,95.3,73.33,3.15,11.17,64.0,-4.69,63.7,100021,130762
BOS-DCA,BOS,DCA,Boston,Washington,Large,AA,American Airlines,12184,399.0,104.6,77.88,3.22,6.63,48.0,-6.81,73.4,85697,117299
SLC-DEN,SLC,DEN,Salt Lake City,Denver,Large,WN,Southwest Airlines,12144,391.0,88.6,73.12,1.93,7.87,44.0,-5.22,58.8,85444,72245
ATL-IND,ATL,IND,Atlanta,Indianapolis,Large,DL,Delta Air Lines,12128,432.0,90.0,83.54,0.78,3.64,27.0,-3.19,65.5,80296,20854
IND-ATL,IND,ATL,Indianapolis,Atlanta,Medium,DL,Delta Air Lines,12126,432.0,96.4,87.56,0.78,-0.62,18.0,-6.11,66.9,66091,37880
ATL-ORF,ATL,ORF,Atlanta,Norfolk,Large,DL,Delta Air Lines,12112,516.0,93.9,79.52,0.88,7.03,34.8,-2.87,69.7,107022,27205
ORF-ATL,ORF,ATL,Norfolk,Atlanta,Medium,DL,Delta Air Lines,12110,516.0,112.9,85.8,0.93,1.64,24.0,-7.92,82.4,84443,42338
LAX-CLT,LAX,CLT,Los Angeles,Charlotte,Large,AA,American Airlines,12107,2125.0,284.9,83.21,0.83,2.27,28.0,-9.95,245.5,91229,57167
CLT-LAX,CLT,LAX,Charlotte,Los Angeles,Large,AA,American Airlines,12104,2125.0,316.0,77.75,0.83,3.93,38.0,-9.78,278.3,98153,62911
RIC-ATL,RIC,ATL,Richmond,Atlanta,Medium,DL,Delta Air Lines,12086,481.0,107.1,87.22,0.99,-0.94,19.0,-7.8,74.9,73421,27853
ATL-RIC,ATL,RIC,Atlanta,Richmond,Large,DL,Delta Air Lines,12085,481.0,92.5,81.47,0.95,5.37,32.0,-3.38,66.1,94104,25466
FLL-JFK,FLL,JFK,Fort Lauderdale,New York,Large,B6,JetBlue Airways,12048,1069.0,174.8,64.05,2.81,23.21,94.0,-5.96,141.0,213318,125738
JFK-FLL,JFK,FLL,New York,Fort Lauderdale,Large,B6,JetBlue Airways,12043,1069.0,190.2,64.4,2.53,18.15,84.0,-8.04,151.0,219447,81305
ORD-DCA,ORD,DCA,Chicago,Washington,Large,UA,United Airlines,12022,612.0,116.0,75.37,1.81,8.04,49.0,-3.58,84.5,108008,69507
HOU-DEN,HOU,DEN,Houston,Denver,Medium,WN,Southwest Airlines,11976,883.0,152.1,77.68,2.19,3.47,37.0,-8.0,125.0,78000,45903
DEN-COS,DEN,COS,Denver,Colorado Springs,Large,OO,SkyWest Airlines,11972,73.0,53.0,74.37,2.05,11.4,56.0,-4.48,20.1,136301,67338
COS-DEN,COS,DEN,Colorado Springs,Denver,Small,OO,SkyWest Airlines,11970,73.0,60.6,77.94,1.97,7.65,45.0,-3.24,22.7,142406,40362
DEN-HOU,DEN,HOU,Denver,Houston,Large,WN,Southwest Airlines,11943,883.0,144.8,71.78,2.33,8.25,45.0,-7.96,116.3,88830,70846
FLL-CLT,FLL,CLT,Fort Lauderdale,Charlotte,Large,AA,American Airlines,11942,632.0,128.8,79.97,1.74,7.89,42.0,-6.58,95.1,106976,96043
CLT-FLL,CLT,FLL,Charlotte,Fort Lauderdale,Large,AA,American Airlines,11942,632.0,120.1,75.03,1.65,8.95,48.0,-4.72,92.9,89891,85157
MCO-DAL,MCO,DAL,Orlando,Dallas,Large,WN,Southwest Airlines,11941,973.0,168.3,69.6,2.17,11.65,52.0,-4.09,142.0,109484,76255
DAL-MCO,DAL,MCO,Dallas,Orlando,Large,WN,Southwest Airlines,11905,973.0,151.0,70.49,2.21,11.84,52.0,-5.01,124.7,106034,78419
CVG-ATL,CVG,ATL,Cincinnati,Atlanta,Medium,DL,Delta Air Lines,11860,373.0,93.2,87.94,0.78,-1.08,18.0,-7.64,64.1,61245,33202
ATL-CVG,ATL,CVG,Atlanta,Cincinnati,Large,DL,Delta Air Lines,11859,373.0,83.3,84.43,0.78,2.71,25.0,-4.07,58.3,77292,19127
SNA-OAK,SNA,OAK,Santa Ana,Oakland,Medium,WN,Southwest Airlines,11837,371.0,86.7,80.77,1.44,1.64,29.0,-8.29,61.2,31705,63475
ATL-JFK,ATL,JFK,Atlanta,New York,Large,DL,Delta Air Lines,11836,760.0,141.9,77.58,0.74,7.09,42.0,-9.1,103.6,148166,17179
JFK-ATL,JFK,ATL,New York,Atlanta,Large,DL,Delta Air Lines,11830,760.0,156.2,80.06,0.74,3.95,41.0,-12.61,110.0,148463,33779
LAS-DEN,LAS,DEN,Las Vegas,Denver,Large,UA,United Airlines,11822,628.0,117.7,79.95,1.18,5.4,42.0,-3.19,84.1,80786,76920
DEN-LAS,DEN,LAS,Denver,Las Vegas,Large,UA,United Airlines,11815,628.0,120.4,75.9,0.97,9.43,55.0,-5.04,89.1,100773,83815
OAK-SNA,OAK,SNA,Oakland,Santa Ana,Medium,WN,Southwest Airlines,11802,371.0,88.6,83.0,1.11,-0.09,25.0,-7.47,64.6,36999,40112
SNA-PHX,SNA,PHX,Santa Ana,Phoenix,Medium,WN,Southwest Airlines,11787,338.0,78.6,78.9,1.63,3.99,32.0,-6.97,53.2,45123,59501
PHX-SNA,PHX,SNA,Phoenix,Santa Ana,Large,WN,Southwest Airlines,11785,338.0,79.1,78.94,1.26,3.14,30.0,-7.37,55.3,49422,45402
MIA-PHL,MIA,PHL,Miami,Philadelphia,Large,AA,American Airlines,11751,1013.0,169.4,74.27,1.48,11.83,55.0,-6.5,136.5,131393,85903
PHL-MIA,PHL,MIA,Philadelphia,Miami,Large,AA,American Airlines,11716,1013.0,176.3,76.37,1.49,8.02,48.0,-5.7,140.0,132576,66230
MSY-IAH,MSY,IAH,New Orleans,Houston,Medium,UA,United Airlines,11696,305.0,82.2,82.03,2.09,3.48,32.0,-4.26,55.5,78295,67699
ATL-CLE,ATL,CLE,Atlanta,Cleveland,Large,DL,Delta Air Lines,11681,554.0,104.0,81.38,1.09,4.87,30.0,-3.63,77.3,89430,26321
CLE-ATL,CLE,ATL,Cleveland,Atlanta,Medium,DL,Delta Air Lines,11681,554.0,112.7,87.29,1.13,-2.01,18.0,-8.8,81.7,59859,32677
MCI-ATL,MCI,ATL,Kansas City,Atlanta,Medium,DL,Delta Air Lines,11660,692.0,119.6,88.32,0.97,-1.32,16.0,-6.05,91.3,60015,33746
SEA-ATL,SEA,ATL,Seattle,Atlanta,Large,DL,Delta Air Lines,11659,2182.0,286.1,81.77,0.77,4.8,28.0,-9.18,248.6,122665,26370
ATL-SEA,ATL,SEA,Atlanta,Seattle,Large,DL,Delta Air Lines,11658,2182.0,329.6,82.38,0.71,-1.24,28.0,-11.71,289.5,95206,12518
ATL-MCI,ATL,MCI,Atlanta,Kansas City,Large,DL,Delta Air Lines,11657,692.0,128.1,82.73,0.92,3.67,28.0,-3.66,102.9,83070,21830
AUS-DEN,AUS,DEN,Austin,Denver,Large,WN,Southwest Airlines,11613,775.0,136.7,75.69,2.26,5.83,40.0,-6.3,110.1,66287,66500
DEN-AUS,DEN,AUS,Denver,Austin,Large,WN,Southwest Airlines,11599,775.0,127.6,71.46,2.33,9.71,47.0,-5.69,101.4,82905,74468
DFW-TPA,DFW,TPA,Dallas-Fort Worth,Tampa,Large,AA,American Airlines,11598,929.0,147.0,67.54,3.1,15.83,65.0,-3.44,119.5,120591,107771
TPA-DFW,TPA,DFW,Tampa,Dallas-Fort Worth,Large,AA,American Airlines,11594,929.0,173.2,74.13,3.19,13.5,54.0,-4.84,139.4,123089,108251
DFW-MSY,DFW,MSY,Dallas-Fort Worth,New Orleans,Large,AA,American Airlines,11593,447.0,89.3,65.42,3.48,18.18,71.0,-2.49,63.6,125624,123958
MSY-DFW,MSY,DFW,New Orleans,Dallas-Fort Worth,Medium,AA,American Airlines,11583,447.0,107.0,71.52,3.5,17.92,63.0,-3.24,74.6,138070,132592
ATL-CMH,ATL,CMH,Atlanta,Columbus,Large,DL,Delta Air Lines,11576,447.0,90.9,84.11,0.96,2.56,26.0,-3.87,66.0,72423,20964
CMH-ATL,CMH,ATL,Columbus,Atlanta,Medium,DL,Delta Air Lines,11573,447.0,97.1,87.68,0.98,-1.32,18.0,-6.21,68.9,63281,30931
BOS-DFW,BOS,DFW,Boston,Dallas-Fort Worth,Large,AA,American Airlines,11553,1562.0,267.1,78.16,2.33,1.99,42.0,-12.21,220.7,106081,71440
IAH-MSY,IAH,MSY,Houston,New Orleans,Large,UA,United Airlines,11546,305.0,73.9,78.23,2.0,6.77,44.0,-5.39,45.5,86796,68539
DFW-BOS,DFW,BOS,Dallas-Fort Worth,Boston,Large,AA,American Airlines,11543,1562.0,222.2,70.47,2.28,11.8,62.0,-7.87,188.4,117196,96518
XNA-DFW,XNA,DFW,Bentonville,Dallas-Fort Worth,Small,MQ,Envoy Air,11530,280.0,84.8,78.23,1.71,9.97,42.0,-1.72,51.8,115444,62499
DFW-XNA,DFW,XNA,Dallas-Fort Worth,Bentonville,Large,MQ,Envoy Air,11529,280.0,77.4,80.73,1.74,3.56,33.0,-3.91,47.2,62453,49821
PIT-LGA,PIT,LGA,Pittsburgh,New York,Medium,YX,Republic Airways,11522,335.0,88.5,82.77,3.06,-0.53,27.0,-3.24,57.7,89092,19038
LGA-PIT,LGA,PIT,New York,Pittsburgh,Large,YX,Republic Airways,11518,335.0,98.6,80.71,3.15,0.37,39.0,-7.09,60.3,76741,68633
SMF-SNA,SMF,SNA,Sacramento,Santa Ana,Medium,WN,Southwest Airlines,11512,404.0,87.5,82.31,1.25,1.94,25.0,-5.26,66.8,32848,46684
SNA-SMF,SNA,SMF,Santa Ana,Sacramento,Medium,WN,Southwest Airlines,11493,404.0,90.3,79.81,1.37,3.48,30.9,-6.46,67.8,32761,63480
IAH-ATL,IAH,ATL,Houston,Atlanta,Large,DL,Delta Air Lines,11492,689.0,122.3,82.61,1.37,3.77,30.0,-7.12,90.7,68686,57471
ATL-IAH,ATL,IAH,Atlanta,Houston,Large,DL,Delta Air Lines,11490,689.0,131.8,76.92,1.31,6.92,37.0,-3.88,103.2,106518,24950
IAD-DEN,IAD,DEN,Washington,Denver,Medium,UA,United Airlines,11470,1452.0,237.2,80.32,1.02,4.14,36.0,-7.34,201.1,91151,55073
TPA-EWR,TPA,EWR,Tampa,Newark,Large,UA,United Airlines,11463,997.0,166.6,75.48,2.96,9.41,56.0,-4.72,133.7,139941,64629
EWR-TPA,EWR,TPA,Newark,Tampa,Large,UA,United Airlines,11458,997.0,179.6,74.31,2.73,7.43,53.0,-6.67,142.8,110049,73148
BOS-JFK,BOS,JFK,Boston,New York,Large,YX,Republic Airways,11458,187.0,87.4,78.66,3.14,3.36,39.6,-4.13,47.1,92837,40046
JFK-BOS,JFK,BOS,New York,Boston,Large,YX,Republic Airways,11454,187.0,82.9,80.18,3.1,1.2,40.9,-6.46,40.1,95429,42766
DEN-IAD,DEN,IAD,Denver,Washington,Large,UA,United Airlines,11443,1452.0,200.1,78.8,1.16,6.9,41.0,-6.15,167.2,89872,68081
ATL-GSP,ATL,GSP,Atlanta,Greenville,Large,DL,Delta Air Lines,11439,153.0,55.1,85.86,0.69,1.12,23.0,-4.62,30.8,68191,17792
GSP-ATL,GSP,ATL,Greenville,Atlanta,Small,DL,Delta Air Lines,11438,153.0,63.8,91.21,0.71,-5.07,8.3,-8.48,32.7,47130,29569
MCO-PHL,MCO,PHL,Orlando,Philadelphia,Large,AA,American Airlines,11374,861.0,149.7,75.31,1.71,14.49,61.0,-3.35,119.5,108869,131239
PHL-MCO,PHL,MCO,Philadelphia,Orlando,Large,AA,American Airlines,11362,861.0,159.5,74.51,1.64,9.16,56.0,-3.29,122.7,108410,83009
LAX-RNO,LAX,RNO,Los Angeles,Reno,Large,OO,SkyWest Airlines,11358,391.0,91.7,85.62,0.86,1.12,23.0,-5.11,63.7,70749,29245
RNO-LAX,RNO,LAX,Reno,Los Angeles,Medium,OO,SkyWest Airlines,11357,391.0,99.6,84.86,0.97,2.27,24.3,-3.41,65.5,85648,29809
ATL-SDF,ATL,SDF,Atlanta,Louisville,Large,DL,Delta Air Lines,11350,321.0,79.5,85.01,0.97,1.15,24.0,-4.77,53.7,69998,19275
SDF-ATL,SDF,ATL,Louisville,Atlanta,Medium,DL,Delta Air Lines,11349,321.0,87.3,88.38,1.04,-3.53,16.0,-7.55,56.7,66443,31411
SAN-DEN,SAN,DEN,San Diego,Denver,Large,WN,Southwest Airlines,11295,853.0,140.7,74.75,1.94,6.76,44.0,-7.27,110.0,72185,71087
BWI-BOS,BWI,BOS,Baltimore,Boston,Large,WN,Southwest Airlines,11286,369.0,89.1,71.6,2.06,10.69,52.0,-8.95,60.3,119141,56210
BOS-BWI,BOS,BWI,Boston,Baltimore,Large,WN,Southwest Airlines,11267,369.0,96.3,78.95,2.17,3.83,38.0,-9.76,65.7,46598,85708
DEN-SAN,DEN,SAN,Denver,San Diego,Large,WN,Southwest Airlines,11216,853.0,144.5,70.5,1.74,9.71,47.0,-7.64,117.9,79868,77015
IAH-LAS,IAH,LAS,Houston,Las Vegas,Large,UA,United Airlines,11207,1222.0,200.8,79.83,0.86,4.85,41.0,-6.58,166.1,85205,53353
LAS-IAH,LAS,IAH,Las Vegas,Houston,Large,UA,United Airlines,11204,1222.0,183.0,84.22,1.02,1.23,26.0,-5.94,149.4,62374,57342
ATL-SAT,ATL,SAT,Atlanta,San Antonio,Large,DL,Delta Air Lines,11163,874.0,150.1,80.74,1.15,4.36,31.0,-3.96,125.2,81907,24977
SAT-ATL,SAT,ATL,San Antonio,Atlanta,Medium,DL,Delta Air Lines,11162,874.0,141.0,86.36,1.17,0.92,20.0,-6.39,111.2,56754,37925
MCO-BOS,MCO,BOS,Orlando,Boston,Large,B6,JetBlue Airways,11161,1121.0,181.1,66.17,2.45,19.63,84.0,-4.71,147.1,169263,111617
BOS-MCO,BOS,MCO,Boston,Orlando,Large,B6,JetBlue Airways,11161,1121.0,198.2,66.1,2.29,16.46,78.0,-5.97,161.2,173020,84881
SLC-SEA,SLC,SEA,Salt Lake City,Seattle,Large,DL,Delta Air Lines,11141,689.0,138.6,85.51,0.7,-2.4,22.0,-9.06,100.1,68261,16864
SEA-SLC,SEA,SLC,Seattle,Salt Lake City,Large,DL,Delta Air Lines,11139,689.0,124.0,87.49,0.7,-1.93,18.0,-7.26,90.7,57946,16903
DAL-MDW,DAL,MDW,Dallas,Chicago,Large,WN,Southwest Airlines,11092,793.0,131.0,71.9,2.73,9.78,47.0,-7.34,105.8,73126,79087
MSP-LAX,MSP,LAX,Minneapolis,Los Angeles,Large,DL,Delta Air Lines,11083,1535.0,240.7,83.14,0.74,-1.16,26.0,-8.61,203.6,77799,19857
LAX-MSP,LAX,MSP,Los Angeles,Minneapolis,Large,DL,Delta Air Lines,11080,1535.0,216.2,84.22,0.73,0.21,24.0,-8.3,185.1,73031,27810
MDW-DAL,MDW,DAL,Chicago,Dallas,Large,WN,Southwest Airlines,11080,793.0,140.7,73.89,2.64,5.67,42.8,-9.17,113.1,84201,51643
SEA-LAX,SEA,LAX,Seattle,Los Angeles,Large,DL,Delta Air Lines,11048,954.0,165.1,86.31,0.75,-2.47,20.0,-7.62,127.0,60636,15074
LAX-SEA,LAX,SEA,Los Angeles,Seattle,Large,DL,Delta Air Lines,11044,954.0,172.4,88.52,0.72,-6.54,16.0,-12.71,134.1,53805,23225
LAS-EWR,LAS,EWR,Las Vegas,Newark,Large,UA,United Airlines,11035,2227.0,294.9,74.85,1.98,6.33,51.0,-8.01,255.3,124163,58831
EWR-LAS,EWR,LAS,Newark,Las Vegas,Large,UA,United Airlines,11030,2227.0,339.7,75.61,1.77,4.82,53.0,-10.25,296.6,107817,69501
JFK-DCA,JFK,DCA,New York,Washington,Large,YX,Republic Airways,11027,213.0,93.4,76.4,3.61,2.33,44.0,-5.94,50.5,97312,48808
ATL-PIT,ATL,PIT,Atlanta,Pittsburgh,Large,DL,Delta Air Lines,11013,526.0,98.6,82.77,1.14,3.56,28.0,-3.76,72.7,75180,22205
PIT-ATL,PIT,ATL,Pittsburgh,Atlanta,Medium,DL,Delta Air Lines,11011,526.0,108.1,88.07,1.17,-2.97,16.0,-7.59,77.6,49088,30731
IAH-MCO,IAH,MCO,Houston,Orlando,Large,UA,United Airlines,11007,854.0,143.5,77.29,1.3,7.25,50.0,-6.69,109.9,111664,53470
MCO-IAH,MCO,IAH,Orlando,Houston,Large,UA,United Airlines,11004,854.0,157.3,79.8,1.39,7.11,45.0,-5.76,126.4,96453,75302
DCA-JFK,DCA,JFK,Washington,New York,Large,YX,Republic Airways,10995,213.0,84.8,75.74,3.81,5.63,45.0,-2.71,46.1,103717,42602
LAS-MSP,LAS,MSP,Las Vegas,Minneapolis,Large,DL,Delta Air Lines,10987,1299.0,187.7,86.78,0.65,-1.93,20.0,-6.73,157.5,52577,36496
MIA-BOS,MIA,BOS,Miami,Boston,Large,AA,American Airlines,10977,1258.0,201.4,72.62,1.64,10.01,56.0,-7.7,165.3,120786,67866
EWR-MIA,EWR,MIA,Newark,Miami,Large,UA,United Airlines,10976,1085.0,190.7,68.95,2.63,12.06,63.0,-4.76,152.9,131099,81308
MSP-LAS,MSP,LAS,Minneapolis,Las Vegas,Large,DL,Delta Air Lines,10976,1299.0,208.4,85.01,0.62,-3.99,24.0,-8.49,174.6,66761,13583
MIA-EWR,MIA,EWR,Miami,Newark,Large,UA,United Airlines,10974,1085.0,185.9,71.53,2.78,14.56,66.0,-3.66,149.2,155258,79487
BOS-MIA,BOS,MIA,Boston,Miami,Large,AA,American Airlines,10971,1258.0,217.8,79.97,1.64,0.56,34.0,-8.24,178.0,89103,43261
BOS-PHL,BOS,PHL,Boston,Philadelphia,Large,AA,American Airlines,10958,280.0,96.1,79.09,1.96,8.92,46.5,-7.47,61.6,93557,115361
PHL-BOS,PHL,BOS,Philadelphia,Boston,Large,AA,American Airlines,10954,280.0,84.5,75.21,1.92,9.64,58.0,-5.01,51.8,98093,93427
BOS-LGA,BOS,LGA,Boston,New York,Large,B6,JetBlue Airways,10943,184.0,80.9,76.72,4.26,3.69,51.0,-7.46,46.2,128315,33707
LGA-BOS,LGA,BOS,New York,Boston,Large,B6,JetBlue Airways,10942,184.0,77.8,77.3,4.52,3.21,51.0,-8.37,38.4,84975,84065
ATL-SFO,ATL,SFO,Atlanta,San Francisco,Large,DL,Delta Air Lines,10925,2139.0,313.3,78.77,0.67,3.15,37.0,-8.15,280.1,106933,15356
SFO-ATL,SFO,ATL,San Francisco,Atlanta,Large,DL,Delta Air Lines,10922,2139.0,277.3,85.44,0.72,-0.03,22.0,-10.01,242.2,63136,35912
DAL-MSY,DAL,MSY,Dallas,New Orleans,Large,WN,Southwest Airlines,10917,436.0,83.0,72.97,2.67,9.12,44.0,-5.31,60.9,67062,76163
PHL-PHX,PHL,PHX,Philadelphia,Phoenix,Large,AA,American Airlines,10915,2075.0,315.6,81.87,1.07,-0.01,31.0,-10.01,277.5,77709,51097
ATL-GSO,ATL,GSO,Atlanta,Greensboro,Large,DL,Delta Air Lines,10913,306.0,74.7,84.93,0.84,1.07,25.0,-4.96,49.6,65305,20677
GSO-ATL,GSO,ATL,Greensboro,Atlanta,Small,DL,Delta Air Lines,10911,306.0,83.2,89.2,0.91,-4.58,14.0,-9.18,52.9,55188,27389
MSY-DAL,MSY,DAL,New Orleans,Dallas,Medium,WN,Southwest Airlines,10902,436.0,90.3,73.33,2.89,9.77,45.0,-4.45,69.4,67529,81443
PHX-PHL,PHX,PHL,Phoenix,Philadelphia,Large,AA,American Airlines,10896,2075.0,271.1,83.85,1.08,-0.43,25.0,-8.45,238.6,66513,41978
LGA-MDW,LGA,MDW,New York,Chicago,Large,WN,Southwest Airlines,10866,725.0,148.6,74.31,3.85,6.38,47.0,-10.34,111.0,74736,81708
MDW-LGA,MDW,LGA,Chicago,New York,Large,WN,Southwest Airlines,10856,725.0,124.3,71.54,3.48,8.61,47.0,-6.44,96.0,103819,43433
ATL-PHX,ATL,PHX,Atlanta,Phoenix,Large,DL,Delta Air Lines,10852,1587.0,246.0,78.59,0.66,5.85,33.0,-4.12,217.8,94153,20627
PHX-ATL,PHX,ATL,Phoenix,Atlanta,Large,DL,Delta Air Lines,10841,1587.0,214.6,87.52,0.74,-0.26,19.0,-9.38,183.5,67313,29015
SJU-JFK,SJU,JFK,San Juan,New York,Medium,B6,JetBlue Airways,10815,1598.0,241.4,69.38,1.92,18.16,71.8,-6.07,211.3,155439,111590
ATL-STL,ATL,STL,Atlanta,St. Louis,Large,DL,Delta Air Lines,10812,484.0,100.7,83.62,0.88,2.74,28.0,-4.24,75.6,73255,18849
STL-ATL,STL,ATL,St. Louis,Atlanta,Medium,DL,Delta Air Lines,10810,484.0,94.5,87.71,0.92,-1.56,18.0,-6.18,68.4,54984,34331
ATL-SRQ,ATL,SRQ,Atlanta,Sarasota,Large,DL,Delta Air Lines,10789,444.0,90.2,80.93,1.57,5.46,32.0,-2.49,66.6,84380,20763
SRQ-ATL,SRQ,ATL,Sarasota,Atlanta,Small,DL,Delta Air Lines,10789,444.0,100.5,87.26,1.6,0.03,18.0,-5.36,71.5,53965,39624
ORD-DTW,ORD,DTW,Chicago,Detroit,Large,OO,SkyWest Airlines,10755,235.0,87.4,75.83,1.97,11.06,52.0,-4.85,48.2,136807,45857
BNA-DAL,BNA,DAL,Nashville,Dallas,Large,WN,Southwest Airlines,10755,623.0,119.8,76.88,2.14,5.45,37.2,-7.24,93.3,61269,61962
PSP-SFO,PSP,SFO,Palm Springs,San Francisco,Small,OO,SkyWest Airlines,10747,421.0,98.6,76.72,0.89,7.05,50.0,-2.09,71.8,124713,33625
EWR-CLT,EWR,CLT,Newark,Charlotte,Large,AA,American Airlines,10740,529.0,124.4,76.91,3.04,9.04,52.0,-8.81,84.2,104883,100825
CLT-EWR,CLT,EWR,Charlotte,Newark,Large,AA,American Airlines,10739,529.0,110.9,65.98,3.0,17.74,70.0,-1.05,78.6,144115,85874
SFO-PSP,SFO,PSP,San Francisco,Palm Springs,Large,OO,SkyWest Airlines,10734,421.0,94.8,80.13,0.89,6.53,41.0,-2.84,67.8,67937,65530
PHX-MSP,PHX,MSP,Phoenix,Minneapolis,Large,DL,Delta Air Lines,10731,1276.0,184.0,87.68,0.69,-1.2,18.0,-7.84,156.4,49159,37454
MSP-PHX,MSP,PHX,Minneapolis,Phoenix,Large,DL,Delta Air Lines,10730,1276.0,204.7,81.74,0.69,1.5,31.0,-6.94,172.3,89721,20282
JFK-SJU,JFK,SJU,New York,San Juan,Large,B6,JetBlue Airways,10727,1598.0,234.3,63.3,1.67,20.58,87.0,-6.31,197.9,201212,84077
DAL-BNA,DAL,BNA,Dallas,Nashville,Large,WN,Southwest Airlines,10725,623.0,105.3,75.1,2.03,7.83,43.0,-6.09,80.5,61348,68187
PHX-LAX,PHX,LAX,Phoenix,Los Angeles,Large,OO,SkyWest Airlines,10714,370.0,94.1,89.35,0.36,-1.95,15.0,-5.47,60.6,62856,6334
DEN-PHX,DEN,PHX,Denver,Phoenix,Large,UA,United Airlines,10711,602.0,118.5,79.25,0.96,5.56,43.0,-6.51,88.5,69081,66627
ORD-LGA,ORD,LGA,Chicago,New York,Large,DL,Delta Air Lines,10709,733.0,136.3,75.85,2.81,9.08,60.0,-7.59,98.6,140023,69235
LGA-ORD,LGA,ORD,New York,Chicago,Large,DL,Delta Air Lines,10707,733.0,164.6,74.23,2.7,8.72,67.0,-8.19,116.3,148302,54554
LAX-PHX,LAX,PHX,Los Angeles,Phoenix,Large,OO,SkyWest Airlines,10707,370.0,88.1,85.0,0.36,1.12,23.0,-3.53,60.3,75362,8301
PHX-DEN,PHX,DEN,Phoenix,Denver,Large,UA,United Airlines,10705,602.0,111.6,82.92,1.04,3.58,33.0,-3.82,81.8,65658,55212
DTW-ORD,DTW,ORD,Detroit,Chicago,Large,OO,SkyWest Airlines,10694,235.0,91.2,81.08,1.85,6.16,41.0,-6.31,48.7,142110,28910
TUS-DFW,TUS,DFW,Tucson,Dallas-Fort Worth,Medium,AA,American Airlines,10682,813.0,135.1,78.53,2.8,10.34,41.0,-3.94,105.3,93714,78409
DFW-TUS,DFW,TUS,Dallas-Fort Worth,Tucson,Large,AA,American Airlines,10681,813.0,144.1,71.03,2.67,12.89,58.0,-5.46,115.6,99790,92926
BUR-PHX,BUR,PHX,Burbank,Phoenix,Medium,WN,Southwest Airlines,10672,369.0,90.6,81.81,1.74,1.5,30.0,-7.03,63.4,31431,57928
SFO-SAN,SFO,SAN,San Francisco,San Diego,Large,OO,SkyWest Airlines,10661,447.0,95.2,76.94,1.03,7.71,42.0,0.19,70.9,57837,66186
PHX-BUR,PHX,BUR,Phoenix,Burbank,Large,WN,Southwest Airlines,10645,369.0,88.5,78.89,1.32,3.52,35.0,-9.64,64.9,48297,54910
DFW-SLC,DFW,SLC,Dallas-Fort Worth,Salt Lake City,Large,AA,American Airlines,10643,989.0,168.0,65.08,2.56,19.61,71.0,-5.0,137.6,127363,117959
DEN-MCI,DEN,MCI,Denver,Kansas City,Large,WN,Southwest Airlines,10642,533.0,95.7,71.36,2.01,10.66,47.0,-5.66,70.8,72320,76037
SLC-DFW,SLC,DFW,Salt Lake City,Dallas-Fort Worth,Large,AA,American Airlines,10641,989.0,161.5,73.86,2.66,15.5,53.0,-5.27,125.8,137607,100661
AUS-IAH,AUS,IAH,Austin,Houston,Large,UA,United Airlines,10629,140.0,63.6,78.53,1.92,6.87,36.0,-1.48,33.1,77551,62275
IAH-AUS,IAH,AUS,Houston,Austin,Large,UA,United Airlines,10628,140.0,59.4,75.22,1.63,10.53,52.0,-2.88,29.7,93994,66268
ORD-MKE,ORD,MKE,Chicago,Milwaukee,Large,OO,SkyWest Airlines,10613,67.0,57.5,69.99,2.1,17.56,70.0,-3.04,19.8,163990,72933
MKE-ORD,MKE,ORD,Milwaukee,Chicago,Medium,OO,SkyWest Airlines,10613,67.0,65.2,73.7,2.24,14.08,65.0,-1.28,26.4,159992,60609
MCI-DEN,MCI,DEN,Kansas City,Denver,Medium,WN,Southwest Airlines,10607,533.0,109.2,74.51,2.08,8.66,42.0,-4.17,84.1,72561,63777
MCO-DTW,MCO,DTW,Orlando,Detroit,Large,DL,Delta Air Lines,10578,957.0,160.4,77.47,1.11,11.1,51.0,-2.13,130.1,106293,68059
DTW-MCO,DTW,MCO,Detroit,Orlando,Large,DL,Delta Air Lines,10574,957.0,161.7,78.5,1.08,6.93,43.0,-5.23,128.4,117910,26677
CLT-LAS,CLT,LAS,Charlotte,Las Vegas,Large,AA,American Airlines,10557,1916.0,289.2,76.19,0.99,5.59,43.0,-7.27,255.3,82316,58794
SAN-SFO,SAN,SFO,San Diego,San Francisco,Large,OO,SkyWest Airlines,10554,447.0,98.3,74.4,0.89,8.83,48.0,-0.25,69.4,85709,58314
LAS-CLT,LAS,CLT,Las Vegas,Charlotte,Large,AA,American Airlines,10552,1916.0,260.3,81.31,1.04,5.25,34.0,-9.03,221.4,107596,61172
IND-LGA,IND,LGA,Indianapolis,New York,Medium,YX,Republic Airways,10513,660.0,124.2,82.47,2.76,0.28,27.0,-3.33,95.0,76849,15790
LGA-IND,LGA,IND,New York,Indianapolis,Large,YX,Republic Airways,10511,660.0,143.0,78.98,3.2,2.21,45.0,-7.15,102.9,87785,62853
ATL-ECP,ATL,ECP,Atlanta,Panama City,Large,DL,Delta Air Lines,10469,240.0,65.5,83.87,0.81,3.38,27.0,-4.16,42.0,78305,19759
ECP-ATL,ECP,ATL,Panama City,Atlanta,Small,DL,Delta Air Lines,10469,240.0,71.9,85.92,0.83,0.19,24.0,-7.14,43.1,69060,34561
MSY-HOU,MSY,HOU,New Orleans,Houston,Medium,WN,Southwest Airlines,10356,302.0,77.5,77.02,2.33,5.91,37.0,-6.93,53.3,46161,70739
PHX-LAX,PHX,LAX,Phoenix,Los Angeles,Large,WN,Southwest Airlines,10347,370.0,86.9,74.66,0.73,7.7,41.0,-7.7,58.1,61427,60373
HOU-MSY,HOU,MSY,Houston,New Orleans,Medium,WN,Southwest Airlines,10333,302.0,68.0,79.31,2.11,3.75,32.0,-7.42,45.0,48308,49784
LAX-PHX,LAX,PHX,Los Angeles,Phoenix,Large,WN,Southwest Airlines,10331,370.0,85.9,77.86,0.99,4.45,36.0,-7.68,57.5,42976,61176
LAS-SFO,LAS,SFO,Las Vegas,San Francisco,Large,UA,United Airlines,10318,414.0,100.8,77.15,1.1,6.52,44.0,-2.62,68.4,90977,54495
SFO-LAS,SFO,LAS,San Francisco,Las Vegas,Large,UA,United Airlines,10313,414.0,100.5,80.52,1.1,4.5,37.0,-3.77,67.1,63640,45571
DEN-BNA,DEN,BNA,Denver,Nashville,Large,WN,Southwest Airlines,10307,1014.0,149.3,70.48,1.93,10.8,48.0,-5.77,122.4,76703,67778
BNA-DEN,BNA,DEN,Nashville,Denver,Large,WN,Southwest Airlines,10300,1014.0,174.8,76.65,1.7,5.11,39.0,-7.11,146.5,64811,49729
SFO-IAD,SFO,IAD,San Francisco,Washington,Large,UA,United Airlines,10294,2419.0,306.4,81.6,0.98,2.07,30.0,-8.56,267.9,66926,39578
IAD-SFO,IAD,SFO,Washington,San Francisco,Medium,UA,United Airlines,10285,2419.0,354.5,80.61,1.04,1.03,35.0,-11.57,315.3,87763,42163
VPS-ATL,VPS,ATL,Valparaiso,Atlanta,Small,DL,Delta Air Lines,10242,250.0,75.8,86.09,1.0,0.59,24.0,-7.75,43.9,69958,37423
ATL-VPS,ATL,VPS,Atlanta,Valparaiso,Large,DL,Delta Air Lines,10240,250.0,71.1,83.71,0.99,2.63,27.0,-4.43,43.8,74064,20129
MDW-MCI,MDW,MCI,Chicago,Kansas City,Large,WN,Southwest Airlines,10188,405.0,87.1,75.79,1.61,6.68,38.0,-5.71,64.0,60743,53512
MCI-MDW,MCI,MDW,Kansas City,Chicago,Medium,WN,Southwest Airlines,10184,405.0,83.2,81.82,1.78,3.31,27.0,-5.83,60.7,36495,50901
STL-DEN,STL,DEN,St. Louis,Denver,Medium,WN,Southwest Airlines,10168,770.0,141.4,75.96,1.71,6.96,42.0,-6.85,115.0,71727,55686
DFW-MCI,DFW,MCI,Dallas-Fort Worth,Kansas City,Large,AA,American Airlines,10141,460.0,95.8,67.42,2.76,18.53,67.0,-3.5,68.5,105882,115901
MCI-DFW,MCI,DFW,Kansas City,Dallas-Fort Worth,Medium,AA,American Airlines,10137,460.0,107.2,74.59,2.79,14.34,54.0,-4.46,73.9,121201,97769
GSP-CLT,GSP,CLT,Greenville,Charlotte,Small,OH,PSA Airlines,10134,75.0,68.1,82.51,0.92,4.27,27.0,-3.56,27.2,56817,59754
CLT-GSP,CLT,GSP,Charlotte,Greenville,Large,OH,PSA Airlines,10129,75.0,54.4,80.44,0.85,6.94,38.0,-2.54,20.5,62547,65316
DEN-STL,DEN,STL,Denver,St. Louis,Large,WN,Southwest Airlines,10124,770.0,120.8,72.14,1.61,10.19,47.0,-6.71,94.5,68778,73280
PHX-LAX,PHX,LAX,Phoenix,Los Angeles,Large,AA,American Airlines,10114,370.0,90.5,82.13,0.41,3.56,32.0,-5.28,58.2,51553,54785
LAX-PHX,LAX,PHX,Los Angeles,Phoenix,Large,AA,American Airlines,10109,370.0,87.5,81.19,0.46,9.61,37.0,-3.12,58.5,63725,89110
LAX-PHL,LAX,PHL,Los Angeles,Philadelphia,Large,AA,American Airlines,10106,2402.0,308.6,80.86,1.1,4.13,31.0,-8.09,275.3,81081,55995
PHL-LAX,PHL,LAX,Philadelphia,Los Angeles,Large,AA,American Airlines,10101,2402.0,353.4,78.97,1.05,2.68,38.0,-9.02,312.2,91596,48609
DFW-CRP,DFW,CRP,Dallas-Fort Worth,Corpus Christi,Large,MQ,Envoy Air,10089,354.0,84.7,81.61,1.98,2.49,31.0,-3.79,58.3,54017,38693
CRP-DFW,CRP,DFW,Corpus Christi,Dallas-Fort Worth,Small,MQ,Envoy Air,10088,354.0,88.3,81.55,2.09,4.74,32.0,-1.78,62.9,67668,50008
ORD-MCO,ORD,MCO,Chicago,Orlando,Large,UA,United Airlines,10084,1005.0,168.5,80.8,1.16,3.27,37.0,-6.79,129.6,73162,46123
MCO-ORD,MCO,ORD,Orlando,Chicago,Large,UA,United Airlines,10082,1005.0,182.5,77.71,1.54,8.12,43.9,-3.02,146.1,91852,62645
CLT-RIC,CLT,RIC,Charlotte,Richmond,Large,AA,American Airlines,10081,257.0,70.8,73.47,1.44,13.38,57.0,-3.8,43.5,87407,95332
RIC-CLT,RIC,CLT,Richmond,Charlotte,Medium,AA,American Airlines,10079,257.0,84.5,79.36,1.6,7.82,38.0,-6.1,50.6,76785,84541
ORD-BOS,ORD,BOS,Chicago,Boston,Large,UA,United Airlines,10058,867.0,144.8,77.78,1.54,6.96,52.0,-6.12,109.2,88756,60627
BOS-ORD,BOS,ORD,Boston,Chicago,Large,UA,United Airlines,10046,867.0,173.3,81.1,1.6,3.87,37.0,-6.39,132.9,72913,59703
SAN-SFO,SAN,SFO,San Diego,San Francisco,Large,UA,United Airlines,10036,447.0,99.1,79.13,1.17,4.39,39.3,-3.48,67.2,76261,46672
SFO-SAN,SFO,SAN,San Francisco,San Diego,Large,UA,United Airlines,10029,447.0,98.3,82.19,1.09,2.95,31.0,-4.63,68.7,52086,47404
BNA-MCO,BNA,MCO,Nashville,Orlando,Large,WN,Southwest Airlines,10027,616.0,113.4,77.22,1.8,5.44,40.0,-6.82,84.7,57563,55871
MIA-TPA,MIA,TPA,Miami,Tampa,Large,AA,American Airlines,10019,204.0,67.4,69.67,2.13,17.54,66.0,-2.84,39.4,124148,93244
LAS-LGB,LAS,LGB,Las Vegas,Long Beach,Large,WN,Southwest Airlines,10016,231.0,70.4,76.32,1.17,5.06,36.0,-7.26,43.4,50180,51488
LGB-LAS,LGB,LAS,Long Beach,Las Vegas,Small,WN,Southwest Airlines,10013,231.0,68.8,77.09,1.22,6.18,40.0,-4.46,43.2,58070,54633
TPA-MIA,TPA,MIA,Tampa,Miami,Large,AA,American Airlines,10010,204.0,69.5,79.21,2.25,9.64,44.0,-4.66,40.3,83365,85837
DEN-SAN,DEN,SAN,Denver,San Diego,Large,UA,United Airlines,9990,853.0,144.9,78.97,0.87,5.24,41.0,-6.22,116.9,68683,53133
PHX-OAK,PHX,OAK,Phoenix,Oakland,Large,WN,Southwest Airlines,9981,646.0,119.3,75.6,0.61,7.76,38.0,-7.12,94.8,52018,60339
MCO-BNA,MCO,BNA,Orlando,Nashville,Large,WN,Southwest Airlines,9970,616.0,121.7,74.48,1.69,9.42,47.0,-5.22,94.2,67811,68095
SJU-MIA,SJU,MIA,San Juan,Miami,Medium,AA,American Airlines,9965,1045.0,172.3,78.5,0.67,10.8,45.0,-4.54,140.0,90644,92455
PDX-SEA,PDX,SEA,Portland,Seattle,Medium,AS,Alaska Airlines,9964,129.0,62.5,84.14,2.28,1.56,20.0,-0.93,31.5,48865,18509
MIA-SJU,MIA,SJU,Miami,San Juan,Large,AA,American Airlines,9963,1045.0,158.5,76.09,0.61,7.89,49.0,-6.29,126.5,96880,51517
SAN-DEN,SAN,DEN,San Diego,Denver,Large,UA,United Airlines,9960,853.0,144.9,83.6,0.97,1.15,29.0,-4.85,111.0,51493,48354
JAX-CLT,JAX,CLT,Jacksonville,Charlotte,Medium,AA,American Airlines,9944,328.0,86.7,79.45,1.6,8.35,39.0,-4.11,56.1,69942,79865
CLT-JAX,CLT,JAX,Charlotte,Jacksonville,Large,AA,American Airlines,9944,328.0,82.2,73.8,1.53,12.81,53.0,-3.35,54.5,78335,92001
OAK-PHX,OAK,PHX,Oakland,Phoenix,Medium,WN,Southwest Airlines,9904,646.0,115.7,79.88,0.59,4.99,32.0,-6.8,90.7,41181,52122
LGA-DEN,LGA,DEN,New York,Denver,Large,UA,United Airlines,9897,1620.0,269.1,80.65,1.9,0.17,35.0,-9.58,227.8,82638,47255
DEN-LGA,DEN,LGA,Denver,New York,Large,UA,United Airlines,9896,1620.0,223.5,73.18,1.85,7.82,53.0,-6.03,190.9,94652,49415
SEA-PDX,SEA,PDX,Seattle,Portland,Large,AS,Alaska Airlines,9879,129.0,56.8,74.38,1.93,6.8,34.0,-1.34,28.9,59626,35233
PHX-SMF,PHX,SMF,Phoenix,Sacramento,Large,WN,Southwest Airlines,9865,647.0,119.9,77.8,0.53,5.8,37.0,-7.24,97.0,49071,54462
SMF-PHX,SMF,PHX,Sacramento,Phoenix,Medium,WN,Southwest Airlines,9863,647.0,110.8,81.22,0.71,4.46,30.0,-5.44,88.3,34215,52025
ATL-IAD,ATL,IAD,Atlanta,Washington,Large,DL,Delta Air Lines,9848,534.0,102.6,80.98,0.98,6.99,35.0,-3.41,76.8,92789,22797
IAD-ATL,IAD,ATL,Washington,Atlanta,Medium,DL,Delta Air Lines,9848,534.0,113.0,84.62,1.11,1.84,30.0,-8.36,80.8,80054,43993
DEN-LAX,DEN,LAX,Denver,Los Angeles,Large,WN,Southwest Airlines,9839,862.0,152.2,71.11,1.69,8.58,48.0,-10.39,118.9,69567,66612
MSP-ORD,MSP,ORD,Minneapolis,Chicago,Large,UA,United Airlines,9821,334.0,95.7,78.66,1.17,7.97,39.0,-2.8,56.8,84887,60858
DTW-LAX,DTW,LAX,Detroit,Los Angeles,Large,DL,Delta Air Lines,9818,1979.0,299.9,80.88,0.78,0.55,32.0,-11.24,260.6,85144,20605
LAX-DTW,LAX,DTW,Los Angeles,Detroit,Large,DL,Delta Air Lines,9817,1979.0,263.7,83.49,0.83,1.0,24.0,-8.13,229.5,62144,25375
ORD-MSP,ORD,MSP,Chicago,Minneapolis,Large,UA,United Airlines,9769,334.0,92.3,75.45,1.04,9.61,49.0,-4.71,59.8,80828,66838
DFW-ELP,DFW,ELP,Dallas-Fort Worth,El Paso,Large,AA,American Airlines,9755,551.0,106.2,65.39,2.78,20.3,74.0,-3.77,79.4,111051,119963
ELP-DFW,ELP,DFW,El Paso,Dallas-Fort Worth,Small,AA,American Airlines,9751,551.0,107.9,75.23,2.8,14.07,58.0,-4.36,76.3,101425,96823
JFK-SFO,JFK,SFO,New York,San Francisco,Large,DL,Delta Air Lines,9746,2586.0,402.1,81.57,1.06,-4.51,37.0,-19.16,346.7,119053,16328
SFO-JFK,SFO,JFK,San Francisco,New York,Large,DL,Delta Air Lines,9746,2586.0,339.1,82.76,1.12,-1.16,29.0,-13.5,294.2,91540,30497
DFW-ONT,DFW,ONT,Dallas-Fort Worth,Ontario,Large,AA,American Airlines,9738,1188.0,192.3,69.57,2.25,14.12,63.0,-6.2,160.1,94504,93071
ONT-DFW,ONT,DFW,Ontario,Dallas-Fort Worth,Medium,AA,American Airlines,9737,1188.0,179.3,77.91,2.3,11.36,43.4,-5.86,147.9,109151,72926
LAX-DEN,LAX,DEN,Los Angeles,Denver,Large,WN,Southwest Airlines,9734,862.0,140.7,77.07,1.82,4.27,39.0,-9.24,110.9,56787,50530
BDL-ATL,BDL,ATL,Windsor Locks,Atlanta,Medium,DL,Delta Air Lines,9730,859.0,154.2,85.85,0.97,-0.56,21.0,-7.76,123.6,59039,27115
ATL-BDL,ATL,BDL,Atlanta,Windsor Locks,Large,DL,Delta Air Lines,9726,859.0,135.6,82.99,0.95,3.4,28.0,-4.18,109.9,67387,17511
DTW-LAS,DTW,LAS,Detroit,Las Vegas,Large,DL,Delta Air Lines,9692,1749.0,267.0,81.25,0.65,0.96,33.0,-8.68,233.0,83367,20608
LAS-DTW,LAS,DTW,Las Vegas,Detroit,Large,DL,Delta Air Lines,9691,1749.0,234.4,85.17,0.68,0.86,22.0,-6.24,201.5,62074,30378
IAH-SAT,IAH,SAT,Houston,San Antonio,Large,UA,United Airlines,9683,191.0,65.3,77.23,1.54,8.5,48.0,-4.36,37.2,76025,58642
ATL-LIT,ATL,LIT,Atlanta,Little Rock,Large,DL,Delta Air Lines,9681,453.0,94.3,83.6,0.79,2.64,29.0,-5.02,69.6,72354,20454
LIT-ATL,LIT,ATL,Little Rock,Atlanta,Small,DL,Delta Air Lines,9679,453.0,92.6,87.76,0.86,-0.76,19.0,-6.69,64.4,64531,34112
MDW-DCA,MDW,DCA,Chicago,Washington,Large,WN,Southwest Airlines,9679,601.0,106.1,73.64,2.52,7.25,43.0,-6.08,81.4,78916,43623
DCA-MDW,DCA,MDW,Washington,Chicago,Large,WN,Southwest Airlines,9653,601.0,123.4,78.65,2.55,4.77,37.9,-8.19,93.9,47218,62019
MKE-ATL,MKE,ATL,Milwaukee,Atlanta,Medium,DL,Delta Air Lines,9649,669.0,122.2,87.37,1.04,-2.4,18.0,-6.89,93.5,52687,26699
ATL-MKE,ATL,MKE,Atlanta,Milwaukee,Large,DL,Delta Air Lines,9649,669.0,119.3,82.68,0.99,2.97,28.0,-4.35,94.5,67762,18512
SAT-IAH,SAT,IAH,San Antonio,Houston,Medium,UA,United Airlines,9637,191.0,63.9,81.61,1.71,4.28,32.0,-1.89,38.1,66176,46990
ORD-LAS,ORD,LAS,Chicago,Las Vegas,Large,UA,United Airlines,9608,1514.0,243.3,81.17,0.85,0.99,38.0,-9.24,203.2,59181,45966
LAS-ORD,LAS,ORD,Las Vegas,Chicago,Large,UA,United Airlines,9606,1514.0,219.0,82.76,1.11,1.29,31.0,-6.55,181.3,58071,49605
DTW-LGA,DTW,LGA,Detroit,New York,Large,DL,Delta Air Lines,9571,502.0,108.5,79.03,1.91,4.24,41.0,-7.59,74.0,108504,18840
LGA-DTW,LGA,DTW,New York,Detroit,Large,DL,Delta Air Lines,9571,502.0,122.9,80.83,1.92,3.27,39.0,-10.82,81.2,89367,54935
DFW-LIT,DFW,LIT,Dallas-Fort Worth,Little Rock,Large,MQ,Envoy Air,9551,304.0,78.7,79.49,1.8,4.83,35.0,-2.59,48.9,56383,41471
LIT-DFW,LIT,DFW,Little Rock,Dallas-Fort Worth,Small,MQ,Envoy Air,9547,304.0,88.5,74.45,1.9,13.22,47.0,-0.76,55.2,101301,57358
LGA-MCO,LGA,MCO,New York,Orlando,Large,DL,Delta Air Lines,9545,950.0,177.7,73.28,2.45,7.47,59.0,-8.01,136.3,110352,53875
MCO-LGA,MCO,LGA,Orlando,New York,Large,DL,Delta Air Lines,9541,950.0,161.4,75.57,2.41,6.75,52.0,-8.28,126.7,103887,46845
MDW-BNA,MDW,BNA,Chicago,Nashville,Large,WN,Southwest Airlines,9519,395.0,87.2,78.83,1.85,3.48,34.0,-8.74,59.4,49911,46616
DFW-ABQ,DFW,ABQ,Dallas-Fort Worth,Albuquerque,Large,AA,American Airlines,9509,569.0,113.2,68.78,2.54,15.39,61.0,-3.77,84.6,96771,87553
ABQ-DFW,ABQ,DFW,Albuquerque,Dallas-Fort Worth,Medium,AA,American Airlines,9507,569.0,109.4,76.84,2.6,14.3,49.0,-4.06,78.6,107974,93153
IND-ORD,IND,ORD,Indianapolis,Chicago,Medium,YX,Republic Airways,9507,177.0,78.6,86.44,1.4,-1.84,20.0,-3.95,42.8,53806,16747
LAX-TUS,LAX,TUS,Los Angeles,Tucson,Large,OO,SkyWest Airlines,9493,451.0,91.1,83.19,0.25,5.32,34.0,-3.34,66.7,96114,17317
TUS-LAX,TUS,LAX,Tucson,Los Angeles,Medium,OO,SkyWest Airlines,9489,451.0,105.4,86.8,0.27,0.32,23.0,-4.92,72.4,83020,11876
BNA-MDW,BNA,MDW,Nashville,Chicago,Large,WN,Southwest Airlines,9488,395.0,94.4,80.84,2.02,1.91,30.0,-8.77,66.9,33957,51144
MSP-DTW,MSP,DTW,Minneapolis,Detroit,Large,DL,Delta Air Lines,9483,528.0,102.7,85.3,0.46,1.27,24.0,-4.94,71.8,68498,13549
ORD-IND,ORD,IND,Chicago,Indianapolis,Large,YX,Republic Airways,9482,177.0,71.5,81.02,2.1,4.03,35.0,-5.78,33.8,66855,51043
LAX-IAD,LAX,IAD,Los Angeles,Washington,Large,UA,United Airlines,9481,2288.0,293.7,85.66,0.94,-2.47,21.0,-8.9,258.7,44248,28188
IAD-LAX,IAD,LAX,Washington,Los Angeles,Medium,UA,United Airlines,9476,2288.0,338.4,82.25,1.01,0.01,30.0,-10.94,297.7,69853,36006
DTW-MSP,DTW,MSP,Detroit,Minneapolis,Large,DL,Delta Air Lines,9473,528.0,116.4,85.03,0.48,-0.34,26.0,-9.05,83.8,68477,19866
MCO-SJU,MCO,SJU,Orlando,San Juan,Large,WN,Southwest Airlines,9463,1189.0,170.1,76.94,0.69,7.73,41.0,-7.84,144.4,54669,58940
SJU-MCO,SJU,MCO,San Juan,Orlando,Medium,WN,Southwest Airlines,9461,1189.0,190.1,82.06,0.86,3.26,29.0,-5.68,159.8,35375,50295
PHX-HOU,PHX,HOU,Phoenix,Houston,Large,WN,Southwest Airlines,9430,1020.0,147.6,75.75,1.12,7.59,37.0,-5.29,125.2,54897,46116
CLT-PBI,CLT,PBI,Charlotte,West Palm Beach,Large,AA,American Airlines,9427,590.0,112.6,74.62,1.56,10.0,48.0,-2.44,86.7,76308,67256
KOA-HNL,KOA,HNL,Kona,Honolulu,Small,WN,Southwest Airlines,9425,163.0,50.7,88.72,1.06,-1.09,15.0,-2.95,31.5,23531,21622
HNL-KOA,HNL,KOA,Honolulu,Kona,Medium,WN,Southwest Airlines,9424,163.0,52.3,86.63,0.89,0.31,20.0,-3.44,29.4,25293,26967
HOU-PHX,HOU,PHX,Houston,Phoenix,Medium,WN,Southwest Airlines,9419,1020.0,169.3,77.1,1.26,5.97,38.0,-6.69,144.7,52957,49919
PBI-CLT,PBI,CLT,West Palm Beach,Charlotte,Medium,AA,American Airlines,9417,590.0,119.8,79.96,1.62,9.84,39.0,-3.47,91.2,79229,72359
RSW-CLT,RSW,CLT,Fort Myers,Charlotte,Medium,AA,American Airlines,9414,600.0,119.7,81.19,2.24,7.62,37.0,-4.31,90.0,72086,71881
CLT-RSW,CLT,RSW,Charlotte,Fort Myers,Large,AA,American Airlines,9413,600.0,116.0,76.08,2.18,8.32,42.0,-3.33,89.6,66067,61882
HNL-LIH,HNL,LIH,Honolulu,Lihue,Medium,WN,Southwest Airlines,9412,102.0,45.6,85.28,0.83,1.89,22.0,-2.62,22.8,28760,33460
LIH-HNL,LIH,HNL,Lihue,Honolulu,Small,WN,Southwest Airlines,9409,102.0,41.3,89.5,0.88,-2.49,14.0,-3.82,22.3,19346,24909
DAL-STL,DAL,STL,Dallas,St. Louis,Large,WN,Southwest Airlines,9366,546.0,100.6,76.43,1.92,6.78,40.0,-6.93,76.6,45396,62042
SAN-ATL,SAN,ATL,San Diego,Atlanta,Large,DL,Delta Air Lines,9362,1892.0,255.4,85.83,0.6,1.94,21.0,-7.7,218.1,74484,23438
MSP-MCO,MSP,MCO,Minneapolis,Orlando,Large,DL,Delta Air Lines,9358,1310.0,197.8,79.93,1.14,3.17,37.0,-6.19,163.0,95757,16844
ATL-SAN,ATL,SAN,Atlanta,San Diego,Large,DL,Delta Air Lines,9358,1892.0,277.4,78.04,0.54,4.56,34.0,-5.46,249.0,83997,16070
MCO-MSP,MCO,MSP,Orlando,Minneapolis,Large,DL,Delta Air Lines,9358,1310.0,212.9,80.44,1.18,6.93,42.0,-4.61,182.4,82168,54576
STL-DAL,STL,DAL,St. Louis,Dallas,Medium,WN,Southwest Airlines,9349,546.0,104.6,75.51,2.14,6.73,40.0,-6.36,81.6,61502,51553
DEN-MSP,DEN,MSP,Denver,Minneapolis,Large,DL,Delta Air Lines,9343,680.0,119.2,82.91,0.76,3.94,29.0,-6.13,90.2,63133,43994
MSP-DEN,MSP,DEN,Minneapolis,Denver,Large,DL,Delta Air Lines,9342,680.0,132.8,80.79,0.7,2.54,34.0,-5.06,99.1,82456,15165
MCO-SJU,MCO,SJU,Orlando,San Juan,Large,B6,JetBlue Airways,9339,1189.0,172.9,69.49,1.14,17.61,74.0,-3.96,144.5,129170,75209
SJU-MCO,SJU,MCO,San Juan,Orlando,Medium,B6,JetBlue Airways,9338,1189.0,188.0,67.74,1.27,19.54,77.0,-4.11,159.5,118267,109825
DAL-MCI,DAL,MCI,Dallas,Kansas City,Large,WN,Southwest Airlines,9315,461.0,90.5,75.1,2.04,7.65,41.0,-5.84,68.0,44616,65255
HOU-MCO,HOU,MCO,Houston,Orlando,Medium,WN,Southwest Airlines,9289,849.0,137.0,76.77,1.81,6.21,40.0,-7.54,109.3,71066,41095
MCO-HOU,MCO,HOU,Orlando,Houston,Large,WN,Southwest Airlines,9283,849.0,154.4,73.61,1.79,7.81,47.0,-7.53,125.2,66940,58375
MCI-DAL,MCI,DAL,Kansas City,Dallas,Medium,WN,Southwest Airlines,9272,461.0,93.3,78.31,2.32,5.04,36.0,-5.77,70.3,45199,54636
DFW-OKC,DFW,OKC,Dallas-Fort Worth,Oklahoma City,Large,AA,American Airlines,9263,175.0,64.1,69.63,3.11,15.4,64.0,-5.11,35.5,90214,93815
BWI-CLT,BWI,CLT,Baltimore,Charlotte,Large,AA,American Airlines,9262,361.0,95.9,80.65,2.12,5.98,37.0,-6.37,62.5,75050,67256
DFW-FLL,DFW,FLL,Dallas-Fort Worth,Fort Lauderdale,Large,AA,American Airlines,9261,1119.0,168.8,69.65,2.83,12.79,62.0,-5.44,140.0,95475,72302
FLL-DFW,FLL,DFW,Fort Lauderdale,Dallas-Fort Worth,Large,AA,American Airlines,9259,1119.0,199.6,74.38,2.91,12.02,56.8,-6.13,161.8,105461,78283
CLT-BWI,CLT,BWI,Charlotte,Baltimore,Large,AA,American Airlines,9255,361.0,85.1,72.84,2.04,12.51,54.0,-3.62,57.0,77625,75450
OKC-DFW,OKC,DFW,Oklahoma City,Dallas-Fort Worth,Medium,AA,American Airlines,9254,175.0,68.5,75.66,3.12,13.09,50.0,-2.81,36.2,96462,80795
SJC-SEA,SJC,SEA,San Jose,Seattle,Medium,AS,Alaska Airlines,9246,696.0,134.8,83.94,2.01,-1.19,22.6,-2.82,103.4,38521,28219
SEA-SJC,SEA,SJC,Seattle,San Jose,Large,AS,Alaska Airlines,9245,696.0,131.3,80.03,1.76,2.78,30.0,-3.21,102.3,46096,29968
DEN-SEA,DEN,SEA,Denver,Seattle,Large,UA,United Airlines,9231,1024.0,180.8,78.24,0.77,5.01,43.0,-7.12,144.9,60494,52391
SEA-DEN,SEA,DEN,Seattle,Denver,Large,UA,United Airlines,9226,1024.0,163.6,85.44,0.98,-0.55,24.0,-6.68,129.0,50935,37179
MDW-STL,MDW,STL,Chicago,St. Louis,Large,WN,Southwest Airlines,9207,251.0,70.2,78.48,1.85,4.42,37.0,-7.95,44.7,46565,50036
LAS-HOU,LAS,HOU,Las Vegas,Houston,Large,WN,Southwest Airlines,9207,1235.0,177.3,72.55,1.19,8.86,45.0,-6.8,149.7,60404,57180
AUS-CLT,AUS,CLT,Austin,Charlotte,Large,AA,American Airlines,9206,1032.0,164.5,79.12,1.72,10.85,45.0,-6.05,129.4,93721,80249
CLT-AUS,CLT,AUS,Charlotte,Austin,Large,AA,American Airlines,9204,1032.0,179.5,72.97,1.55,9.6,52.0,-4.11,148.0,84399,62296
ATL-HSV,ATL,HSV,Atlanta,Huntsville,Large,DL,Delta Air Lines,9176,151.0,56.8,85.15,0.94,1.34,25.0,-5.19,33.0,58571,19640
HSV-ATL,HSV,ATL,Huntsville,Atlanta,Small,DL,Delta Air Lines,9173,151.0,62.1,89.7,0.95,-4.85,13.0,-8.51,32.0,41959,26194
DEN-SMF,DEN,SMF,Denver,Sacramento,Large,WN,Southwest Airlines,9170,909.0,152.9,68.05,1.49,12.61,51.0,-6.75,126.6,68928,74854
STL-MDW,STL,MDW,St. Louis,Chicago,Medium,WN,Southwest Airlines,9165,251.0,67.1,80.58,2.03,3.08,30.0,-7.22,43.8,39371,44155
MDW-MSP,MDW,MSP,Chicago,Minneapolis,Large,WN,Southwest Airlines,9142,349.0,87.6,75.01,2.0,6.53,42.0,-7.89,62.1,57490,51811
DCA-LGA,DCA,LGA,Washington,New York,Large,AA,American Airlines,9135,214.0,75.5,71.78,4.7,10.32,64.0,-3.6,42.6,97297,77389
LGA-DCA,LGA,DCA,New York,Washington,Large,AA,American Airlines,9131,214.0,81.5,76.09,4.69,6.83,57.0,-7.35,47.1,67213,98270
MSP-MDW,MSP,MDW,Minneapolis,Chicago,Large,WN,Southwest Airlines,9130,349.0,92.1,80.92,2.17,0.49,29.0,-9.41,63.5,33522,46625
LAS-AUS,LAS,AUS,Las Vegas,Austin,Large,WN,Southwest Airlines,9127,1090.0,157.8,72.72,1.0,9.63,45.0,-4.82,131.8,64480,55643
ATL-JAN,ATL,JAN,Atlanta,Jackson,Large,DL,Delta Air Lines,9127,341.0,80.0,85.72,0.6,0.63,24.0,-5.84,55.5,57058,20954
JAN-ATL,JAN,ATL,Jackson,Atlanta,Small,DL,Delta Air Lines,9126,341.0,82.8,89.71,0.65,-4.54,13.0,-8.51,52.8,49590,24748
DEN-MSP,DEN,MSP,Denver,Minneapolis,Large,WN,Southwest Airlines,9122,680.0,115.1,70.98,1.85,10.11,47.0,-6.93,89.4,63046,63322
AUS-LAS,AUS,LAS,Austin,Las Vegas,Large,WN,Southwest Airlines,9119,1090.0,175.4,75.84,1.09,7.02,42.0,-6.41,150.3,47452,60307
MSP-DEN,MSP,DEN,Minneapolis,Denver,Large,WN,Southwest Airlines,9118,680.0,129.0,76.82,1.82,4.12,39.0,-7.66,99.0,55850,50085
BWI-MDW,BWI,MDW,Baltimore,Chicago,Large,WN,Southwest Airlines,9099,611.0,123.0,72.43,2.47,8.81,44.0,-7.39,96.1,71229,47323
SMF-ONT,SMF,ONT,Sacramento,Ontario,Medium,WN,Southwest Airlines,9078,390.0,80.5,83.47,0.79,2.52,29.0,-6.57,58.9,25021,49199
HOU-LAS,HOU,LAS,Houston,Las Vegas,Medium,WN,Southwest Airlines,9072,1235.0,194.0,77.87,1.03,5.22,37.0,-7.56,168.7,53589,43348
ONT-SMF,ONT,SMF,Ontario,Sacramento,Medium,WN,Southwest Airlines,9062,390.0,83.7,85.42,0.7,-0.33,23.0,-8.2,61.5,16597,46758
AUS-PHX,AUS,PHX,Austin,Phoenix,Large,WN,Southwest Airlines,9054,872.0,151.2,77.56,1.37,5.36,37.0,-6.76,125.6,39216,59381
JFK-CLT,JFK,CLT,New York,Charlotte,Large,AA,American Airlines,9053,541.0,128.2,81.38,2.09,4.04,34.3,-8.24,86.8,87623,46277
CLT-JFK,CLT,JFK,Charlotte,New York,Large,AA,American Airlines,9052,541.0,114.2,70.48,2.05,14.27,60.0,-2.55,80.4,107192,63049
SMF-DEN,SMF,DEN,Sacramento,Denver,Medium,WN,Southwest Airlines,9048,909.0,138.6,77.87,1.5,6.06,35.0,-4.94,115.0,51796,38077
RDU-DFW,RDU,DFW,Raleigh-durham,Dallas-Fort Worth,Medium,AA,American Airlines,9039,1061.0,192.6,76.79,2.54,10.72,44.0,-7.01,156.4,85418,78525
SMF-LAX,SMF,LAX,Sacramento,Los Angeles,Medium,WN,Southwest Airlines,9034,373.0,88.4,81.39,0.8,2.34,31.0,-8.19,60.8,26895,51577
DFW-RDU,DFW,RDU,Dallas-Fort Worth,Raleigh-durham,Large,AA,American Airlines,9031,1061.0,162.8,70.28,2.49,13.97,60.0,-5.75,133.2,90195,82716
PHX-AUS,PHX,AUS,Phoenix,Austin,Large,WN,Southwest Airlines,9018,872.0,131.1,76.75,1.23,6.22,38.0,-6.01,107.6,48976,45533
JFK-MCO,JFK,MCO,New York,Orlando,Large,DL,Delta Air Lines,9018,944.0,180.7,77.27,1.9,3.67,47.0,-10.65,135.9,91710,41027
DFW-TUL,DFW,TUL,Dallas-Fort Worth,Tulsa,Large,AA,American Airlines,9018,237.0,67.6,68.87,3.14,15.77,63.0,-4.23,41.9,93498,85934
MCO-JFK,MCO,JFK,Orlando,New York,Large,DL,Delta Air Lines,9017,944.0,163.6,77.43,1.89,6.96,49.0,-7.84,125.9,96993,47730
TUL-DFW,TUL,DFW,Tulsa,Dallas-Fort Worth,Small,AA,American Airlines,9013,237.0,81.3,75.71,3.1,13.16,52.7,-3.44,46.1,106724,74772
PIT-EWR,PIT,EWR,Pittsburgh,Newark,Medium,YX,Republic Airways,9013,319.0,94.5,83.6,4.13,-4.77,23.0,-6.61,58.0,56643,11462
MSP-SEA,MSP,SEA,Minneapolis,Seattle,Large,DL,Delta Air Lines,9008,1399.0,233.0,87.49,0.8,-6.46,18.0,-12.65,193.5,47927,11979
DEN-BOS,DEN,BOS,Denver,Boston,Large,UA,United Airlines,9006,1754.0,235.3,76.14,1.09,7.19,50.0,-6.88,202.2,82243,51949
BOS-DEN,BOS,DEN,Boston,Denver,Large,UA,United Airlines,9004,1754.0,282.1,83.41,1.37,-2.92,26.0,-10.57,243.6,45564,35052
SEA-MSP,SEA,MSP,Seattle,Minneapolis,Large,DL,Delta Air Lines,9001,1399.0,201.4,88.27,0.78,-3.12,16.0,-9.06,166.9,55174,10481
ORD-SEA,ORD,SEA,Chicago,Seattle,Large,AS,Alaska Airlines,8973,1721.0,279.0,74.07,1.62,5.37,44.0,-6.39,236.9,77090,48162
SEA-ORD,SEA,ORD,Seattle,Chicago,Large,AS,Alaska Airlines,8965,1721.0,244.5,76.21,1.29,4.22,36.0,-4.48,203.8,75997,20922
LAX-SMF,LAX,SMF,Los Angeles,Sacramento,Large,WN,Southwest Airlines,8961,373.0,86.8,83.19,0.94,0.17,28.0,-9.85,60.8,23326,50721
MDW-BWI,MDW,BWI,Chicago,Baltimore,Large,WN,Southwest Airlines,8950,611.0,106.6,74.13,2.67,7.58,41.0,-6.18,81.8,62808,46253
DEN-BWI,DEN,BWI,Denver,Baltimore,Large,WN,Southwest Airlines,8946,1491.0,200.9,68.85,2.18,10.67,48.0,-7.11,173.3,77249,50876
SJC-PHX,SJC,PHX,San Jose,Phoenix,Medium,WN,Southwest Airlines,8932,621.0,110.1,81.16,0.74,3.52,31.0,-5.76,86.7,32438,44021
LAX-SJC,LAX,SJC,Los Angeles,San Jose,Large,WN,Southwest Airlines,8927,308.0,73.8,81.89,0.84,1.08,31.0,-8.93,48.8,23540,51454
BNA-AUS,BNA,AUS,Nashville,Austin,Large,WN,Southwest Airlines,8914,756.0,139.9,80.45,1.38,2.06,33.0,-8.14,112.4,34749,47485
AUS-BNA,AUS,BNA,Austin,Nashville,Large,WN,Southwest Airlines,8909,756.0,123.0,79.9,1.32,4.32,34.0,-6.87,97.6,33533,52881
BWI-DEN,BWI,DEN,Baltimore,Denver,Large,WN,Southwest Airlines,8909,1491.0,241.7,70.57,1.81,7.75,47.0,-10.16,209.5,83777,39818
CLT-BNA,CLT,BNA,Charlotte,Nashville,Large,AA,American Airlines,8891,328.0,86.4,75.5,1.29,10.35,52.0,-3.03,57.7,66927,69319
ABQ-LAX,ABQ,LAX,Albuquerque,Los Angeles,Medium,OO,SkyWest Airlines,8890,677.0,130.3,88.89,0.39,-1.56,16.0,-4.17,99.4,61830,10302
BNA-CLT,BNA,CLT,Nashville,Charlotte,Large,AA,American Airlines,8890,328.0,87.3,78.07,1.39,10.46,41.0,-3.65,52.6,89061,68909
LAX-ABQ,LAX,ABQ,Los Angeles,Albuquerque,Large,OO,SkyWest Airlines,8887,677.0,117.9,85.9,0.32,0.58,23.0,-3.49,90.9,58633,14627
PHX-SJC,PHX,SJC,Phoenix,San Jose,Large,WN,Southwest Airlines,8867,621.0,114.6,78.71,0.78,5.13,34.0,-6.57,92.4,38307,46766
EWR-PIT,EWR,PIT,Newark,Pittsburgh,Large,YX,Republic Airways,8865,319.0,94.7,77.77,5.66,1.26,35.0,-6.44,57.2,56453,42332
ATL-BWI,ATL,BWI,Atlanta,Baltimore,Large,WN,Southwest Airlines,8857,577.0,107.2,76.73,1.56,7.62,39.0,-6.52,81.1,51688,54380
SLC-DEN,SLC,DEN,Salt Lake City,Denver,Large,DL,Delta Air Lines,8850,391.0,90.4,78.11,0.69,7.78,43.0,-1.4,59.4,95199,23781
DEN-SLC,DEN,SLC,Denver,Salt Lake City,Large,DL,Delta Air Lines,8847,391.0,96.9,84.13,0.7,2.43,31.0,-8.76,64.4,66613,47196
ORD-PHX,ORD,PHX,Chicago,Phoenix,Large,UA,United Airlines,8845,1440.0,235.0,83.02,0.76,-1.49,31.0,-10.9,196.3,47251,37622
PHX-ORD,PHX,ORD,Phoenix,Chicago,Large,UA,United Airlines,8843,1440.0,208.9,84.74,1.05,0.19,24.0,-6.54,173.4,48283,37592
OAK-DEN,OAK,DEN,Oakland,Denver,Medium,WN,Southwest Airlines,8832,957.0,147.0,76.97,1.32,6.0,35.0,-5.68,121.7,55605,34084
SJC-LAX,SJC,LAX,San Jose,Los Angeles,Medium,WN,Southwest Airlines,8831,308.0,79.6,80.48,0.77,2.71,33.0,-8.07,51.5,29327,51469
PDX-LAX,PDX,LAX,Portland,Los Angeles,Medium,AS,Alaska Airlines,8807,834.0,146.4,84.07,1.53,0.65,22.0,-2.85,115.1,38472,23215
LAX-PDX,LAX,PDX,Los Angeles,Portland,Large,AS,Alaska Airlines,8806,834.0,147.9,85.93,1.37,-1.42,20.0,-3.5,117.8,32479,24281
MDW-HOU,MDW,HOU,Chicago,Houston,Large,WN,Southwest Airlines,8801,937.0,160.6,72.26,1.99,5.73,42.0,-8.65,133.1,60817,44984
DFW-STL,DFW,STL,Dallas-Fort Worth,St. Louis,Large,AA,American Airlines,8798,550.0,106.1,70.02,2.88,15.46,64.0,-4.47,77.4,88605,83969
STL-MCO,STL,MCO,St. Louis,Orlando,Medium,WN,Southwest Airlines,8795,882.0,140.5,77.66,1.68,5.25,38.0,-6.66,114.1,58079,41747
STL-DFW,STL,DFW,St. Louis,Dallas-Fort Worth,Medium,AA,American Airlines,8792,550.0,117.7,74.64,3.0,15.51,55.8,-4.47,85.2,114481,85998
BWI-ATL,BWI,ATL,Baltimore,Atlanta,Large,WN,Southwest Airlines,8792,577.0,117.3,72.99,1.49,8.99,43.0,-7.88,87.4,70107,47070
CLT-DEN,CLT,DEN,Charlotte,Denver,Large,AA,American Airlines,8780,1337.0,218.5,73.6,1.22,8.79,49.0,-4.73,186.9,77785,56949
MCO-STL,MCO,STL,Orlando,St. Louis,Large,WN,Southwest Airlines,8777,882.0,153.7,75.03,1.63,7.79,45.0,-6.45,126.3,56831,57019
HOU-MDW,HOU,MDW,Houston,Chicago,Medium,WN,Southwest Airlines,8776,937.0,145.5,75.97,1.89,6.48,38.0,-6.36,122.3,53441,40738
DEN-CLT,DEN,CLT,Denver,Charlotte,Large,AA,American Airlines,8776,1337.0,198.1,80.49,1.34,5.35,35.0,-8.58,158.8,77034,59364
PDX-DEN,PDX,DEN,Portland,Denver,Medium,UA,United Airlines,8761,991.0,152.8,87.22,0.99,-2.42,19.0,-6.59,125.0,34803,31054
DEN-PDX,DEN,PDX,Denver,Portland,Large,UA,United Airlines,8761,991.0,166.3,79.04,0.91,5.57,41.5,-7.58,136.9,61543,52047
MCO-DEN,MCO,DEN,Orlando,Denver,Large,UA,United Airlines,8748,1546.0,246.8,79.5,1.39,4.78,39.0,-6.01,213.0,75966,43930
DEN-MCO,DEN,MCO,Denver,Orlando,Large,UA,United Airlines,8744,1546.0,217.5,77.57,1.3,6.24,47.0,-6.49,183.6,68783,57760
DFW-ABI,DFW,ABI,Dallas-Fort Worth,Abilene,Large,MQ,Envoy Air,8738,158.0,57.3,80.3,1.92,5.42,35.0,-1.57,32.1,49803,38933
ABI-DFW,ABI,DFW,Abilene,Dallas-Fort Worth,Non-hub,MQ,Envoy Air,8736,158.0,60.9,81.6,1.93,5.41,32.0,-1.99,35.4,66103,38742
DEN-MCO,DEN,MCO,Denver,Orlando,Large,WN,Southwest Airlines,8734,1546.0,214.7,67.4,1.73,12.5,57.0,-7.19,183.9,91389,54625
LAS-PHX,LAS,PHX,Las Vegas,Phoenix,Large,AA,American Airlines,8733,255.0,75.9,83.26,0.47,6.4,35.0,-4.59,45.5,59804,67591
DEN-OAK,DEN,OAK,Denver,Oakland,Large,WN,Southwest Airlines,8728,957.0,159.0,67.86,1.59,12.26,50.0,-7.73,130.5,71516,63188
SLC-PHX,SLC,PHX,Salt Lake City,Phoenix,Large,DL,Delta Air Lines,8728,507.0,103.3,83.93,0.47,2.05,27.0,-5.01,73.1,60159,18971
DEN-SNA,DEN,SNA,Denver,Santa Ana,Large,WN,Southwest Airlines,8728,846.0,146.5,72.94,2.35,6.46,39.0,-7.78,118.8,48051,45269
PHX-SLC,PHX,SLC,Phoenix,Salt Lake City,Large,DL,Delta Air Lines,8727,507.0,99.8,88.63,0.54,-0.83,17.0,-7.01,72.0,33170,41172
DAL-ATL,DAL,ATL,Dallas,Atlanta,Large,DL,Delta Air Lines,8717,721.0,124.5,82.63,1.06,5.89,36.0,-6.8,95.2,83505,43618
ATL-DAL,ATL,DAL,Atlanta,Dallas,Large,DL,Delta Air Lines,8717,721.0,133.9,82.02,0.93,2.85,32.0,-4.37,108.2,71160,16794
LGA-DFW,LGA,DFW,New York,Dallas-Fort Worth,Large,DL,Delta Air Lines,8717,1389.0,244.9,75.9,2.19,2.53,56.0,-11.19,199.2,108744,35338
DFW-LGA,DFW,LGA,Dallas-Fort Worth,New York,Large,DL,Delta Air Lines,8716,1389.0,210.6,78.82,2.25,5.27,49.0,-9.24,175.0,91526,53608
PHX-LAS,PHX,LAS,Phoenix,Las Vegas,Large,AA,American Airlines,8715,255.0,72.2,77.95,0.46,8.86,45.2,-1.73,44.7,60909,59250
SNA-DEN,SNA,DEN,Santa Ana,Denver,Medium,WN,Southwest Airlines,8712,846.0,137.1,76.54,2.71,5.23,36.0,-7.45,109.5,51128,39039
SAN-SLC,SAN,SLC,San Diego,Salt Lake City,Large,DL,Delta Air Lines,8684,626.0,119.7,87.53,0.54,1.82,20.0,-5.17,87.6,32107,48676
SLC-SAN,SLC,SAN,Salt Lake City,San Diego,Large,DL,Delta Air Lines,8683,626.0,117.1,83.63,0.53,2.42,27.0,-5.16,89.3,62148,19828
SLC-LAS,SLC,LAS,Salt Lake City,Las Vegas,Large,DL,Delta Air Lines,8681,368.0,87.3,79.06,0.58,6.82,38.0,-1.59,57.9,82221,20990
LAS-SLC,LAS,SLC,Las Vegas,Salt Lake City,Large,DL,Delta Air Lines,8678,368.0,85.5,85.53,0.6,1.97,25.0,-5.31,55.5,40276,48141
MCO-DEN,MCO,DEN,Orlando,Denver,Large,WN,Southwest Airlines,8647,1546.0,246.2,71.93,1.64,9.04,49.0,-7.22,214.9,76550,48815
CHS-CLT,CHS,CLT,Charleston,Charlotte,Medium,AA,American Airlines,8635,168.0,67.7,80.0,1.49,9.79,38.0,-3.85,36.9,79664,67626
CLT-CHS,CLT,CHS,Charlotte,Charleston,Large,AA,American Airlines,8634,168.0,64.6,74.52,1.42,11.66,54.0,-4.62,35.2,69735,76871
BWI-BNA,BWI,BNA,Baltimore,Nashville,Large,WN,Southwest Airlines,8612,587.0,118.3,77.04,1.5,4.99,39.0,-9.19,89.2,56653,39649
BNA-BWI,BNA,BWI,Nashville,Baltimore,Large,WN,Southwest Airlines,8565,587.0,104.8,79.46,1.93,3.48,33.0,-7.09,78.9,31714,49115
MCO-PHL,MCO,PHL,Orlando,Philadelphia,Large,F9,Frontier Airlines,8562,861.0,153.6,65.18,1.9,21.86,85.0,-3.48,118.1,125723,106183
BOS-MSP,BOS,MSP,Boston,Minneapolis,Large,DL,Delta Air Lines,8559,1124.0,201.7,84.87,0.71,-2.24,24.0,-10.45,163.9,49905,29430
MSP-BOS,MSP,BOS,Minneapolis,Boston,Large,DL,Delta Air Lines,8558,1124.0,171.5,79.81,0.69,1.5,34.0,-7.73,137.8,75422,14033
PHL-MCO,PHL,MCO,Philadelphia,Orlando,Large,F9,Frontier Airlines,8552,861.0,164.7,66.7,2.2,22.11,89.0,-5.41,123.3,134124,117689
PDX-SLC,PDX,SLC,Portland,Salt Lake City,Medium,DL,Delta Air Lines,8550,630.0,110.8,90.84,0.74,-2.56,11.0,-6.19,84.8,21183,29912
SLC-PDX,SLC,PDX,Salt Lake City,Portland,Large,DL,Delta Air Lines,8550,630.0,118.7,86.74,0.71,-1.21,20.0,-6.92,90.5,46085,13416
JAX-DFW,JAX,DFW,Jacksonville,Dallas-Fort Worth,Medium,AA,American Airlines,8546,918.0,168.9,75.64,2.83,12.35,49.0,-4.4,136.9,87850,71339
DFW-JAX,DFW,JAX,Dallas-Fort Worth,Jacksonville,Large,AA,American Airlines,8543,918.0,141.8,68.17,2.8,15.45,63.0,-3.23,113.4,91623,76114
SFO-JFK,SFO,JFK,San Francisco,New York,Large,B6,JetBlue Airways,8542,2586.0,334.2,80.53,1.01,1.41,39.0,-8.05,299.1,75381,37153
JFK-SFO,JFK,SFO,New York,San Francisco,Large,B6,JetBlue Airways,8538,2586.0,394.8,76.05,0.98,0.73,54.0,-13.16,346.4,104135,33066
DCA-MCO,DCA,MCO,Washington,Orlando,Large,AA,American Airlines,8525,759.0,148.9,77.78,2.04,7.25,47.0,-3.88,112.1,77140,59647
ATL-EWR,ATL,EWR,Atlanta,Newark,Large,UA,United Airlines,8524,746.0,138.8,73.17,3.1,13.53,65.0,-4.9,102.2,114925,60166
MCO-DCA,MCO,DCA,Orlando,Washington,Large,AA,American Airlines,8524,759.0,133.7,71.82,2.04,17.35,66.0,-1.4,106.1,97904,96596
EWR-ATL,EWR,ATL,Newark,Atlanta,Large,UA,United Airlines,8523,746.0,149.0,72.76,2.71,10.53,62.0,-6.45,109.4,88446,67741
CLT-BHM,CLT,BHM,Charlotte,Birmingham,Large,OH,PSA Airlines,8507,350.0,94.2,78.82,1.33,5.63,38.0,-2.71,60.1,54305,46783
EWR-RSW,EWR,RSW,Newark,Fort Myers,Large,UA,United Airlines,8506,1068.0,188.9,73.71,3.12,7.62,53.0,-5.92,154.0,76571,58787
RSW-EWR,RSW,EWR,Fort Myers,Newark,Medium,UA,United Airlines,8501,1068.0,175.1,76.11,3.27,8.04,53.0,-4.12,143.0,98809,47961
BHM-CLT,BHM,CLT,Birmingham,Charlotte,Small,OH,PSA Airlines,8494,350.0,95.3,82.02,1.37,5.97,36.0,-3.43,57.6,50051,67514
LAX-SAN,LAX,SAN,Los Angeles,San Diego,Large,OO,SkyWest Airlines,8482,109.0,57.4,85.24,0.84,3.17,23.0,-2.33,29.5,68991,13041
SAN-LAX,SAN,LAX,San Diego,Los Angeles,Large,OO,SkyWest Airlines,8479,109.0,64.9,88.05,0.84,0.47,17.0,-3.39,26.8,58937,11095
HNL-ITO,HNL,ITO,Honolulu,Hilo,Medium,WN,Southwest Airlines,8473,216.0,59.2,86.23,0.84,1.88,21.0,-3.36,37.2,22946,28113
IAD-ORD,IAD,ORD,Washington,Chicago,Medium,UA,United Airlines,8473,588.0,130.3,79.16,1.0,5.62,37.0,-4.44,92.8,77509,30715
ITO-HNL,ITO,HNL,Hilo,Honolulu,Small,WN,Southwest Airlines,8473,216.0,57.3,92.22,1.04,-2.8,8.0,-2.96,38.7,10374,17209
SFO-SLC,SFO,SLC,San Francisco,Salt Lake City,Large,DL,Delta Air Lines,8470,599.0,112.6,83.88,0.59,3.1,32.0,-8.93,81.9,43573,62690
SFO-PDX,SFO,PDX,San Francisco,Portland,Large,UA,United Airlines,8469,550.0,110.4,84.72,0.77,0.79,25.0,-7.78,78.5,36320,37845
SLC-SFO,SLC,SFO,Salt Lake City,San Francisco,Large,DL,Delta Air Lines,8465,599.0,126.7,77.77,0.54,6.04,42.0,-3.67,97.6,86994,19400
ORD-IAD,ORD,IAD,Chicago,Washington,Large,UA,United Airlines,8465,588.0,115.4,78.15,1.03,9.05,40.0,-4.09,80.5,73174,46006
PDX-SFO,PDX,SFO,Portland,San Francisco,Medium,UA,United Airlines,8465,550.0,110.6,81.03,0.93,4.07,37.0,-4.16,84.5,70669,32237
ORD-BNA,ORD,BNA,Chicago,Nashville,Large,OO,SkyWest Airlines,8457,409.0,101.5,74.48,2.07,11.38,56.0,-5.12,62.7,116058,41748
BWI-PVD,BWI,PVD,Baltimore,Providence,Large,WN,Southwest Airlines,8453,327.0,77.7,71.31,1.82,9.82,46.0,-7.35,52.5,64395,52270
FLL-ATL,FLL,ATL,Fort Lauderdale,Atlanta,Large,NK,Spirit Airlines,8452,581.0,117.3,64.96,1.4,17.84,71.0,-2.83,85.8,137553,44208
ATL-MDW,ATL,MDW,Atlanta,Chicago,Large,WN,Southwest Airlines,8450,591.0,114.9,77.28,1.72,7.5,38.0,-6.65,88.8,49132,46826
CLT-SAV,CLT,SAV,Charlotte,Savannah,Large,OH,PSA Airlines,8447,213.0,76.3,80.12,1.49,3.98,37.0,-5.98,40.7,52723,49402
ATL-FLL,ATL,FLL,Atlanta,Fort Lauderdale,Large,NK,Spirit Airlines,8447,581.0,114.4,70.78,1.55,14.93,59.0,-5.23,85.1,104453,57287
ORD-SBN,ORD,SBN,Chicago,South Bend,Large,OO,SkyWest Airlines,8446,84.0,58.0,72.52,2.64,15.76,67.0,-4.49,22.2,121297,62966
SBN-ORD,SBN,ORD,South Bend,Chicago,Small,OO,SkyWest Airlines,8445,84.0,64.5,76.04,2.46,10.66,56.0,-3.5,25.8,114171,48001
SAV-CLT,SAV,CLT,Savannah,Charlotte,Medium,OH,PSA Airlines,8442,213.0,83.9,86.31,1.56,-2.29,21.0,-8.18,47.0,39885,42080
CLE-ORD,CLE,ORD,Cleveland,Chicago,Medium,UA,United Airlines,8437,316.0,91.2,84.92,1.4,0.73,24.0,-3.92,57.6,54234,26195
IAH-DCA,IAH,DCA,Houston,Washington,Large,UA,United Airlines,8431,1208.0,179.5,75.9,1.4,7.08,49.0,-5.93,148.2,76047,46949
ORD-CLE,ORD,CLE,Chicago,Cleveland,Large,UA,United Airlines,8430,316.0,81.1,79.36,1.35,6.52,42.0,-4.97,47.7,53274,57602
PVD-BWI,PVD,BWI,Providence,Baltimore,Small,WN,Southwest Airlines,8428,327.0,84.4,83.99,1.95,1.02,24.0,-6.96,60.9,30149,36136
SNA-SLC,SNA,SLC,Santa Ana,Salt Lake City,Medium,DL,Delta Air Lines,8421,588.0,113.8,86.38,0.4,2.9,24.0,-5.91,85.5,51955,48794
SLC-SNA,SLC,SNA,Salt Lake City,Santa Ana,Large,DL,Delta Air Lines,8420,588.0,117.3,84.55,0.34,1.98,24.0,-4.4,87.7,63854,14858
SEA-SFO,SEA,SFO,Seattle,San Francisco,Large,UA,United Airlines,8414,679.0,134.8,80.33,0.82,3.43,41.0,-6.25,101.0,77730,33121
SFO-SEA,SFO,SEA,San Francisco,Seattle,Large,UA,United Airlines,8414,679.0,137.5,81.13,0.77,1.54,34.0,-8.66,97.1,40282,47850
SLC-PHX,SLC,PHX,Salt Lake City,Phoenix,Large,WN,Southwest Airlines,8402,507.0,100.3,77.29,0.92,5.85,37.0,-6.83,73.3,36220,60207
PIT-CLT,PIT,CLT,Pittsburgh,Charlotte,Medium,AA,American Airlines,8389,366.0,92.9,82.55,1.07,5.77,32.0,-3.88,62.5,50032,55738
MDW-ATL,MDW,ATL,Chicago,Atlanta,Large,WN,Southwest Airlines,8389,591.0,111.5,76.86,1.44,5.97,36.8,-7.74,84.0,52060,41232
PHX-SLC,PHX,SLC,Phoenix,Salt Lake City,Large,WN,Southwest Airlines,8386,507.0,95.7,75.52,0.78,7.15,39.0,-5.95,72.2,44013,48821
CLT-PIT,CLT,PIT,Charlotte,Pittsburgh,Large,AA,American Airlines,8385,366.0,85.4,75.73,0.98,9.72,49.0,-4.63,57.5,55258,69547
MSP-LGA,MSP,LGA,Minneapolis,New York,Large,DL,Delta Air Lines,8368,1020.0,164.2,80.21,1.45,1.56,35.0,-8.66,129.8,82158,11171
LGA-MSP,LGA,MSP,New York,Minneapolis,Large,DL,Delta Air Lines,8366,1020.0,190.1,83.46,1.48,-0.88,31.0,-12.29,148.7,77726,32583
DTW-BOS,DTW,BOS,Detroit,Boston,Large,DL,Delta Air Lines,8361,632.0,117.0,80.48,1.14,3.75,39.0,-6.81,83.9,79130,17660
BOS-DTW,BOS,DTW,Boston,Detroit,Large,DL,Delta Air Lines,8359,632.0,136.9,82.95,1.14,0.84,34.0,-9.73,99.0,52088,41630
DEN-SMF,DEN,SMF,Denver,Sacramento,Large,UA,United Airlines,8358,909.0,156.7,79.06,0.81,5.65,47.0,-7.68,126.0,51249,57708
SMF-DEN,SMF,DEN,Sacramento,Denver,Medium,UA,United Airlines,8355,909.0,143.4,86.61,0.96,-1.5,21.7,-5.36,115.9,37685,29310
DEN-DFW,DEN,DFW,Denver,Dallas-Fort Worth,Large,UA,United Airlines,8353,641.0,120.2,75.29,1.35,10.11,54.0,-4.02,87.4,76211,55752
LAS-SEA,LAS,SEA,Las Vegas,Seattle,Large,DL,Delta Air Lines,8343,867.0,166.2,86.18,0.79,-2.39,22.0,-9.05,128.8,48662,31878
SEA-LAS,SEA,LAS,Seattle,Las Vegas,Large,DL,Delta Air Lines,8343,867.0,153.1,85.17,0.76,-0.49,24.0,-5.43,117.7,56461,9496
LAS-ONT,LAS,ONT,Las Vegas,Ontario,Large,WN,Southwest Airlines,8342,197.0,62.1,73.16,1.13,8.54,45.7,-7.0,35.7,42526,64609
LGB-SMF,LGB,SMF,Long Beach,Sacramento,Small,WN,Southwest Airlines,8341,387.0,83.9,84.7,1.06,-0.1,24.0,-7.08,61.5,16462,42163
ATL-AVL,ATL,AVL,Atlanta,Asheville,Large,DL,Delta Air Lines,8340,164.0,56.8,83.9,1.13,2.16,28.0,-4.36,33.4,61648,15400
SMF-LGB,SMF,LGB,Sacramento,Long Beach,Medium,WN,Southwest Airlines,8339,387.0,85.2,84.88,1.04,0.01,23.0,-7.14,63.1,19947,32938
AVL-ATL,AVL,ATL,Asheville,Atlanta,Small,DL,Delta Air Lines,8338,164.0,64.6,84.82,1.14,0.01,27.0,-8.62,34.3,57101,30962
DFW-MEM,DFW,MEM,Dallas-Fort Worth,Memphis,Large,AA,American Airlines,8336,431.0,91.5,66.41,2.95,19.49,72.0,-3.09,63.6,91453,98178
MEM-DFW,MEM,DFW,Memphis,Dallas-Fort Worth,Medium,AA,American Airlines,8334,431.0,106.3,70.52,3.02,16.52,61.0,-4.51,70.6,110256,81370
ONT-LAS,ONT,LAS,Ontario,Las Vegas,Medium,WN,Southwest Airlines,8320,197.0,64.2,77.49,1.12,6.27,40.0,-4.64,39.5,49262,44860
BNA-ORD,BNA,ORD,Nashville,Chicago,Large,OO,SkyWest Airlines,8305,409.0,114.7,79.15,2.16,11.46,49.0,-4.35,75.8,139237,23349
DFW-PDX,DFW,PDX,Dallas-Fort Worth,Portland,Large,AA,American Airlines,8291,1616.0,246.4,67.78,2.39,15.74,64.0,-6.74,215.1,95476,76872
DTW-FLL,DTW,FLL,Detroit,Fort Lauderdale,Large,DL,Delta Air Lines,8290,1127.0,182.0,79.11,1.1,5.01,38.0,-5.39,153.1,81224,18732
FLL-DTW,FLL,DTW,Fort Lauderdale,Detroit,Large,DL,Delta Air Lines,8289,1127.0,181.0,80.41,1.13,6.74,39.0,-4.4,150.0,62996,49622
PDX-DFW,PDX,DFW,Portland,Dallas-Fort Worth,Medium,AA,American Airlines,8288,1616.0,225.1,77.75,2.45,12.78,42.0,-6.72,193.0,100634,66177
DFW-IND,DFW,IND,Dallas-Fort Worth,Indianapolis,Large,AA,American Airlines,8284,761.0,129.7,69.64,2.5,14.28,59.0,-4.07,100.4,79545,73899
IND-DFW,IND,DFW,Indianapolis,Dallas-Fort Worth,Medium,AA,American Airlines,8278,761.0,148.7,77.07,2.56,10.51,45.0,-6.13,113.2,88842,65330
MSY-CLT,MSY,CLT,New Orleans,Charlotte,Medium,AA,American Airlines,8259,651.0,120.2,80.37,2.07,8.79,36.0,-5.11,87.6,65367,65234
DFW-DEN,DFW,DEN,Dallas-Fort Worth,Denver,Large,UA,United Airlines,8256,641.0,130.9,75.68,1.64,11.1,52.0,-2.17,97.6,75499,65661
CLT-MSY,CLT,MSY,Charlotte,New Orleans,Large,AA,American Airlines,8253,651.0,123.1,75.62,1.96,8.46,45.0,-4.37,95.2,64033,55222
DTW-DCA,DTW,DCA,Detroit,Washington,Large,DL,Delta Air Lines,8241,405.0,92.0,79.08,1.32,4.65,41.0,-4.8,63.6,83136,18480
DCA-DTW,DCA,DTW,Washington,Detroit,Large,DL,Delta Air Lines,8240,405.0,97.6,83.25,1.47,2.84,33.0,-7.0,66.3,51047,53163
DAL-BWI,DAL,BWI,Dallas,Baltimore,Large,WN,Southwest Airlines,8237,1209.0,170.8,72.71,2.27,9.06,44.0,-6.92,145.6,56777,51814
BWI-DAL,BWI,DAL,Baltimore,Dallas,Large,WN,Southwest Airlines,8225,1209.0,199.9,69.4,2.08,9.12,49.2,-9.3,170.4,80911,40683
LAX-SFO,LAX,SFO,Los Angeles,San Francisco,Large,DL,Delta Air Lines,8215,337.0,85.2,74.77,0.86,7.76,49.0,-4.47,55.0,91883,32636
SFO-LAX,SFO,LAX,San Francisco,Los Angeles,Large,DL,Delta Air Lines,8214,337.0,92.4,81.51,0.91,3.34,39.0,-9.69,55.4,42192,69790
ORD-DEN,ORD,DEN,Chicago,Denver,Large,WN,Southwest Airlines,8210,888.0,163.3,71.18,3.97,7.94,49.0,-6.6,128.5,56393,60174
DCA-IAH,DCA,IAH,Washington,Houston,Large,UA,United Airlines,8208,1208.0,205.8,81.64,1.56,3.28,33.2,-6.26,173.2,68978,42089
ATL-OMA,ATL,OMA,Atlanta,Omaha,Large,DL,Delta Air Lines,8190,821.0,143.2,83.19,0.85,1.4,29.0,-6.37,117.5,57598,18874
OMA-ATL,OMA,ATL,Omaha,Atlanta,Medium,DL,Delta Air Lines,8190,821.0,135.9,87.95,0.92,-1.73,17.0,-9.37,105.3,64719,19847
SNA-PHX,SNA,PHX,Santa Ana,Phoenix,Medium,AA,American Airlines,8188,338.0,83.0,83.1,0.68,8.85,29.0,-3.56,53.5,65500,62846
PHX-SNA,PHX,SNA,Phoenix,Santa Ana,Large,AA,American Airlines,8186,338.0,83.5,82.71,0.67,5.58,31.0,-3.08,55.9,49840,45716
LAS-ORD,LAS,ORD,Las Vegas,Chicago,Large,AA,American Airlines,8173,1514.0,222.8,79.11,1.24,7.17,41.0,-8.2,182.2,75952,65761
ORD-LAS,ORD,LAS,Chicago,Las Vegas,Large,AA,American Airlines,8172,1514.0,240.0,74.24,1.14,7.43,51.0,-7.71,204.3,79747,52014
CLT-BDL,CLT,BDL,Charlotte,Windsor Locks,Large,AA,American Airlines,8172,644.0,116.0,75.44,1.32,9.74,48.0,-4.73,88.1,65070,57892
DEN-ORD,DEN,ORD,Denver,Chicago,Large,WN,Southwest Airlines,8171,888.0,146.7,66.72,3.37,11.74,53.0,-4.63,113.0,81037,46785
BDL-CLT,BDL,CLT,Windsor Locks,Charlotte,Medium,AA,American Airlines,8170,644.0,131.2,79.85,1.35,7.44,39.0,-6.74,100.4,75452,55693
OAK-LGB,OAK,LGB,Oakland,Long Beach,Medium,WN,Southwest Airlines,8169,353.0,84.8,85.86,0.95,-1.62,20.0,-7.89,60.8,23114,23164
LGB-OAK,LGB,OAK,Long Beach,Oakland,Small,WN,Southwest Airlines,8167,353.0,78.7,84.45,1.09,-0.44,25.0,-7.02,54.9,17347,39857
ATL-DAL,ATL,DAL,Atlanta,Dallas,Large,WN,Southwest Airlines,8164,721.0,136.3,75.89,1.62,6.67,41.0,-7.32,109.2,52664,43757
PHX-SEA,PHX,SEA,Phoenix,Seattle,Large,DL,Delta Air Lines,8161,1107.0,193.0,89.71,0.89,-5.96,13.0,-12.43,156.0,40080,30698
SEA-PHX,SEA,PHX,Seattle,Phoenix,Large,DL,Delta Air Lines,8160,1107.0,173.1,83.95,0.83,0.71,25.0,-5.14,140.7,59778,13775
AUS-DEN,AUS,DEN,Austin,Denver,Large,UA,United Airlines,8160,775.0,140.0,80.93,1.34,4.7,36.0,-4.26,110.5,57454,44221
DEN-AUS,DEN,AUS,Denver,Austin,Large,UA,United Airlines,8155,775.0,130.9,77.2,1.04,7.77,47.0,-3.81,101.9,60636,50594
HNL-SFO,HNL,SFO,Honolulu,San Francisco,Medium,UA,United Airlines,8149,2398.0,307.3,87.13,0.97,-1.3,19.0,-9.89,271.3,47293,31929
SFO-HNL,SFO,HNL,San Francisco,Honolulu,Large,UA,United Airlines,8148,2398.0,334.4,80.98,0.59,2.55,32.0,-11.92,294.1,60026,33961
IAH-SAN,IAH,SAN,Houston,San Diego,Large,UA,United Airlines,8143,1303.0,204.4,80.72,1.08,4.22,38.0,-6.26,173.9,57743,36106
SAN-IAH,SAN,IAH,San Diego,Houston,Large,UA,United Airlines,8140,1303.0,192.0,83.99,1.18,0.87,27.0,-4.68,158.5,41237,36940
MIA-ATL,MIA,ATL,Miami,Atlanta,Large,AA,American Airlines,8135,594.0,121.3,66.8,1.52,20.12,74.0,-3.68,87.6,118055,82278
ATL-MIA,ATL,MIA,Atlanta,Miami,Large,AA,American Airlines,8133,594.0,120.1,76.61,1.59,14.16,54.0,-4.2,87.1,80037,88461
MSP-DCA,MSP,DCA,Minneapolis,Washington,Large,DL,Delta Air Lines,8124,931.0,146.9,80.92,1.18,1.08,33.0,-7.17,117.2,69853,13957
DCA-MSP,DCA,MSP,Washington,Minneapolis,Large,DL,Delta Air Lines,8122,931.0,166.4,84.92,1.24,0.95,28.0,-8.1,135.7,65722,32586
IAH-IAD,IAH,IAD,Houston,Washington,Large,UA,United Airlines,8118,1190.0,181.6,77.86,0.91,7.03,41.0,-6.7,147.1,66626,40898
MSP-SLC,MSP,SLC,Minneapolis,Salt Lake City,Large,DL,Delta Air Lines,8108,991.0,175.5,87.2,0.47,-2.55,19.0,-7.52,144.1,38090,10420
SEA-ANC,SEA,ANC,Seattle,Anchorage,Large,DL,Delta Air Lines,8102,1448.0,221.8,82.91,0.28,0.23,27.0,-6.6,190.5,64793,9557
DAL-ATL,DAL,ATL,Dallas,Atlanta,Large,WN,Southwest Airlines,8100,721.0,120.7,73.95,1.89,9.0,45.0,-7.26,93.9,51022,57010
ANC-SEA,ANC,SEA,Anchorage,Seattle,Medium,DL,Delta Air Lines,8100,1448.0,214.5,89.85,0.38,-3.43,14.0,-8.96,178.8,52772,29094
SLC-MSP,SLC,MSP,Salt Lake City,Minneapolis,Large,DL,Delta Air Lines,8099,991.0,153.9,86.17,0.49,-0.33,21.0,-6.88,123.7,45942,13650
LAS-DEN,LAS,DEN,Las Vegas,Denver,Large,F9,Frontier Airlines,8097,628.0,121.7,71.0,1.1,13.82,63.0,-3.74,84.1,84998,80820
TYS-CLT,TYS,CLT,Knoxville,Charlotte,Small,OH,PSA Airlines,8095,177.0,77.7,81.31,1.25,5.91,30.0,-2.26,37.4,54075,46846
CLT-TYS,CLT,TYS,Charlotte,Knoxville,Large,OH,PSA Airlines,8090,177.0,70.8,78.23,1.05,6.55,39.5,-2.09,36.3,53841,45474
SEA-DFW,SEA,DFW,Seattle,Dallas-Fort Worth,Large,AS,Alaska Airlines,8088,1660.0,231.8,72.03,1.55,8.25,39.0,-0.75,199.0,74249,20151
DFW-SEA,DFW,SEA,Dallas-Fort Worth,Seattle,Large,AS,Alaska Airlines,8086,1660.0,261.5,70.85,1.92,10.29,46.0,-1.87,225.6,71868,50058
DEN-LAS,DEN,LAS,Denver,Las Vegas,Large,F9,Frontier Airlines,8085,628.0,125.7,73.16,0.89,9.89,56.0,-6.15,90.3,74330,65103
SAN-SEA,SAN,SEA,San Diego,Seattle,Large,DL,Delta Air Lines,8083,1050.0,186.5,87.49,1.01,-3.08,19.0,-9.84,145.5,46571,34717
SEA-SAN,SEA,SAN,Seattle,San Diego,Large,DL,Delta Air Lines,8082,1050.0,168.9,84.36,0.93,-0.96,24.0,-6.26,136.1,56143,10784
CLT-DTW,CLT,DTW,Charlotte,Detroit,Large,AA,American Airlines,8072,500.0,107.8,75.88,1.52,8.95,49.0,-5.31,75.3,58432,61107
DTW-CLT,DTW,CLT,Detroit,Charlotte,Large,AA,American Airlines,8065,500.0,116.2,82.81,1.59,2.91,31.0,-7.67,78.8,64912,50661
IAD-IAH,IAD,IAH,Washington,Houston,Medium,UA,United Airlines,8065,1190.0,201.4,79.52,1.07,3.77,34.0,-6.16,166.6,67559,29485
ATL-OKC,ATL,OKC,Atlanta,Oklahoma City,Large,DL,Delta Air Lines,8063,761.0,134.0,83.33,0.86,1.87,30.0,-6.91,108.9,59528,20282
OKC-ATL,OKC,ATL,Oklahoma City,Atlanta,Medium,DL,Delta Air Lines,8061,761.0,125.5,88.87,0.94,-3.26,14.1,-7.91,97.3,48918,23732
MSP-DFW,MSP,DFW,Minneapolis,Dallas-Fort Worth,Large,AA,American Airlines,8053,852.0,161.2,77.4,2.66,7.08,45.0,-8.34,121.0,79892,61138
DFW-MSP,DFW,MSP,Dallas-Fort Worth,Minneapolis,Large,AA,American Airlines,8052,852.0,143.7,69.66,2.57,13.71,62.0,-4.65,115.4,74674,69832
ORD-MSP,ORD,MSP,Chicago,Minneapolis,Large,DL,Delta Air Lines,8042,334.0,95.3,78.28,1.12,9.67,53.0,-7.71,60.8,88890,69830
MSP-ORD,MSP,ORD,Minneapolis,Chicago,Large,DL,Delta Air Lines,8040,334.0,93.6,76.47,1.04,8.28,52.0,-4.35,56.2,104030,21519
SMF-DFW,SMF,DFW,Sacramento,Dallas-Fort Worth,Medium,AA,American Airlines,8031,1431.0,201.2,77.62,2.59,10.29,43.0,-6.1,170.3,74908,69403
DFW-SMF,DFW,SMF,Dallas-Fort Worth,Sacramento,Large,AA,American Airlines,8030,1431.0,223.6,67.51,2.45,17.17,65.7,-6.69,192.7,91615,84812
DAL-ELP,DAL,ELP,Dallas,El Paso,Large,WN,Southwest Airlines,8017,562.0,104.8,74.02,1.67,7.95,45.0,-6.93,82.0,42471,58896
HOU-BNA,HOU,BNA,Houston,Nashville,Medium,WN,Southwest Airlines,8013,670.0,113.0,79.0,1.36,4.57,33.0,-7.12,88.4,39389,39874
TPA-MDW,TPA,MDW,Tampa,Chicago,Large,WN,Southwest Airlines,8007,997.0,161.2,75.6,2.41,8.9,43.0,-4.87,137.6,47647,56457
BWI-BUF,BWI,BUF,Baltimore,Buffalo,Large,WN,Southwest Airlines,8006,281.0,71.8,69.0,2.16,11.63,47.0,-6.09,48.3,66338,49944
BUF-BWI,BUF,BWI,Buffalo,Baltimore,Medium,WN,Southwest Airlines,8001,281.0,73.6,83.86,2.24,0.27,22.0,-7.48,49.7,29335,32345
ORD-BOS,ORD,BOS,Chicago,Boston,Large,AA,American Airlines,7989,867.0,140.3,68.69,1.95,15.06,71.0,-3.28,109.2,91319,73222
ELP-DAL,ELP,DAL,El Paso,Dallas,Small,WN,Southwest Airlines,7982,562.0,102.9,81.11,1.72,3.18,30.0,-6.01,80.1,35492,38507
BOS-ORD,BOS,ORD,Boston,Chicago,Large,AA,American Airlines,7980,867.0,178.9,79.36,2.01,4.31,47.0,-8.96,132.5,68156,66502
MDW-TPA,MDW,TPA,Chicago,Tampa,Large,WN,Southwest Airlines,7962,997.0,152.1,72.19,2.34,9.45,47.0,-4.98,129.5,65719,41875
BNA-HOU,BNA,HOU,Nashville,Houston,Large,WN,Southwest Airlines,7962,670.0,131.2,80.46,1.32,0.97,31.0,-9.8,102.3,33803,40087
SAN-ORD,SAN,ORD,San Diego,Chicago,Large,UA,United Airlines,7959,1723.0,246.0,86.61,0.85,-1.77,20.0,-7.33,206.7,48554,27591
ORD-SAN,ORD,SAN,Chicago,San Diego,Large,UA,United Airlines,7959,1723.0,266.0,80.64,0.77,1.74,36.0,-9.24,229.2,49990,42037
PHX-IAH,PHX,IAH,Phoenix,Houston,Large,UA,United Airlines,7950,1009.0,156.8,85.84,1.03,1.52,22.0,-5.13,125.7,43321,38213
AUS-HOU,AUS,HOU,Austin,Houston,Large,WN,Southwest Airlines,7948,148.0,58.1,76.31,1.75,5.63,35.0,-4.43,32.5,41093,43656
IAH-PHX,IAH,PHX,Houston,Phoenix,Large,UA,United Airlines,7944,1009.0,175.0,79.78,0.89,5.52,40.0,-6.04,141.9,59619,40066
IND-BOS,IND,BOS,Indianapolis,Boston,Medium,YX,Republic Airways,7939,818.0,139.8,82.24,1.31,1.1,36.0,-4.06,109.1,62540,19071
BOS-IND,BOS,IND,Boston,Indianapolis,Large,YX,Republic Airways,7935,818.0,163.9,84.6,1.51,-2.39,27.0,-7.44,126.6,45734,31771
HOU-AUS,HOU,AUS,Houston,Austin,Medium,WN,Southwest Airlines,7930,148.0,53.9,74.59,1.53,7.64,41.0,-5.45,30.0,51382,45085
PHX-SAN,PHX,SAN,Phoenix,San Diego,Large,AA,American Airlines,7929,304.0,75.6,78.4,0.54,8.73,41.0,-1.72,50.9,51193,55576
SAN-PHX,SAN,PHX,San Diego,Phoenix,Large,AA,American Airlines,7928,304.0,85.7,82.53,0.62,9.68,33.0,-3.68,51.3,59560,76204
LGA-MIA,LGA,MIA,New York,Miami,Large,DL,Delta Air Lines,7919,1096.0,195.8,71.56,2.11,8.59,64.0,-8.29,154.1,107418,43952
PBI-HPN,PBI,HPN,West Palm Beach,White Plains,Medium,B6,JetBlue Airways,7903,1056.0,171.2,73.79,2.34,10.17,62.9,-4.59,145.5,69726,71838
DTW-TPA,DTW,TPA,Detroit,Tampa,Large,DL,Delta Air Lines,7902,983.0,159.1,81.08,1.52,3.13,34.0,-5.89,131.3,67866,16388
TPA-DTW,TPA,DTW,Tampa,Detroit,Large,DL,Delta Air Lines,7899,983.0,160.8,83.61,1.52,3.79,30.0,-5.43,131.7,50621,37850
MIA-LGA,MIA,LGA,Miami,New York,Large,DL,Delta Air Lines,7899,1096.0,185.0,73.65,2.09,10.34,55.0,-8.0,146.7,96061,49720
HPN-PBI,HPN,PBI,White Plains,West Palm Beach,Small,B6,JetBlue Airways,7893,1056.0,174.4,71.48,2.22,10.93,69.0,-5.12,149.7,99225,64343
BNA-PHX,BNA,PHX,Nashville,Phoenix,Large,WN,Southwest Airlines,7892,1449.0,231.2,80.09,1.01,1.54,31.0,-10.42,201.7,31293,39950
PHX-BNA,PHX,BNA,Phoenix,Nashville,Large,WN,Southwest Airlines,7872,1449.0,193.8,76.77,0.98,6.15,34.0,-7.09,168.7,45052,36034
HOU-SAT,HOU,SAT,Houston,San Antonio,Medium,WN,Southwest Airlines,7869,192.0,60.4,76.12,1.26,6.59,39.0,-7.01,37.6,43317,47515
BOS-FLL,BOS,FLL,Boston,Fort Lauderdale,Large,B6,JetBlue Airways,7858,1237.0,209.0,64.99,1.93,17.34,79.0,-6.57,175.9,134700,54316
SEA-FAI,SEA,FAI,Seattle,Fairbanks,Large,AS,Alaska Airlines,7856,1533.0,230.1,72.66,1.18,5.04,35.0,-3.61,200.1,56944,23011
FAI-SEA,FAI,SEA,Fairbanks,Seattle,Small,AS,Alaska Airlines,7854,1533.0,219.2,80.16,1.26,1.27,26.0,-2.91,190.0,40420,25985
CMH-EWR,CMH,EWR,Columbus,Newark,Medium,YX,Republic Airways,7849,463.0,115.2,81.48,4.06,-3.7,28.0,-7.47,76.5,57443,9367
GEG-SEA,GEG,SEA,Spokane,Seattle,Medium,AS,Alaska Airlines,7846,224.0,74.2,80.21,1.4,4.3,28.0,-0.97,43.5,40074,29368
BDL-BWI,BDL,BWI,Windsor Locks,Baltimore,Medium,WN,Southwest Airlines,7838,283.0,77.6,82.76,1.98,2.18,25.4,-6.51,54.2,32685,34531
EWR-CMH,EWR,CMH,Newark,Columbus,Large,YX,Republic Airways,7833,463.0,118.3,77.01,5.31,1.77,42.0,-6.94,76.1,53425,44339
BWI-BDL,BWI,BDL,Baltimore,Windsor Locks,Large,WN,Southwest Airlines,7832,283.0,74.5,70.68,2.0,10.13,44.0,-7.17,49.4,59978,46677
FLL-BOS,FLL,BOS,Fort Lauderdale,Boston,Large,B6,JetBlue Airways,7825,1237.0,194.4,64.75,1.99,20.99,87.0,-5.62,162.3,123236,82974
SEA-GEG,SEA,GEG,Seattle,Spokane,Large,AS,Alaska Airlines,7806,224.0,65.8,72.25,1.36,8.81,37.0,-0.46,38.8,51171,34821
ONT-OAK,ONT,OAK,Ontario,Oakland,Medium,WN,Southwest Airlines,7803,362.0,78.7,84.69,1.04,0.42,25.0,-7.49,55.4,17299,42058
HOU-ATL,HOU,ATL,Houston,Atlanta,Medium,WN,Southwest Airlines,7802,696.0,117.4,78.21,1.18,5.66,36.0,-7.39,91.2,46573,35054
ATL-HOU,ATL,HOU,Atlanta,Houston,Large,WN,Southwest Airlines,7796,696.0,134.2,78.14,1.23,4.67,36.0,-8.56,105.8,41438,40837
DTW-DFW,DTW,DFW,Detroit,Dallas-Fort Worth,Large,AA,American Airlines,7781,986.0,181.0,77.69,2.52,6.68,40.0,-7.93,142.7,75060,60761
LGA-IAH,LGA,IAH,New York,Houston,Large,UA,United Airlines,7779,1416.0,240.2,80.76,1.93,1.5,34.0,-7.71,201.0,65880,38316
DFW-MAF,DFW,MAF,Dallas-Fort Worth,Midland,Large,MQ,Envoy Air,7779,309.0,78.4,79.7,1.75,4.12,36.0,-3.08,52.2,46969,33888
DFW-DTW,DFW,DTW,Dallas-Fort Worth,Detroit,Large,AA,American Airlines,7778,986.0,159.3,71.14,2.42,12.35,57.0,-6.68,125.4,68444,67771
BWI-ALB,BWI,ALB,Baltimore,Albany,Large,WN,Southwest Airlines,7777,289.0,75.8,72.02,1.67,9.53,43.0,-7.01,52.2,56108,43490
MAF-DFW,MAF,DFW,Midland,Dallas-Fort Worth,Small,MQ,Envoy Air,7775,309.0,80.3,80.9,1.77,4.99,35.0,-3.37,52.1,47095,43407
DAL-ABQ,DAL,ABQ,Dallas,Albuquerque,Large,WN,Southwest Airlines,7775,580.0,110.6,74.74,1.79,7.62,42.0,-6.64,87.3,41048,52504
DEN-SNA,DEN,SNA,Denver,Santa Ana,Large,UA,United Airlines,7768,846.0,148.3,80.68,0.75,2.96,35.0,-6.59,118.0,43627,35807
SNA-DEN,SNA,DEN,Santa Ana,Denver,Medium,UA,United Airlines,7767,846.0,140.6,84.24,0.79,0.11,30.0,-6.34,110.6,48132,35623
IND-EWR,IND,EWR,Indianapolis,Newark,Medium,YX,Republic Airways,7765,645.0,128.2,82.23,4.01,-1.94,25.0,-6.15,92.9,59796,9361
OAK-ONT,OAK,ONT,Oakland,Ontario,Medium,WN,Southwest Airlines,7760,362.0,80.5,83.96,0.97,0.96,27.0,-7.13,57.1,25300,32878
CLT-MEM,CLT,MEM,Charlotte,Memphis,Large,AA,American Airlines,7759,511.0,109.4,73.88,1.5,11.89,55.0,-3.97,81.0,65488,67039
MEM-CLT,MEM,CLT,Memphis,Charlotte,Medium,AA,American Airlines,7757,511.0,107.1,79.99,1.6,11.91,39.0,-4.03,73.8,95154,47571
DFW-SLC,DFW,SLC,Dallas-Fort Worth,Salt Lake City,Large,DL,Delta Air Lines,7754,989.0,172.5,83.34,0.88,5.35,33.0,-5.63,139.5,57197,48990
SAT-HOU,SAT,HOU,San Antonio,Houston,Medium,WN,Southwest Airlines,7753,192.0,58.6,80.39,1.43,2.77,29.0,-4.9,35.0,31653,37743
ABQ-DAL,ABQ,DAL,Albuquerque,Dallas,Medium,WN,Southwest Airlines,7752,580.0,104.4,78.86,1.82,4.7,34.0,-5.83,81.7,39633,38974
SLC-DFW,SLC,DFW,Salt Lake City,Dallas-Fort Worth,Large,DL,Delta Air Lines,7751,989.0,158.9,78.91,0.89,6.7,41.0,-4.42,125.7,82113,22411
IAH-LGA,IAH,LGA,Houston,New York,Large,UA,United Airlines,7745,1416.0,210.1,73.36,1.79,9.35,62.0,-6.4,176.0,94837,36953
ALB-BWI,ALB,BWI,Albany,Baltimore,Small,WN,Southwest Airlines,7741,289.0,80.7,85.21,1.82,-0.09,22.0,-7.64,56.7,31320,30412
SEA-DEN,SEA,DEN,Seattle,Denver,Large,AS,Alaska Airlines,7733,1024.0,161.7,75.25,1.25,6.36,38.0,-2.31,129.1,62931,23756
DEN-SEA,DEN,SEA,Denver,Seattle,Large,AS,Alaska Airlines,7730,1024.0,181.7,75.19,1.54,6.76,41.0,-3.6,146.6,52170,50233
DAL-DCA,DAL,DCA,Dallas,Washington,Large,WN,Southwest Airlines,7716,1184.0,168.1,71.37,2.35,9.87,50.0,-6.38,143.2,66697,46530
DEN-SJC,DEN,SJC,Denver,San Jose,Large,WN,Southwest Airlines,7715,948.0,157.0,71.17,1.31,9.53,46.0,-6.54,131.2,54076,50878
SJC-DEN,SJC,DEN,San Jose,Denver,Medium,WN,Southwest Airlines,7712,948.0,149.4,77.49,1.58,5.3,36.0,-5.07,124.4,46570,31557
DCA-DAL,DCA,DAL,Washington,Dallas,Large,WN,Southwest Airlines,7711,1184.0,200.1,75.14,2.58,4.92,42.0,-9.77,168.6,51517,44322
PHX-ONT,PHX,ONT,Phoenix,Ontario,Large,WN,Southwest Airlines,7709,325.0,73.5,76.66,0.8,6.74,37.0,-6.9,50.8,35988,46166
LAX-BOS,LAX,BOS,Los Angeles,Boston,Large,B6,JetBlue Airways,7705,2611.0,334.0,78.05,0.6,2.6,43.0,-8.54,299.0,67796,40667
BOS-LAX,BOS,LAX,Boston,Los Angeles,Large,B6,JetBlue Airways,7704,2611.0,388.7,77.1,0.6,0.16,49.0,-12.72,345.1,83115,30035
DAL-LBB,DAL,LBB,Dallas,Lubbock,Large,WN,Southwest Airlines,7700,293.0,71.7,76.21,1.73,5.5,41.0,-7.97,48.7,35633,53570
LBB-DAL,LBB,DAL,Lubbock,Dallas,Small,WN,Southwest Airlines,7698,293.0,73.5,82.85,1.95,0.2,27.0,-6.55,50.6,31242,39155
BWI-MHT,BWI,MHT,Baltimore,Manchester NH,Large,WN,Southwest Airlines,7688,377.0,85.1,73.53,1.87,7.29,39.4,-7.72,60.3,48100,42971
MHT-BWI,MHT,BWI,Manchester NH,Baltimore,Small,WN,Southwest Airlines,7675,377.0,95.1,85.56,1.92,-1.65,21.0,-7.13,71.5,24829,27470
MCO-EWR,MCO,EWR,Orlando,Newark,Large,B6,JetBlue Airways,7674,937.0,164.9,61.09,3.02,24.72,99.0,-3.94,128.2,145916,77839
EWR-MCO,EWR,MCO,Newark,Orlando,Large,B6,JetBlue Airways,7670,937.0,173.6,67.22,2.89,17.34,79.0,-4.78,134.1,117885,69661
ABQ-PHX,ABQ,PHX,Albuquerque,Phoenix,Medium,WN,Southwest Airlines,7670,328.0,81.6,79.87,0.86,4.59,34.0,-6.64,55.5,29710,47823
DEN-PDX,DEN,PDX,Denver,Portland,Large,WN,Southwest Airlines,7669,991.0,161.9,66.16,1.9,13.28,51.0,-6.01,137.0,64404,54815
DEN-SLC,DEN,SLC,Denver,Salt Lake City,Large,OO,SkyWest Airlines,7664,391.0,99.7,75.69,1.21,9.94,52.0,-5.74,66.2,89788,34970
OAK-PDX,OAK,PDX,Oakland,Portland,Medium,WN,Southwest Airlines,7658,543.0,99.6,79.07,0.91,4.83,33.0,-6.78,77.1,30033,46112
EWR-DFW,EWR,DFW,Newark,Dallas-Fort Worth,Large,UA,United Airlines,7654,1372.0,236.6,72.17,3.24,9.52,64.8,-8.37,194.1,82894,60633
DFW-EWR,DFW,EWR,Dallas-Fort Worth,Newark,Large,UA,United Airlines,7654,1372.0,206.4,74.34,3.36,11.9,62.0,-5.7,170.6,103260,49721
SLC-DTW,SLC,DTW,Salt Lake City,Detroit,Large,DL,Delta Air Lines,7638,1481.0,208.0,87.2,0.48,-1.51,19.0,-6.95,175.0,45411,11589
DTW-SLC,DTW,SLC,Detroit,Salt Lake City,Large,DL,Delta Air Lines,7637,1481.0,240.9,86.11,0.51,-2.42,21.0,-9.87,206.6,41855,12828
DCA-IND,DCA,IND,Washington,Indianapolis,Large,YX,Republic Airways,7635,500.0,117.5,82.44,2.04,0.51,32.0,-6.0,81.2,39219,41767
ATL-CAE,ATL,CAE,Atlanta,Columbia,Large,DL,Delta Air Lines,7630,192.0,59.1,84.72,0.83,2.42,26.0,-4.38,35.1,48433,18819
CAE-ATL,CAE,ATL,Columbia,Atlanta,Small,DL,Delta Air Lines,7630,192.0,70.0,90.1,0.84,-3.95,12.0,-8.41,40.0,36891,19012
IND-DCA,IND,DCA,Indianapolis,Washington,Medium,YX,Republic Airways,7628,500.0,101.9,84.23,1.57,-0.28,22.0,-2.61,73.9,35910,20153
ONT-PHX,ONT,PHX,Ontario,Phoenix,Medium,WN,Southwest Airlines,7620,325.0,75.2,81.25,1.01,3.07,31.0,-6.21,51.5,24499,41727
PDX-OAK,PDX,OAK,Portland,Oakland,Medium,WN,Southwest Airlines,7617,543.0,103.7,82.13,1.31,2.78,27.0,-6.74,80.8,19834,43878
PDX-DEN,PDX,DEN,Portland,Denver,Medium,WN,Southwest Airlines,7616,991.0,147.3,76.08,1.9,7.09,37.0,-4.97,123.9,43724,38183
PHX-ABQ,PHX,ABQ,Phoenix,Albuquerque,Large,WN,Southwest Airlines,7611,328.0,69.3,77.48,0.72,6.23,37.0,-6.67,46.6,35346,43858
ATL-HOU,ATL,HOU,Atlanta,Houston,Large,DL,Delta Air Lines,7604,696.0,129.5,83.18,0.8,2.57,29.0,-5.29,104.5,57072,14721
HOU-ATL,HOU,ATL,Houston,Atlanta,Medium,DL,Delta Air Lines,7603,696.0,121.6,86.37,0.92,2.59,22.0,-6.58,92.5,59684,33513
RDU-BWI,RDU,BWI,Raleigh-durham,Baltimore,Medium,WN,Southwest Airlines,7601,255.0,67.9,82.21,1.72,0.75,26.0,-7.25,44.3,25301,35728
LGA-FLL,LGA,FLL,New York,Fort Lauderdale,Large,B6,JetBlue Airways,7583,1076.0,188.5,63.37,2.68,20.42,91.0,-6.16,151.6,118916,88487
FLL-LGA,FLL,LGA,Fort Lauderdale,New York,Large,B6,JetBlue Airways,7582,1076.0,175.7,65.19,2.45,16.73,76.3,-4.51,143.4,122158,46440
SEA-DEN,SEA,DEN,Seattle,Denver,Large,WN,Southwest Airlines,7579,1024.0,158.5,73.78,1.7,8.29,42.0,-5.95,127.9,53536,41667
SLC-DEN,SLC,DEN,Salt Lake City,Denver,Large,OO,SkyWest Airlines,7578,391.0,100.7,80.21,0.88,8.73,35.0,-2.9,62.1,106006,15123
SLC-LAS,SLC,LAS,Salt Lake City,Las Vegas,Large,WN,Southwest Airlines,7564,368.0,86.5,75.05,1.11,7.76,43.0,-5.71,58.3,49386,49649
DEN-SEA,DEN,SEA,Denver,Seattle,Large,WN,Southwest Airlines,7560,1024.0,177.7,65.16,1.72,13.11,53.0,-7.86,145.4,65450,56642
BWI-RDU,BWI,RDU,Baltimore,Raleigh-durham,Large,WN,Southwest Airlines,7544,255.0,73.0,73.74,1.56,8.04,40.0,-7.51,47.6,50048,43155
JFK-FLL,JFK,FLL,New York,Fort Lauderdale,Large,DL,Delta Air Lines,7531,1069.0,194.8,76.48,2.07,4.01,51.0,-11.74,151.3,85075,32701
FLL-JFK,FLL,JFK,Fort Lauderdale,New York,Large,DL,Delta Air Lines,7529,1069.0,181.3,76.37,2.09,9.02,53.0,-9.32,141.4,87901,48700
LAS-SLC,LAS,SLC,Las Vegas,Salt Lake City,Large,WN,Southwest Airlines,7514,368.0,84.5,75.26,0.97,6.95,44.0,-7.79,55.7,39411,52353
LGA-BNA,LGA,BNA,New York,Nashville,Large,YX,Republic Airways,7513,764.0,158.0,79.46,3.31,-0.73,39.0,-7.05,117.7,52219,30228
MCO-ATL,MCO,ATL,Orlando,Atlanta,Large,WN,Southwest Airlines,7513,404.0,93.8,74.02,1.53,10.07,50.0,-5.31,64.4,57497,50830
EWR-IND,EWR,IND,Newark,Indianapolis,Large,YX,Republic Airways,7510,645.0,140.3,77.51,5.09,1.36,42.0,-8.16,100.0,54443,42819
BNA-LGA,BNA,LGA,Nashville,New York,Large,YX,Republic Airways,7509,764.0,139.1,78.91,2.92,6.08,40.0,-0.75,112.1,64707,29692
CLT-IAH,CLT,IAH,Charlotte,Houston,Large,AA,American Airlines,7507,912.0,165.1,73.78,1.68,9.51,53.0,-5.69,131.8,66005,56587
IAH-CLT,IAH,CLT,Houston,Charlotte,Large,AA,American Airlines,7506,912.0,154.1,79.03,1.81,12.18,45.0,-6.91,116.7,79657,74461
JFK-MIA,JFK,MIA,New York,Miami,Large,DL,Delta Air Lines,7503,1089.0,197.2,73.86,1.85,6.48,54.0,-9.35,153.3,96726,31993
SEA-DTW,SEA,DTW,Seattle,Detroit,Large,DL,Delta Air Lines,7500,1927.0,257.6,86.72,0.84,-1.73,19.0,-8.96,219.9,43718,13478
DTW-SEA,DTW,SEA,Detroit,Seattle,Large,DL,Delta Air Lines,7499,1927.0,302.0,84.84,0.77,-3.63,24.0,-12.25,260.9,49731,12549
MIA-JFK,MIA,JFK,Miami,New York,Large,DL,Delta Air Lines,7498,1089.0,185.4,71.29,1.89,15.29,69.0,-7.03,143.9,106986,62988
MCO-AUS,MCO,AUS,Orlando,Austin,Large,WN,Southwest Airlines,7498,994.0,168.7,72.53,1.43,9.56,46.0,-4.19,141.7,59171,45390
AUS-MCO,AUS,MCO,Austin,Orlando,Large,WN,Southwest Airlines,7491,994.0,151.2,72.01,1.74,10.81,51.0,-4.86,125.2,56465,55914
FLL-LGA,FLL,LGA,Fort Lauderdale,New York,Large,DL,Delta Air Lines,7488,1076.0,179.9,76.42,2.38,6.43,53.0,-9.78,143.8,69208,47098
LGA-FLL,LGA,FLL,New York,Fort Lauderdale,Large,DL,Delta Air Lines,7488,1076.0,191.6,74.81,2.34,4.97,52.6,-9.61,151.8,79041,36946
SFO-SAN,SFO,SAN,San Francisco,San Diego,Large,WN,Southwest Airlines,7473,447.0,90.7,70.17,1.1,10.83,52.0,-4.9,68.1,41810,73482
SAN-SFO,SAN,SFO,San Diego,San Francisco,Large,WN,Southwest Airlines,7454,447.0,94.5,67.35,1.15,12.46,57.0,-5.11,66.9,63392,62696
BOS-SFO,BOS,SFO,Boston,San Francisco,Large,B6,JetBlue Airways,7445,2704.0,403.4,76.91,0.63,-0.21,50.0,-13.32,360.3,81696,26305
DFW-MFE,DFW,MFE,Dallas-Fort Worth,Mcallen,Large,AA,American Airlines,7444,469.0,96.1,65.74,2.97,20.54,77.0,-3.84,69.1,88975,91533
MFE-DFW,MFE,DFW,Mcallen,Dallas-Fort Worth,Small,AA,American Airlines,7442,469.0,101.3,74.54,3.12,16.47,63.0,-2.97,72.4,84921,79893
SFO-BOS,SFO,BOS,San Francisco,Boston,Large,B6,JetBlue Airways,7440,2704.0,339.7,79.74,0.7,2.11,42.0,-7.78,305.5,66054,36077
ATL-MCO,ATL,MCO,Atlanta,Orlando,Large,WN,Southwest Airlines,7432,404.0,89.7,74.73,1.52,9.03,43.0,-5.62,61.4,56733,41576
BOI-LAX,BOI,LAX,Boise,Los Angeles,Medium,OO,SkyWest Airlines,7420,674.0,141.3,89.53,0.34,-2.87,15.0,-4.64,108.0,38708,8721
SMF-SLC,SMF,SLC,Sacramento,Salt Lake City,Medium,DL,Delta Air Lines,7416,532.0,100.5,88.58,0.57,-0.58,17.0,-6.03,74.1,30198,37622
SLC-SMF,SLC,SMF,Salt Lake City,Sacramento,Large,DL,Delta Air Lines,7415,532.0,107.8,86.1,0.58,0.47,24.0,-6.48,79.0,51263,15492
MCI-PHX,MCI,PHX,Kansas City,Phoenix,Medium,WN,Southwest Airlines,7410,1044.0,172.5,79.23,1.08,3.29,32.1,-8.22,146.9,30433,42260
DAL-LAX,DAL,LAX,Dallas,Los Angeles,Large,WN,Southwest Airlines,7406,1246.0,201.7,72.02,1.49,8.56,45.0,-9.62,171.5,49070,50135
MCO-IAD,MCO,IAD,Orlando,Washington,Large,UA,United Airlines,7406,758.0,132.2,77.05,1.17,10.85,53.0,-2.97,103.0,65540,60955
IAD-MCO,IAD,MCO,Washington,Orlando,Medium,UA,United Airlines,7406,758.0,141.5,76.19,1.17,8.48,46.0,-3.63,108.5,76581,36081
ATL-LEX,ATL,LEX,Atlanta,Lexington KY,Large,DL,Delta Air Lines,7404,304.0,73.6,85.22,0.93,0.92,25.0,-5.49,49.2,47898,15597
LEX-ATL,LEX,ATL,Lexington KY,Atlanta,Small,DL,Delta Air Lines,7403,304.0,91.3,89.59,0.97,-5.62,13.0,-10.18,58.4,40469,22898
PHX-MCI,PHX,MCI,Phoenix,Kansas City,Large,WN,Southwest Airlines,7396,1044.0,148.3,77.3,1.05,6.71,34.0,-5.34,126.5,39166,36144
LAX-BOI,LAX,BOI,Los Angeles,Boise,Large,OO,SkyWest Airlines,7378,674.0,126.5,86.28,0.18,-0.34,22.0,-5.66,98.2,45180,16530
LAS-JFK,LAS,JFK,Las Vegas,New York,Large,DL,Delta Air Lines,7371,2248.0,306.1,80.23,1.55,1.94,36.0,-11.69,261.9,77694,29220
JFK-LAS,JFK,LAS,New York,Las Vegas,Large,DL,Delta Air Lines,7368,2248.0,352.9,80.47,1.51,-3.67,37.0,-15.34,301.1,74049,13471
MCO-ORD,MCO,ORD,Orlando,Chicago,Large,AA,American Airlines,7362,1005.0,185.4,75.05,1.44,12.48,66.0,-4.96,146.9,80842,76525
PHX-MIA,PHX,MIA,Phoenix,Miami,Large,AA,American Airlines,7358,1972.0,261.4,82.24,0.91,1.2,28.0,-8.8,225.3,56266,23272
ORD-MCO,ORD,MCO,Chicago,Orlando,Large,AA,American Airlines,7357,1005.0,162.2,72.09,1.43,11.28,63.0,-4.16,130.0,78426,56418
BOS-SFO,BOS,SFO,Boston,San Francisco,Large,UA,United Airlines,7352,2704.0,399.5,81.61,1.22,-3.2,33.0,-13.8,359.2,49475,26702
EWR-DFW,EWR,DFW,Newark,Dallas-Fort Worth,Large,AA,American Airlines,7351,1372.0,241.7,75.95,3.21,5.62,49.0,-11.97,194.1,80294,54757
DFW-EWR,DFW,EWR,Dallas-Fort Worth,Newark,Large,AA,American Airlines,7351,1372.0,205.4,65.08,3.18,17.56,77.0,-5.5,171.8,100058,66022
SFO-BOS,SFO,BOS,San Francisco,Boston,Large,UA,United Airlines,7351,2704.0,342.7,79.66,1.14,2.35,40.0,-10.14,303.3,57984,33196
MIA-PHX,MIA,PHX,Miami,Phoenix,Large,AA,American Airlines,7334,1972.0,300.8,74.37,0.93,11.08,50.0,-7.21,264.7,79768,54271
LAX-DAL,LAX,DAL,Los Angeles,Dallas,Large,WN,Southwest Airlines,7330,1246.0,181.3,75.2,1.19,6.45,38.0,-5.98,155.2,45648,34209
SMF-SEA,SMF,SEA,Sacramento,Seattle,Medium,OO,SkyWest Airlines,7329,605.0,127.3,88.1,0.41,-4.04,18.0,-7.19,92.4,46062,6155
SEA-OAK,SEA,OAK,Seattle,Oakland,Large,WN,Southwest Airlines,7302,672.0,127.7,76.99,0.9,5.72,37.0,-7.48,97.7,28484,52359
DFW-ORD,DFW,ORD,Dallas-Fort Worth,Chicago,Large,UA,United Airlines,7300,802.0,148.0,79.44,1.48,7.93,42.0,-4.79,109.4,60880,52980
JFK-CMH,JFK,CMH,New York,Columbus,Large,YX,Republic Airways,7296,483.0,120.5,79.99,2.86,1.71,36.0,-5.37,79.8,59003,33274
STL-LAS,STL,LAS,St. Louis,Las Vegas,Medium,WN,Southwest Airlines,7294,1371.0,213.3,77.82,1.0,3.89,36.0,-8.86,187.2,41572,36754
FLL-DCA,FLL,DCA,Fort Lauderdale,Washington,Large,B6,JetBlue Airways,7289,899.0,151.3,70.17,2.24,12.68,66.0,-4.29,122.5,102959,39644
DCA-FLL,DCA,FLL,Washington,Fort Lauderdale,Large,B6,JetBlue Airways,7289,899.0,160.8,69.78,2.28,15.31,73.0,-6.21,129.9,93487,68285
TPA-BNA,TPA,BNA,Tampa,Nashville,Large,WN,Southwest Airlines,7287,612.0,114.3,77.15,1.96,6.84,38.0,-5.65,89.6,35230,49077
LAS-STL,LAS,STL,Las Vegas,St. Louis,Large,WN,Southwest Airlines,7286,1371.0,188.0,72.89,0.91,8.64,45.7,-7.65,160.2,49236,48151
IAH-FLL,IAH,FLL,Houston,Fort Lauderdale,Large,UA,United Airlines,7283,966.0,153.2,77.62,1.29,6.45,48.0,-6.8,120.4,64543,40354
SEA-SMF,SEA,SMF,Seattle,Sacramento,Large,OO,SkyWest Airlines,7282,605.0,117.2,87.34,0.47,-0.11,19.0,-3.98,86.6,45461,3926
OAK-SEA,OAK,SEA,Oakland,Seattle,Medium,WN,Southwest Airlines,7282,672.0,126.5,77.95,0.6,3.5,35.0,-8.13,95.5,34264,37471
FLL-IAH,FLL,IAH,Fort Lauderdale,Houston,Large,UA,United Airlines,7276,966.0,173.9,81.28,1.32,4.82,39.0,-5.43,141.1,58459,43716
BWI-ORF,BWI,ORF,Baltimore,Norfolk,Large,WN,Southwest Airlines,7274,159.0,57.2,71.43,1.57,9.29,42.0,-7.16,32.4,52599,41006
SLC-JFK,SLC,JFK,Salt Lake City,New York,Large,DL,Delta Air Lines,7266,1990.0,274.6,78.76,0.99,3.07,36.0,-10.78,232.8,82029,16036
ORD-DFW,ORD,DFW,Chicago,Dallas-Fort Worth,Large,UA,United Airlines,7263,802.0,159.1,76.62,1.2,5.41,47.0,-8.01,116.7,62163,43013
BNA-TPA,BNA,TPA,Nashville,Tampa,Large,WN,Southwest Airlines,7261,612.0,108.0,76.74,1.8,6.94,40.0,-6.13,84.1,37993,47507
CMH-JFK,CMH,JFK,Columbus,New York,Medium,YX,Republic Airways,7259,483.0,118.9,84.07,2.44,-1.67,23.0,-5.01,83.8,47801,10432
MDW-AUS,MDW,AUS,Chicago,Austin,Large,WN,Southwest Airlines,7259,972.0,160.2,75.34,1.76,5.23,39.0,-6.92,134.4,47334,34597
JFK-SLC,JFK,SLC,New York,Salt Lake City,Large,DL,Delta Air Lines,7258,1990.0,326.6,83.95,0.92,-6.86,26.0,-17.35,275.9,61008,11351
ORF-BWI,ORF,BWI,Norfolk,Baltimore,Medium,WN,Southwest Airlines,7258,159.0,60.5,82.39,1.64,2.56,28.0,-6.88,37.1,28013,35675
AUS-MDW,AUS,MDW,Austin,Chicago,Large,WN,Southwest Airlines,7255,972.0,150.9,78.06,2.08,5.27,35.0,-5.75,127.0,29037,44366
SFO-BOI,SFO,BOI,San Francisco,Boise,Large,OO,SkyWest Airlines,7250,522.0,103.6,82.22,0.55,3.89,35.0,-5.81,73.4,51232,35063
OKC-ORD,OKC,ORD,Oklahoma City,Chicago,Medium,OO,SkyWest Airlines,7240,693.0,134.2,80.41,1.22,8.16,47.0,-3.6,98.4,98089,24369
MSP-SFO,MSP,SFO,Minneapolis,San Francisco,Large,DL,Delta Air Lines,7239,1589.0,252.9,81.27,0.68,-1.65,33.0,-9.23,219.4,59874,10505
SFO-MSP,SFO,MSP,San Francisco,Minneapolis,Large,DL,Delta Air Lines,7235,1589.0,218.1,88.17,0.73,-3.61,17.0,-9.46,186.7,32061,21294
SGU-SLC,SGU,SLC,Saint George,Salt Lake City,Small,OO,SkyWest Airlines,7232,272.0,73.4,92.19,0.19,-5.35,9.0,-4.8,45.6,41764,0
SLC-SGU,SLC,SGU,Salt Lake City,Saint George,Large,OO,SkyWest Airlines,7231,272.0,72.0,90.54,0.18,-3.49,12.0,-6.28,44.4,38014,0
LAX-LAS,LAX,LAS,Los Angeles,Las Vegas,Large,DL,Delta Air Lines,7213,236.0,74.6,78.26,0.72,6.0,41.0,-3.09,43.9,61681,25181
ORD-SEA,ORD,SEA,Chicago,Seattle,Large,UA,United Airlines,7212,1721.0,280.3,81.28,0.79,0.34,32.8,-10.35,235.5,42314,33586
LAS-LAX,LAS,LAX,Las Vegas,Los Angeles,Large,DL,Delta Air Lines,7209,236.0,76.7,80.3,0.72,6.78,36.0,-3.72,42.4,52785,45448
SEA-ORD,SEA,ORD,Seattle,Chicago,Large,UA,United Airlines,7207,1721.0,242.3,83.41,1.07,1.17,28.0,-7.53,202.7,49197,27718
CLE-CLT,CLE,CLT,Cleveland,Charlotte,Medium,AA,American Airlines,7204,430.0,101.8,80.83,1.67,7.39,37.0,-5.16,68.7,60915,49161
CLT-PNS,CLT,PNS,Charlotte,Pensacola,Large,OH,PSA Airlines,7202,488.0,111.3,76.05,1.17,9.72,49.0,-2.13,76.6,57223,51688
ORD-OKC,ORD,OKC,Chicago,Oklahoma City,Large,OO,SkyWest Airlines,7201,693.0,144.0,74.05,1.35,11.01,61.0,-5.77,105.1,90583,41217
CLT-CLE,CLT,CLE,Charlotte,Cleveland,Large,AA,American Airlines,7201,430.0,95.6,72.27,1.58,13.72,58.0,-3.41,64.8,69331,62712
PNS-CLT,PNS,CLT,Pensacola,Charlotte,Small,OH,PSA Airlines,7201,488.0,108.0,80.75,1.5,11.51,44.0,-3.62,72.0,84179,52457
STL-CLT,STL,CLT,St. Louis,Charlotte,Medium,AA,American Airlines,7198,575.0,113.5,82.2,1.64,9.42,33.0,-5.38,81.3,75804,53244
CLT-STL,CLT,STL,Charlotte,St. Louis,Large,AA,American Airlines,7196,575.0,119.4,74.39,1.6,10.35,52.0,-4.49,90.1,55875,57718
DAB-ATL,DAB,ATL,Daytona Beach,Atlanta,Non-hub,DL,Delta Air Lines,7187,366.0,88.3,87.42,1.36,-0.54,19.0,-6.75,59.2,35699,28915
ATL-DAB,ATL,DAB,Atlanta,Daytona Beach,Large,DL,Delta Air Lines,7187,366.0,78.6,83.18,1.28,3.3,27.0,-3.92,55.7,50688,13173
BOI-SFO,BOI,SFO,Boise,San Francisco,Medium,OO,SkyWest Airlines,7186,522.0,116.9,82.05,0.33,3.64,36.0,-3.83,87.7,79353,13894
TPA-PHL,TPA,PHL,Tampa,Philadelphia,Large,AA,American Airlines,7180,920.0,153.8,78.7,1.82,10.98,49.4,-4.78,126.1,56596,74430
PHL-TPA,PHL,TPA,Philadelphia,Tampa,Large,AA,American Airlines,7179,920.0,163.9,76.68,1.71,7.61,51.0,-3.85,132.4,60701,50157
DTW-CLT,DTW,CLT,Detroit,Charlotte,Large,DL,Delta Air Lines,7171,500.0,110.1,86.92,0.64,-3.65,24.0,-9.49,77.4,48649,12683
CLT-DTW,CLT,DTW,Charlotte,Detroit,Large,DL,Delta Air Lines,7168,500.0,109.3,89.17,0.59,-3.32,15.0,-8.67,75.7,31049,23579
MSP-DFW,MSP,DFW,Minneapolis,Dallas-Fort Worth,Large,DL,Delta Air Lines,7162,852.0,155.1,79.36,1.06,3.4,41.0,-6.67,120.2,72952,16353
DFW-MSP,DFW,MSP,Dallas-Fort Worth,Minneapolis,Large,DL,Delta Air Lines,7160,852.0,147.1,83.28,1.13,6.29,36.0,-6.02,115.7,63532,42934
MCO-SLC,MCO,SLC,Orlando,Salt Lake City,Large,DL,Delta Air Lines,7157,1931.0,294.9,81.53,0.91,2.65,32.0,-6.7,260.7,54385,31363
SFO-CLT,SFO,CLT,San Francisco,Charlotte,Large,AA,American Airlines,7156,2296.0,302.8,82.62,1.17,4.28,29.0,-10.78,262.5,59286,55311
DAL-MAF,DAL,MAF,Dallas,Midland,Large,WN,Southwest Airlines,7155,319.0,75.0,76.76,2.46,5.08,39.0,-7.25,52.5,32114,47389
MAF-DAL,MAF,DAL,Midland,Dallas,Small,WN,Southwest Airlines,7155,319.0,76.1,83.21,2.46,0.57,26.0,-5.88,53.9,29451,31396
SLC-MCO,SLC,MCO,Salt Lake City,Orlando,Large,DL,Delta Air Lines,7153,1931.0,260.3,79.35,0.92,5.24,34.0,-3.45,228.3,65511,16252
DEN-OMA,DEN,OMA,Denver,Omaha,Large,WN,Southwest Airlines,7150,472.0,85.5,69.64,1.78,11.88,49.0,-4.98,62.3,51761,52613
CLT-SFO,CLT,SFO,Charlotte,San Francisco,Large,AA,American Airlines,7150,2296.0,338.6,67.68,1.17,13.17,58.0,-6.56,303.3,81179,59127
DFW-DTW,DFW,DTW,Dallas-Fort Worth,Detroit,Large,DL,Delta Air Lines,7134,986.0,157.6,83.33,1.28,4.97,33.0,-6.87,124.8,56790,43260
DTW-DFW,DTW,DFW,Detroit,Dallas-Fort Worth,Large,DL,Delta Air Lines,7131,986.0,176.8,77.6,1.25,3.41,44.0,-8.12,141.5,71161,22861
TLH-ATL,TLH,ATL,Tallahassee,Atlanta,Small,DL,Delta Air Lines,7131,223.0,72.1,89.2,0.88,-2.68,14.0,-6.38,43.5,41655,18520
ATL-TLH,ATL,TLH,Atlanta,Tallahassee,Large,DL,Delta Air Lines,7131,223.0,63.1,84.22,0.77,2.94,27.0,-4.24,39.9,49655,17478
SAN-CLT,SAN,CLT,San Diego,Charlotte,Large,AA,American Airlines,7126,2077.0,282.5,81.42,1.19,6.2,33.0,-8.7,240.6,72795,45743
CLT-SAN,CLT,SAN,Charlotte,San Diego,Large,AA,American Airlines,7121,2077.0,304.5,75.5,1.17,5.61,43.0,-6.53,274.1,56958,35823
OMA-DEN,OMA,DEN,Omaha,Denver,Medium,WN,Southwest Airlines,7103,472.0,98.6,74.52,1.87,8.27,44.0,-4.1,74.2,49266,42586
DFW-PIT,DFW,PIT,Dallas-Fort Worth,Pittsburgh,Large,AA,American Airlines,7087,1067.0,160.3,72.99,1.59,12.0,58.0,-5.68,131.4,65197,58986
PIT-DFW,PIT,DFW,Pittsburgh,Dallas-Fort Worth,Medium,AA,American Airlines,7086,1067.0,189.4,78.08,1.62,8.24,45.0,-7.7,153.2,70688,55139
DEN-CPR,DEN,CPR,Denver,Casper,Large,OO,SkyWest Airlines,7079,230.0,70.3,75.6,2.03,10.7,53.0,-3.01,41.6,76173,39771
CPR-DEN,CPR,DEN,Casper,Denver,Non-hub,OO,SkyWest Airlines,7077,230.0,81.7,75.24,2.11,9.76,54.0,-3.8,44.5,94522,32058
DFW-IAH,DFW,IAH,Dallas-Fort Worth,Houston,Large,UA,United Airlines,7077,224.0,75.0,75.92,1.94,11.66,47.0,-1.15,43.8,70122,57933
EWR-FLL,EWR,FLL,Newark,Fort Lauderdale,Large,NK,Spirit Airlines,7064,1065.0,186.0,71.36,2.89,11.28,68.0,-7.98,149.3,109378,37155
LGA-MCO,LGA,MCO,New York,Orlando,Large,B6,JetBlue Airways,7064,950.0,176.3,65.84,2.49,17.95,86.0,-5.32,135.9,100975,77956
MCO-LGA,MCO,LGA,Orlando,New York,Large,B6,JetBlue Airways,7060,950.0,160.5,62.71,2.42,21.79,93.0,-3.06,126.8,128679,59642
SEA-BUR,SEA,BUR,Seattle,Burbank,Large,AS,Alaska Airlines,7053,937.0,152.0,77.1,1.72,4.06,34.0,-2.12,123.4,42930,23682
FLL-EWR,FLL,EWR,Fort Lauderdale,Newark,Large,NK,Spirit Airlines,7052,1065.0,179.2,66.86,2.67,15.78,73.0,-6.97,145.7,124680,25247
BUR-SEA,BUR,SEA,Burbank,Seattle,Medium,AS,Alaska Airlines,7049,937.0,165.4,80.37,1.94,1.26,30.0,-2.81,131.2,31701,33820
TPA-BOS,TPA,BOS,Tampa,Boston,Large,B6,JetBlue Airways,7049,1185.0,184.0,70.63,2.47,14.42,75.0,-6.02,154.0,73503,80528
BOS-TPA,BOS,TPA,Boston,Tampa,Large,B6,JetBlue Airways,7048,1185.0,204.2,68.8,2.14,13.39,73.0,-6.71,171.8,102715,44368
DFW-SAF,DFW,SAF,Dallas-Fort Worth,Santa Fe,Large,OO,SkyWest Airlines,7039,551.0,118.6,76.97,2.22,7.56,47.0,-3.82,84.2,76586,27777
DFW-CLE,DFW,CLE,Dallas-Fort Worth,Cleveland,Large,AA,American Airlines,7038,1021.0,159.1,69.88,2.47,12.86,59.0,-5.06,127.4,62992,63388
CLE-DFW,CLE,DFW,Cleveland,Dallas-Fort Worth,Medium,AA,American Airlines,7037,1021.0,182.4,76.41,2.53,8.18,45.0,-6.9,146.4,68031,52485
SAF-DFW,SAF,DFW,Santa Fe,Dallas-Fort Worth,Non-hub,OO,SkyWest Airlines,7035,551.0,111.0,77.03,2.19,10.03,51.9,-3.79,77.0,103924,31169
FLL-SJU,FLL,SJU,Fort Lauderdale,San Juan,Large,B6,JetBlue Airways,7034,1046.0,155.1,70.12,1.08,13.74,62.0,-4.93,127.4,88097,43630
SJC-SEA,SJC,SEA,San Jose,Seattle,Medium,OO,SkyWest Airlines,7033,696.0,141.3,89.93,0.51,-5.41,13.0,-7.32,107.3,42911,2469
SJU-FLL,SJU,FLL,San Juan,Fort Lauderdale,Medium,B6,JetBlue Airways,7029,1046.0,166.2,70.84,1.14,16.41,69.0,-4.24,141.8,75987,77562
BWI-RSW,BWI,RSW,Baltimore,Fort Myers,Large,WN,Southwest Airlines,7020,919.0,158.4,71.24,2.99,9.64,48.0,-6.04,134.2,61064,37388
IAH-DFW,IAH,DFW,Houston,Dallas-Fort Worth,Large,UA,United Airlines,7017,224.0,79.4,71.0,1.7,14.84,61.5,-2.22,45.2,92753,43719
SEA-SJC,SEA,SJC,Seattle,San Jose,Large,OO,SkyWest Airlines,7015,696.0,136.2,88.07,0.51,-2.05,18.0,-4.73,107.0,39566,647
SEA-PSC,SEA,PSC,Seattle,Pasco,Large,OO,SkyWest Airlines,7000,172.0,63.6,85.46,0.66,2.59,22.0,-2.76,34.9,49842,7461
PSC-SEA,PSC,SEA,Pasco,Seattle,Small,OO,SkyWest Airlines,6999,172.0,71.3,88.67,0.7,-2.03,16.0,-5.35,39.1,43044,7012
DTW-PHX,DTW,PHX,Detroit,Phoenix,Large,DL,Delta Air Lines,6991,1671.0,259.5,80.95,0.57,2.61,32.4,-8.4,226.3,61414,18092
PHX-DTW,PHX,DTW,Phoenix,Detroit,Large,DL,Delta Air Lines,6986,1671.0,223.7,86.82,0.59,0.49,19.0,-6.94,193.4,38817,22509
SAN-PDX,SAN,PDX,San Diego,Portland,Large,AS,Alaska Airlines,6983,933.0,157.4,82.61,1.73,1.37,26.0,-2.44,127.4,29545,26284
PDX-SAN,PDX,SAN,Portland,San Diego,Medium,AS,Alaska Airlines,6981,933.0,147.8,81.46,1.62,3.46,27.0,0.54,124.9,38064,16184
RSW-BWI,RSW,BWI,Fort Myers,Baltimore,Medium,WN,Southwest Airlines,6975,919.0,143.7,77.16,2.95,6.94,36.0,-3.79,121.2,36064,45326
IND-CLT,IND,CLT,Indianapolis,Charlotte,Medium,AA,American Airlines,6971,427.0,101.4,76.53,1.59,13.48,45.0,-2.42,68.2,74719,57552
CLT-IND,CLT,IND,Charlotte,Indianapolis,Large,AA,American Airlines,6971,427.0,99.1,71.88,1.49,14.01,61.0,-3.73,69.2,63850,66863
GRK-DFW,GRK,DFW,Killeen,Dallas-Fort Worth,Non-hub,MQ,Envoy Air,6958,134.0,61.9,77.19,3.45,6.36,37.0,-1.65,33.8,50054,36985
DFW-GRK,DFW,GRK,Dallas-Fort Worth,Killeen,Large,MQ,Envoy Air,6957,134.0,56.2,78.24,3.38,5.21,35.1,-3.64,29.4,43765,31161
TPA-LGA,TPA,LGA,Tampa,New York,Large,DL,Delta Air Lines,6955,1010.0,164.0,76.48,2.5,9.52,55.9,-7.68,132.5,75842,52291
LGA-TPA,LGA,TPA,New York,Tampa,Large,DL,Delta Air Lines,6954,1010.0,183.7,75.94,2.43,7.22,59.0,-9.36,146.1,86287,41001
OKC-DEN,OKC,DEN,Oklahoma City,Denver,Medium,OO,SkyWest Airlines,6944,495.0,112.8,78.02,1.41,9.78,46.0,-2.08,81.4,89867,20687
EWR-AUS,EWR,AUS,Newark,Austin,Large,UA,United Airlines,6932,1504.0,247.8,73.31,2.55,8.0,57.0,-7.43,209.5,64994,53191
SEA-JNU,SEA,JNU,Seattle,Juneau,Large,AS,Alaska Airlines,6932,909.0,155.3,75.14,1.23,5.66,35.0,-2.65,125.5,51783,19031
LAX-SFO,LAX,SFO,Los Angeles,San Francisco,Large,WN,Southwest Airlines,6931,337.0,82.5,71.19,0.78,9.12,53.5,-7.93,54.8,58385,49223
AUS-EWR,AUS,EWR,Austin,Newark,Large,UA,United Airlines,6930,1504.0,223.0,75.77,2.76,7.77,50.0,-7.77,186.9,92774,27739
JNU-SEA,JNU,SEA,Juneau,Seattle,Small,AS,Alaska Airlines,6929,909.0,143.3,80.16,1.93,3.44,28.0,1.28,117.7,42930,24840
IND-MCO,IND,MCO,Indianapolis,Orlando,Medium,WN,Southwest Airlines,6919,829.0,137.1,79.19,1.84,5.45,41.0,-6.39,110.1,40262,43297
DTW-ORD,DTW,ORD,Detroit,Chicago,Large,DL,Delta Air Lines,6916,235.0,85.6,81.0,0.91,4.47,40.0,-5.98,48.1,72081,17605
ORD-DTW,ORD,DTW,Chicago,Detroit,Large,DL,Delta Air Lines,6912,235.0,82.4,83.39,0.94,4.39,38.7,-6.72,47.4,49179,49673
PHX-TUS,PHX,TUS,Phoenix,Tucson,Large,OO,SkyWest Airlines,6903,110.0,54.2,85.54,0.33,2.46,27.0,-3.93,26.4,45950,18355
TUS-PHX,TUS,PHX,Tucson,Phoenix,Medium,OO,SkyWest Airlines,6898,110.0,56.9,84.6,0.28,5.32,28.0,-0.93,27.5,60503,19408
ATL-EYW,ATL,EYW,Atlanta,Key West,Large,DL,Delta Air Lines,6897,646.0,111.6,80.76,1.32,5.29,32.0,-2.1,88.6,68927,8809
EYW-ATL,EYW,ATL,Key West,Atlanta,Small,DL,Delta Air Lines,6896,646.0,121.0,80.31,1.52,8.61,34.0,-3.5,95.6,58272,43618
OMA-MDW,OMA,MDW,Omaha,Chicago,Medium,WN,Southwest Airlines,6886,423.0,85.9,81.46,2.13,2.88,26.0,-6.38,63.8,26652,32603
CLT-DAY,CLT,DAY,Charlotte,Dayton,Large,OH,PSA Airlines,6878,370.0,96.7,77.39,0.51,9.48,50.0,-2.95,61.7,54778,50081
MCO-IND,MCO,IND,Orlando,Indianapolis,Large,WN,Southwest Airlines,6877,829.0,144.9,73.36,1.79,9.5,51.0,-6.5,117.3,50350,50742
LAS-MCI,LAS,MCI,Las Vegas,Kansas City,Large,WN,Southwest Airlines,6877,1139.0,163.2,72.63,1.09,9.8,46.0,-5.83,137.2,46505,47979
RDU-JFK,RDU,JFK,Raleigh-durham,New York,Medium,YX,Republic Airways,6875,427.0,106.5,78.33,2.95,4.69,38.0,-2.92,69.2,54065,31487
MSY-MCO,MSY,MCO,New Orleans,Orlando,Medium,WN,Southwest Airlines,6875,551.0,104.1,75.42,2.09,8.33,46.0,-5.78,79.0,39665,52390
SFO-LAX,SFO,LAX,San Francisco,Los Angeles,Large,WN,Southwest Airlines,6874,337.0,86.2,74.13,0.87,6.29,46.0,-10.38,55.1,24895,67673
DCA-BNA,DCA,BNA,Washington,Nashville,Large,WN,Southwest Airlines,6873,562.0,117.4,81.16,1.92,2.15,32.0,-9.25,86.8,31704,37131
DAY-CLT,DAY,CLT,Dayton,Charlotte,Small,OH,PSA Airlines,6872,370.0,102.2,84.21,0.55,3.52,29.0,-4.85,63.7,54205,38192
MCI-LAS,MCI,LAS,Kansas City,Las Vegas,Medium,WN,Southwest Airlines,6870,1139.0,182.6,78.88,0.82,3.83,35.0,-7.82,157.0,31969,40262
RSW-ORD,RSW,ORD,Fort Myers,Chicago,Medium,UA,United Airlines,6868,1120.0,191.8,81.03,1.65,3.74,35.0,-3.77,157.6,51420,37447
ORD-RSW,ORD,RSW,Chicago,Fort Myers,Large,UA,United Airlines,6868,1120.0,179.3,81.77,1.46,1.51,34.0,-6.03,143.8,44800,29578
JFK-RDU,JFK,RDU,New York,Raleigh-durham,Large,YX,Republic Airways,6867,427.0,113.4,79.48,3.82,0.86,35.0,-3.75,74.2,36138,35639
MDW-OMA,MDW,OMA,Chicago,Omaha,Large,WN,Southwest Airlines,6867,423.0,87.8,73.29,1.81,8.21,43.0,-5.11,65.7,43921,40563
HNL-SEA,HNL,SEA,Honolulu,Seattle,Medium,AS,Alaska Airlines,6861,2677.0,354.8,77.57,1.41,2.55,33.0,-7.68,313.3,41173,36681
SEA-HNL,SEA,HNL,Seattle,Honolulu,Large,AS,Alaska Airlines,6858,2677.0,378.0,73.21,0.96,3.4,39.0,-8.52,337.2,57917,19584
EWR-PHX,EWR,PHX,Newark,Phoenix,Large,UA,United Airlines,6849,2133.0,328.3,77.49,1.52,2.01,47.0,-11.79,287.4,57938,40057
BNA-DCA,BNA,DCA,Nashville,Washington,Large,WN,Southwest Airlines,6849,562.0,101.9,78.04,1.84,4.67,35.0,-6.54,76.3,33782,38788
PHX-EWR,PHX,EWR,Phoenix,Newark,Large,UA,United Airlines,6847,2133.0,282.1,78.74,1.78,4.01,40.0,-7.12,246.4,64929,27277
PBI-JFK,PBI,JFK,West Palm Beach,New York,Medium,B6,JetBlue Airways,6843,1028.0,165.9,67.86,2.62,16.87,76.0,-4.39,136.4,78142,76703
LAS-ABQ,LAS,ABQ,Las Vegas,Albuquerque,Large,WN,Southwest Airlines,6839,486.0,89.7,72.55,0.79,9.73,47.0,-5.05,64.2,37695,53166
ABQ-LAS,ABQ,LAS,Albuquerque,Las Vegas,Medium,WN,Southwest Airlines,6838,486.0,97.3,77.86,0.95,6.12,41.0,-6.4,72.5,35647,45553
SJC-SAN,SJC,SAN,San Jose,San Diego,Medium,OO,SkyWest Airlines,6837,417.0,85.4,83.76,0.69,3.51,26.0,1.85,65.0,29080,28271
JFK-PBI,JFK,PBI,New York,West Palm Beach,Large,B6,JetBlue Airways,6837,1028.0,182.5,62.31,2.53,20.71,86.0,-6.05,147.0,136118,48023
MCO-MSY,MCO,MSY,Orlando,New Orleans,Large,WN,Southwest Airlines,6827,551.0,110.8,72.76,2.34,10.41,52.0,-4.68,85.1,49477,50111
IAD-EWR,IAD,EWR,Washington,Newark,Medium,UA,United Airlines,6822,212.0,81.5,69.57,2.3,17.77,71.0,-2.14,44.6,115256,45411
CLT-MYR,CLT,MYR,Charlotte,Myrtle Beach,Large,OH,PSA Airlines,6818,157.0,66.7,81.5,1.85,2.89,29.0,-4.24,33.9,34404,31141
MYR-CLT,MYR,CLT,Myrtle Beach,Charlotte,Small,OH,PSA Airlines,6817,157.0,71.6,84.01,1.97,1.4,27.0,-5.07,38.0,30994,49060
JFK-BUF,JFK,BUF,New York,Buffalo,Large,B6,JetBlue Airways,6817,301.0,90.9,67.14,3.54,16.2,75.0,-5.19,56.7,97373,50407
BUF-JFK,BUF,JFK,Buffalo,New York,Medium,B6,JetBlue Airways,6815,301.0,86.0,73.59,3.76,11.43,61.0,-2.92,59.4,65608,62839
SFO-SLC,SFO,SLC,San Francisco,Salt Lake City,Large,OO,SkyWest Airlines,6815,599.0,117.1,83.04,0.53,2.86,31.0,-6.57,84.0,43713,31962
SLC-SFO,SLC,SFO,Salt Lake City,San Francisco,Large,OO,SkyWest Airlines,6806,599.0,137.9,78.71,0.59,5.08,42.0,-5.32,102.7,76062,19694
DEN-SAT,DEN,SAT,Denver,San Antonio,Large,WN,Southwest Airlines,6804,794.0,128.2,71.96,1.76,9.73,46.0,-6.58,103.0,45052,49137
DEN-OKC,DEN,OKC,Denver,Oklahoma City,Large,OO,SkyWest Airlines,6793,495.0,105.3,75.34,1.34,12.55,54.0,-4.32,72.1,90422,34803
SAN-SJC,SAN,SJC,San Diego,San Jose,Large,OO,SkyWest Airlines,6783,417.0,90.3,82.35,0.63,3.99,30.0,-1.02,64.0,25338,35208
EWR-IAD,EWR,IAD,Newark,Washington,Large,UA,United Airlines,6781,212.0,82.4,69.25,2.27,16.08,71.0,-5.08,45.9,83590,63675
TPA-ORD,TPA,ORD,Tampa,Chicago,Large,UA,United Airlines,6780,1012.0,179.4,80.77,1.37,4.98,37.0,-4.11,144.0,58237,34011
ONT-SJC,ONT,SJC,Ontario,San Jose,Medium,WN,Southwest Airlines,6778,333.0,72.7,84.2,0.89,0.92,27.0,-6.98,51.9,12136,40285
ORD-TPA,ORD,TPA,Chicago,Tampa,Large,UA,United Airlines,6777,1012.0,166.6,81.16,1.24,2.49,35.0,-5.78,131.0,45497,29830
BNA-LGA,BNA,LGA,Nashville,New York,Large,WN,Southwest Airlines,6777,764.0,136.6,75.62,2.54,4.31,40.0,-9.27,105.9,45209,31120
ORD-PHL,ORD,PHL,Chicago,Philadelphia,Large,UA,United Airlines,6775,678.0,126.6,76.83,1.09,6.89,47.0,-6.14,89.8,54037,44454
RDU-MIA,RDU,MIA,Raleigh-durham,Miami,Medium,AA,American Airlines,6775,700.0,133.3,76.71,1.74,12.2,51.0,-4.45,101.8,70816,56007
SAT-DEN,SAT,DEN,San Antonio,Denver,Medium,WN,Southwest Airlines,6775,794.0,135.8,80.92,1.71,2.04,31.0,-6.79,111.1,28682,31650
MIA-RDU,MIA,RDU,Miami,Raleigh-durham,Large,AA,American Airlines,6772,700.0,132.6,69.43,1.68,15.57,65.0,-4.36,101.4,81180,58669
ABQ-DEN,ABQ,DEN,Albuquerque,Denver,Medium,WN,Southwest Airlines,6770,349.0,83.4,79.63,1.74,4.13,35.0,-7.6,56.0,36903,34806
LGA-BNA,LGA,BNA,New York,Nashville,Large,WN,Southwest Airlines,6769,764.0,154.7,76.72,3.0,3.33,43.0,-11.89,114.3,42690,45458
DEN-ABQ,DEN,ABQ,Denver,Albuquerque,Large,WN,Southwest Airlines,6769,349.0,78.3,71.37,1.4,9.96,46.0,-6.41,52.5,41192,48818
BOS-PBI,BOS,PBI,Boston,West Palm Beach,Large,B6,JetBlue Airways,6766,1197.0,200.8,63.8,1.91,18.83,84.0,-4.27,171.6,121758,47758
PBI-BOS,PBI,BOS,West Palm Beach,Boston,Medium,B6,JetBlue Airways,6766,1197.0,186.4,69.26,1.88,16.3,77.5,-5.14,157.9,70268,84937
DRO-DEN,DRO,DEN,Durango,Denver,Small,OO,SkyWest Airlines,6761,251.0,83.7,75.67,2.25,12.64,54.0,-2.38,47.4,101740,33659
DEN-DRO,DEN,DRO,Denver,Durango,Large,OO,SkyWest Airlines,6760,251.0,77.8,78.08,1.83,6.8,41.0,-4.52,46.4,61237,28909
BOS-RSW,BOS,RSW,Boston,Fort Myers,Large,B6,JetBlue Airways,6757,1249.0,215.7,68.28,2.43,12.83,70.0,-6.29,183.2,98834,39524
RSW-BOS,RSW,BOS,Fort Myers,Boston,Medium,B6,JetBlue Airways,6756,1249.0,190.1,68.66,2.68,17.52,78.0,-4.64,161.9,79682,86472
ATL-SJU,ATL,SJU,Atlanta,San Juan,Large,DL,Delta Air Lines,6755,1547.0,211.1,79.59,0.38,6.38,35.0,-3.98,184.6,63444,9126
SJU-ATL,SJU,ATL,San Juan,Atlanta,Medium,DL,Delta Air Lines,6754,1547.0,235.9,87.12,0.49,0.72,19.0,-5.98,204.7,39792,21614
AVL-CLT,AVL,CLT,Asheville,Charlotte,Small,OH,PSA Airlines,6754,91.0,68.9,81.57,2.12,2.45,27.0,-3.86,27.6,41452,33024
CLT-AVL,CLT,AVL,Charlotte,Asheville,Large,OH,PSA Airlines,6753,91.0,58.9,80.38,2.24,4.61,31.0,-2.54,24.8,40256,32067
EWR-MIA,EWR,MIA,Newark,Miami,Large,AA,American Airlines,6751,1085.0,192.1,72.58,2.92,10.79,58.0,-7.35,152.5,72146,59690
LAS-BWI,LAS,BWI,Las Vegas,Baltimore,Large,WN,Southwest Airlines,6751,2106.0,271.0,72.43,0.93,7.65,44.0,-9.41,240.1,55055,33100
MIA-EWR,MIA,EWR,Miami,Newark,Large,AA,American Airlines,6748,1085.0,183.9,66.33,2.86,18.05,72.0,-4.17,148.8,101941,51203
LGB-PHX,LGB,PHX,Long Beach,Phoenix,Small,WN,Southwest Airlines,6746,355.0,80.6,81.43,1.02,3.17,31.0,-5.98,56.1,24816,37190
DEN-RAP,DEN,RAP,Denver,Rapid City,Large,OO,SkyWest Airlines,6746,300.0,79.7,76.3,2.51,8.22,46.0,-4.06,48.6,68186,27180
RAP-DEN,RAP,DEN,Rapid City,Denver,Small,OO,SkyWest Airlines,6744,300.0,91.1,75.28,2.74,10.5,53.0,-3.78,54.1,94926,33347
SJC-ONT,SJC,ONT,San Jose,Ontario,Medium,WN,Southwest Airlines,6738,333.0,75.0,82.55,0.91,2.03,30.0,-6.58,53.0,17816,38254
SAN-DAL,SAN,DAL,San Diego,Dallas,Large,WN,Southwest Airlines,6728,1182.0,175.4,72.98,1.62,8.87,44.0,-5.34,148.3,41296,45890
PHX-LGB,PHX,LGB,Phoenix,Long Beach,Large,WN,Southwest Airlines,6726,355.0,81.2,80.91,0.86,2.85,29.0,-7.59,57.6,23551,27739
CMH-MDW,CMH,MDW,Columbus,Chicago,Medium,WN,Southwest Airlines,6725,283.0,74.5,81.32,2.02,2.8,31.0,-6.57,50.9,24238,38708
LGA-RDU,LGA,RDU,New York,Raleigh-durham,Large,9E,Endeavor Air,6725,431.0,113.5,81.49,3.26,-2.91,33.0,-10.5,71.3,42319,30827
RDU-LGA,RDU,LGA,Raleigh-durham,New York,Medium,9E,Endeavor Air,6722,431.0,104.3,79.5,3.29,4.28,42.9,-8.14,65.3,75657,26833
IAH-BOS,IAH,BOS,Houston,Boston,Large,UA,United Airlines,6712,1597.0,229.1,79.29,1.27,5.21,47.0,-8.14,194.0,59460,32566
PBI-LGA,PBI,LGA,West Palm Beach,New York,Medium,DL,Delta Air Lines,6710,1035.0,172.3,76.56,2.58,7.65,55.0,-8.73,138.8,66724,48673
LGA-PBI,LGA,PBI,New York,West Palm Beach,Large,DL,Delta Air Lines,6709,1035.0,184.6,73.33,2.52,8.13,62.0,-7.88,146.2,86813,34323
BOS-IAH,BOS,IAH,Boston,Houston,Large,UA,United Airlines,6708,1597.0,262.2,81.89,1.45,-1.06,30.0,-9.47,224.6,41434,28888
DEN-MSP,DEN,MSP,Denver,Minneapolis,Large,UA,United Airlines,6705,680.0,117.3,76.38,0.84,9.46,50.0,-4.19,90.3,50293,49100
SEA-SMF,SEA,SMF,Seattle,Sacramento,Large,AS,Alaska Airlines,6703,605.0,112.1,74.5,1.52,7.58,36.0,-0.55,82.7,42572,27272
MDW-CMH,MDW,CMH,Chicago,Columbus,Large,WN,Southwest Airlines,6699,283.0,70.2,75.55,1.96,6.76,38.0,-6.76,45.9,39001,38781
MCO-EWR,MCO,EWR,Orlando,Newark,Large,NK,Spirit Airlines,6698,937.0,163.6,67.69,2.87,15.8,75.3,-5.22,128.1,119826,22636
IAD-BOS,IAD,BOS,Washington,Boston,Medium,UA,United Airlines,6693,413.0,96.4,77.6,1.34,8.87,50.0,-3.53,66.2,70893,29092
PHL-ORD,PHL,ORD,Philadelphia,Chicago,Large,UA,United Airlines,6692,678.0,143.7,81.81,1.37,3.38,32.2,-4.98,106.8,60607,27007
SMF-SEA,SMF,SEA,Sacramento,Seattle,Medium,AS,Alaska Airlines,6692,605.0,120.7,81.55,1.72,1.42,26.0,-1.68,89.3,27899,22508
EWR-MCO,EWR,MCO,Newark,Orlando,Large,NK,Spirit Airlines,6689,937.0,174.4,72.78,3.33,9.74,66.0,-8.41,134.0,96435,34211
BOS-IAD,BOS,IAD,Boston,Washington,Large,UA,United Airlines,6687,413.0,101.9,82.56,1.17,4.24,33.0,-5.31,73.6,42215,38368
CLE-EWR,CLE,EWR,Cleveland,Newark,Medium,UA,United Airlines,6686,404.0,94.8,77.76,3.07,8.79,47.0,-3.36,63.7,82836,30199
EWR-CLE,EWR,CLE,Newark,Cleveland,Large,UA,United Airlines,6685,404.0,101.5,72.25,3.11,12.64,66.0,-4.79,65.6,63175,67741
DAL-SAN,DAL,SAN,Dallas,San Diego,Large,WN,Southwest Airlines,6677,1182.0,187.9,72.73,1.63,7.92,44.0,-7.49,164.3,43325,41011
MIA-BWI,MIA,BWI,Miami,Baltimore,Large,WN,Southwest Airlines,6675,946.0,156.4,74.83,2.17,9.27,48.0,-6.15,127.1,46206,53023
BWI-LAS,BWI,LAS,Baltimore,Las Vegas,Large,WN,Southwest Airlines,6674,2106.0,314.9,71.82,1.23,7.12,47.0,-11.9,282.4,63262,30297
DTW-DEN,DTW,DEN,Detroit,Denver,Large,DL,Delta Air Lines,6673,1123.0,193.0,80.08,0.81,1.49,34.2,-6.44,159.8,52570,15104
DEN-DTW,DEN,DTW,Denver,Detroit,Large,DL,Delta Air Lines,6673,1123.0,167.6,84.03,0.85,1.71,25.0,-5.78,135.5,41160,19803
RSW-DTW,RSW,DTW,Fort Myers,Detroit,Medium,DL,Delta Air Lines,6669,1084.0,172.7,85.58,1.56,1.36,23.0,-4.2,144.5,36019,29710
DTW-RSW,DTW,RSW,Detroit,Fort Myers,Large,DL,Delta Air Lines,6667,1084.0,173.3,82.18,1.51,1.48,30.0,-7.22,143.8,54293,13409
SAT-CLT,SAT,CLT,San Antonio,Charlotte,Medium,AA,American Airlines,6664,1095.0,169.9,84.14,1.26,8.13,27.0,-6.38,136.2,67264,46894
CLT-SAT,CLT,SAT,Charlotte,San Antonio,Large,AA,American Airlines,6662,1095.0,182.2,73.36,1.19,9.52,53.0,-5.77,154.4,54718,52283
BWI-MIA,BWI,MIA,Baltimore,Miami,Large,WN,Southwest Airlines,6660,946.0,161.9,69.89,2.04,10.14,52.0,-7.21,133.7,67744,35793
MSP-DEN,MSP,DEN,Minneapolis,Denver,Large,UA,United Airlines,6656,680.0,135.6,80.03,0.98,4.32,41.0,-5.06,100.6,53497,36383
MLB-ATL,MLB,ATL,Melbourne,Atlanta,Non-hub,DL,Delta Air Lines,6655,442.0,98.3,87.44,1.04,-2.07,20.0,-6.45,69.1,35036,27365
ATL-MLB,ATL,MLB,Atlanta,Melbourne,Large,DL,Delta Air Lines,6655,442.0,88.9,83.83,0.99,2.05,28.0,-4.91,64.9,46970,13560
CMH-BOS,CMH,BOS,Columbus,Boston,Medium,YX,Republic Airways,6653,640.0,121.1,86.59,1.25,-3.78,21.0,-6.11,89.9,40026,9551
ATL-GRR,ATL,GRR,Atlanta,Grand Rapids,Large,DL,Delta Air Lines,6653,640.0,111.9,83.59,0.84,2.89,27.0,-4.38,88.0,45527,13258
GRR-ATL,GRR,ATL,Grand Rapids,Atlanta,Medium,DL,Delta Air Lines,6652,640.0,121.1,87.37,0.87,-2.5,19.0,-6.54,93.3,35431,16809
LAS-BNA,LAS,BNA,Las Vegas,Nashville,Large,WN,Southwest Airlines,6651,1587.0,213.5,74.5,0.95,6.68,42.0,-8.26,183.8,41217,38517
BOS-CMH,BOS,CMH,Boston,Columbus,Large,YX,Republic Airways,6645,640.0,138.0,83.85,1.44,-0.48,33.0,-5.94,103.6,36669,32585
BNA-LAS,BNA,LAS,Nashville,Las Vegas,Large,WN,Southwest Airlines,6633,1587.0,245.3,78.61,0.83,2.65,36.0,-10.58,215.2,31563,35618
MCO-PIT,MCO,PIT,Orlando,Pittsburgh,Large,WN,Southwest Airlines,6631,834.0,139.1,74.27,1.43,8.6,48.0,-6.32,112.1,46847,45986
HOU-STL,HOU,STL,Houston,St. Louis,Medium,WN,Southwest Airlines,6623,687.0,117.6,80.7,1.34,3.51,31.0,-7.12,94.3,28157,31164
BNA-DTW,BNA,DTW,Nashville,Detroit,Large,DL,Delta Air Lines,6611,456.0,99.0,87.91,0.98,-0.95,18.0,-4.7,69.6,28845,28688
DTW-BNA,DTW,BNA,Detroit,Nashville,Large,DL,Delta Air Lines,6610,456.0,100.6,84.04,0.95,0.49,29.0,-6.12,70.6,45129,14205
ATL-DEN,ATL,DEN,Atlanta,Denver,Large,WN,Southwest Airlines,6609,1199.0,200.1,75.16,1.44,6.78,39.0,-7.49,170.9,48385,31908
SAT-PHX,SAT,PHX,San Antonio,Phoenix,Medium,WN,Southwest Airlines,6605,843.0,145.9,83.47,1.09,1.26,26.0,-6.95,122.4,19263,31780
ATL-MYR,ATL,MYR,Atlanta,Myrtle Beach,Large,DL,Delta Air Lines,6600,317.0,71.5,84.2,0.76,3.09,28.0,-4.39,48.3,46787,13837
MYR-ATL,MYR,ATL,Myrtle Beach,Atlanta,Small,DL,Delta Air Lines,6599,317.0,83.5,89.65,0.83,-3.76,13.0,-7.26,55.3,32992,23777
DEN-ATL,DEN,ATL,Denver,Atlanta,Large,WN,Southwest Airlines,6598,1199.0,171.8,68.91,1.39,12.01,51.0,-7.16,142.9,59226,43240
CMH-MCO,CMH,MCO,Columbus,Orlando,Medium,WN,Southwest Airlines,6596,802.0,134.9,79.43,1.61,4.75,39.0,-5.98,109.2,37235,40612
STL-HOU,STL,HOU,St. Louis,Houston,Medium,WN,Southwest Airlines,6593,687.0,127.3,78.57,1.26,3.78,36.0,-7.9,102.5,33257,35678
FWA-ORD,FWA,ORD,Fort Wayne,Chicago,Small,OO,SkyWest Airlines,6590,157.0,73.8,74.19,2.61,12.9,67.0,-3.16,36.5,99550,37288
ORD-FWA,ORD,FWA,Chicago,Fort Wayne,Large,OO,SkyWest Airlines,6589,157.0,69.3,72.15,2.38,13.53,67.0,-3.74,31.7,86689,43861
MCO-SJU,MCO,SJU,Orlando,San Juan,Large,NK,Spirit Airlines,6587,1189.0,170.3,66.66,1.75,16.91,70.0,-5.04,143.2,104345,31247
SJU-MCO,SJU,MCO,San Juan,Orlando,Medium,NK,Spirit Airlines,6582,1189.0,190.8,74.42,2.29,11.32,55.3,-5.62,159.0,68371,51373
SFO-DEN,SFO,DEN,San Francisco,Denver,Large,WN,Southwest Airlines,6576,967.0,148.7,70.89,1.43,10.25,50.0,-5.9,121.6,41048,53954
MDW-LAX,MDW,LAX,Chicago,Los Angeles,Large,WN,Southwest Airlines,6575,1750.0,266.5,70.31,1.22,7.75,50.0,-11.41,233.3,58606,36649
LGA-ATL,LGA,ATL,New York,Atlanta,Large,WN,Southwest Airlines,6574,762.0,154.8,77.46,2.43,3.43,44.0,-12.99,113.0,45554,44146
BUR-DEN,BUR,DEN,Burbank,Denver,Medium,WN,Southwest Airlines,6574,850.0,138.1,79.69,1.99,3.09,35.0,-6.78,109.1,37246,29081
FLL-LGA,FLL,LGA,Fort Lauderdale,New York,Large,NK,Spirit Airlines,6573,1076.0,175.2,72.69,2.39,8.06,55.0,-10.22,143.2,88053,17131
ATL-LGA,ATL,LGA,Atlanta,New York,Large,WN,Southwest Airlines,6567,762.0,132.5,74.33,2.33,8.36,49.0,-9.0,101.6,58184,32308
PIT-MCO,PIT,MCO,Pittsburgh,Orlando,Medium,WN,Southwest Airlines,6564,834.0,139.7,77.01,1.45,6.16,45.0,-6.51,112.7,43291,44144
LAX-MDW,LAX,MDW,Los Angeles,Chicago,Large,WN,Southwest Airlines,6562,1750.0,237.4,79.18,1.04,2.22,31.0,-10.38,208.4,29582,29758
PHX-STL,PHX,STL,Phoenix,St. Louis,Large,WN,Southwest Airlines,6559,1262.0,172.0,77.69,0.82,5.83,36.0,-7.13,148.5,34206,32482
LGA-FLL,LGA,FLL,New York,Fort Lauderdale,Large,NK,Spirit Airlines,6554,1076.0,187.4,71.94,2.99,10.3,66.0,-6.74,151.2,90067,40491
MCO-CMH,MCO,CMH,Orlando,Columbus,Large,WN,Southwest Airlines,6554,802.0,135.9,73.82,1.46,10.32,50.0,-5.37,109.9,48172,50670
DFW-FAT,DFW,FAT,Dallas-Fort Worth,Fresno,Large,AA,American Airlines,6543,1313.0,210.2,68.35,2.23,15.72,60.0,-5.26,180.6,70647,63386
FAT-DFW,FAT,DFW,Fresno,Dallas-Fort Worth,Small,AA,American Airlines,6541,1313.0,192.9,77.59,2.35,10.85,41.0,-5.85,162.1,69647,44442
CLT-ORF,CLT,ORF,Charlotte,Norfolk,Large,AA,American Airlines,6539,290.0,72.1,75.35,1.32,12.55,51.0,-4.25,45.8,57649,57359
DEN-SFO,DEN,SFO,Denver,San Francisco,Large,WN,Southwest Airlines,6539,967.0,161.3,59.72,1.53,18.76,69.0,-7.4,133.2,82883,58936
ORF-CLT,ORF,CLT,Norfolk,Charlotte,Medium,AA,American Airlines,6539,290.0,86.0,79.83,1.36,10.51,42.0,-4.69,55.2,54732,64208
DFW-AMA,DFW,AMA,Dallas-Fort Worth,Amarillo,Large,MQ,Envoy Air,6536,312.0,80.4,81.15,2.25,1.9,33.0,-4.19,52.4,32377,25345
IAH-TPA,IAH,TPA,Houston,Tampa,Large,UA,United Airlines,6536,787.0,133.0,78.3,1.56,6.27,47.0,-5.96,101.4,56897,34109
TPA-IAH,TPA,IAH,Tampa,Houston,Large,UA,United Airlines,6534,787.0,149.3,81.48,1.74,3.83,36.0,-5.61,119.6,52390,33914
AMA-DFW,AMA,DFW,Amarillo,Dallas-Fort Worth,Small,MQ,Envoy Air,6534,312.0,78.1,80.82,2.25,3.79,32.0,-2.42,50.3,41886,29844
LAX-MCO,LAX,MCO,Los Angeles,Orlando,Large,DL,Delta Air Lines,6533,2218.0,289.3,80.79,1.27,4.19,33.0,-5.41,256.5,55610,18298
MCO-LAX,MCO,LAX,Orlando,Los Angeles,Large,DL,Delta Air Lines,6531,2218.0,329.6,82.39,1.3,2.58,30.0,-6.98,290.8,54883,22928
LAX-LAS,LAX,LAS,Los Angeles,Las Vegas,Large,AA,American Airlines,6529,236.0,73.3,73.72,0.54,15.09,56.0,0.05,44.2,65145,60301
LAS-LAX,LAS,LAX,Las Vegas,Los Angeles,Large,AA,American Airlines,6526,236.0,77.0,78.88,0.61,13.54,48.0,-4.38,42.8,63797,72212
CLT-CAK,CLT,CAK,Charlotte,Akron,Large,OH,PSA Airlines,6525,394.0,97.3,77.09,1.07,9.28,51.0,-3.02,62.5,51140,49522
CAK-CLT,CAK,CLT,Akron,Charlotte,Non-hub,OH,PSA Airlines,6523,394.0,104.6,82.6,0.92,4.78,35.0,-4.58,65.4,58658,33190
EWR-DTW,EWR,DTW,Newark,Detroit,Large,DL,Delta Air Lines,6505,488.0,115.5,79.08,1.57,10.82,58.0,-7.33,80.7,71565,65754
DTW-EWR,DTW,EWR,Detroit,Newark,Large,DL,Delta Air Lines,6504,488.0,103.0,75.43,1.49,11.38,64.0,-5.66,71.4,112748,14523
SFO-JFK,SFO,JFK,San Francisco,New York,Large,AA,American Airlines,6501,2586.0,339.3,83.54,1.48,0.1,27.0,-10.96,299.3,76647,22685
CLT-HPN,CLT,HPN,Charlotte,White Plains,Large,OH,PSA Airlines,6501,564.0,122.3,78.05,1.94,6.72,41.1,-3.2,89.7,50593,37093
JFK-SFO,JFK,SFO,New York,San Francisco,Large,AA,American Airlines,6500,2586.0,397.7,81.22,1.37,-5.07,32.0,-11.32,351.3,56009,17183
PHX-SAT,PHX,SAT,Phoenix,San Antonio,Large,WN,Southwest Airlines,6499,843.0,124.6,76.66,1.0,7.13,37.0,-6.03,103.3,34648,36615
HPN-CLT,HPN,CLT,White Plains,Charlotte,Small,OH,PSA Airlines,6497,564.0,122.2,79.21,2.57,6.19,45.0,-5.87,89.5,52229,56643
STL-PHX,STL,PHX,St. Louis,Phoenix,Medium,WN,Southwest Airlines,6495,1262.0,201.8,77.66,1.08,4.06,35.0,-8.56,176.1,32975,33932
DEN-BUR,DEN,BUR,Denver,Burbank,Large,WN,Southwest Airlines,6495,850.0,149.7,70.32,2.09,9.64,48.9,-8.09,123.5,45193,47860
SAT-DEN,SAT,DEN,San Antonio,Denver,Medium,UA,United Airlines,6474,794.0,139.8,82.98,0.85,4.83,33.0,-3.62,112.6,54683,28140
PHX-FLG,PHX,FLG,Phoenix,Flagstaff,Large,OO,SkyWest Airlines,6473,119.0,56.5,84.4,1.65,4.71,28.0,-3.53,27.6,50896,28718
FLG-PHX,FLG,PHX,Flagstaff,Phoenix,Non-hub,OO,SkyWest Airlines,6472,119.0,58.7,83.99,1.72,6.3,33.0,-2.59,28.9,73293,25217
DTW-MCO,DTW,MCO,Detroit,Orlando,Large,NK,Spirit Airlines,6465,957.0,164.5,79.64,1.35,3.17,41.0,-8.53,129.6,64192,21239
MCO-DTW,MCO,DTW,Orlando,Detroit,Large,NK,Spirit Airlines,6461,957.0,162.9,68.86,1.53,15.51,67.0,-3.99,130.5,97101,31125
RSW-DFW,RSW,DFW,Fort Myers,Dallas-Fort Worth,Medium,AA,American Airlines,6457,1017.0,182.1,73.32,3.67,15.13,54.0,-3.65,150.5,76419,60482
DFW-RSW,DFW,RSW,Dallas-Fort Worth,Fort Myers,Large,AA,American Airlines,6455,1017.0,156.3,66.41,3.58,16.02,66.0,-4.2,128.6,69273,61820
DTW-SFO,DTW,SFO,Detroit,San Francisco,Large,DL,Delta Air Lines,6454,2079.0,311.5,80.17,1.05,-0.62,34.6,-11.08,275.5,57911,10959
SFO-DTW,SFO,DTW,San Francisco,Detroit,Large,DL,Delta Air Lines,6452,2079.0,270.8,86.58,1.05,-1.71,19.0,-8.48,236.9,28830,21610
TYS-ATL,TYS,ATL,Knoxville,Atlanta,Small,DL,Delta Air Lines,6448,152.0,63.1,89.16,1.01,-4.65,14.0,-8.54,32.5,28891,26750
ATL-TYS,ATL,TYS,Atlanta,Knoxville,Large,DL,Delta Air Lines,6447,152.0,54.0,82.36,0.93,4.38,32.7,-4.07,30.8,51309,14301
SEA-JFK,SEA,JFK,Seattle,New York,Large,DL,Delta Air Lines,6439,2422.0,326.0,79.79,1.49,2.24,31.0,-11.26,280.1,64643,14341
DEN-IND,DEN,IND,Denver,Indianapolis,Large,WN,Southwest Airlines,6439,977.0,142.0,69.59,1.71,12.9,51.0,-4.51,117.4,54168,45774
JFK-SEA,JFK,SEA,New York,Seattle,Large,DL,Delta Air Lines,6439,2422.0,380.7,79.38,1.51,-1.09,36.0,-13.27,328.4,67300,11585
DEN-SAT,DEN,SAT,Denver,San Antonio,Large,UA,United Airlines,6436,794.0,130.4,77.86,0.84,7.12,45.0,-4.99,103.3,45690,39860
BUR-SFO,BUR,SFO,Burbank,San Francisco,Medium,OO,SkyWest Airlines,6428,326.0,93.4,72.9,1.4,8.34,56.0,-4.39,57.4,86721,24604
DFW-CVG,DFW,CVG,Dallas-Fort Worth,Cincinnati,Large,AA,American Airlines,6428,812.0,133.9,69.35,2.26,14.83,62.0,-3.7,104.4,58391,62052
IND-DEN,IND,DEN,Indianapolis,Denver,Medium,WN,Southwest Airlines,6427,977.0,168.7,78.14,1.43,4.93,37.0,-7.06,142.1,34759,34454
CVG-DFW,CVG,DFW,Cincinnati,Dallas-Fort Worth,Medium,AA,American Airlines,6424,812.0,155.7,74.47,2.37,12.09,53.0,-6.23,120.6,68537,53605
MSP-OMA,MSP,OMA,Minneapolis,Omaha,Large,OO,SkyWest Airlines,6423,282.0,80.5,82.69,0.65,4.3,35.0,-5.83,49.1,78745,0
MDW-PHL,MDW,PHL,Chicago,Philadelphia,Large,WN,Southwest Airlines,6420,668.0,113.9,72.13,1.73,9.61,44.0,-6.16,88.1,52126,35393
OMA-MSP,OMA,MSP,Omaha,Minneapolis,Medium,OO,SkyWest Airlines,6420,282.0,80.8,85.61,0.62,3.16,30.0,-5.81,50.9,79046,0
ATL-TUL,ATL,TUL,Atlanta,Tulsa,Large,DL,Delta Air Lines,6412,674.0,123.2,85.78,0.97,-0.56,23.0,-6.78,98.3,40568,11993
TUL-ATL,TUL,ATL,Tulsa,Atlanta,Small,DL,Delta Air Lines,6411,674.0,118.4,87.38,1.12,-2.16,18.0,-8.41,88.8,36489,24066
SAT-LAS,SAT,LAS,San Antonio,Las Vegas,Medium,WN,Southwest Airlines,6408,1069.0,170.8,80.73,0.91,3.36,33.0,-6.56,147.9,27954,32852
SFO-BUR,SFO,BUR,San Francisco,Burbank,Large,OO,SkyWest Airlines,6407,326.0,82.3,79.27,1.22,5.58,41.0,-3.72,52.6,49636,28296
DAL-LGA,DAL,LGA,Dallas,New York,Large,WN,Southwest Airlines,6407,1381.0,198.4,70.47,2.29,10.41,53.0,-7.85,169.8,70666,27986
MCI-DEN,MCI,DEN,Kansas City,Denver,Medium,UA,United Airlines,6405,533.0,116.0,80.2,1.03,6.19,36.0,-0.9,84.6,51952,26962
DEN-MCI,DEN,MCI,Denver,Kansas City,Large,UA,United Airlines,6404,533.0,99.5,75.89,0.8,11.13,54.0,-2.83,71.3,49358,52189
TPA-ATL,TPA,ATL,Tampa,Atlanta,Large,WN,Southwest Airlines,6404,406.0,92.6,78.15,2.09,6.18,38.0,-5.43,65.9,33892,39797
ATL-TPA,ATL,TPA,Atlanta,Tampa,Large,WN,Southwest Airlines,6399,406.0,86.5,75.17,1.64,8.91,44.0,-5.66,62.5,39786,42075
PHL-MDW,PHL,MDW,Philadelphia,Chicago,Large,WN,Southwest Airlines,6395,668.0,131.1,77.92,2.0,6.05,39.0,-7.93,103.0,42502,37519
HOU-HRL,HOU,HRL,Houston,Harlingen,Medium,WN,Southwest Airlines,6393,277.0,66.1,76.1,1.6,5.72,39.0,-8.09,44.2,31602,38811
HRL-HOU,HRL,HOU,Harlingen,Houston,Small,WN,Southwest Airlines,6392,277.0,67.8,82.38,1.41,2.72,28.0,-5.38,45.6,27454,30805
MDW-RSW,MDW,RSW,Chicago,Fort Myers,Large,WN,Southwest Airlines,6387,1105.0,165.6,72.63,3.19,7.65,43.0,-6.26,142.0,47716,33100
RSW-MDW,RSW,MDW,Fort Myers,Chicago,Medium,WN,Southwest Airlines,6385,1105.0,175.2,74.85,3.46,7.45,39.0,-4.53,151.5,32952,44196
LGA-DAL,LGA,DAL,New York,Dallas,Large,WN,Southwest Airlines,6383,1381.0,235.5,74.67,2.79,4.61,50.0,-12.97,194.5,47046,45303
IAH-MIA,IAH,MIA,Houston,Miami,Large,UA,United Airlines,6378,964.0,152.8,74.76,1.49,8.82,51.0,-4.95,118.9,67361,30873
JAX-BWI,JAX,BWI,Jacksonville,Baltimore,Medium,WN,Southwest Airlines,6376,663.0,111.9,79.33,2.23,4.22,31.0,-5.48,89.0,29090,33195
CMH-DFW,CMH,DFW,Columbus,Dallas-Fort Worth,Medium,AA,American Airlines,6363,926.0,171.7,77.13,2.88,11.21,49.0,-7.99,134.5,72797,59458
MIA-IAH,MIA,IAH,Miami,Houston,Large,UA,United Airlines,6360,964.0,174.7,77.58,1.62,8.82,46.0,-4.14,141.3,61530,44078
SMF-SAN,SMF,SAN,Sacramento,San Diego,Medium,OO,SkyWest Airlines,6360,480.0,94.0,81.05,0.94,6.51,31.0,1.78,72.7,31458,36966
DFW-CMH,DFW,CMH,Dallas-Fort Worth,Columbus,Large,AA,American Airlines,6357,926.0,146.5,70.49,2.77,14.54,60.0,-4.71,116.9,57196,63724
RDU-EWR,RDU,EWR,Raleigh-durham,Newark,Medium,UA,United Airlines,6356,416.0,100.4,71.79,2.5,17.5,69.0,-1.37,66.1,115958,34431
KTN-SEA,KTN,SEA,Ketchikan,Seattle,Non-hub,AS,Alaska Airlines,6352,680.0,116.6,83.61,2.27,-0.75,25.0,-1.59,91.8,19336,39093
SEA-KTN,SEA,KTN,Seattle,Ketchikan,Large,AS,Alaska Airlines,6350,680.0,127.0,76.55,0.69,6.67,34.5,-1.65,98.7,51006,15382
GSO-CLT,GSO,CLT,Greensboro,Charlotte,Small,OH,PSA Airlines,6349,83.0,62.8,82.69,1.65,-0.11,25.0,-5.79,27.1,40373,30104
CLT-GSO,CLT,GSO,Charlotte,Greensboro,Large,OH,PSA Airlines,6349,83.0,59.8,83.56,1.56,0.69,27.0,-6.39,24.3,28700,28090
HOU-BWI,HOU,BWI,Houston,Baltimore,Medium,WN,Southwest Airlines,6344,1246.0,175.9,77.52,1.77,5.29,34.0,-6.87,151.8,36961,25703
ISP-BWI,ISP,BWI,Islip,Baltimore,Small,WN,Southwest Airlines,6337,220.0,76.8,84.82,1.94,0.34,22.0,-8.06,52.6,27960,24513
BWI-JAX,BWI,JAX,Baltimore,Jacksonville,Large,WN,Southwest Airlines,6334,663.0,122.8,71.52,1.88,9.82,44.0,-5.55,97.4,47911,36143
PHX-DEN,PHX,DEN,Phoenix,Denver,Large,F9,Frontier Airlines,6324,602.0,114.8,78.13,1.11,7.85,47.0,-4.33,81.2,47229,54096
DEN-PHX,DEN,PHX,Denver,Phoenix,Large,F9,Frontier Airlines,6322,602.0,121.4,74.38,0.68,9.56,53.0,-3.68,89.4,55894,44725
SAN-SMF,SAN,SMF,San Diego,Sacramento,Large,OO,SkyWest Airlines,6317,480.0,102.5,78.41,0.89,6.46,37.0,-0.82,75.0,25823,42591
EWR-RDU,EWR,RDU,Newark,Raleigh-durham,Large,UA,United Airlines,6317,416.0,104.5,72.19,2.23,11.28,64.0,-6.02,69.5,61776,53927
PDX-SJC,PDX,SJC,Portland,San Jose,Medium,WN,Southwest Airlines,6316,569.0,105.2,82.57,0.89,2.93,29.0,-6.13,84.6,18547,35420
LAS-SAT,LAS,SAT,Las Vegas,San Antonio,Large,WN,Southwest Airlines,6315,1069.0,153.6,71.26,1.05,11.1,46.0,-5.01,129.4,43269,46008
BWI-ISP,BWI,ISP,Baltimore,Islip,Large,WN,Southwest Airlines,6315,220.0,67.9,72.1,1.76,9.88,43.0,-6.92,44.0,44682,38385
SJC-PDX,SJC,PDX,San Jose,Portland,Medium,WN,Southwest Airlines,6311,569.0,105.4,80.24,0.65,3.87,32.0,-6.66,83.5,17761,40870
MSP-SAN,MSP,SAN,Minneapolis,San Diego,Large,DL,Delta Air Lines,6310,1532.0,234.6,82.54,0.51,-1.82,29.0,-7.89,203.3,43686,10480
SAN-MSP,SAN,MSP,San Diego,Minneapolis,Large,DL,Delta Air Lines,6307,1532.0,221.5,86.59,0.55,-1.04,19.0,-6.88,186.9,33471,17347
LAS-JFK,LAS,JFK,Las Vegas,New York,Large,B6,JetBlue Airways,6303,2248.0,299.9,67.36,1.51,20.6,81.0,-7.16,263.7,112999,70601
JFK-LAS,JFK,LAS,New York,Las Vegas,Large,B6,JetBlue Airways,6301,2248.0,346.7,73.77,1.27,5.47,61.0,-9.94,301.6,84898,25787
RSW-MSP,RSW,MSP,Fort Myers,Minneapolis,Medium,DL,Delta Air Lines,6300,1416.0,218.6,86.03,1.17,0.36,24.0,-5.17,192.0,38215,26478
MSP-RSW,MSP,RSW,Minneapolis,Fort Myers,Large,DL,Delta Air Lines,6300,1416.0,204.7,82.08,1.16,1.22,31.0,-6.12,174.6,55700,8339
LAX-PDX,LAX,PDX,Los Angeles,Portland,Large,DL,Delta Air Lines,6298,834.0,144.6,85.42,1.06,-1.01,28.0,-8.76,116.9,46000,18710
TPA-DAL,TPA,DAL,Tampa,Dallas,Large,WN,Southwest Airlines,6297,917.0,158.6,73.53,2.53,9.11,46.0,-4.78,135.2,44226,41627
DCA-ATL,DCA,ATL,Washington,Atlanta,Large,WN,Southwest Airlines,6296,547.0,115.6,78.03,1.83,4.63,37.0,-8.51,83.8,38805,34114
PDX-LAX,PDX,LAX,Portland,Los Angeles,Medium,DL,Delta Air Lines,6295,834.0,145.4,88.58,1.11,-3.44,16.0,-8.14,114.3,23166,29692
MDW-BOS,MDW,BOS,Chicago,Boston,Large,WN,Southwest Airlines,6292,861.0,134.1,70.72,2.02,10.68,52.0,-7.28,107.9,63767,32208
ATL-DCA,ATL,DCA,Atlanta,Washington,Large,WN,Southwest Airlines,6290,547.0,105.4,76.85,1.45,7.3,42.0,-7.13,78.3,45048,34714
HPN-DCA,HPN,DCA,White Plains,Washington,Small,OH,PSA Airlines,6287,234.0,77.5,70.51,3.98,17.44,72.0,0.44,48.9,70096,80192
DCA-HPN,DCA,HPN,Washington,White Plains,Large,OH,PSA Airlines,6284,234.0,80.1,68.2,3.96,16.19,71.0,0.27,53.6,64311,65889
TPA-DEN,TPA,DEN,Tampa,Denver,Large,WN,Southwest Airlines,6284,1506.0,237.0,74.79,2.2,6.55,41.0,-7.29,208.9,41028,35554
SEA-JFK,SEA,JFK,Seattle,New York,Large,AS,Alaska Airlines,6282,2422.0,320.7,71.46,1.61,7.4,45.0,-3.3,282.9,72748,16060
JFK-SEA,JFK,SEA,New York,Seattle,Large,AS,Alaska Airlines,6278,2422.0,379.2,79.82,1.98,-2.04,32.8,-8.64,330.4,51258,21250
MIA-AUS,MIA,AUS,Miami,Austin,Large,AA,American Airlines,6274,1103.0,191.3,69.94,2.07,13.16,62.0,-5.17,155.7,77706,43901
BOS-MDW,BOS,MDW,Boston,Chicago,Large,WN,Southwest Airlines,6268,861.0,162.2,77.38,2.19,4.33,44.0,-10.49,131.2,30323,47818
PDX-LAX,PDX,LAX,Portland,Los Angeles,Medium,OO,SkyWest Airlines,6265,834.0,147.5,85.46,0.69,4.7,22.0,-2.76,118.5,59608,12222
AUS-MIA,AUS,MIA,Austin,Miami,Large,AA,American Airlines,6265,1103.0,165.9,77.08,2.19,11.47,45.0,-3.47,135.2,68755,43063
LAX-PDX,LAX,PDX,Los Angeles,Portland,Large,OO,SkyWest Airlines,6265,834.0,146.9,82.67,0.69,2.71,29.0,-5.16,120.4,45999,16798
DAL-TPA,DAL,TPA,Dallas,Tampa,Large,WN,Southwest Airlines,6258,917.0,138.2,69.96,2.46,12.19,50.0,-4.32,116.7,49939,43348
LAX-HNL,LAX,HNL,Los Angeles,Honolulu,Large,UA,United Airlines,6254,2556.0,349.5,81.85,0.64,5.43,32.0,-9.82,313.9,40754,46822
ORD-CMH,ORD,CMH,Chicago,Columbus,Large,MQ,Envoy Air,6253,296.0,82.5,75.1,1.23,8.69,48.0,-2.33,48.8,49911,37209
DEN-TPA,DEN,TPA,Denver,Tampa,Large,WN,Southwest Airlines,6253,1506.0,204.5,67.76,2.09,12.95,55.0,-6.16,178.2,60219,42196
CMH-ORD,CMH,ORD,Columbus,Chicago,Medium,MQ,Envoy Air,6252,296.0,91.2,78.25,1.3,9.64,48.0,-4.72,55.6,77580,38699
HNL-LAX,HNL,LAX,Honolulu,Los Angeles,Medium,UA,United Airlines,6252,2556.0,328.3,84.29,0.74,2.55,26.0,-8.9,288.7,40420,37812
PHX-SFO,PHX,SFO,Phoenix,San Francisco,Large,AA,American Airlines,6247,651.0,126.7,76.0,0.59,11.24,51.0,-4.55,97.2,55026,50601
IAD-CLT,IAD,CLT,Washington,Charlotte,Medium,OH,PSA Airlines,6242,322.0,96.1,82.62,1.68,3.04,35.0,-7.21,57.6,45865,44338
CLT-IAD,CLT,IAD,Charlotte,Washington,Large,OH,PSA Airlines,6241,322.0,89.2,81.08,1.52,2.88,36.0,-5.95,54.1,40277,29021
SEA-ONT,SEA,ONT,Seattle,Ontario,Large,AS,Alaska Airlines,6240,956.0,154.0,76.03,1.89,5.46,34.0,-1.77,126.6,36515,22129
ONT-SEA,ONT,SEA,Ontario,Seattle,Medium,AS,Alaska Airlines,6238,956.0,164.1,81.39,2.18,1.62,27.0,-2.4,134.6,29470,23982
SEA-SMF,SEA,SMF,Seattle,Sacramento,Large,WN,Southwest Airlines,6234,605.0,110.2,77.35,0.96,5.49,37.0,-7.13,82.1,23204,44416
SFO-JFK,SFO,JFK,San Francisco,New York,Large,AS,Alaska Airlines,6233,2586.0,338.1,74.43,1.78,4.83,44.0,-4.94,299.9,64842,17870
JFK-SFO,JFK,SFO,New York,San Francisco,Large,AS,Alaska Airlines,6233,2586.0,394.6,77.65,1.89,-2.13,42.0,-11.32,345.2,50512,32855
BOS-RDU,BOS,RDU,Boston,Raleigh-durham,Large,B6,JetBlue Airways,6233,612.0,127.3,72.45,2.02,10.26,63.9,-6.21,96.1,73058,39056
SFO-PHX,SFO,PHX,San Francisco,Phoenix,Large,AA,American Airlines,6228,651.0,123.0,81.28,0.67,10.3,40.0,-6.27,91.6,54046,63650
DEN-COS,DEN,COS,Denver,Colorado Springs,Large,WN,Southwest Airlines,6228,73.0,45.4,69.8,2.09,11.73,51.0,-6.96,19.2,45298,48898
COS-DEN,COS,DEN,Colorado Springs,Denver,Small,WN,Southwest Airlines,6228,73.0,52.0,77.87,2.2,4.58,36.0,-5.71,21.7,39637,31883
RDU-BOS,RDU,BOS,Raleigh-durham,Boston,Medium,B6,JetBlue Airways,6227,612.0,118.0,73.05,2.14,12.94,66.0,-5.9,86.8,71822,60374
BWI-HOU,BWI,HOU,Baltimore,Houston,Large,WN,Southwest Airlines,6226,1246.0,206.5,70.46,1.73,8.27,47.0,-10.17,176.4,55923,31345
LGA-STL,LGA,STL,New York,St. Louis,Large,WN,Southwest Airlines,6226,888.0,168.7,76.42,3.08,5.08,44.0,-9.55,131.1,41978,42227
SMF-SEA,SMF,SEA,Sacramento,Seattle,Medium,WN,Southwest Airlines,6225,605.0,117.0,79.94,0.64,2.31,33.4,-8.01,87.5,24006,32566
ORD-FLL,ORD,FLL,Chicago,Fort Lauderdale,Large,UA,United Airlines,6224,1182.0,189.6,80.9,1.04,3.18,36.0,-5.38,153.3,44315,26781
FLL-ORD,FLL,ORD,Fort Lauderdale,Chicago,Large,UA,United Airlines,6221,1182.0,205.0,80.86,1.27,5.15,37.0,-4.76,166.1,52788,35787
STL-LGA,STL,LGA,St. Louis,New York,Medium,WN,Southwest Airlines,6220,888.0,141.7,75.14,3.02,5.85,40.0,-7.28,115.4,46650,25487
ATL-GNV,ATL,GNV,Atlanta,Gainesville,Large,DL,Delta Air Lines,6209,300.0,71.8,85.17,0.97,0.85,26.0,-5.61,47.9,40922,14396
GNV-ATL,GNV,ATL,Gainesville,Atlanta,Non-hub,DL,Delta Air Lines,6207,300.0,80.4,85.97,1.01,1.14,24.0,-7.01,52.1,52050,24726
ONT-DEN,ONT,DEN,Ontario,Denver,Medium,WN,Southwest Airlines,6206,819.0,132.6,82.05,1.4,2.77,30.0,-7.23,107.2,35820,21196
DEN-ONT,DEN,ONT,Denver,Ontario,Large,WN,Southwest Airlines,6194,819.0,140.0,67.61,1.49,11.42,50.0,-7.4,113.2,44533,48497
TPA-DCA,TPA,DCA,Tampa,Washington,Large,AA,American Airlines,6193,814.0,136.6,74.33,2.63,13.51,53.4,-3.62,111.4,59122,68237
BNA-EWR,BNA,EWR,Nashville,Newark,Large,UA,United Airlines,6189,748.0,137.1,74.02,3.31,12.58,60.0,-4.81,103.9,88195,39265
MDW-FLL,MDW,FLL,Chicago,Fort Lauderdale,Large,WN,Southwest Airlines,6187,1167.0,177.8,73.83,2.05,6.95,43.0,-8.15,151.5,49183,30916
DCA-TPA,DCA,TPA,Washington,Tampa,Large,AA,American Airlines,6187,814.0,148.5,75.48,2.6,8.51,49.0,-3.31,118.4,50322,51788
FLL-MDW,FLL,MDW,Fort Lauderdale,Chicago,Large,WN,Southwest Airlines,6178,1167.0,190.5,74.34,2.17,8.01,44.0,-6.34,160.9,38935,42307
ORD-PDX,ORD,PDX,Chicago,Portland,Large,UA,United Airlines,6166,1739.0,270.9,80.65,0.91,2.92,39.0,-9.38,233.7,39076,32586
PDX-ORD,PDX,ORD,Portland,Chicago,Medium,UA,United Airlines,6166,1739.0,238.8,85.74,0.94,-0.69,21.0,-6.6,205.2,33576,20296
SFO-LAS,SFO,LAS,San Francisco,Las Vegas,Large,WN,Southwest Airlines,6152,414.0,92.0,70.66,1.28,11.85,54.0,-5.77,66.8,36278,61487
JFK-PIT,JFK,PIT,New York,Pittsburgh,Large,YX,Republic Airways,6152,340.0,108.7,79.88,3.56,1.84,40.0,-7.74,65.2,46698,40254
MKE-DEN,MKE,DEN,Milwaukee,Denver,Medium,WN,Southwest Airlines,6148,896.0,157.4,82.06,1.56,0.46,30.0,-8.7,129.1,30120,26326
AUS-DTW,AUS,DTW,Austin,Detroit,Large,DL,Delta Air Lines,6147,1149.0,174.6,85.49,0.75,3.92,25.0,-5.44,143.9,43424,33650
PIT-JFK,PIT,JFK,Pittsburgh,New York,Medium,YX,Republic Airways,6147,340.0,99.5,86.4,1.63,-3.03,19.0,-4.53,65.4,35970,9743
DTW-AUS,DTW,AUS,Detroit,Austin,Large,DL,Delta Air Lines,6146,1149.0,192.3,79.14,0.7,2.77,37.0,-5.16,159.8,55239,14273
IDA-DEN,IDA,DEN,Idaho Falls,Denver,Small,OO,SkyWest Airlines,6144,458.0,106.4,79.41,1.82,8.28,45.0,-4.71,68.9,88252,20510
DEN-IDA,DEN,IDA,Denver,Idaho Falls,Large,OO,SkyWest Airlines,6144,458.0,105.2,79.92,1.55,7.45,42.0,-5.56,74.2,57586,28587
AUS-SFO,AUS,SFO,Austin,San Francisco,Large,UA,United Airlines,6143,1504.0,234.9,83.33,1.24,2.74,33.0,-8.37,203.9,50513,26846
SFO-AUS,SFO,AUS,San Francisco,Austin,Large,UA,United Airlines,6142,1504.0,214.7,83.95,1.11,0.57,28.0,-6.87,180.5,27223,28451
SRQ-BWI,SRQ,BWI,Sarasota,Baltimore,Small,WN,Southwest Airlines,6141,880.0,144.5,80.87,2.54,2.11,30.0,-7.55,118.4,24184,34078
LAS-SFO,LAS,SFO,Las Vegas,San Francisco,Large,WN,Southwest Airlines,6137,414.0,95.5,61.07,0.95,17.48,61.0,-4.94,67.9,73172,50399
DTW-RDU,DTW,RDU,Detroit,Raleigh-durham,Large,DL,Delta Air Lines,6135,501.0,102.1,85.3,0.67,0.38,27.0,-6.06,73.8,42048,12461
CLT-LEX,CLT,LEX,Charlotte,Lexington KY,Large,OH,PSA Airlines,6135,281.0,84.8,78.09,1.79,5.84,40.4,-3.05,50.0,41009,34414
RDU-DTW,RDU,DTW,Raleigh-durham,Detroit,Medium,DL,Delta Air Lines,6134,501.0,108.6,87.81,0.68,-0.19,21.0,-8.34,77.9,33745,28414
DEN-MKE,DEN,MKE,Denver,Milwaukee,Large,WN,Southwest Airlines,6134,896.0,135.9,70.83,1.84,11.25,51.0,-6.84,110.1,44720,45965
LEX-CLT,LEX,CLT,Lexington KY,Charlotte,Small,OH,PSA Airlines,6133,281.0,92.3,81.48,1.83,4.77,31.0,-4.1,52.7,40769,42742
PDX-MSP,PDX,MSP,Portland,Minneapolis,Medium,DL,Delta Air Lines,6127,1426.0,196.5,90.71,0.67,-3.98,12.0,-7.77,169.5,21645,16982
MSP-PDX,MSP,PDX,Minneapolis,Portland,Large,DL,Delta Air Lines,6127,1426.0,223.2,86.18,0.65,-4.08,21.0,-10.35,193.0,35830,9332
CLE-MDW,CLE,MDW,Cleveland,Chicago,Medium,WN,Southwest Airlines,6123,307.0,78.4,82.49,2.07,0.73,25.4,-7.36,53.7,23605,26844
HOU-OKC,HOU,OKC,Houston,Oklahoma City,Medium,WN,Southwest Airlines,6121,419.0,83.2,76.77,1.6,6.56,39.0,-5.2,62.4,33022,33772
PWM-BWI,PWM,BWI,Portland,Baltimore,Small,WN,Southwest Airlines,6119,452.0,98.4,78.2,2.29,6.09,32.0,-6.36,75.0,35702,33122
PDX-ATL,PDX,ATL,Portland,Atlanta,Medium,DL,Delta Air Lines,6117,2172.0,278.0,88.51,0.78,-2.86,16.0,-8.53,248.0,26151,12528
BWI-PWM,BWI,PWM,Baltimore,Portland,Large,WN,Southwest Airlines,6117,452.0,87.9,70.52,2.26,10.02,41.0,-5.23,65.9,43498,33545
PHX-AUS,PHX,AUS,Phoenix,Austin,Large,AA,American Airlines,6115,872.0,138.9,78.74,0.88,5.91,41.0,-4.45,108.7,40628,40683
CLE-LGA,CLE,LGA,Cleveland,New York,Medium,YX,Republic Airways,6115,419.0,98.2,78.45,3.84,3.61,38.0,-2.51,68.1,50767,24168
OKC-HOU,OKC,HOU,Oklahoma City,Houston,Medium,WN,Southwest Airlines,6114,419.0,86.8,80.62,1.67,2.98,30.0,-4.99,65.7,24542,32021
AUS-MSY,AUS,MSY,Austin,New Orleans,Large,WN,Southwest Airlines,6113,444.0,81.2,75.1,1.62,7.52,42.0,-4.99,59.8,27035,46451
LGA-CLE,LGA,CLE,New York,Cleveland,Large,YX,Republic Airways,6111,419.0,109.7,78.3,3.67,1.96,41.0,-4.4,71.6,36789,37743
ATL-PDX,ATL,PDX,Atlanta,Portland,Large,DL,Delta Air Lines,6111,2172.0,313.4,82.52,0.77,0.05,26.8,-7.45,284.6,44966,7246
MDW-CLE,MDW,CLE,Chicago,Cleveland,Large,WN,Southwest Airlines,6111,307.0,71.2,74.01,1.67,8.28,43.0,-6.67,46.8,39882,36458
MSY-AUS,MSY,AUS,New Orleans,Austin,Medium,WN,Southwest Airlines,6110,444.0,90.3,75.52,1.9,7.88,36.0,-3.86,69.0,32252,39468
BWI-SRQ,BWI,SRQ,Baltimore,Sarasota,Large,WN,Southwest Airlines,6110,880.0,154.9,72.29,2.14,8.53,45.0,-7.64,128.7,53184,30937
AUS-PHX,AUS,PHX,Austin,Phoenix,Large,AA,American Airlines,6109,872.0,153.0,80.19,0.93,15.17,50.0,-4.62,124.8,73195,62303
EWR-BNA,EWR,BNA,Newark,Nashville,Large,UA,United Airlines,6105,748.0,149.9,72.01,3.11,10.41,62.0,-5.59,111.6,59723,50408
LGA-DEN,LGA,DEN,New York,Denver,Large,WN,Southwest Airlines,6101,1620.0,270.0,71.02,3.38,6.33,53.5,-12.58,227.3,50666,43469
DEN-LGA,DEN,LGA,Denver,New York,Large,WN,Southwest Airlines,6099,1620.0,221.9,66.34,2.9,12.63,59.0,-8.37,190.4,73592,28788
SNA-IAH,SNA,IAH,Santa Ana,Houston,Medium,UA,United Airlines,6099,1346.0,193.8,85.88,0.92,-0.72,21.7,-5.3,163.0,26865,28239
IAH-SNA,IAH,SNA,Houston,Santa Ana,Large,UA,United Airlines,6098,1346.0,216.4,81.55,1.02,1.92,30.0,-6.52,183.2,37670,18802
LAX-FLL,LAX,FLL,Los Angeles,Fort Lauderdale,Large,B6,JetBlue Airways,6095,2343.0,301.1,79.15,0.46,2.7,40.0,-8.45,268.4,49421,26779
SDF-LGA,SDF,LGA,Louisville,New York,Medium,YX,Republic Airways,6095,659.0,130.5,83.87,2.02,-0.38,27.0,-3.43,100.7,45941,9833
LGA-SDF,LGA,SDF,New York,Louisville,Large,YX,Republic Airways,6094,659.0,149.4,82.64,2.74,-3.24,32.0,-9.49,106.9,37611,32633
DAL-ORD,DAL,ORD,Dallas,Chicago,Large,WN,Southwest Airlines,6089,798.0,143.5,75.18,2.61,4.41,41.1,-8.27,108.4,44937,27645
FLL-LAX,FLL,LAX,Fort Lauderdale,Los Angeles,Large,B6,JetBlue Airways,6089,2343.0,344.5,76.97,0.56,4.99,47.0,-6.29,309.6,58469,31827
CLT-ILM,CLT,ILM,Charlotte,Wilmington,Large,AA,American Airlines,6088,185.0,60.6,73.47,1.4,13.22,60.0,-4.01,34.0,50935,59164
ILM-CLT,ILM,CLT,Wilmington,Charlotte,Small,AA,American Airlines,6087,185.0,71.7,81.04,1.53,10.26,41.0,-5.74,40.4,65562,46365
DEN-RNO,DEN,RNO,Denver,Reno,Large,UA,United Airlines,6081,804.0,144.0,76.2,0.76,7.92,52.0,-7.61,113.8,42580,46348
RNO-DEN,RNO,DEN,Reno,Denver,Medium,UA,United Airlines,6079,804.0,135.6,81.66,1.12,4.34,37.0,-5.46,105.9,51359,28040
ORD-DAL,ORD,DAL,Chicago,Dallas,Large,WN,Southwest Airlines,6076,798.0,148.9,72.83,3.08,5.43,47.0,-10.01,114.2,38907,45693
RDU-JFK,RDU,JFK,Raleigh-durham,New York,Medium,9E,Endeavor Air,6072,427.0,109.8,80.91,3.49,1.26,35.0,-10.15,67.5,53784,23436
JFK-RDU,JFK,RDU,New York,Raleigh-durham,Large,9E,Endeavor Air,6063,427.0,115.6,81.89,3.33,-1.18,32.0,-9.09,72.3,38598,29182
AMA-DAL,AMA,DAL,Amarillo,Dallas,Small,WN,Southwest Airlines,6053,323.0,74.9,83.53,1.8,-0.39,27.0,-6.49,52.4,24016,26410
DAL-AMA,DAL,AMA,Dallas,Amarillo,Large,WN,Southwest Airlines,6052,323.0,76.8,75.81,1.93,6.34,42.0,-7.56,53.0,29028,45491
AGS-ATL,AGS,ATL,Bush Field,Atlanta,Small,9E,Endeavor Air,6047,143.0,65.9,88.04,0.71,-0.3,18.0,-9.14,33.2,43570,22857
ATL-AGS,ATL,AGS,Atlanta,Bush Field,Large,9E,Endeavor Air,6047,143.0,57.6,89.3,0.69,-1.33,14.0,-5.29,30.9,31638,10904
FAT-SLC,FAT,SLC,Fresno,Salt Lake City,Small,OO,SkyWest Airlines,6045,501.0,102.7,91.6,0.33,-3.23,10.0,-8.1,74.4,46411,0
SLC-FAT,SLC,FAT,Salt Lake City,Fresno,Large,OO,SkyWest Airlines,6045,501.0,109.9,91.18,0.28,-3.6,11.0,-7.1,78.6,30397,0
MIA-IAH,MIA,IAH,Miami,Houston,Large,AA,American Airlines,6035,964.0,174.6,67.57,2.15,16.87,65.0,-4.17,139.4,86136,48902
CLT-MCI,CLT,MCI,Charlotte,Kansas City,Large,AA,American Airlines,6035,808.0,148.5,76.35,1.62,7.61,47.0,-4.93,119.3,42907,39068
MCI-CLT,MCI,CLT,Kansas City,Charlotte,Medium,AA,American Airlines,6034,808.0,137.5,78.99,1.76,8.73,39.4,-4.3,104.7,53249,42996
IAH-MIA,IAH,MIA,Houston,Miami,Large,AA,American Airlines,6033,964.0,153.6,73.56,2.25,16.73,59.0,-4.54,120.7,78474,61861
ORD-AUS,ORD,AUS,Chicago,Austin,Large,UA,United Airlines,6030,977.0,173.8,79.92,1.18,2.9,37.0,-7.23,135.5,37442,32852
AUS-ORD,AUS,ORD,Austin,Chicago,Large,UA,United Airlines,6026,977.0,166.8,83.89,1.19,2.1,27.8,-5.83,131.2,42080,23787
RNO-DFW,RNO,DFW,Reno,Dallas-Fort Worth,Medium,AA,American Airlines,6010,1345.0,196.4,78.34,2.65,10.36,40.3,-5.94,162.2,59042,55082
DFW-RNO,DFW,RNO,Dallas-Fort Worth,Reno,Large,AA,American Airlines,6010,1345.0,213.6,72.48,2.51,10.02,49.0,-6.13,183.5,56797,40744
GEG-SLC,GEG,SLC,Spokane,Salt Lake City,Medium,DL,Delta Air Lines,6006,546.0,104.6,86.55,0.7,0.88,22.0,-5.73,75.6,30818,30445
SLC-GEG,SLC,GEG,Salt Lake City,Spokane,Large,DL,Delta Air Lines,6004,546.0,106.3,84.43,0.65,1.74,26.0,-5.24,78.5,44638,13638
DEN-OKC,DEN,OKC,Denver,Oklahoma City,Large,WN,Southwest Airlines,6002,495.0,90.8,67.83,1.8,13.82,52.0,-4.39,67.6,46265,49782
MDW-PIT,MDW,PIT,Chicago,Pittsburgh,Large,WN,Southwest Airlines,5999,402.0,80.1,74.58,1.98,7.82,40.0,-5.41,57.1,35193,36081
PIT-MDW,PIT,MDW,Pittsburgh,Chicago,Medium,WN,Southwest Airlines,5996,402.0,88.1,80.42,1.78,3.63,31.0,-5.09,65.2,24539,30963
OKC-DEN,OKC,DEN,Oklahoma City,Denver,Medium,WN,Southwest Airlines,5996,495.0,99.7,76.27,1.82,7.4,39.0,-3.53,76.6,37575,32869
DEN-BIS,DEN,BIS,Denver,Bismarck,Large,OO,SkyWest Airlines,5992,516.0,107.1,76.7,2.19,9.42,50.0,-4.03,75.7,66132,30028
BIS-DEN,BIS,DEN,Bismarck,Denver,Small,OO,SkyWest Airlines,5991,516.0,119.0,76.1,2.29,10.52,53.0,-4.99,81.6,97985,19931
PHX-ELP,PHX,ELP,Phoenix,El Paso,Large,WN,Southwest Airlines,5984,347.0,71.7,75.87,1.04,7.01,39.0,-6.62,49.6,30132,36181
PBI-BWI,PBI,BWI,West Palm Beach,Baltimore,Medium,WN,Southwest Airlines,5982,883.0,144.3,79.86,1.5,5.03,36.0,-6.12,119.4,28524,41200
BWI-PBI,BWI,PBI,Baltimore,West Palm Beach,Large,WN,Southwest Airlines,5980,883.0,154.2,70.54,1.24,9.81,49.6,-8.1,126.6,63879,28919
BNA-FLL,BNA,FLL,Nashville,Fort Lauderdale,Large,WN,Southwest Airlines,5975,793.0,135.2,77.39,1.59,4.56,39.0,-8.82,108.2,31386,34147
ATL-MDW,ATL,MDW,Atlanta,Chicago,Large,DL,Delta Air Lines,5974,591.0,114.0,80.78,1.47,4.0,33.0,-4.67,88.4,47504,11414
MDW-ATL,MDW,ATL,Chicago,Atlanta,Large,DL,Delta Air Lines,5972,591.0,114.7,83.89,1.61,0.82,29.0,-7.42,84.7,46125,22868
SRQ-CLT,SRQ,CLT,Sarasota,Charlotte,Small,AA,American Airlines,5971,547.0,113.4,80.27,2.04,9.45,40.0,-3.84,82.0,53611,45061
CLT-SRQ,CLT,SRQ,Charlotte,Sarasota,Large,AA,American Airlines,5971,547.0,110.1,73.52,1.98,11.97,55.0,-3.03,83.6,50828,48998
MSP-TPA,MSP,TPA,Minneapolis,Tampa,Large,DL,Delta Air Lines,5971,1306.0,192.4,83.65,1.21,-1.06,27.8,-6.18,162.8,38943,8030
TPA-MSP,TPA,MSP,Tampa,Minneapolis,Large,DL,Delta Air Lines,5970,1306.0,204.8,83.94,1.22,1.86,27.0,-5.19,178.1,36305,22321
SFO-SEA,SFO,SEA,San Francisco,Seattle,Large,OO,SkyWest Airlines,5964,679.0,137.0,82.34,0.69,-0.63,28.0,-7.32,100.9,50585,3345
FLL-BNA,FLL,BNA,Fort Lauderdale,Nashville,Large,WN,Southwest Airlines,5961,793.0,143.9,78.43,1.49,4.88,40.0,-7.64,113.1,34604,34037
STL-BNA,STL,BNA,St. Louis,Nashville,Medium,WN,Southwest Airlines,5960,272.0,68.9,82.6,1.39,1.33,28.0,-7.41,44.3,19116,28582
HOU-MAF,HOU,MAF,Houston,Midland,Medium,WN,Southwest Airlines,5953,441.0,87.4,79.72,1.36,3.66,35.0,-5.98,66.8,28611,30678
MAF-HOU,MAF,HOU,Midland,Houston,Small,WN,Southwest Airlines,5952,441.0,84.6,82.91,1.5,2.8,29.0,-4.56,63.4,22222,33059
LAS-LAX,LAS,LAX,Las Vegas,Los Angeles,Large,NK,Spirit Airlines,5952,236.0,78.3,77.57,0.76,4.55,40.0,-6.27,43.0,54476,16003
BWI-AUS,BWI,AUS,Baltimore,Austin,Large,WN,Southwest Airlines,5948,1342.0,219.2,72.65,1.66,6.24,42.0,-9.23,189.3,49828,26004
BZN-DEN,BZN,DEN,Bozeman,Denver,Small,WN,Southwest Airlines,5946,524.0,104.0,76.35,1.97,5.02,39.0,-6.18,73.7,43680,28411
STL-DCA,STL,DCA,St. Louis,Washington,Medium,WN,Southwest Airlines,5942,719.0,116.8,73.59,2.07,7.72,41.0,-4.95,94.3,39681,32534
DCA-STL,DCA,STL,Washington,St. Louis,Large,WN,Southwest Airlines,5940,719.0,137.0,77.04,2.27,6.13,38.0,-7.05,108.5,35891,34959
LAX-LAS,LAX,LAS,Los Angeles,Las Vegas,Large,NK,Spirit Airlines,5939,236.0,76.9,76.81,0.89,7.27,51.0,-5.31,44.4,59142,31040
ORD-ATL,ORD,ATL,Chicago,Atlanta,Large,UA,United Airlines,5933,606.0,124.2,79.17,0.94,5.31,39.0,-4.73,86.3,43298,30631
BOS-PHX,BOS,PHX,Boston,Phoenix,Large,AA,American Airlines,5931,2300.0,353.0,83.38,0.81,-2.54,28.0,-14.18,311.1,46585,32020
BNA-STL,BNA,STL,Nashville,St. Louis,Large,WN,Southwest Airlines,5927,272.0,74.5,82.23,1.69,1.57,28.0,-8.29,48.3,15198,34524
SEA-EUG,SEA,EUG,Seattle,Eugene,Large,OO,SkyWest Airlines,5927,234.0,73.8,86.87,1.06,-0.61,19.0,-4.3,45.5,35150,3749
PHX-BOS,PHX,BOS,Phoenix,Boston,Large,AA,American Airlines,5926,2300.0,294.4,80.7,0.83,2.3,32.0,-7.41,261.6,40249,24958
EUG-SEA,EUG,SEA,Eugene,Seattle,Small,OO,SkyWest Airlines,5926,234.0,79.4,89.08,0.98,-2.3,14.0,-6.33,46.5,43438,2921
LGA-RIC,LGA,RIC,New York,Richmond,Large,YX,Republic Airways,5922,292.0,93.0,79.04,4.37,-0.57,37.0,-5.72,56.7,32106,29894
ATL-ORD,ATL,ORD,Atlanta,Chicago,Large,UA,United Airlines,5921,606.0,132.1,79.82,1.2,8.27,38.0,-3.34,95.8,54954,34518
SJU-BOS,SJU,BOS,San Juan,Boston,Medium,B6,JetBlue Airways,5921,1674.0,249.8,65.95,1.71,20.38,79.0,-5.22,221.7,88987,69751
RIC-LGA,RIC,LGA,Richmond,New York,Medium,YX,Republic Airways,5919,292.0,80.4,77.6,3.87,5.97,42.0,-1.79,49.9,59319,24109
AUS-BWI,AUS,BWI,Austin,Baltimore,Large,WN,Southwest Airlines,5916,1342.0,188.2,78.79,1.88,3.28,32.0,-7.47,162.6,27456,28675
LAX-HNL,LAX,HNL,Los Angeles,Honolulu,Large,AA,American Airlines,5915,2556.0,356.9,82.91,0.08,-2.83,29.0,-9.9,322.5,28383,24479
LGA-IAH,LGA,IAH,New York,Houston,Large,DL,Delta Air Lines,5915,1416.0,248.3,77.24,1.78,2.51,57.0,-13.85,202.2,75333,30190
ELP-PHX,ELP,PHX,El Paso,Phoenix,Small,WN,Southwest Airlines,5915,347.0,82.0,82.65,0.91,2.83,29.0,-5.58,56.7,19738,32571
IAH-LGA,IAH,LGA,Houston,New York,Large,DL,Delta Air Lines,5914,1416.0,212.1,77.73,1.83,6.23,46.0,-10.69,176.6,69739,32052
HNL-LAX,HNL,LAX,Honolulu,Los Angeles,Medium,AA,American Airlines,5913,2556.0,331.8,89.94,0.15,-2.27,14.0,-8.56,294.8,41857,18172
DEN-TPA,DEN,TPA,Denver,Tampa,Large,UA,United Airlines,5913,1506.0,209.8,76.51,1.3,6.32,42.0,-5.58,177.7,47298,30363
TPA-DEN,TPA,DEN,Tampa,Denver,Large,UA,United Airlines,5912,1506.0,240.2,80.46,1.35,5.82,38.0,-4.27,209.2,53413,28805
PDX-SMF,PDX,SMF,Portland,Sacramento,Medium,WN,Southwest Airlines,5912,479.0,88.7,82.26,1.03,3.26,28.0,-6.01,67.8,16401,32602
SMF-PDX,SMF,PDX,Sacramento,Portland,Medium,WN,Southwest Airlines,5909,479.0,90.4,81.37,0.81,3.85,30.2,-6.25,69.9,17706,34807
DEN-BZN,DEN,BZN,Denver,Bozeman,Large,WN,Southwest Airlines,5905,524.0,104.4,71.53,1.8,9.39,45.0,-7.05,78.2,36793,40542
SEA-SFO,SEA,SFO,Seattle,San Francisco,Large,OO,SkyWest Airlines,5899,679.0,137.6,81.39,0.68,2.34,35.0,-4.87,105.1,57675,2180
STL-BWI,STL,BWI,St. Louis,Baltimore,Medium,WN,Southwest Airlines,5897,738.0,118.3,78.58,1.78,4.88,33.0,-5.66,95.7,29009,29982
JNU-ANC,JNU,ANC,Juneau,Anchorage,Small,AS,Alaska Airlines,5889,571.0,105.4,82.41,2.51,0.67,28.0,0.14,85.6,24485,36798
ANC-JNU,ANC,JNU,Anchorage,Juneau,Medium,AS,Alaska Airlines,5887,571.0,99.0,83.05,0.51,2.4,26.0,0.57,79.4,32499,12466
BWI-STL,BWI,STL,Baltimore,St. Louis,Large,WN,Southwest Airlines,5884,738.0,137.4,75.29,1.78,6.64,39.0,-8.39,110.0,38404,31152
EWR-SAN,EWR,SAN,Newark,San Diego,Large,UA,United Airlines,5875,2425.0,360.8,76.07,1.75,3.01,51.0,-10.94,320.1,52585,35367
SAN-EWR,SAN,EWR,San Diego,Newark,Large,UA,United Airlines,5875,2425.0,318.8,80.24,1.94,2.38,32.0,-7.06,279.3,54203,20809
JFK-MIA,JFK,MIA,New York,Miami,Large,B6,JetBlue Airways,5869,1089.0,193.0,63.01,2.78,18.47,89.0,-7.86,153.7,115438,36755
MIA-JFK,MIA,JFK,Miami,New York,Large,B6,JetBlue Airways,5868,1089.0,178.0,62.61,3.08,26.62,102.5,-4.39,144.1,98127,87311
SFO-FAT,SFO,FAT,San Francisco,Fresno,Large,OO,SkyWest Airlines,5867,158.0,65.8,81.64,1.11,5.51,34.0,-4.02,35.0,49800,20739
FAT-SFO,FAT,SFO,Fresno,San Francisco,Small,OO,SkyWest Airlines,5859,158.0,62.9,79.83,0.85,6.71,41.0,-4.69,32.5,70008,18445
EWR-FLL,EWR,FLL,Newark,Fort Lauderdale,Large,B6,JetBlue Airways,5856,1065.0,186.4,66.89,2.7,16.82,79.0,-6.19,149.5,90847,49744
FLL-EWR,FLL,EWR,Fort Lauderdale,Newark,Large,B6,JetBlue Airways,5855,1065.0,179.6,61.49,2.63,22.88,91.0,-4.61,145.4,106339,52703
LAX-LAS,LAX,LAS,Los Angeles,Las Vegas,Large,UA,United Airlines,5844,236.0,77.2,81.49,1.06,3.68,33.0,-2.36,43.5,38375,22330
LAS-LAX,LAS,LAX,Las Vegas,Los Angeles,Large,UA,United Airlines,5843,236.0,77.4,83.66,1.08,2.36,28.0,-3.61,42.6,27905,33426
CLT-CRW,CLT,CRW,Charlotte,Charleston,Large,OH,PSA Airlines,5841,221.0,75.1,77.69,1.9,7.19,41.0,-3.51,41.4,44021,36904
ORD-DEN,ORD,DEN,Chicago,Denver,Large,AA,American Airlines,5841,888.0,163.1,72.44,1.46,11.01,57.0,-5.26,128.5,62700,44379
DEN-ORD,DEN,ORD,Denver,Chicago,Large,AA,American Airlines,5839,888.0,154.0,78.01,1.64,12.23,52.0,-6.14,114.3,66044,56935
AUS-SAN,AUS,SAN,Austin,San Diego,Large,WN,Southwest Airlines,5838,1164.0,181.0,73.16,0.94,9.81,46.0,-5.55,159.0,30062,50211
CRW-CLT,CRW,CLT,Charleston,Charlotte,Non-hub,OH,PSA Airlines,5838,221.0,84.4,76.94,2.02,8.31,38.0,-3.67,43.9,47541,45919
PHL-BOS,PHL,BOS,Philadelphia,Boston,Large,YX,Republic Airways,5834,280.0,88.0,84.14,1.73,-1.38,28.0,-5.95,51.8,44169,13341
SAN-AUS,SAN,AUS,San Diego,Austin,Large,WN,Southwest Airlines,5830,1164.0,167.0,74.1,1.22,7.89,41.0,-4.21,140.3,28640,40986
SLC-AUS,SLC,AUS,Salt Lake City,Austin,Large,DL,Delta Air Lines,5829,1086.0,166.8,79.93,0.63,5.43,40.0,-4.59,135.2,59386,16107
AUS-SLC,AUS,SLC,Austin,Salt Lake City,Large,DL,Delta Air Lines,5827,1086.0,179.5,85.57,0.84,3.16,25.0,-6.6,149.0,49861,24393
BOS-PHL,BOS,PHL,Boston,Philadelphia,Large,YX,Republic Airways,5825,280.0,99.0,84.09,2.03,-2.09,28.0,-6.55,63.5,29433,23658
EYW-MIA,EYW,MIA,Key West,Miami,Small,MQ,Envoy Air,5815,126.0,49.0,77.51,1.56,6.97,38.0,-1.32,27.3,33375,38585
MIA-EYW,MIA,EYW,Miami,Key West,Large,MQ,Envoy Air,5814,126.0,59.3,82.7,1.55,0.16,28.0,-3.12,31.8,26762,18349
SEA-SJC,SEA,SJC,Seattle,San Jose,Large,WN,Southwest Airlines,5812,696.0,129.3,79.92,0.81,3.79,33.0,-6.92,101.4,20852,34051
SJC-SEA,SJC,SEA,San Jose,Seattle,Medium,WN,Southwest Airlines,5810,696.0,132.8,77.99,0.55,2.93,36.0,-8.2,101.9,23299,34198
IAH-SEA,IAH,SEA,Houston,Seattle,Large,UA,United Airlines,5804,1874.0,290.8,77.02,0.96,7.0,44.0,-7.58,250.3,47833,31356
SEA-IAH,SEA,IAH,Seattle,Houston,Large,UA,United Airlines,5803,1874.0,259.0,82.85,1.15,2.34,28.0,-7.23,223.3,41215,23850
DCA-MCO,DCA,MCO,Washington,Orlando,Large,B6,JetBlue Airways,5800,759.0,147.3,71.12,2.02,16.11,83.0,-5.85,112.2,79954,59039
MCO-DCA,MCO,DCA,Orlando,Washington,Large,B6,JetBlue Airways,5800,759.0,135.3,69.45,1.88,16.2,76.0,-2.07,105.0,94487,37908
DTW-MCI,DTW,MCI,Detroit,Kansas City,Large,DL,Delta Air Lines,5784,629.0,125.9,86.0,0.85,-1.67,24.0,-9.37,95.5,39849,14046
MCI-DTW,MCI,DTW,Kansas City,Detroit,Medium,DL,Delta Air Lines,5783,629.0,113.2,89.43,0.81,-1.91,14.0,-6.13,84.7,30318,23269
BNA-MCI,BNA,MCI,Nashville,Kansas City,Large,WN,Southwest Airlines,5777,491.0,102.2,78.78,1.4,5.49,35.0,-6.19,77.8,20678,39674
BWI-CHS,BWI,CHS,Baltimore,Charleston,Large,WN,Southwest Airlines,5774,472.0,101.6,71.7,1.92,9.16,42.5,-5.39,75.1,41174,32284
DEN-OMA,DEN,OMA,Denver,Omaha,Large,UA,United Airlines,5769,472.0,89.7,74.15,1.11,12.61,59.0,-2.04,63.1,47254,51856
OMA-DEN,OMA,DEN,Omaha,Denver,Medium,UA,United Airlines,5768,472.0,107.3,78.14,1.33,7.28,40.6,-1.93,74.8,61777,24498
MCI-BNA,MCI,BNA,Kansas City,Nashville,Medium,WN,Southwest Airlines,5757,491.0,91.4,82.73,1.32,2.92,25.0,-5.45,68.6,18958,24321
BOS-MCO,BOS,MCO,Boston,Orlando,Large,DL,Delta Air Lines,5756,1121.0,197.1,76.86,1.32,5.31,46.0,-7.13,160.0,55259,27798
MCO-BOS,MCO,BOS,Orlando,Boston,Large,DL,Delta Air Lines,5755,1121.0,182.0,79.1,1.25,5.57,49.0,-8.25,147.0,53773,33487
SJC-LGB,SJC,LGB,San Jose,Long Beach,Medium,WN,Southwest Airlines,5753,324.0,77.1,85.09,1.08,-0.24,24.5,-6.84,54.8,15372,22784
DFW-LAS,DFW,LAS,Dallas-Fort Worth,Las Vegas,Large,NK,Spirit Airlines,5752,1055.0,178.8,73.61,1.46,10.57,51.0,-5.24,146.0,68716,24142
LAS-DFW,LAS,DFW,Las Vegas,Dallas-Fort Worth,Large,NK,Spirit Airlines,5752,1055.0,162.1,75.66,1.48,8.49,50.0,-4.45,129.1,62890,23498
LGB-SJC,LGB,SJC,Long Beach,San Jose,Small,WN,Southwest Airlines,5751,324.0,73.3,83.67,1.11,0.35,27.0,-6.97,51.7,12910,31031
SEA-PDX,SEA,PDX,Seattle,Portland,Large,QX,Horizon Air,5745,129.0,52.7,83.13,1.34,4.77,26.0,-2.94,30.9,25968,19343
CVG-LGA,CVG,LGA,Cincinnati,New York,Medium,9E,Endeavor Air,5744,585.0,120.0,82.24,3.1,-0.13,29.0,-7.32,88.4,47622,12271
LGA-CVG,LGA,CVG,New York,Cincinnati,Large,9E,Endeavor Air,5743,585.0,137.8,81.66,3.22,-2.33,37.0,-10.81,95.9,40684,29907
HSV-DFW,HSV,DFW,Huntsville,Dallas-Fort Worth,Small,MQ,Envoy Air,5737,603.0,131.8,76.09,2.34,8.09,43.0,-4.77,97.9,46194,31511
DFW-HSV,DFW,HSV,Dallas-Fort Worth,Huntsville,Large,MQ,Envoy Air,5734,603.0,110.5,80.03,2.3,3.57,32.0,-2.97,81.0,30244,23829
DEN-FAR,DEN,FAR,Denver,Fargo,Large,OO,SkyWest Airlines,5731,627.0,119.4,75.5,2.48,10.61,46.0,-3.55,88.0,62935,27104
LAX-SLC,LAX,SLC,Los Angeles,Salt Lake City,Large,OO,SkyWest Airlines,5731,590.0,116.1,85.17,0.21,2.88,28.0,-4.76,86.7,31327,27674
FAR-DEN,FAR,DEN,Fargo,Denver,Small,OO,SkyWest Airlines,5731,627.0,132.1,75.17,2.81,12.46,57.0,-4.54,96.3,89362,30694
SLC-LAX,SLC,LAX,Salt Lake City,Los Angeles,Large,OO,SkyWest Airlines,5730,590.0,129.0,85.53,0.23,0.39,24.0,-5.97,91.5,33633,21048
CLT-PVD,CLT,PVD,Charlotte,Providence,Large,AA,American Airlines,5724,683.0,119.6,74.42,1.62,11.25,52.0,-4.96,92.5,47211,47985
PVD-CLT,PVD,CLT,Providence,Charlotte,Small,AA,American Airlines,5724,683.0,137.3,79.93,1.68,8.6,41.0,-6.53,107.2,57052,44545
CHS-BWI,CHS,BWI,Charleston,Baltimore,Medium,WN,Southwest Airlines,5722,472.0,90.4,79.17,2.11,4.38,30.0,-4.56,67.7,25294,27374
ATL-TYS,ATL,TYS,Atlanta,Knoxville,Large,9E,Endeavor Air,5720,152.0,56.5,87.71,0.28,0.95,20.0,-4.08,32.0,32315,13479
TYS-ATL,TYS,ATL,Knoxville,Atlanta,Small,9E,Endeavor Air,5717,152.0,65.9,91.01,0.24,-5.3,9.0,-8.1,34.1,31689,10917
LAX-HOU,LAX,HOU,Los Angeles,Houston,Large,WN,Southwest Airlines,5716,1390.0,192.8,76.91,0.96,5.71,35.0,-7.15,165.6,25100,33162
HOU-LAX,HOU,LAX,Houston,Los Angeles,Medium,WN,Southwest Airlines,5708,1390.0,216.7,76.86,0.98,5.53,38.0,-9.22,187.6,33860,28364
SEA-RDM,SEA,RDM,Seattle,Redmond-Bend,Large,OO,SkyWest Airlines,5701,228.0,71.6,86.72,1.09,-0.21,18.0,-4.88,41.9,42340,2589
CLT-SEA,CLT,SEA,Charlotte,Seattle,Large,AA,American Airlines,5700,2279.0,346.4,70.32,1.18,12.18,58.0,-7.88,305.4,64041,45387
RDM-SEA,RDM,SEA,Redmond-Bend,Seattle,Small,OO,SkyWest Airlines,5698,228.0,81.2,87.08,1.18,-0.22,18.0,-4.83,48.1,48642,3358
LAS-SAN,LAS,SAN,Las Vegas,San Diego,Large,NK,Spirit Airlines,5697,258.0,73.6,73.65,1.67,8.26,45.0,-2.67,45.8,60543,18549
SAN-LAS,SAN,LAS,San Diego,Las Vegas,Large,NK,Spirit Airlines,5695,258.0,81.0,76.24,2.12,8.73,46.0,-4.37,50.9,58563,27699
JFK-AUS,JFK,AUS,New York,Austin,Large,DL,Delta Air Lines,5694,1521.0,255.2,79.33,1.63,2.13,39.0,-10.28,210.0,67012,18569
AUS-JFK,AUS,JFK,Austin,New York,Large,DL,Delta Air Lines,5694,1521.0,231.5,78.5,1.62,6.44,45.0,-9.95,193.0,65208,31038
GJT-DEN,GJT,DEN,Grand Junction,Denver,Small,OO,SkyWest Airlines,5693,212.0,76.8,75.37,2.3,12.97,56.0,-2.26,42.2,89107,25980
CVG-CLT,CVG,CLT,Cincinnati,Charlotte,Medium,OH,PSA Airlines,5692,335.0,101.2,79.18,1.21,8.93,36.0,-4.71,60.2,59025,29509
SEA-CLT,SEA,CLT,Seattle,Charlotte,Large,AA,American Airlines,5692,2279.0,303.6,82.7,1.21,7.4,29.0,-10.63,262.7,66787,38589
CLT-CVG,CLT,CVG,Charlotte,Cincinnati,Large,OH,PSA Airlines,5692,335.0,93.7,77.74,1.09,7.87,44.0,-2.31,57.3,39123,37578
DEN-GJT,DEN,GJT,Denver,Grand Junction,Large,OO,SkyWest Airlines,5692,212.0,68.2,78.34,1.86,7.37,44.0,-3.66,39.5,51240,24855
BOS-LAX,BOS,LAX,Boston,Los Angeles,Large,DL,Delta Air Lines,5691,2611.0,387.5,78.19,0.91,8.07,41.0,-9.66,343.9,76249,26940
LAX-BOS,LAX,BOS,Los Angeles,Boston,Large,DL,Delta Air Lines,5691,2611.0,332.4,81.01,0.88,3.6,32.0,-9.9,295.2,62188,14993
SLC-BOI,SLC,BOI,Salt Lake City,Boise,Large,DL,Delta Air Lines,5689,290.0,74.1,85.09,0.58,1.88,25.0,-5.67,46.2,42898,11106
BOI-SLC,BOI,SLC,Boise,Salt Lake City,Medium,DL,Delta Air Lines,5688,290.0,74.4,87.97,0.65,0.66,18.0,-5.33,46.5,33033,23266
PDX-PHX,PDX,PHX,Portland,Phoenix,Medium,WN,Southwest Airlines,5681,1009.0,153.0,79.26,0.77,6.25,34.0,-5.59,130.7,21407,36756
PHX-PDX,PHX,PDX,Phoenix,Portland,Large,WN,Southwest Airlines,5680,1009.0,162.3,72.66,0.83,9.1,41.0,-6.24,140.6,34366,33378
DCA-BNA,DCA,BNA,Washington,Nashville,Large,YX,Republic Airways,5675,562.0,124.8,83.72,1.22,-0.77,26.0,-4.72,89.3,31224,20368
LAX-AUS,LAX,AUS,Los Angeles,Austin,Large,DL,Delta Air Lines,5673,1242.0,180.5,80.93,1.06,4.67,34.0,-5.16,148.5,53384,20644
AUS-LAX,AUS,LAX,Austin,Los Angeles,Large,DL,Delta Air Lines,5673,1242.0,200.9,81.77,1.09,6.44,34.0,-6.54,166.9,52475,30327
MSP-MOT,MSP,MOT,Minneapolis,Minot,Large,OO,SkyWest Airlines,5672,449.0,103.0,83.15,1.71,2.78,29.9,-6.8,72.8,66277,0
BNA-DCA,BNA,DCA,Nashville,Washington,Large,YX,Republic Airways,5672,562.0,108.5,81.21,1.82,2.25,32.0,-1.83,79.7,36331,24935
MOT-MSP,MOT,MSP,Minot,Minneapolis,Non-hub,OO,SkyWest Airlines,5671,449.0,98.4,80.3,1.73,6.81,36.0,-4.97,66.3,87262,0
MCO-SJU,MCO,SJU,Orlando,San Juan,Large,F9,Frontier Airlines,5671,1189.0,174.9,68.05,1.32,15.26,65.0,-5.23,143.6,68007,45678
BOS-SEA,BOS,SEA,Boston,Seattle,Large,AS,Alaska Airlines,5670,2496.0,382.0,77.9,1.29,-0.91,33.0,-8.12,337.0,33425,26107
TPA-JFK,TPA,JFK,Tampa,New York,Large,DL,Delta Air Lines,5666,1005.0,167.7,79.12,2.36,6.12,43.0,-7.7,132.8,57595,28402
JFK-TPA,JFK,TPA,New York,Tampa,Large,DL,Delta Air Lines,5665,1005.0,184.8,78.61,2.29,2.9,43.0,-10.36,144.5,59950,22510
SEA-BOS,SEA,BOS,Seattle,Boston,Large,AS,Alaska Airlines,5665,2496.0,319.4,71.81,1.06,6.66,39.0,-2.47,285.6,55722,13156
SJU-MCO,SJU,MCO,San Juan,Orlando,Medium,F9,Frontier Airlines,5659,1189.0,195.5,69.46,1.8,18.04,67.0,-5.41,158.6,57296,78866
COS-DFW,COS,DFW,Colorado Springs,Dallas-Fort Worth,Small,AA,American Airlines,5658,592.0,114.2,73.86,2.97,16.37,57.0,-3.25,80.4,74878,54381
DFW-COS,DFW,COS,Dallas-Fort Worth,Colorado Springs,Large,AA,American Airlines,5658,592.0,119.1,73.29,2.85,11.23,52.0,-4.31,89.4,52496,37471
MCI-MCO,MCI,MCO,Kansas City,Orlando,Medium,WN,Southwest Airlines,5643,1072.0,160.6,77.65,1.97,6.06,38.0,-4.87,135.4,32069,31566
MCO-MCI,MCO,MCI,Orlando,Kansas City,Large,WN,Southwest Airlines,5640,1072.0,177.5,70.87,2.06,11.04,50.0,-4.09,152.2,43905,39675
LAX-HNL,LAX,HNL,Los Angeles,Honolulu,Large,HA,Hawaiian Airlines,5633,2556.0,355.1,74.19,1.05,12.3,38.0,-5.93,321.4,77582,22271
PHL-FLL,PHL,FLL,Philadelphia,Fort Lauderdale,Large,AA,American Airlines,5621,992.0,170.7,75.66,1.73,8.37,54.0,-5.54,138.9,55109,42670
OMA-DFW,OMA,DFW,Omaha,Dallas-Fort Worth,Medium,AA,American Airlines,5620,583.0,121.0,74.36,2.65,12.66,58.0,-6.1,87.4,48139,67492
DFW-OMA,DFW,OMA,Dallas-Fort Worth,Omaha,Large,AA,American Airlines,5620,583.0,108.4,67.21,2.56,18.07,69.0,-2.68,82.2,56776,60822
FLL-PHL,FLL,PHL,Fort Lauderdale,Philadelphia,Large,AA,American Airlines,5620,992.0,168.5,78.54,1.74,13.04,53.0,-7.46,136.6,61202,66031
DTW-PHL,DTW,PHL,Detroit,Philadelphia,Large,DL,Delta Air Lines,5615,453.0,97.6,83.56,0.82,1.33,36.0,-7.3,67.7,51388,13667
SFO-OGG,SFO,OGG,San Francisco,Kahului,Large,UA,United Airlines,5614,2338.0,333.1,83.63,0.68,-1.4,27.0,-10.01,292.9,33143,19644
PHL-DTW,PHL,DTW,Philadelphia,Detroit,Large,DL,Delta Air Lines,5614,453.0,106.1,86.37,0.96,0.3,25.0,-8.36,74.2,43977,30746
OGG-SFO,OGG,SFO,Kahului,San Francisco,Medium,UA,United Airlines,5613,2338.0,298.6,87.42,1.0,-2.34,18.0,-9.16,270.2,28872,24233
DEN-PHX,DEN,PHX,Denver,Phoenix,Large,AA,American Airlines,5612,602.0,122.4,78.67,0.91,10.72,44.0,-5.7,89.7,61309,48174
PHX-DEN,PHX,DEN,Phoenix,Denver,Large,AA,American Airlines,5607,602.0,111.6,76.1,0.73,8.94,49.4,-3.42,81.8,45389,39872
TUL-DAL,TUL,DAL,Tulsa,Dallas,Small,WN,Southwest Airlines,5599,238.0,66.8,82.98,1.93,0.46,26.0,-6.23,43.4,22154,24546
DAL-TUL,DAL,TUL,Dallas,Tulsa,Large,WN,Southwest Airlines,5597,238.0,65.3,75.09,1.73,7.24,45.0,-8.25,41.1,28276,44405
CLT-MSP,CLT,MSP,Charlotte,Minneapolis,Large,AA,American Airlines,5595,930.0,163.1,75.67,1.2,8.19,48.0,-5.65,134.8,43445,38725
MSP-CLT,MSP,CLT,Minneapolis,Charlotte,Large,AA,American Airlines,5593,930.0,159.6,79.15,1.22,6.51,44.0,-8.13,119.4,52082,43287
HNL-LAX,HNL,LAX,Honolulu,Los Angeles,Medium,HA,Hawaiian Airlines,5588,2556.0,324.4,75.57,0.73,8.21,34.0,-5.66,290.3,62225,8474
OGG-KOA,OGG,KOA,Kahului,Kona,Medium,HA,Hawaiian Airlines,5587,84.0,35.4,77.63,0.21,8.18,28.0,0.93,21.3,18451,30180
KOA-OGG,KOA,OGG,Kona,Kahului,Small,HA,Hawaiian Airlines,5580,84.0,36.1,84.52,0.13,5.17,21.0,1.93,19.5,16767,19687
PDX-SEA,PDX,SEA,Portland,Seattle,Medium,QX,Horizon Air,5578,129.0,55.5,85.77,1.0,2.12,21.0,-2.0,32.9,23172,8918
PHX-JFK,PHX,JFK,Phoenix,New York,Large,AA,American Airlines,5567,2153.0,290.5,77.38,1.13,5.98,42.0,-8.89,253.2,53874,34564
JFK-PHX,JFK,PHX,New York,Phoenix,Large,AA,American Airlines,5566,2153.0,340.1,82.75,1.1,-2.54,31.0,-12.98,295.5,42732,25947
SLC-TUS,SLC,TUS,Salt Lake City,Tucson,Large,OO,SkyWest Airlines,5566,601.0,117.2,89.94,0.25,-2.6,14.0,-5.38,88.4,28523,0
TUS-SLC,TUS,SLC,Tucson,Salt Lake City,Medium,OO,SkyWest Airlines,5566,601.0,117.1,93.41,0.27,-6.71,6.0,-6.41,88.5,27557,0
BUR-SLC,BUR,SLC,Burbank,Salt Lake City,Medium,OO,SkyWest Airlines,5556,574.0,117.3,91.45,0.36,-3.53,10.0,-5.92,85.4,35081,0
SLC-BUR,SLC,BUR,Salt Lake City,Burbank,Large,OO,SkyWest Airlines,5555,574.0,124.3,89.13,0.31,-3.53,15.0,-6.7,96.1,28790,0
CHA-ATL,CHA,ATL,Chattanooga,Atlanta,Small,DL,Delta Air Lines,5550,106.0,54.8,88.59,0.88,-0.21,16.0,-7.98,26.4,35882,17720
ATL-CHA,ATL,CHA,Atlanta,Chattanooga,Large,DL,Delta Air Lines,5550,106.0,49.8,84.16,0.83,3.37,30.0,-5.61,25.2,46332,13695
BNA-MSY,BNA,MSY,Nashville,New Orleans,Large,WN,Southwest Airlines,5543,471.0,95.1,79.07,1.75,4.35,34.0,-6.77,70.4,21974,32229
SFO-ORD,SFO,ORD,San Francisco,Chicago,Large,AA,American Airlines,5543,1846.0,259.5,81.67,1.21,2.91,33.0,-10.1,217.2,50932,34818
ATL-BUF,ATL,BUF,Atlanta,Buffalo,Large,DL,Delta Air Lines,5542,712.0,120.3,80.67,1.37,5.12,31.0,-4.19,94.0,45212,10981
BUF-ATL,BUF,ATL,Buffalo,Atlanta,Medium,DL,Delta Air Lines,5541,712.0,131.2,81.41,1.37,2.76,32.0,-8.01,100.5,37557,24088
ORD-SFO,ORD,SFO,Chicago,San Francisco,Large,AA,American Airlines,5538,1846.0,284.1,72.34,1.16,8.19,54.0,-7.65,247.1,59064,35591
JFK-TPA,JFK,TPA,New York,Tampa,Large,B6,JetBlue Airways,5533,1005.0,183.2,64.11,2.8,17.83,80.0,-6.35,145.9,96217,37151
MSY-BNA,MSY,BNA,New Orleans,Nashville,Medium,WN,Southwest Airlines,5532,471.0,91.7,79.93,1.66,4.7,31.0,-6.03,68.9,19903,31330
CLT-ORF,CLT,ORF,Charlotte,Norfolk,Large,OH,PSA Airlines,5527,290.0,78.4,76.91,1.36,8.08,46.0,-3.73,47.1,39415,36673
SEA-SLC,SEA,SLC,Seattle,Salt Lake City,Large,AS,Alaska Airlines,5524,689.0,122.3,76.18,1.57,6.8,34.0,-0.82,92.8,35533,20334
ORF-CLT,ORF,CLT,Norfolk,Charlotte,Medium,OH,PSA Airlines,5523,290.0,90.6,82.04,1.56,4.85,33.0,-4.87,57.6,39645,36544
SLC-SEA,SLC,SEA,Salt Lake City,Seattle,Large,AS,Alaska Airlines,5522,689.0,134.9,75.28,1.72,5.03,36.0,-1.68,101.3,28473,31530
TPA-JFK,TPA,JFK,Tampa,New York,Large,B6,JetBlue Airways,5522,1005.0,162.8,69.81,2.79,16.36,71.0,-4.22,133.4,62163,57140
SEA-AUS,SEA,AUS,Seattle,Austin,Large,AS,Alaska Airlines,5520,1770.0,245.9,74.06,1.23,6.07,36.0,-0.77,211.1,45344,13820
AUS-SEA,AUS,SEA,Austin,Seattle,Large,AS,Alaska Airlines,5514,1770.0,273.5,79.07,1.7,2.2,31.0,-4.83,237.9,31236,21048
CLT-MLB,CLT,MLB,Charlotte,Melbourne,Large,OH,PSA Airlines,5511,490.0,107.7,80.91,1.69,3.16,35.8,-5.07,73.6,31569,30383
MLB-CLT,MLB,CLT,Melbourne,Charlotte,Non-hub,OH,PSA Airlines,5511,490.0,110.7,81.29,1.69,5.59,34.3,-3.31,80.1,40420,37031
GEG-SEA,GEG,SEA,Spokane,Seattle,Medium,QX,Horizon Air,5506,224.0,73.0,84.85,0.96,2.45,24.0,-2.14,49.6,25626,15414
BOS-SJU,BOS,SJU,Boston,San Juan,Large,B6,JetBlue Airways,5506,1674.0,240.8,65.58,1.18,18.12,74.0,-3.59,212.1,92637,35684
SEA-OGG,SEA,OGG,Seattle,Kahului,Large,AS,Alaska Airlines,5506,2640.0,379.6,78.01,0.98,-2.27,33.0,-9.77,335.5,37363,11552
OGG-SEA,OGG,SEA,Kahului,Seattle,Medium,AS,Alaska Airlines,5505,2640.0,343.2,75.79,1.6,3.25,36.0,-5.05,311.7,39320,26473
SEA-GEG,SEA,GEG,Seattle,Spokane,Large,QX,Horizon Air,5500,224.0,62.0,83.98,1.18,4.27,24.0,-1.58,42.4,23918,15132
ROC-BWI,ROC,BWI,Rochester,Baltimore,Small,WN,Southwest Airlines,5488,277.0,74.5,82.6,1.8,2.28,27.0,-7.38,49.9,26348,23665
BWI-ROC,BWI,ROC,Baltimore,Rochester,Large,WN,Southwest Airlines,5485,277.0,74.3,69.9,1.7,11.56,46.3,-7.51,48.3,43045,35486
LGB-DEN,LGB,DEN,Long Beach,Denver,Small,WN,Southwest Airlines,5485,854.0,136.7,79.6,2.08,3.54,33.0,-6.55,110.9,34498,19840
DEN-LGB,DEN,LGB,Denver,Long Beach,Large,WN,Southwest Airlines,5484,854.0,148.2,73.69,1.91,5.84,41.0,-8.19,120.8,29773,31516
DFW-LBB,DFW,LBB,Dallas-Fort Worth,Lubbock,Large,MQ,Envoy Air,5480,282.0,74.7,81.44,1.7,2.59,32.0,-3.35,48.5,26689,21450
LBB-DFW,LBB,DFW,Lubbock,Dallas-Fort Worth,Small,MQ,Envoy Air,5480,282.0,78.7,80.44,1.72,6.5,36.0,-3.13,49.7,39994,35050
XWA-DEN,XWA,DEN,Williston,Denver,Non-hub,OO,SkyWest Airlines,5478,582.0,126.5,74.68,2.41,13.82,67.0,-3.96,89.0,100649,26898
DEN-XWA,DEN,XWA,Denver,Williston,Large,OO,SkyWest Airlines,5478,582.0,116.0,77.13,2.12,11.68,41.0,-3.69,85.1,72544,24329
DFW-LRD,DFW,LRD,Dallas-Fort Worth,Laredo,Large,MQ,Envoy Air,5475,396.0,88.6,80.93,2.34,2.14,31.0,-3.7,62.3,29480,20096
HOU-CRP,HOU,CRP,Houston,Corpus Christi,Medium,WN,Southwest Airlines,5475,187.0,58.3,76.88,1.59,5.1,40.0,-8.7,34.9,21338,42830
CRP-HOU,CRP,HOU,Corpus Christi,Houston,Small,WN,Southwest Airlines,5475,187.0,59.5,86.03,1.61,-1.28,20.0,-6.56,34.4,21592,21666
LRD-DFW,LRD,DFW,Laredo,Dallas-Fort Worth,Non-hub,MQ,Envoy Air,5474,396.0,90.6,81.31,2.43,7.14,34.0,-1.87,63.7,44238,31763
BNA-CLT,BNA,CLT,Nashville,Charlotte,Large,OH,PSA Airlines,5465,328.0,90.4,74.11,2.09,10.0,49.0,-2.69,52.8,39109,50755
CLT-BNA,CLT,BNA,Charlotte,Nashville,Large,OH,PSA Airlines,5460,328.0,95.9,80.55,1.48,4.18,33.0,-2.04,60.1,32794,22947
EWR-ORD,EWR,ORD,Newark,Chicago,Large,AA,American Airlines,5457,719.0,160.8,73.67,3.94,11.51,63.0,-8.8,113.3,60589,58280
ORD-EWR,ORD,EWR,Chicago,Newark,Large,AA,American Airlines,5456,719.0,127.2,59.42,3.76,23.34,85.0,-0.32,95.4,87501,54539
SFO-PHX,SFO,PHX,San Francisco,Phoenix,Large,UA,United Airlines,5455,651.0,122.9,82.25,0.79,2.89,33.0,-5.3,91.4,27827,26218
DTW-MDW,DTW,MDW,Detroit,Chicago,Large,WN,Southwest Airlines,5453,228.0,71.7,81.5,2.13,2.5,28.0,-7.13,45.1,26431,23504
MDW-DTW,MDW,DTW,Chicago,Detroit,Large,WN,Southwest Airlines,5452,228.0,66.8,72.21,2.05,9.31,43.0,-7.25,39.2,37040,34686
PHX-SFO,PHX,SFO,Phoenix,San Francisco,Large,UA,United Airlines,5452,651.0,126.6,81.05,0.88,4.67,40.0,-5.2,98.1,42257,27369
LAX-HNL,LAX,HNL,Los Angeles,Honolulu,Large,DL,Delta Air Lines,5444,2556.0,350.6,80.84,0.26,3.63,33.0,-8.37,320.1,51987,12271
HNL-LAX,HNL,LAX,Honolulu,Los Angeles,Medium,DL,Delta Air Lines,5444,2556.0,329.1,87.11,0.5,0.7,19.0,-6.99,292.2,46425,16887
SJU-EWR,SJU,EWR,San Juan,Newark,Medium,UA,United Airlines,5443,1608.0,251.6,70.16,1.95,15.57,58.0,-3.23,217.2,47961,71294
FLL-ORD,FLL,ORD,Fort Lauderdale,Chicago,Large,NK,Spirit Airlines,5432,1182.0,199.2,63.07,1.53,18.6,76.0,-3.59,164.2,93959,29841
PDX-LAS,PDX,LAS,Portland,Las Vegas,Medium,AS,Alaska Airlines,5430,763.0,132.1,79.83,1.58,6.12,33.3,0.63,106.6,38755,17081
SAN-ORD,SAN,ORD,San Diego,Chicago,Large,AA,American Airlines,5429,1723.0,252.3,83.26,1.29,3.14,29.0,-9.71,207.4,55138,30397
ORD-SAN,ORD,SAN,Chicago,San Diego,Large,AA,American Airlines,5429,1723.0,261.8,73.24,1.16,12.88,58.0,-7.68,229.0,64050,50749
ORD-FLL,ORD,FLL,Chicago,Fort Lauderdale,Large,NK,Spirit Airlines,5428,1182.0,187.2,71.06,1.69,14.46,60.7,-5.42,153.8,79742,29965
LAS-PDX,LAS,PDX,Las Vegas,Portland,Large,AS,Alaska Airlines,5428,763.0,141.5,81.01,1.6,3.84,32.0,-1.46,114.3,25493,30823
EWR-SJU,EWR,SJU,Newark,San Juan,Large,UA,United Airlines,5427,1608.0,237.2,69.36,1.12,13.47,62.5,-5.68,199.7,75101,34850
MCO-HPN,MCO,HPN,Orlando,White Plains,Large,B6,JetBlue Airways,5424,972.0,166.4,67.64,2.05,18.78,84.0,-3.26,135.4,83674,49447
HPN-MCO,HPN,MCO,White Plains,Orlando,Small,B6,JetBlue Airways,5419,972.0,170.6,74.22,2.23,8.57,61.0,-5.94,138.8,58608,43890
LAS-TUS,LAS,TUS,Las Vegas,Tucson,Large,WN,Southwest Airlines,5402,365.0,81.0,74.32,0.74,7.21,42.0,-7.99,54.5,25416,39296
JFK-ATL,JFK,ATL,New York,Atlanta,Large,B6,JetBlue Airways,5401,760.0,154.6,64.84,2.02,17.83,82.0,-7.25,112.4,94742,37924
ATL-JFK,ATL,JFK,Atlanta,New York,Large,B6,JetBlue Airways,5401,760.0,137.9,63.45,2.39,25.91,89.0,-4.21,105.7,88423,71867
TUS-LAS,TUS,LAS,Tucson,Las Vegas,Medium,WN,Southwest Airlines,5395,365.0,82.0,82.21,0.78,2.23,32.0,-6.61,57.5,22665,27759
ILM-CLT,ILM,CLT,Wilmington,Charlotte,Small,OH,PSA Airlines,5393,185.0,75.2,84.54,1.71,1.33,26.0,-4.24,42.4,24910,30860
DAL-IAH,DAL,IAH,Dallas,Houston,Large,WN,Southwest Airlines,5392,216.0,70.5,75.85,3.39,3.66,40.0,-9.88,41.7,34321,28368
CLT-ILM,CLT,ILM,Charlotte,Wilmington,Large,OH,PSA Airlines,5391,185.0,68.1,83.88,1.34,0.75,27.0,-5.0,35.3,22630,23589
DFW-ASE,DFW,ASE,Dallas-Fort Worth,Aspen,Large,OO,SkyWest Airlines,5389,701.0,150.9,66.23,3.56,9.7,60.0,-1.39,116.4,74361,16567
IAH-DAL,IAH,DAL,Houston,Dallas,Large,WN,Southwest Airlines,5388,216.0,71.3,79.34,4.18,0.59,33.0,-9.62,41.2,26888,28720
ASE-DFW,ASE,DFW,Aspen,Dallas-Fort Worth,Small,OO,SkyWest Airlines,5388,701.0,136.3,61.4,6.96,26.96,98.4,-4.17,98.7,128315,50949
IDA-SLC,IDA,SLC,Idaho Falls,Salt Lake City,Small,OO,SkyWest Airlines,5383,188.0,66.4,91.4,0.41,-2.06,10.0,-4.94,38.6,44189,0
SLC-IDA,SLC,IDA,Salt Lake City,Idaho Falls,Large,OO,SkyWest Airlines,5383,188.0,65.0,90.04,0.37,-1.57,13.0,-6.36,36.2,36561,0
CLT-ATL,CLT,ATL,Charlotte,Atlanta,Large,OH,PSA Airlines,5382,226.0,83.1,79.15,1.47,5.01,38.0,-3.5,44.2,36808,25378
ATL-CLT,ATL,CLT,Atlanta,Charlotte,Large,OH,PSA Airlines,5381,226.0,86.2,79.13,1.86,7.43,42.0,-4.96,43.4,31976,48736
SEA-MCO,SEA,MCO,Seattle,Orlando,Large,AS,Alaska Airlines,5378,2554.0,332.9,75.44,1.77,3.07,34.0,-4.91,294.6,42445,10811
FLL-BWI,FLL,BWI,Fort Lauderdale,Baltimore,Large,NK,Spirit Airlines,5377,925.0,151.7,69.78,1.34,13.66,60.0,-5.35,124.1,73773,24658
MCO-SEA,MCO,SEA,Orlando,Seattle,Large,AS,Alaska Airlines,5375,2554.0,380.0,74.18,2.03,5.0,41.0,-4.5,341.3,49112,22058
BWI-FLL,BWI,FLL,Baltimore,Fort Lauderdale,Large,NK,Spirit Airlines,5373,925.0,159.5,75.23,1.9,9.32,53.0,-4.89,130.2,64778,25225
STL-ATL,STL,ATL,St. Louis,Atlanta,Medium,WN,Southwest Airlines,5364,484.0,92.8,79.08,1.1,4.68,34.0,-6.37,68.4,24897,29119
DTW-IAH,DTW,IAH,Detroit,Houston,Large,DL,Delta Air Lines,5363,1075.0,187.0,77.25,1.03,5.52,45.0,-6.75,153.6,61456,17190
IAH-DTW,IAH,DTW,Houston,Detroit,Large,DL,Delta Air Lines,5362,1075.0,164.8,82.15,1.04,7.45,34.0,-5.34,134.4,51853,30609
BOS-RDU,BOS,RDU,Boston,Raleigh-durham,Large,DL,Delta Air Lines,5361,612.0,130.5,77.26,1.36,8.33,59.1,-7.1,96.0,56461,38109
RDU-BOS,RDU,BOS,Raleigh-durham,Boston,Medium,DL,Delta Air Lines,5361,612.0,123.6,79.37,1.36,7.1,55.0,-9.31,87.4,56498,41097
TLH-MIA,TLH,MIA,Tallahassee,Miami,Small,MQ,Envoy Air,5354,402.0,83.0,80.07,1.49,6.49,34.0,-1.84,62.1,32441,26965
MIA-TLH,MIA,TLH,Miami,Tallahassee,Large,MQ,Envoy Air,5353,402.0,90.5,80.42,1.36,3.42,32.0,-2.41,64.2,31065,21569
FLL-DEN,FLL,DEN,Fort Lauderdale,Denver,Large,UA,United Airlines,5350,1703.0,267.9,82.84,1.29,2.58,31.0,-5.05,233.2,39122,21740
SJC-SLC,SJC,SLC,San Jose,Salt Lake City,Medium,DL,Delta Air Lines,5350,584.0,114.3,89.94,0.67,-3.51,11.0,-8.51,85.6,18119,28038
SLC-SJC,SLC,SJC,Salt Lake City,San Jose,Large,DL,Delta Air Lines,5350,584.0,117.4,83.98,0.58,1.7,28.0,-6.53,88.9,43680,12441
DEN-FLL,DEN,FLL,Denver,Fort Lauderdale,Large,UA,United Airlines,5348,1703.0,233.9,74.36,1.1,8.03,48.0,-4.57,201.1,45487,29921
PHX-SAT,PHX,SAT,Phoenix,San Antonio,Large,AA,American Airlines,5346,843.0,130.9,79.87,0.9,7.21,46.0,-5.51,103.9,31835,45528
SAT-PHX,SAT,PHX,San Antonio,Phoenix,Medium,AA,American Airlines,5345,843.0,149.7,83.82,1.01,7.58,36.6,-4.38,122.4,42808,41761
SAN-MDW,SAN,MDW,San Diego,Chicago,Large,WN,Southwest Airlines,5332,1728.0,235.9,75.86,1.39,4.37,40.0,-8.87,205.4,27844,30969
MDW-SAN,MDW,SAN,Chicago,San Diego,Large,WN,Southwest Airlines,5331,1728.0,258.3,72.41,1.69,5.55,42.0,-9.28,231.5,42381,23615
SFO-PDX,SFO,PDX,San Francisco,Portland,Large,AS,Alaska Airlines,5329,550.0,106.2,80.54,1.61,3.16,31.0,-2.99,79.0,26294,24011
SFO-SMF,SFO,SMF,San Francisco,Sacramento,Large,OO,SkyWest Airlines,5328,86.0,54.2,82.96,1.35,4.81,28.0,-4.08,22.8,41430,16001
RDU-LGA,RDU,LGA,Raleigh-durham,New York,Medium,YX,Republic Airways,5326,431.0,100.5,76.38,3.25,9.76,52.0,-2.43,66.4,64644,28031
SMF-SFO,SMF,SFO,Sacramento,San Francisco,Medium,OO,SkyWest Airlines,5325,86.0,63.3,80.23,1.28,5.49,35.0,-4.3,30.7,56956,20610
LGA-RDU,LGA,RDU,New York,Raleigh-durham,Large,YX,Republic Airways,5324,431.0,109.2,77.29,3.49,2.88,44.0,-3.71,73.3,37989,27474
JFK-SJU,JFK,SJU,New York,San Juan,Large,DL,Delta Air Lines,5322,1598.0,238.3,81.77,0.83,-1.25,32.0,-10.36,197.2,52057,6330
ORD-SNA,ORD,SNA,Chicago,Santa Ana,Large,UA,United Airlines,5321,1726.0,272.0,82.48,0.58,-2.24,26.0,-9.59,232.7,23211,18995
SNA-ORD,SNA,ORD,Santa Ana,Chicago,Medium,UA,United Airlines,5320,1726.0,245.6,85.81,0.88,-2.13,21.0,-6.36,207.5,23199,22125
SJU-JFK,SJU,JFK,San Juan,New York,Medium,DL,Delta Air Lines,5320,1598.0,246.6,87.61,0.9,-2.7,17.0,-8.43,209.5,32858,18336
CVG-DTW,CVG,DTW,Cincinnati,Detroit,Medium,9E,Endeavor Air,5318,229.0,74.8,88.83,0.53,-3.07,17.0,-7.41,43.9,23735,14087
DTW-CVG,DTW,CVG,Detroit,Cincinnati,Large,9E,Endeavor Air,5317,229.0,72.8,88.58,0.53,-2.13,17.0,-5.7,43.3,25953,9310
ATL-STL,ATL,STL,Atlanta,St. Louis,Large,WN,Southwest Airlines,5316,484.0,102.8,78.5,1.26,5.31,33.7,-6.66,77.1,25829,28954
ATL-DAY,ATL,DAY,Atlanta,Dayton,Large,DL,Delta Air Lines,5314,432.0,89.9,86.94,0.7,-0.07,21.0,-6.0,65.1,31202,10278
TUS-DEN,TUS,DEN,Tucson,Denver,Medium,WN,Southwest Airlines,5314,639.0,112.8,79.81,1.67,4.61,35.0,-5.86,87.4,30452,26147
DAY-ATL,DAY,ATL,Dayton,Atlanta,Small,DL,Delta Air Lines,5313,432.0,103.4,91.17,0.73,-8.23,8.0,-11.53,72.1,26876,14156
DEN-TUS,DEN,TUS,Denver,Tucson,Large,WN,Southwest Airlines,5313,639.0,119.3,69.72,1.54,10.98,49.0,-6.4,94.3,36272,39491
SEA-PSP,SEA,PSP,Seattle,Palm Springs,Large,AS,Alaska Airlines,5312,987.0,163.6,81.38,1.73,0.66,26.2,-3.76,132.8,24038,14304
PSP-SEA,PSP,SEA,Palm Springs,Seattle,Small,AS,Alaska Airlines,5309,987.0,173.1,83.01,2.07,-0.67,24.0,-2.53,143.9,18837,21038
LAX-DFW,LAX,DFW,Los Angeles,Dallas-Fort Worth,Large,NK,Spirit Airlines,5306,1235.0,184.8,79.68,1.34,5.43,37.0,-7.07,151.0,46556,27255
DFW-LAX,DFW,LAX,Dallas-Fort Worth,Los Angeles,Large,NK,Spirit Airlines,5305,1235.0,203.6,75.87,1.06,8.05,46.0,-6.13,169.0,59582,18205
MFR-SEA,MFR,SEA,Medford,Seattle,Small,OO,SkyWest Airlines,5302,352.0,91.9,90.04,1.19,-2.18,12.0,-6.29,59.5,42266,1132
SEA-MFR,SEA,MFR,Seattle,Medford,Large,OO,SkyWest Airlines,5301,352.0,88.6,88.51,1.08,-1.38,15.0,-4.68,60.9,33159,766
SFO-RNO,SFO,RNO,San Francisco,Reno,Large,OO,SkyWest Airlines,5298,192.0,69.4,83.18,1.51,2.89,28.0,-5.8,36.6,42515,13713
RNO-SFO,RNO,SFO,Reno,San Francisco,Medium,OO,SkyWest Airlines,5297,192.0,81.1,77.29,1.68,6.22,42.0,-3.68,49.9,63046,17648
DTW-SAN,DTW,SAN,Detroit,San Diego,Large,DL,Delta Air Lines,5277,1956.0,291.8,79.74,0.8,0.98,32.0,-9.55,259.1,43204,13924
PHX-SFO,PHX,SFO,Phoenix,San Francisco,Large,WN,Southwest Airlines,5275,651.0,123.7,68.42,0.64,11.53,54.0,-8.87,98.0,49241,33975
SAN-DTW,SAN,DTW,San Diego,Detroit,Large,DL,Delta Air Lines,5274,1956.0,263.6,85.63,0.7,-0.32,21.0,-5.04,227.1,27558,13711
ATL-AUS,ATL,AUS,Atlanta,Austin,Large,WN,Southwest Airlines,5273,813.0,148.8,78.11,1.02,3.79,34.0,-7.37,120.6,24787,26777
AUS-ATL,AUS,ATL,Austin,Atlanta,Large,WN,Southwest Airlines,5272,813.0,129.7,78.45,1.04,4.55,36.0,-7.47,102.6,25020,30918
PDX-LAS,PDX,LAS,Portland,Las Vegas,Medium,WN,Southwest Airlines,5268,763.0,129.3,80.49,1.06,4.12,31.0,-6.63,105.5,22850,26017
IAD-TPA,IAD,TPA,Washington,Tampa,Medium,UA,United Airlines,5268,811.0,147.6,78.83,1.12,5.84,41.0,-4.82,117.0,47461,24582
TPA-IAD,TPA,IAD,Tampa,Washington,Large,UA,United Airlines,5266,811.0,136.6,82.23,1.41,3.77,35.0,-5.06,109.2,37450,28887
IND-BWI,IND,BWI,Indianapolis,Baltimore,Medium,WN,Southwest Airlines,5264,516.0,95.8,81.42,1.56,3.29,29.0,-5.93,72.4,22325,25799
SNA-ORD,SNA,ORD,Santa Ana,Chicago,Medium,AA,American Airlines,5260,1726.0,248.7,80.1,1.14,3.83,36.0,-9.53,207.0,47153,31932
ORD-SNA,ORD,SNA,Chicago,Santa Ana,Large,AA,American Airlines,5260,1726.0,267.6,79.24,1.06,0.94,35.0,-8.45,230.9,40143,18403
DAB-CLT,DAB,CLT,Daytona Beach,Charlotte,Non-hub,OH,PSA Airlines,5260,416.0,106.1,83.57,2.34,-0.12,30.0,-8.21,70.3,33118,30778
CLT-DAB,CLT,DAB,Charlotte,Daytona Beach,Large,OH,PSA Airlines,5259,416.0,99.3,80.22,2.24,2.65,35.0,-5.48,64.8,27987,27607
BWI-IND,BWI,IND,Baltimore,Indianapolis,Large,WN,Southwest Airlines,5258,516.0,107.5,72.21,1.52,9.45,45.0,-6.78,81.7,37317,32889
PDX-SNA,PDX,SNA,Portland,Santa Ana,Medium,AS,Alaska Airlines,5255,859.0,146.2,87.31,1.79,-2.25,16.0,-1.62,122.0,17044,6618
SNA-PDX,SNA,PDX,Santa Ana,Portland,Medium,AS,Alaska Airlines,5253,859.0,148.5,86.67,1.92,-1.56,17.0,-0.96,125.8,14675,16107
DTW-EWR,DTW,EWR,Detroit,Newark,Large,YX,Republic Airways,5247,488.0,112.5,74.75,6.02,3.33,45.0,-5.47,73.2,56398,15127
DAY-DCA,DAY,DCA,Dayton,Washington,Small,OH,PSA Airlines,5247,391.0,88.9,78.2,2.59,7.06,50.0,-1.9,61.3,43965,40845
EWR-DTW,EWR,DTW,Newark,Detroit,Large,YX,Republic Airways,5246,488.0,124.2,77.68,5.83,0.43,35.0,-6.7,83.4,33515,19370
MSP-RDU,MSP,RDU,Minneapolis,Raleigh-durham,Large,DL,Delta Air Lines,5242,980.0,152.6,82.7,0.67,0.06,31.0,-7.27,121.0,42442,9152
DCA-DAY,DCA,DAY,Washington,Dayton,Large,OH,PSA Airlines,5241,391.0,96.8,74.83,2.42,10.81,63.0,-3.64,65.6,44335,51430
RDU-MSP,RDU,MSP,Raleigh-durham,Minneapolis,Medium,DL,Delta Air Lines,5240,980.0,172.1,84.71,0.8,1.59,29.0,-9.18,141.3,39852,24573
MKE-MCO,MKE,MCO,Milwaukee,Orlando,Medium,WN,Southwest Airlines,5239,1066.0,164.2,78.77,1.87,4.71,37.0,-5.9,137.5,31523,30099
EGE-DEN,EGE,DEN,Vail,Denver,Non-hub,OO,SkyWest Airlines,5238,120.0,71.9,77.85,2.2,4.97,38.0,-4.01,33.3,55974,16386
PHL-RDU,PHL,RDU,Philadelphia,Raleigh-durham,Large,AA,American Airlines,5238,337.0,90.5,72.81,2.0,14.33,66.0,-4.5,58.0,48878,60743
DEN-EGE,DEN,EGE,Denver,Vail,Large,OO,SkyWest Airlines,5237,120.0,56.6,80.39,2.12,4.76,37.0,-5.18,26.1,46077,16342
RDU-PHL,RDU,PHL,Raleigh-durham,Philadelphia,Medium,AA,American Airlines,5233,337.0,85.8,73.15,2.03,18.17,61.0,-2.73,57.7,60972,68078
LAX-LAS,LAX,LAS,Los Angeles,Las Vegas,Large,OO,SkyWest Airlines,5232,236.0,76.0,80.41,0.69,5.24,33.0,-2.56,45.2,38359,14935
DCA-ORF,DCA,ORF,Washington,Norfolk,Large,OH,PSA Airlines,5231,142.0,63.6,71.78,2.62,11.97,58.0,-3.03,32.8,44476,49130
ORF-DCA,ORF,DCA,Norfolk,Washington,Medium,OH,PSA Airlines,5230,142.0,64.9,74.59,2.62,10.04,55.0,-1.19,36.0,53193,41034
LAS-PDX,LAS,PDX,Las Vegas,Portland,Large,WN,Southwest Airlines,5227,763.0,139.4,72.11,0.92,9.56,45.0,-7.83,112.8,31114,40328
MCO-MKE,MCO,MKE,Orlando,Milwaukee,Large,WN,Southwest Airlines,5225,1066.0,172.5,72.78,1.53,10.29,53.0,-5.43,146.6,36946,41993
LAS-FAT,LAS,FAT,Las Vegas,Fresno,Large,WN,Southwest Airlines,5224,259.0,74.5,72.21,0.88,9.14,46.0,-7.65,47.3,27782,41791
PBI-PHL,PBI,PHL,West Palm Beach,Philadelphia,Medium,AA,American Airlines,5224,951.0,158.9,74.6,1.74,18.04,56.0,-4.49,132.1,56656,68018
PHL-PBI,PHL,PBI,Philadelphia,West Palm Beach,Large,AA,American Airlines,5223,951.0,165.2,70.5,1.67,14.08,67.0,-3.3,133.8,55665,54569
FAT-LAS,FAT,LAS,Fresno,Las Vegas,Small,WN,Southwest Airlines,5223,259.0,71.4,78.17,0.88,7.32,39.0,-3.47,49.3,30577,30387
SFO-PHX,SFO,PHX,San Francisco,Phoenix,Large,WN,Southwest Airlines,5212,651.0,116.6,75.88,1.02,6.66,44.0,-8.21,90.3,19889,44625
DEN-LAX,DEN,LAX,Denver,Los Angeles,Large,OO,SkyWest Airlines,5208,862.0,159.5,81.41,0.73,3.6,33.0,-6.24,123.6,58056,7503
LAX-DEN,LAX,DEN,Los Angeles,Denver,Large,OO,SkyWest Airlines,5208,862.0,145.0,81.74,0.65,3.15,33.0,-2.57,115.2,45662,7019
CLT-CAE,CLT,CAE,Charlotte,Columbia,Large,OH,PSA Airlines,5208,88.0,58.3,80.61,1.52,3.98,35.0,-5.83,24.1,30356,30667
PDX-SFO,PDX,SFO,Portland,San Francisco,Medium,AS,Alaska Airlines,5206,550.0,109.6,76.47,1.73,6.09,40.0,0.04,84.7,42104,15374
SJC-DFW,SJC,DFW,San Jose,Dallas-Fort Worth,Medium,AA,American Airlines,5206,1438.0,215.5,80.18,2.19,6.97,36.0,-7.66,177.6,49372,34835
CAE-CLT,CAE,CLT,Columbia,Charlotte,Small,OH,PSA Airlines,5204,88.0,66.2,83.19,1.33,2.31,24.0,-3.7,27.6,31729,25235
DFW-SJC,DFW,SJC,Dallas-Fort Worth,San Jose,Large,AA,American Airlines,5204,1438.0,225.8,73.1,2.13,8.46,50.0,-6.77,196.0,43827,32746
ACV-SFO,ACV,SFO,Arcata CA,San Francisco,Non-hub,OO,SkyWest Airlines,5198,250.0,73.3,75.49,3.0,14.53,49.0,-1.33,49.2,83320,29556
SFO-ACV,SFO,ACV,San Francisco,Arcata CA,Large,OO,SkyWest Airlines,5197,250.0,78.8,77.74,3.04,11.05,42.0,-5.28,45.4,70577,21199
BWI-DTW,BWI,DTW,Baltimore,Detroit,Large,DL,Delta Air Lines,5197,409.0,95.2,86.78,1.27,0.46,20.0,-6.86,66.2,30119,24799
DTW-BWI,DTW,BWI,Detroit,Baltimore,Large,DL,Delta Air Lines,5197,409.0,91.6,83.12,1.19,3.33,31.0,-5.6,63.0,46716,11320
IAD-DTW,IAD,DTW,Washington,Detroit,Medium,OO,SkyWest Airlines,5195,383.0,98.3,81.67,0.96,9.04,47.0,-7.63,64.4,97305,0
MSP-CLT,MSP,CLT,Minneapolis,Charlotte,Large,DL,Delta Air Lines,5194,930.0,153.4,83.17,0.64,0.57,34.0,-9.71,118.2,50590,12516
DCA-ALB,DCA,ALB,Washington,Albany,Large,OH,PSA Airlines,5194,318.0,89.3,71.54,3.97,10.93,56.0,-4.07,56.9,38803,49032
ALB-DCA,ALB,DCA,Albany,Washington,Small,OH,PSA Airlines,5194,318.0,94.2,70.27,4.18,15.01,60.0,-0.52,65.6,62324,56074
CLT-MSP,CLT,MSP,Charlotte,Minneapolis,Large,DL,Delta Air Lines,5193,930.0,169.3,86.15,0.62,-0.91,23.0,-10.2,135.6,29805,22814
DTW-IAD,DTW,IAD,Detroit,Washington,Large,OO,SkyWest Airlines,5186,383.0,90.3,77.23,0.91,13.04,56.0,-3.44,61.1,93663,0
SLC-IAH,SLC,IAH,Salt Lake City,Houston,Large,DL,Delta Air Lines,5185,1195.0,181.7,80.52,0.58,5.02,37.0,-5.06,150.0,55942,12445
IAH-SLC,IAH,SLC,Houston,Salt Lake City,Large,DL,Delta Air Lines,5183,1195.0,198.2,83.91,0.6,4.82,33.0,-7.55,166.6,54157,25738
PVD-DCA,PVD,DCA,Providence,Washington,Small,OH,PSA Airlines,5182,356.0,97.5,73.45,4.53,11.39,56.0,-1.06,71.1,42452,56028
DCA-PVD,DCA,PVD,Washington,Providence,Large,OH,PSA Airlines,5181,356.0,89.5,74.48,4.03,8.97,52.0,-4.32,58.1,38252,43742
CLT-ABE,CLT,ABE,Charlotte,Allentown,Large,OH,PSA Airlines,5178,481.0,108.4,79.78,1.58,6.67,38.0,-2.41,73.7,35954,27840
ABE-CLT,ABE,CLT,Allentown,Charlotte,Small,OH,PSA Airlines,5178,481.0,119.5,86.21,1.68,-5.97,25.0,-15.56,78.2,34702,34784
TPA-HOU,TPA,HOU,Tampa,Houston,Large,WN,Southwest Airlines,5175,781.0,143.1,78.57,1.82,4.26,36.0,-8.46,116.7,25437,32099
MCO-CLE,MCO,CLE,Orlando,Cleveland,Large,F9,Frontier Airlines,5167,895.0,155.7,68.9,2.01,14.79,67.0,-3.05,120.8,58225,48609
CLE-MCO,CLE,MCO,Cleveland,Orlando,Medium,F9,Frontier Airlines,5162,895.0,157.1,66.39,2.42,18.07,72.0,-5.38,120.6,65536,61375
HOU-TPA,HOU,TPA,Houston,Tampa,Medium,WN,Southwest Airlines,5160,781.0,122.5,77.62,1.76,5.98,37.0,-6.35,99.9,34513,20362
OAK-LAS,OAK,LAS,Oakland,Las Vegas,Medium,NK,Spirit Airlines,5159,407.0,90.8,78.97,1.55,8.5,46.0,-3.08,67.1,47617,24963
LAS-OAK,LAS,OAK,Las Vegas,Oakland,Large,NK,Spirit Airlines,5157,407.0,93.0,77.55,1.2,8.08,46.0,-3.4,66.9,52375,15430
ORD-MCI,ORD,MCI,Chicago,Kansas City,Large,UA,United Airlines,5156,403.0,98.6,75.48,1.18,8.89,53.2,-5.75,64.0,38932,40343
LAS-LAX,LAS,LAX,Las Vegas,Los Angeles,Large,OO,SkyWest Airlines,5148,236.0,77.7,80.94,0.8,4.98,31.9,-2.56,44.0,37628,20338
DFW-HRL,DFW,HRL,Dallas-Fort Worth,Harlingen,Large,MQ,Envoy Air,5145,461.0,93.4,81.67,1.96,2.32,30.8,-3.44,69.0,27223,18499
HRL-DFW,HRL,DFW,Harlingen,Dallas-Fort Worth,Small,MQ,Envoy Air,5144,461.0,99.0,82.8,2.02,2.63,29.0,-3.07,73.9,26410,28797
STL-TPA,STL,TPA,St. Louis,Tampa,Medium,WN,Southwest Airlines,5143,869.0,134.8,77.39,1.89,6.08,36.0,-5.62,113.5,27150,27287
DFW-PNS,DFW,PNS,Dallas-Fort Worth,Pensacola,Large,AA,American Airlines,5139,604.0,106.5,60.38,3.29,28.12,94.0,-2.35,80.7,74134,83346
PNS-DFW,PNS,DFW,Pensacola,Dallas-Fort Worth,Small,AA,American Airlines,5138,604.0,126.2,65.96,3.46,29.09,90.0,-3.86,95.6,75593,93502
LIH-OGG,LIH,OGG,Lihue,Kahului,Small,HA,Hawaiian Airlines,5138,201.0,48.7,85.87,0.49,4.62,19.0,2.12,34.0,13429,13330
OGG-LIH,OGG,LIH,Kahului,Lihue,Medium,HA,Hawaiian Airlines,5138,201.0,49.5,76.27,0.37,9.12,29.0,1.24,34.2,18986,26574
DEN-DCA,DEN,DCA,Denver,Washington,Large,F9,Frontier Airlines,5136,1476.0,203.6,77.1,1.44,4.57,45.0,-6.92,172.8,43316,26290
DCA-DEN,DCA,DEN,Washington,Denver,Large,F9,Frontier Airlines,5133,1476.0,247.4,80.97,1.62,0.57,37.0,-8.83,207.9,43321,29463
PSP-SLC,PSP,SLC,Palm Springs,Salt Lake City,Small,OO,SkyWest Airlines,5133,541.0,108.3,92.67,0.35,-3.68,6.0,-7.99,78.7,42358,0
SLC-PSP,SLC,PSP,Salt Lake City,Palm Springs,Large,OO,SkyWest Airlines,5133,541.0,111.3,89.6,0.23,-2.48,14.1,-5.99,82.6,26181,0
MIA-LAS,MIA,LAS,Miami,Las Vegas,Large,AA,American Airlines,5124,2174.0,323.5,70.45,1.17,13.03,58.0,-5.93,286.9,68756,30209
MSP-BIS,MSP,BIS,Minneapolis,Bismarck,Large,OO,SkyWest Airlines,5123,386.0,94.9,84.07,1.58,1.57,26.7,-7.39,65.4,56228,0
BIS-MSP,BIS,MSP,Bismarck,Minneapolis,Small,OO,SkyWest Airlines,5123,386.0,91.8,83.6,1.62,3.68,32.0,-6.98,60.4,72515,0
LAS-MIA,LAS,MIA,Las Vegas,Miami,Large,AA,American Airlines,5122,2174.0,284.0,77.12,1.21,9.12,41.0,-8.12,246.6,58012,34289
SMF-LAS,SMF,LAS,Sacramento,Las Vegas,Medium,NK,Spirit Airlines,5118,397.0,87.4,76.49,2.17,9.06,45.0,-2.85,61.3,54007,18929
SEA-SNA,SEA,SNA,Seattle,Santa Ana,Large,DL,Delta Air Lines,5116,978.0,168.6,82.99,1.04,2.69,30.0,-6.5,135.1,49895,11441
LAS-SMF,LAS,SMF,Las Vegas,Sacramento,Large,NK,Spirit Airlines,5116,397.0,94.7,76.41,1.99,7.84,42.0,-3.2,67.8,49286,15218
MSP-AUS,MSP,AUS,Minneapolis,Austin,Large,DL,Delta Air Lines,5115,1042.0,171.9,79.26,0.92,3.01,38.0,-6.33,137.8,53270,11377
SNA-SEA,SNA,SEA,Santa Ana,Seattle,Medium,DL,Delta Air Lines,5115,978.0,177.6,83.17,1.19,3.23,30.0,-8.33,142.3,44086,33816
AUS-MSP,AUS,MSP,Austin,Minneapolis,Large,DL,Delta Air Lines,5112,1042.0,165.0,83.29,0.9,6.51,31.0,-5.35,136.6,46819,30042
LGA-HOU,LGA,HOU,New York,Houston,Large,WN,Southwest Airlines,5108,1428.0,242.5,73.02,2.09,6.66,50.0,-11.75,202.2,44841,36253
ORD-SLC,ORD,SLC,Chicago,Salt Lake City,Large,DL,Delta Air Lines,5107,1250.0,215.0,80.65,1.08,7.48,38.0,-7.45,178.2,57691,28165
HOU-LGA,HOU,LGA,Houston,New York,Medium,WN,Southwest Airlines,5106,1428.0,204.7,74.38,2.02,7.38,46.0,-8.58,176.0,48476,20687
SLC-ORD,SLC,ORD,Salt Lake City,Chicago,Large,DL,Delta Air Lines,5106,1250.0,190.7,80.04,1.06,5.57,42.6,-6.29,152.9,60134,13116
CLT-CMH,CLT,CMH,Charlotte,Columbus,Large,AA,American Airlines,5104,347.0,83.7,71.36,1.29,15.76,65.0,-3.38,54.9,46444,55254
PHX-SMF,PHX,SMF,Phoenix,Sacramento,Large,AA,American Airlines,5104,647.0,123.5,81.9,0.27,6.19,34.0,-5.51,97.0,32411,31664
SMF-PHX,SMF,PHX,Sacramento,Phoenix,Medium,AA,American Airlines,5101,647.0,112.4,85.79,0.41,8.87,26.0,-4.16,89.1,45708,38524
CMH-CLT,CMH,CLT,Columbus,Charlotte,Medium,AA,American Airlines,5096,347.0,91.8,78.55,1.35,11.81,42.8,-3.37,57.5,61003,34676
DFW-BWI,DFW,BWI,Dallas-Fort Worth,Baltimore,Large,AA,American Airlines,5092,1217.0,179.7,72.19,2.63,9.48,54.0,-7.32,147.9,45727,33857
PHX-BWI,PHX,BWI,Phoenix,Baltimore,Large,WN,Southwest Airlines,5092,1999.0,255.1,77.22,1.0,4.34,33.0,-8.96,228.9,29874,19115
BWI-DFW,BWI,DFW,Baltimore,Dallas-Fort Worth,Large,AA,American Airlines,5092,1217.0,213.9,76.53,2.69,10.71,50.0,-9.3,174.7,68279,37716
TPA-STL,TPA,STL,Tampa,St. Louis,Large,WN,Southwest Airlines,5090,869.0,146.2,79.31,1.77,4.77,34.0,-6.78,121.3,24096,29743
LGA-PBI,LGA,PBI,New York,West Palm Beach,Large,B6,JetBlue Airways,5090,1035.0,181.6,63.5,2.55,19.48,91.0,-5.11,147.1,86520,48874
BOS-PIT,BOS,PIT,Boston,Pittsburgh,Large,B6,JetBlue Airways,5090,496.0,111.7,76.5,2.0,6.68,55.0,-5.79,81.8,46236,30350
PIT-BOS,PIT,BOS,Pittsburgh,Boston,Medium,B6,JetBlue Airways,5090,496.0,97.8,77.66,2.22,6.24,52.0,-3.38,72.4,41524,38890
PBI-LGA,PBI,LGA,West Palm Beach,New York,Medium,B6,JetBlue Airways,5088,1035.0,168.7,69.01,2.67,13.34,75.0,-5.48,139.1,60528,45627
ORD-SDF,ORD,SDF,Chicago,Louisville,Large,YX,Republic Airways,5088,286.0,88.3,78.79,2.18,5.41,42.0,-5.56,48.9,37401,35284
DFW-ICT,DFW,ICT,Dallas-Fort Worth,Wichita,Large,MQ,Envoy Air,5087,328.0,82.6,81.46,2.36,2.42,28.0,-3.21,55.1,24021,18138
GSO-LGA,GSO,LGA,Greensboro,New York,Small,YX,Republic Airways,5086,461.0,98.9,78.43,3.91,5.12,45.0,-2.96,69.8,42822,26735
ICT-DFW,ICT,DFW,Wichita,Dallas-Fort Worth,Small,MQ,Envoy Air,5086,328.0,84.1,78.82,2.48,5.16,35.0,-2.85,57.3,35717,24039
CLT-ATL,CLT,ATL,Charlotte,Atlanta,Large,AA,American Airlines,5085,226.0,73.3,71.76,1.14,14.22,59.0,-2.67,42.8,53379,40904
DCA-HSV,DCA,HSV,Washington,Huntsville,Large,OH,PSA Airlines,5084,613.0,128.1,74.17,2.99,7.26,55.0,-4.27,94.1,39073,40825
MSY-DEN,MSY,DEN,New Orleans,Denver,Medium,WN,Southwest Airlines,5084,1062.0,174.3,76.32,2.38,6.42,38.0,-6.23,149.6,29422,28632
LGA-GSO,LGA,GSO,New York,Greensboro,Large,YX,Republic Airways,5084,461.0,113.4,76.65,4.01,1.99,45.0,-4.11,76.8,31701,30969
PBI-DFW,PBI,DFW,West Palm Beach,Dallas-Fort Worth,Medium,AA,American Airlines,5083,1102.0,195.4,71.65,2.66,15.5,63.4,-4.55,161.7,55062,53673
BWI-PHX,BWI,PHX,Baltimore,Phoenix,Large,WN,Southwest Airlines,5083,1999.0,304.9,72.44,1.0,5.85,46.0,-12.05,272.1,44775,23736
PHL-LAS,PHL,LAS,Philadelphia,Las Vegas,Large,AA,American Airlines,5081,2176.0,326.3,76.09,1.32,6.7,47.0,-6.87,287.9,55690,26650
HSV-DCA,HSV,DCA,Huntsville,Washington,Small,OH,PSA Airlines,5081,613.0,115.5,71.82,3.19,14.77,64.0,-2.18,88.2,55892,49653
FLL-IAH,FLL,IAH,Fort Lauderdale,Houston,Large,NK,Spirit Airlines,5081,966.0,172.0,67.84,1.65,13.84,64.0,-6.37,139.6,78115,21173
GTF-SLC,GTF,SLC,Great Falls,Salt Lake City,Non-hub,OO,SkyWest Airlines,5080,463.0,95.7,91.4,0.33,-3.89,11.0,-4.87,69.6,33352,0
SLC-GTF,SLC,GTF,Salt Lake City,Great Falls,Large,OO,SkyWest Airlines,5080,463.0,97.8,92.48,0.3,-5.59,9.0,-6.55,69.0,22562,0
LAS-IAH,LAS,IAH,Las Vegas,Houston,Large,NK,Spirit Airlines,5080,1222.0,180.3,73.46,1.54,11.06,52.0,-3.82,148.5,63124,21670
DFW-PBI,DFW,PBI,Dallas-Fort Worth,West Palm Beach,Large,AA,American Airlines,5080,1102.0,165.6,65.94,2.62,16.49,70.0,-3.28,138.2,56325,48793
ATL-CLT,ATL,CLT,Atlanta,Charlotte,Large,AA,American Airlines,5077,226.0,80.3,82.37,1.26,6.59,30.0,-5.82,42.8,43227,34882
MCI-ORD,MCI,ORD,Kansas City,Chicago,Medium,UA,United Airlines,5077,403.0,97.8,81.43,1.32,6.87,34.0,-1.76,63.0,39413,27249
SEA-KOA,SEA,KOA,Seattle,Kona,Large,AS,Alaska Airlines,5076,2688.0,379.9,75.47,1.2,0.96,37.0,-7.86,338.4,36792,13409
KOA-SEA,KOA,SEA,Kona,Seattle,Small,AS,Alaska Airlines,5076,2688.0,353.0,79.91,1.75,1.43,28.0,-5.71,319.5,28240,25274
IAH-FLL,IAH,FLL,Houston,Fort Lauderdale,Large,NK,Spirit Airlines,5075,966.0,150.7,73.85,1.85,10.82,59.0,-5.69,119.5,65950,27307
BOS-LAX,BOS,LAX,Boston,Los Angeles,Large,AA,American Airlines,5075,2611.0,387.9,78.31,1.04,7.03,43.0,-9.59,345.3,56923,45116
LAX-BOS,LAX,BOS,Los Angeles,Boston,Large,AA,American Airlines,5074,2611.0,329.8,80.17,1.02,4.07,37.0,-5.98,298.3,39620,29149
LAS-PHL,LAS,PHL,Las Vegas,Philadelphia,Large,AA,American Airlines,5073,2176.0,284.0,81.02,1.32,2.94,31.0,-8.03,249.2,45480,24785
SAN-IAD,SAN,IAD,San Diego,Washington,Large,UA,United Airlines,5073,2253.0,291.6,86.36,1.06,-2.55,19.0,-7.38,256.4,29918,15814
DEN-MSY,DEN,MSY,Denver,New Orleans,Large,WN,Southwest Airlines,5072,1062.0,153.1,66.96,2.39,13.47,53.0,-4.98,128.7,41076,40534
IAH-LAS,IAH,LAS,Houston,Las Vegas,Large,NK,Spirit Airlines,5071,1222.0,197.2,79.35,1.38,6.29,42.6,-5.79,167.4,51015,19691
HSV-CLT,HSV,CLT,Huntsville,Charlotte,Small,OH,PSA Airlines,5065,333.0,96.7,80.79,1.68,5.57,30.0,-4.24,57.7,37894,30772
ASE-LAX,ASE,LAX,Aspen,Los Angeles,Small,OO,SkyWest Airlines,5061,737.0,144.7,67.46,7.15,16.51,79.7,-7.89,106.6,97122,32897
LAX-ASE,LAX,ASE,Los Angeles,Aspen,Large,OO,SkyWest Airlines,5061,737.0,134.5,65.5,3.36,19.18,72.0,-1.4,105.2,96795,25445
ORD-CVG,ORD,CVG,Chicago,Cincinnati,Large,MQ,Envoy Air,5060,264.0,79.7,75.12,1.48,8.16,49.0,-2.66,45.1,37817,32223
ORD-TPA,ORD,TPA,Chicago,Tampa,Large,AA,American Airlines,5060,1012.0,160.9,72.57,1.52,9.76,55.0,-3.94,132.0,46801,34786
CLT-HSV,CLT,HSV,Charlotte,Huntsville,Large,OH,PSA Airlines,5059,333.0,94.0,79.88,1.74,5.17,37.0,-3.83,57.4,31251,30993
TPA-ORD,TPA,ORD,Tampa,Chicago,Large,AA,American Airlines,5057,1012.0,182.0,75.7,1.74,10.98,58.0,-6.48,144.3,53634,48116
CLT-MYR,CLT,MYR,Charlotte,Myrtle Beach,Large,AA,American Airlines,5056,157.0,59.5,73.64,1.44,13.72,57.4,-3.59,32.9,46025,47222
CVG-ORD,CVG,ORD,Cincinnati,Chicago,Medium,MQ,Envoy Air,5056,264.0,88.5,76.94,1.52,9.75,46.0,-3.49,52.7,62371,24219
MYR-CLT,MYR,CLT,Myrtle Beach,Charlotte,Small,AA,American Airlines,5055,157.0,67.8,80.12,1.6,5.66,38.0,-6.16,36.0,34948,42515
DCA-PHX,DCA,PHX,Washington,Phoenix,Large,AA,American Airlines,5054,1979.0,307.9,84.57,1.37,-1.12,22.8,-10.72,267.4,33969,25125
PHX-DCA,PHX,DCA,Phoenix,Washington,Large,AA,American Airlines,5054,1979.0,258.7,84.82,1.39,-2.82,21.0,-8.89,226.3,25910,13978
LAS-HNL,LAS,HNL,Las Vegas,Honolulu,Large,HA,Hawaiian Airlines,5053,2762.0,384.2,73.4,0.26,14.18,40.0,-4.51,350.9,69057,27226
HNL-LAS,HNL,LAS,Honolulu,Las Vegas,Medium,HA,Hawaiian Airlines,5049,2762.0,344.2,80.29,0.06,4.48,30.0,-4.98,311.8,40766,8897
IAD-SAN,IAD,SAN,Washington,San Diego,Medium,UA,United Airlines,5047,2253.0,330.0,84.74,0.85,-3.22,26.0,-10.05,295.5,32402,14633
PIT-BWI,PIT,BWI,Pittsburgh,Baltimore,Medium,WN,Southwest Airlines,5046,210.0,66.6,85.3,1.63,-0.38,21.0,-7.1,41.7,19503,17225
MCO-PHL,MCO,PHL,Orlando,Philadelphia,Large,NK,Spirit Airlines,5044,861.0,150.1,67.21,2.68,16.84,73.0,-3.37,118.4,78442,24435
PHL-MCO,PHL,MCO,Philadelphia,Orlando,Large,NK,Spirit Airlines,5033,861.0,159.6,71.98,2.86,10.72,60.0,-6.57,122.0,62257,29482
JAN-DFW,JAN,DFW,Jackson,Dallas-Fort Worth,Small,MQ,Envoy Air,5027,408.0,103.0,78.91,2.19,6.36,37.0,-3.74,71.0,34767,28693
DFW-JAN,DFW,JAN,Dallas-Fort Worth,Jackson,Large,MQ,Envoy Air,5026,408.0,89.5,79.67,2.09,3.94,33.0,-2.31,59.4,28983,19670
CLT-BOS,CLT,BOS,Charlotte,Boston,Large,YX,Republic Airways,5023,728.0,143.3,81.54,1.91,1.7,38.0,-5.89,101.1,45730,10964
BOS-CLT,BOS,CLT,Boston,Charlotte,Large,YX,Republic Airways,5022,728.0,155.0,81.66,1.91,-0.35,34.3,-5.47,114.9,33813,16658
DEN-CLE,DEN,CLE,Denver,Cleveland,Large,UA,United Airlines,5021,1201.0,172.4,78.95,0.7,6.16,41.0,-5.71,140.4,33521,33122
CLE-DEN,CLE,DEN,Cleveland,Denver,Medium,UA,United Airlines,5020,1201.0,203.6,86.0,0.74,-2.72,22.0,-6.87,170.2,26941,13285
BWI-PIT,BWI,PIT,Baltimore,Pittsburgh,Large,WN,Southwest Airlines,5020,210.0,63.3,70.28,1.49,10.87,47.0,-7.31,37.7,38146,33152
AUS-LAX,AUS,LAX,Austin,Los Angeles,Large,AA,American Airlines,5014,1242.0,198.9,77.7,1.58,9.1,48.9,-5.76,167.7,40125,46879
MSP-IAH,MSP,IAH,Minneapolis,Houston,Large,DL,Delta Air Lines,5009,1034.0,178.7,77.36,0.82,5.24,46.0,-6.0,145.0,62298,10523
IAH-MSP,IAH,MSP,Houston,Minneapolis,Large,DL,Delta Air Lines,5009,1034.0,168.9,79.96,0.92,9.46,46.0,-7.15,138.7,55925,37588
ORD-BNA,ORD,BNA,Chicago,Nashville,Large,WN,Southwest Airlines,5005,409.0,92.3,74.55,2.68,6.42,44.0,-6.72,60.7,24883,40578
LAX-AUS,LAX,AUS,Los Angeles,Austin,Large,AA,American Airlines,5004,1242.0,178.6,77.06,1.48,11.18,52.0,-4.6,149.1,44677,47821
DEN-SJC,DEN,SJC,Denver,San Jose,Large,UA,United Airlines,4999,948.0,160.1,79.38,0.74,3.72,44.0,-8.98,130.5,30396,32330
ATL-ROC,ATL,ROC,Atlanta,Rochester,Large,DL,Delta Air Lines,4999,749.0,123.6,78.74,1.16,7.05,39.0,-4.23,96.8,45545,13320
ROC-ATL,ROC,ATL,Rochester,Atlanta,Small,DL,Delta Air Lines,4999,749.0,137.1,83.08,1.26,2.76,31.0,-9.09,106.0,39255,24585
SJC-DEN,SJC,DEN,San Jose,Denver,Medium,UA,United Airlines,4997,948.0,154.7,87.27,1.0,-3.43,20.0,-5.79,125.8,22041,16265
PHX-SEA,PHX,SEA,Phoenix,Seattle,Large,WN,Southwest Airlines,4996,1107.0,184.8,71.68,0.82,8.2,41.0,-8.39,154.9,32871,28383
BNA-RDU,BNA,RDU,Nashville,Raleigh-durham,Large,WN,Southwest Airlines,4995,442.0,89.4,76.46,1.3,7.84,37.0,-5.55,66.5,19737,36368
BNA-ORD,BNA,ORD,Nashville,Chicago,Large,WN,Southwest Airlines,4991,409.0,105.3,73.69,3.43,5.84,39.0,-2.48,73.6,36295,19582
BWI-MCO,BWI,MCO,Baltimore,Orlando,Large,NK,Spirit Airlines,4989,787.0,145.5,72.96,2.18,12.05,58.0,-4.23,113.6,64795,28027
ELP-HOU,ELP,HOU,El Paso,Houston,Small,WN,Southwest Airlines,4987,677.0,111.4,83.78,1.36,0.37,24.0,-7.09,87.6,15534,20895
ATL-SYR,ATL,SYR,Atlanta,Syracuse,Large,DL,Delta Air Lines,4987,794.0,128.8,79.65,1.04,6.24,34.0,-4.53,102.6,44602,13498
SYR-ATL,SYR,ATL,Syracuse,Atlanta,Small,DL,Delta Air Lines,4987,794.0,147.1,83.9,1.08,1.31,28.0,-9.46,113.0,43780,18528
TRI-ATL,TRI,ATL,BRISTOL,Atlanta,Non-hub,9E,Endeavor Air,4985,227.0,70.9,88.97,0.26,-2.93,17.0,-7.67,42.0,25439,17624
ATL-TRI,ATL,TRI,Atlanta,BRISTOL,Large,9E,Endeavor Air,4985,227.0,67.2,89.05,0.26,-1.43,16.0,-4.5,41.8,21929,10114
SBP-SFO,SBP,SFO,San Luis Obispo,San Francisco,Small,OO,SkyWest Airlines,4984,190.0,69.0,76.54,1.2,7.9,45.0,-5.54,37.9,70794,20264
MCO-BWI,MCO,BWI,Orlando,Baltimore,Large,NK,Spirit Airlines,4983,787.0,135.9,66.65,2.15,17.84,71.0,-3.5,106.4,80778,25004
SEA-PHX,SEA,PHX,Seattle,Phoenix,Large,WN,Southwest Airlines,4983,1107.0,171.2,75.94,0.92,5.74,35.0,-6.81,141.3,26900,24946
RDU-BNA,RDU,BNA,Raleigh-durham,Nashville,Medium,WN,Southwest Airlines,4981,442.0,96.5,82.98,1.14,0.91,27.0,-7.26,73.0,13170,26176
BWI-CMH,BWI,CMH,Baltimore,Columbus,Large,WN,Southwest Airlines,4980,337.0,82.5,70.58,1.73,10.85,47.0,-7.85,56.7,37422,34795
SFO-SBP,SFO,SBP,San Francisco,San Luis Obispo,Large,OO,SkyWest Airlines,4978,190.0,70.2,79.83,1.12,8.51,36.0,-3.51,40.7,56635,19072
SDF-ORD,SDF,ORD,Louisville,Chicago,Medium,YX,Republic Airways,4976,286.0,96.5,84.28,1.41,-0.7,24.0,-3.13,58.9,37768,6731
FLL-HOU,FLL,HOU,Fort Lauderdale,Houston,Large,WN,Southwest Airlines,4976,957.0,169.7,76.83,1.71,5.15,41.0,-7.9,139.1,29584,29265
DFW-MKE,DFW,MKE,Dallas-Fort Worth,Milwaukee,Large,AA,American Airlines,4976,853.0,139.6,65.27,2.59,21.45,81.0,-4.99,112.5,58166,67953
BOS-ORD,BOS,ORD,Boston,Chicago,Large,YX,Republic Airways,4972,867.0,179.6,80.61,2.27,0.79,37.0,-6.38,136.9,39297,18499
MKE-DFW,MKE,DFW,Milwaukee,Dallas-Fort Worth,Medium,AA,American Airlines,4970,853.0,159.0,71.25,2.76,16.55,65.0,-5.36,125.3,60348,54308
DTW-ATL,DTW,ATL,Detroit,Atlanta,Large,NK,Spirit Airlines,4969,594.0,123.4,78.27,1.41,4.2,39.0,-6.51,89.3,42055,17573
ATL-DTW,ATL,DTW,Atlanta,Detroit,Large,NK,Spirit Airlines,4969,594.0,117.1,76.66,1.33,10.48,48.0,-5.86,86.7,43356,32879
CHA-ATL,CHA,ATL,Chattanooga,Atlanta,Small,9E,Endeavor Air,4965,106.0,58.0,88.34,0.28,-2.09,20.0,-8.66,27.1,24676,20577
ATL-CHA,ATL,CHA,Atlanta,Chattanooga,Large,9E,Endeavor Air,4964,106.0,51.8,87.85,0.28,-0.63,19.0,-4.78,26.0,26248,9168
BDL-DCA,BDL,DCA,Windsor Locks,Washington,Medium,OH,PSA Airlines,4963,313.0,91.6,72.54,3.55,12.44,60.0,-2.95,61.0,48107,56214
PHL-MSP,PHL,MSP,Philadelphia,Minneapolis,Large,DL,Delta Air Lines,4960,980.0,175.7,83.83,1.21,2.57,30.0,-8.63,143.7,50357,21943
MSP-PHL,MSP,PHL,Minneapolis,Philadelphia,Large,DL,Delta Air Lines,4960,980.0,154.0,82.44,1.11,0.13,32.0,-7.6,122.6,39282,8153
LAX-EWR,LAX,EWR,Los Angeles,Newark,Large,B6,JetBlue Airways,4960,2454.0,324.3,73.69,1.41,4.92,54.0,-7.88,286.1,53954,23522
DCA-BDL,DCA,BDL,Washington,Windsor Locks,Large,OH,PSA Airlines,4959,313.0,85.0,72.45,3.07,10.03,56.0,-2.82,53.7,40121,40846
EWR-LAX,EWR,LAX,Newark,Los Angeles,Large,B6,JetBlue Airways,4959,2454.0,368.0,74.65,1.43,3.73,56.0,-9.03,323.3,57300,27581
AUS-SJC,AUS,SJC,Austin,San Jose,Large,WN,Southwest Airlines,4954,1476.0,224.1,76.83,0.93,5.16,36.0,-6.97,200.2,20983,31441
DEN-DFW,DEN,DFW,Denver,Dallas-Fort Worth,Large,F9,Frontier Airlines,4954,641.0,124.2,69.16,1.76,13.45,63.0,-2.99,87.4,57542,40025
JFK-DFW,JFK,DFW,New York,Dallas-Fort Worth,Large,AA,American Airlines,4951,1391.0,244.3,76.07,2.32,5.37,53.0,-9.88,195.7,53219,32001
DFW-DEN,DFW,DEN,Dallas-Fort Worth,Denver,Large,F9,Frontier Airlines,4950,641.0,135.8,71.86,2.26,16.8,67.0,-4.62,96.8,55690,63740
DFW-JFK,DFW,JFK,Dallas-Fort Worth,New York,Large,AA,American Airlines,4950,1391.0,218.1,72.02,2.48,9.71,61.0,-8.42,179.6,53070,30306
LAS-SEA,LAS,SEA,Las Vegas,Seattle,Large,WN,Southwest Airlines,4948,867.0,163.5,70.8,0.75,7.8,45.0,-10.75,128.4,31229,35189
SJC-AUS,SJC,AUS,San Jose,Austin,Medium,WN,Southwest Airlines,4946,1476.0,200.6,77.98,0.87,6.09,35.0,-5.27,177.5,22047,27436
SLC-DEN,SLC,DEN,Salt Lake City,Denver,Large,UA,United Airlines,4945,391.0,92.4,74.5,0.93,9.45,44.0,-1.25,60.1,51151,27044
ORD-BOS,ORD,BOS,Chicago,Boston,Large,YX,Republic Airways,4944,867.0,147.8,79.98,2.25,3.42,38.4,-5.53,110.6,43920,18682
CLT-BUF,CLT,BUF,Charlotte,Buffalo,Large,AA,American Airlines,4942,546.0,103.7,72.48,2.06,12.88,52.0,-3.42,77.2,42059,41359
BUF-CLT,BUF,CLT,Buffalo,Charlotte,Medium,AA,American Airlines,4942,546.0,116.2,76.95,2.12,16.63,46.0,-4.09,85.2,63644,43661
HOU-ELP,HOU,ELP,Houston,El Paso,Medium,WN,Southwest Airlines,4932,677.0,117.9,77.13,1.22,5.66,36.0,-6.95,95.2,24390,28272
SEA-LAS,SEA,LAS,Seattle,Las Vegas,Large,WN,Southwest Airlines,4930,867.0,149.8,76.09,0.81,6.72,40.0,-7.25,118.3,31018,25261
SFO-MIA,SFO,MIA,San Francisco,Miami,Large,AA,American Airlines,4929,2585.0,332.4,82.35,0.83,4.24,31.0,-10.51,294.4,45891,28216
MIA-SFO,MIA,SFO,Miami,San Francisco,Large,AA,American Airlines,4928,2585.0,376.9,68.69,0.81,14.51,65.0,-6.03,339.9,70966,34225
ALB-ATL,ALB,ATL,Albany,Atlanta,Small,DL,Delta Air Lines,4927,853.0,159.3,82.2,1.18,3.31,32.0,-9.41,126.6,47143,21836
ATL-ALB,ATL,ALB,Atlanta,Albany,Large,DL,Delta Air Lines,4927,853.0,134.5,77.37,1.06,8.47,41.0,-3.49,110.0,48019,15623
MDW-SDF,MDW,SDF,Chicago,Louisville,Large,WN,Southwest Airlines,4927,271.0,70.9,74.97,1.4,7.95,42.0,-6.74,46.8,30101,31100
MDW-MSY,MDW,MSY,Chicago,New Orleans,Large,WN,Southwest Airlines,4921,825.0,136.5,73.87,2.44,6.94,41.0,-7.87,110.6,30061,30627
LGA-DTW,LGA,DTW,New York,Detroit,Large,YX,Republic Airways,4918,502.0,125.9,79.61,3.9,-0.31,34.0,-6.39,84.1,24652,27473
DTW-LGA,DTW,LGA,Detroit,New York,Large,YX,Republic Airways,4918,502.0,110.0,79.69,4.27,1.52,35.0,-3.22,76.6,36581,19124
HOU-FLL,HOU,FLL,Houston,Fort Lauderdale,Medium,WN,Southwest Airlines,4915,957.0,142.8,75.1,1.65,7.41,40.0,-7.02,119.3,34331,24533
CMH-BWI,CMH,BWI,Columbus,Baltimore,Medium,WN,Southwest Airlines,4912,337.0,78.9,86.05,1.53,-0.81,21.0,-8.26,54.3,15759,19479
PHX-RNO,PHX,RNO,Phoenix,Reno,Large,AA,American Airlines,4911,601.0,114.2,80.98,0.65,7.27,36.0,-5.04,87.8,31949,34763
RNO-PHX,RNO,PHX,Reno,Phoenix,Medium,AA,American Airlines,4911,601.0,109.1,84.95,0.86,8.13,29.0,-4.91,83.1,38444,44777
BNA-ECP,BNA,ECP,Nashville,Panama City,Large,WN,Southwest Airlines,4910,401.0,80.9,78.29,1.0,5.89,35.0,-5.22,58.8,19618,31653
EWR-SEA,EWR,SEA,Newark,Seattle,Large,AS,Alaska Airlines,4905,2402.0,372.6,72.54,2.53,6.26,51.0,-8.28,325.7,42231,42097
SEA-EWR,SEA,EWR,Seattle,Newark,Large,AS,Alaska Airlines,4904,2402.0,319.4,74.96,2.0,3.55,39.0,-7.41,278.3,53191,8775
ORD-XNA,ORD,XNA,Chicago,Bentonville,Large,MQ,Envoy Air,4898,522.0,116.3,78.3,1.0,3.71,42.0,-5.71,80.5,33368,25787
DTW-BDL,DTW,BDL,Detroit,Windsor Locks,Large,DL,Delta Air Lines,4897,549.0,100.8,84.05,0.88,2.93,30.0,-5.59,73.5,44925,10311
XNA-ORD,XNA,ORD,Bentonville,Chicago,Small,MQ,Envoy Air,4896,522.0,113.2,76.82,1.06,7.16,48.0,-3.03,79.8,46038,25755
BDL-DTW,BDL,DTW,Windsor Locks,Detroit,Medium,DL,Delta Air Lines,4896,549.0,118.0,87.58,0.9,-0.13,21.0,-7.59,88.5,31463,22724
ECP-BNA,ECP,BNA,Panama City,Nashville,Small,WN,Southwest Airlines,4891,401.0,84.2,84.32,1.1,1.85,26.0,-4.82,64.0,14206,24786
BNA-MSP,BNA,MSP,Nashville,Minneapolis,Large,DL,Delta Air Lines,4888,695.0,132.4,86.97,1.08,-1.11,21.0,-6.31,104.1,28774,18852
MSP-BNA,MSP,BNA,Minneapolis,Nashville,Large,DL,Delta Air Lines,4887,695.0,125.8,82.71,0.94,0.78,27.0,-5.34,94.3,36354,8265
FSD-DEN,FSD,DEN,Sioux Falls,Denver,Small,OO,SkyWest Airlines,4884,483.0,114.8,79.71,1.72,4.74,40.0,-5.8,78.1,59173,17378
ORD-RDU,ORD,RDU,Chicago,Raleigh-durham,Large,UA,United Airlines,4883,646.0,123.6,80.65,0.68,5.97,34.0,-3.58,88.7,30944,27920
DEN-FSD,DEN,FSD,Denver,Sioux Falls,Large,OO,SkyWest Airlines,4883,483.0,101.7,80.01,1.45,5.45,39.0,-5.11,69.9,43619,15614
DFW-DRO,DFW,DRO,Dallas-Fort Worth,Durango,Large,OO,SkyWest Airlines,4881,674.0,134.0,80.09,1.91,4.63,39.0,-5.07,98.0,47541,14358
RNO-DEN,RNO,DEN,Reno,Denver,Medium,WN,Southwest Airlines,4881,804.0,131.7,81.48,1.35,2.85,31.7,-6.85,104.9,28118,19374
DRO-DFW,DRO,DFW,Durango,Dallas-Fort Worth,Small,OO,SkyWest Airlines,4880,674.0,127.0,77.17,2.03,11.16,50.0,-2.74,91.6,76662,19335
BNA-MIA,BNA,MIA,Nashville,Miami,Large,AA,American Airlines,4880,806.0,139.8,74.55,1.66,15.21,55.0,-2.66,109.9,52068,47676
SLC-PSC,SLC,PSC,Salt Lake City,Pasco,Large,OO,SkyWest Airlines,4879,521.0,107.6,88.11,0.39,0.78,17.0,-3.97,79.1,34691,0
PSC-SLC,PSC,SLC,Pasco,Salt Lake City,Small,OO,SkyWest Airlines,4879,521.0,103.4,91.27,0.31,-2.02,10.2,-5.91,75.3,38509,0
MIA-BNA,MIA,BNA,Miami,Nashville,Large,AA,American Airlines,4878,806.0,144.9,65.91,1.64,20.59,74.0,-2.41,114.3,70573,49520
FLL-DTW,FLL,DTW,Fort Lauderdale,Detroit,Large,NK,Spirit Airlines,4873,1127.0,181.4,74.98,1.19,9.84,51.0,-4.94,150.5,57107,17204
MKE-MSP,MKE,MSP,Milwaukee,Minneapolis,Medium,DL,Delta Air Lines,4873,297.0,80.0,85.72,1.05,-0.69,25.0,-5.58,53.2,31119,20763
DTW-FLL,DTW,FLL,Detroit,Fort Lauderdale,Large,NK,Spirit Airlines,4872,1127.0,186.0,77.34,1.25,5.17,43.0,-6.56,154.5,48135,16862
MSP-MKE,MSP,MKE,Minneapolis,Milwaukee,Large,DL,Delta Air Lines,4872,297.0,74.6,83.11,1.01,2.55,33.0,-6.21,47.5,42518,11565
SDF-MDW,SDF,MDW,Louisville,Chicago,Medium,WN,Southwest Airlines,4870,271.0,74.9,83.51,1.79,0.99,26.0,-6.99,51.0,17659,23979
CLT-SBN,CLT,SBN,Charlotte,South Bend,Large,OH,PSA Airlines,4864,534.0,118.0,79.89,1.17,5.01,34.0,-2.9,81.0,30302,26777
SBN-CLT,SBN,CLT,South Bend,Charlotte,Small,OH,PSA Airlines,4864,534.0,116.1,80.76,1.46,7.51,35.0,-4.18,78.9,47469,27208
DEN-RNO,DEN,RNO,Denver,Reno,Large,WN,Southwest Airlines,4862,804.0,140.6,68.7,1.54,11.02,49.0,-7.46,113.9,34687,36153
MDW-RDU,MDW,RDU,Chicago,Raleigh-durham,Large,WN,Southwest Airlines,4862,632.0,108.9,71.66,1.85,9.26,41.0,-5.06,86.3,31821,28095
MSY-MDW,MSY,MDW,New Orleans,Chicago,Medium,WN,Southwest Airlines,4862,825.0,137.0,77.75,2.34,5.13,32.0,-6.77,113.9,18617,27808
DEN-SLC,DEN,SLC,Denver,Salt Lake City,Large,UA,United Airlines,4857,391.0,92.9,75.68,0.64,8.81,52.0,-4.79,64.0,34145,35977
RDU-MCO,RDU,MCO,Raleigh-durham,Orlando,Medium,DL,Delta Air Lines,4853,534.0,107.2,79.13,1.32,9.02,45.0,-2.56,79.8,49120,26503
RDU-MDW,RDU,MDW,Raleigh-durham,Chicago,Medium,WN,Southwest Airlines,4851,632.0,119.8,79.78,1.92,3.34,34.0,-6.96,96.4,19869,28125
MCO-RDU,MCO,RDU,Orlando,Raleigh-durham,Large,DL,Delta Air Lines,4850,534.0,105.5,79.28,1.34,9.41,51.0,-3.43,78.6,40537,45547
BRO-DFW,BRO,DFW,Brownsville,Dallas-Fort Worth,Non-hub,MQ,Envoy Air,4846,482.0,100.9,83.16,2.19,3.36,28.0,-2.12,76.6,29950,21014
DFW-BRO,DFW,BRO,Dallas-Fort Worth,Brownsville,Large,MQ,Envoy Air,4845,482.0,99.8,82.06,2.17,0.75,29.0,-3.91,72.3,23751,15765
EWR-MSY,EWR,MSY,Newark,New Orleans,Large,UA,United Airlines,4840,1167.0,198.4,75.48,2.23,6.49,54.0,-7.45,164.0,42173,34941
RDU-ORD,RDU,ORD,Raleigh-durham,Chicago,Medium,UA,United Airlines,4838,646.0,141.5,80.65,0.97,6.87,35.0,-3.27,104.9,44242,27326
LGB-SLC,LGB,SLC,Long Beach,Salt Lake City,Small,OO,SkyWest Airlines,4837,588.0,115.2,90.68,0.27,-1.01,12.0,-5.03,87.6,33983,0
SLC-LGB,SLC,LGB,Salt Lake City,Long Beach,Large,OO,SkyWest Airlines,4837,588.0,121.0,89.83,0.25,-3.01,14.0,-5.87,92.9,23812,0
DEN-BZN,DEN,BZN,Denver,Bozeman,Large,UA,United Airlines,4823,524.0,107.0,77.15,0.85,9.35,51.0,-4.45,79.1,34656,36921
MIA-PNS,MIA,PNS,Miami,Pensacola,Large,MQ,Envoy Air,4823,530.0,112.9,79.87,1.37,2.98,33.0,-2.71,85.3,29174,16483
PNS-MIA,PNS,MIA,Pensacola,Miami,Small,MQ,Envoy Air,4822,530.0,103.9,81.19,1.43,4.57,32.0,-2.77,81.2,27300,25155
BZN-DEN,BZN,DEN,Bozeman,Denver,Small,UA,United Airlines,4822,524.0,106.1,74.57,1.16,9.2,49.6,-1.3,75.2,54002,25024
IAD-IND,IAD,IND,Washington,Indianapolis,Medium,YX,Republic Airways,4817,476.0,109.0,85.28,1.33,-0.92,24.0,-6.42,76.6,27133,15937
BWI-ORD,BWI,ORD,Baltimore,Chicago,Large,WN,Southwest Airlines,4816,622.0,131.7,71.35,2.74,8.28,43.0,-6.19,98.8,39663,23272
LGA-ORF,LGA,ORF,New York,Norfolk,Large,YX,Republic Airways,4814,296.0,89.9,76.49,4.74,2.52,43.0,-3.77,54.7,30290,27459
ORF-LGA,ORF,LGA,Norfolk,New York,Medium,YX,Republic Airways,4813,296.0,88.2,76.46,3.95,7.01,46.0,-0.27,57.8,50591,20456
SLC-MCI,SLC,MCI,Salt Lake City,Kansas City,Large,DL,Delta Air Lines,4807,920.0,143.8,83.09,0.77,3.01,31.0,-5.87,114.7,37733,13763
JAC-DEN,JAC,DEN,Jacksn Hole,Denver,Small,UA,United Airlines,4807,406.0,97.5,72.79,1.19,14.26,62.0,-2.73,62.4,66204,38225
DEN-JAC,DEN,JAC,Denver,Jacksn Hole,Large,UA,United Airlines,4807,406.0,90.1,74.14,1.02,12.21,52.0,-4.13,65.0,47189,36472
MCI-SLC,MCI,SLC,Kansas City,Salt Lake City,Medium,DL,Delta Air Lines,4807,920.0,163.1,88.02,0.85,-2.07,18.0,-7.22,133.6,25237,21250
PSP-DFW,PSP,DFW,Palm Springs,Dallas-Fort Worth,Small,AA,American Airlines,4805,1126.0,173.3,81.06,2.31,7.4,32.0,-5.81,139.5,43275,29475
DFW-PSP,DFW,PSP,Dallas-Fort Worth,Palm Springs,Large,AA,American Airlines,4804,1126.0,189.9,72.98,2.27,9.79,51.0,-6.82,156.1,40373,36361
ORD-AUS,ORD,AUS,Chicago,Austin,Large,AA,American Airlines,4799,977.0,168.4,71.33,1.71,11.06,63.0,-6.63,134.8,49464,41669
SEA-ATL,SEA,ATL,Seattle,Atlanta,Large,AS,Alaska Airlines,4796,2182.0,286.8,76.19,1.17,3.77,34.0,-3.08,253.1,32765,12430
PDX-PHX,PDX,PHX,Portland,Phoenix,Medium,AA,American Airlines,4795,1009.0,157.6,85.38,0.9,6.72,27.0,-5.77,131.4,44183,29385
AUS-ORD,AUS,ORD,Austin,Chicago,Large,AA,American Airlines,4795,977.0,166.6,77.79,1.73,10.02,50.0,-4.55,131.1,43826,46685
ATL-SEA,ATL,SEA,Atlanta,Seattle,Large,AS,Alaska Airlines,4795,2182.0,331.1,75.93,1.5,3.77,36.7,-5.17,294.5,35602,19266
PHX-PDX,PHX,PDX,Phoenix,Portland,Large,AA,American Airlines,4791,1009.0,169.2,80.92,0.69,7.22,41.6,-6.0,142.4,29944,38968
MYR-BWI,MYR,BWI,Myrtle Beach,Baltimore,Small,WN,Southwest Airlines,4786,399.0,83.6,82.55,1.8,2.06,29.0,-5.79,60.9,19690,22492
BWI-MYR,BWI,MYR,Baltimore,Myrtle Beach,Large,WN,Southwest Airlines,4784,399.0,88.1,71.53,1.53,10.78,47.0,-6.64,62.7,42657,27586
LAX-AUS,LAX,AUS,Los Angeles,Austin,Large,WN,Southwest Airlines,4783,1242.0,174.1,75.77,0.79,6.33,36.0,-5.0,148.5,25105,25844
AUS-LAX,AUS,LAX,Austin,Los Angeles,Large,WN,Southwest Airlines,4779,1242.0,197.8,74.12,0.82,7.85,42.0,-7.67,169.1,23052,37169
FAT-LAX,FAT,LAX,Fresno,Los Angeles,Small,OO,SkyWest Airlines,4778,209.0,76.2,87.23,0.4,0.54,20.0,-4.08,43.8,36065,6969
PHX-OMA,PHX,OMA,Phoenix,Omaha,Large,WN,Southwest Airlines,4775,1037.0,148.1,74.97,0.9,8.53,38.0,-4.91,127.0,27986,27494
OMA-PHX,OMA,PHX,Omaha,Phoenix,Medium,WN,Southwest Airlines,4773,1037.0,171.2,81.16,0.98,1.92,31.0,-8.89,145.2,19764,26303
LAX-FAT,LAX,FAT,Los Angeles,Fresno,Large,OO,SkyWest Airlines,4773,209.0,69.9,85.59,0.38,3.46,26.0,-3.79,39.5,30854,21044
SEA-EWR,SEA,EWR,Seattle,Newark,Large,UA,United Airlines,4773,2402.0,318.2,77.88,2.01,4.72,45.0,-8.61,276.7,51417,19376
EWR-SEA,EWR,SEA,Newark,Seattle,Large,UA,United Airlines,4771,2402.0,372.5,73.05,1.91,6.76,58.0,-10.42,324.0,52369,31883
MSP-MCI,MSP,MCI,Minneapolis,Kansas City,Large,DL,Delta Air Lines,4771,393.0,90.2,82.27,0.78,2.41,35.0,-7.29,61.6,42437,13666
ORD-BWI,ORD,BWI,Chicago,Baltimore,Large,WN,Southwest Airlines,4770,622.0,112.2,73.0,3.65,8.6,46.0,-4.14,83.4,29941,35764
MCI-MSP,MCI,MSP,Kansas City,Minneapolis,Medium,DL,Delta Air Lines,4770,393.0,87.3,86.39,0.92,-0.39,22.0,-5.18,61.6,30427,19907
ATL-PVD,ATL,PVD,Atlanta,Providence,Large,DL,Delta Air Lines,4769,903.0,141.5,78.15,1.07,6.38,35.0,-5.09,114.4,42436,12539
ORD-PIT,ORD,PIT,Chicago,Pittsburgh,Large,YX,Republic Airways,4768,413.0,95.9,82.57,1.72,0.8,30.0,-5.55,60.2,28204,21086
PVD-ATL,PVD,ATL,Providence,Atlanta,Small,DL,Delta Air Lines,4768,903.0,164.8,82.63,1.11,2.03,29.0,-8.93,132.0,35622,18763
ATL-FLL,ATL,FLL,Atlanta,Fort Lauderdale,Large,WN,Southwest Airlines,4767,581.0,113.7,74.28,1.45,7.42,43.0,-9.44,85.3,33525,26841
MCO-IAH,MCO,IAH,Orlando,Houston,Large,NK,Spirit Airlines,4763,854.0,158.5,71.45,1.89,13.43,62.0,-5.35,125.8,68063,22442
BOS-PHL,BOS,PHL,Boston,Philadelphia,Large,B6,JetBlue Airways,4760,280.0,95.3,78.42,1.97,2.2,46.0,-7.96,62.2,38189,23365
DSM-ATL,DSM,ATL,Des Moines,Atlanta,Small,DL,Delta Air Lines,4759,743.0,129.2,87.83,0.78,-1.51,20.0,-9.89,97.9,38998,16634
PHL-BOS,PHL,BOS,Philadelphia,Boston,Large,B6,JetBlue Airways,4759,280.0,84.0,78.71,2.16,2.42,48.0,-6.63,51.3,39521,27866
SEA-LAX,SEA,LAX,Seattle,Los Angeles,Large,OO,SkyWest Airlines,4758,954.0,171.8,84.49,0.61,3.45,24.0,-5.67,132.0,36674,18995
ATL-DSM,ATL,DSM,Atlanta,Des Moines,Large,DL,Delta Air Lines,4758,743.0,132.2,86.11,0.78,-0.15,23.0,-6.37,106.6,29242,9262
IAH-MCO,IAH,MCO,Houston,Orlando,Large,NK,Spirit Airlines,4754,854.0,143.6,73.1,2.0,12.15,66.0,-6.36,110.7,68453,26991
YUM-PHX,YUM,PHX,Yuma,Phoenix,Non-hub,OO,SkyWest Airlines,4750,160.0,60.1,85.92,0.4,7.06,26.0,-1.74,32.6,51426,18181
PHX-YUM,PHX,YUM,Phoenix,Yuma,Large,OO,SkyWest Airlines,4748,160.0,61.7,86.35,0.34,2.43,25.0,-4.11,32.5,30240,17362
MCO-DCA,MCO,DCA,Orlando,Washington,Large,WN,Southwest Airlines,4747,759.0,133.6,70.63,1.96,12.28,57.0,-7.46,104.8,43614,37706
FAR-MSP,FAR,MSP,Fargo,Minneapolis,Small,OO,SkyWest Airlines,4745,223.0,71.6,81.81,1.22,3.6,38.0,-6.14,41.1,63505,0
DEN-ATL,DEN,ATL,Denver,Atlanta,Large,UA,United Airlines,4745,1199.0,178.4,75.72,0.91,8.66,47.0,-4.25,143.6,40558,26692
MSP-FAR,MSP,FAR,Minneapolis,Fargo,Large,OO,SkyWest Airlines,4744,223.0,72.8,81.79,1.14,3.07,37.0,-7.87,42.9,57466,0
RDU-JFK,RDU,JFK,Raleigh-durham,New York,Medium,B6,JetBlue Airways,4744,427.0,99.0,65.58,2.97,20.25,80.0,-3.22,67.1,64494,54896
ATL-DEN,ATL,DEN,Atlanta,Denver,Large,UA,United Airlines,4743,1199.0,205.5,81.72,1.2,4.5,33.0,-4.86,171.7,35673,23332
DCA-MCO,DCA,MCO,Washington,Orlando,Large,WN,Southwest Airlines,4742,759.0,144.4,75.73,1.73,7.94,46.0,-8.24,112.1,40913,27469
JFK-RDU,JFK,RDU,New York,Raleigh-durham,Large,B6,JetBlue Airways,4739,427.0,109.0,64.65,2.68,18.08,81.0,-5.38,72.0,75444,35607
DEN-MSY,DEN,MSY,Denver,New Orleans,Large,UA,United Airlines,4732,1062.0,159.0,77.43,1.82,6.25,41.0,-4.93,129.7,31006,29064
MSY-DEN,MSY,DEN,New Orleans,Denver,Medium,UA,United Airlines,4731,1062.0,178.6,80.89,1.97,3.33,35.0,-3.92,150.3,35409,17515
LAX-SEA,LAX,SEA,Los Angeles,Seattle,Large,OO,SkyWest Airlines,4729,954.0,176.6,84.77,0.51,-0.91,26.0,-6.71,138.3,27878,14996
HOU-DCA,HOU,DCA,Houston,Washington,Medium,WN,Southwest Airlines,4722,1218.0,173.3,76.3,1.33,6.27,38.5,-5.97,149.9,34185,20493
DCA-HOU,DCA,HOU,Washington,Houston,Large,WN,Southwest Airlines,4721,1218.0,205.9,76.62,1.93,4.23,40.0,-9.35,174.4,30010,27801
LGA-CLE,LGA,CLE,New York,Cleveland,Large,9E,Endeavor Air,4721,419.0,111.8,81.66,4.36,-3.96,30.0,-9.71,69.4,26261,18852
DAL-LIT,DAL,LIT,Dallas,Little Rock,Large,WN,Southwest Airlines,4720,296.0,69.3,71.67,1.72,10.06,50.0,-7.88,45.5,31249,39659
CLE-LGA,CLE,LGA,Cleveland,New York,Medium,9E,Endeavor Air,4719,419.0,102.5,80.82,4.53,2.26,37.0,-9.01,67.0,49726,19684
MSO-SLC,MSO,SLC,Missoula,Salt Lake City,Small,OO,SkyWest Airlines,4718,436.0,96.0,89.3,0.81,0.93,14.0,-4.09,67.9,44483,0
SLC-MSO,SLC,MSO,Salt Lake City,Missoula,Large,OO,SkyWest Airlines,4717,436.0,101.8,90.82,0.7,-4.72,10.0,-8.25,69.7,27011,0
LIT-DAL,LIT,DAL,Little Rock,Dallas,Small,WN,Southwest Airlines,4717,296.0,72.2,80.79,1.91,3.68,33.0,-5.95,49.9,23428,25114
BOI-DEN,BOI,DEN,Boise,Denver,Medium,WN,Southwest Airlines,4714,649.0,111.3,81.46,1.02,2.7,30.0,-5.08,85.7,27880,15809
DTW-LAS,DTW,LAS,Detroit,Las Vegas,Large,NK,Spirit Airlines,4714,1749.0,268.1,81.2,0.91,-0.31,33.0,-9.11,236.0,38045,9986
FLL-ATL,FLL,ATL,Fort Lauderdale,Atlanta,Large,WN,Southwest Airlines,4711,581.0,118.2,78.88,1.63,3.92,35.0,-8.37,86.2,26286,24765
BWI-CLE,BWI,CLE,Baltimore,Cleveland,Large,WN,Southwest Airlines,4711,314.0,79.0,69.88,1.87,11.4,47.0,-7.5,53.1,36881,31991
DFW-FLL,DFW,FLL,Dallas-Fort Worth,Fort Lauderdale,Large,NK,Spirit Airlines,4710,1119.0,170.7,73.69,1.78,12.03,53.0,-4.27,138.7,62340,20946
ATL-ABQ,ATL,ABQ,Atlanta,Albuquerque,Large,DL,Delta Air Lines,4710,1269.0,200.4,83.18,0.79,0.99,25.0,-5.07,173.8,28227,6794
ABQ-ATL,ABQ,ATL,Albuquerque,Atlanta,Medium,DL,Delta Air Lines,4710,1269.0,181.2,88.0,0.85,-1.81,17.0,-6.4,151.5,26439,8468
LAS-DTW,LAS,DTW,Las Vegas,Detroit,Large,NK,Spirit Airlines,4709,1749.0,236.1,76.9,1.17,8.01,43.0,-5.87,202.6,50482,19755
SMF-ATL,SMF,ATL,Sacramento,Atlanta,Medium,DL,Delta Air Lines,4704,2092.0,265.8,86.59,0.81,1.17,19.0,-6.03,237.6,31110,9192
SNA-ATL,SNA,ATL,Santa Ana,Atlanta,Medium,DL,Delta Air Lines,4704,1919.0,255.1,82.84,0.83,8.25,29.0,-9.29,218.6,64612,16774
ATL-SNA,ATL,SNA,Atlanta,Santa Ana,Large,DL,Delta Air Lines,4704,1919.0,284.8,77.61,0.64,4.28,32.0,-4.61,253.8,42764,4791
DEN-BOI,DEN,BOI,Denver,Boise,Large,WN,Southwest Airlines,4704,649.0,116.6,69.96,1.06,11.4,47.0,-5.7,92.4,31564,35148
ATL-SMF,ATL,SMF,Atlanta,Sacramento,Large,DL,Delta Air Lines,4703,2092.0,304.0,82.59,0.68,0.22,27.0,-7.21,275.1,33734,4895
PHL-FLL,PHL,FLL,Philadelphia,Fort Lauderdale,Large,NK,Spirit Airlines,4698,992.0,172.5,74.2,1.77,8.17,55.0,-6.7,137.7,59036,20005
FLL-DFW,FLL,DFW,Fort Lauderdale,Dallas-Fort Worth,Large,NK,Spirit Airlines,4697,1119.0,194.8,66.85,1.38,14.99,67.0,-5.07,161.0,73083,21518
CLE-BWI,CLE,BWI,Cleveland,Baltimore,Medium,WN,Southwest Airlines,4696,314.0,78.3,85.41,1.68,-1.17,22.0,-8.36,52.8,17014,16919
STL-MCI,STL,MCI,St. Louis,Kansas City,Medium,WN,Southwest Airlines,4694,237.0,65.2,75.33,1.43,7.15,38.9,-6.04,43.8,19016,34563
MHT-DCA,MHT,DCA,Manchester NH,Washington,Small,OH,PSA Airlines,4689,406.0,110.5,74.15,3.86,11.52,51.0,-2.1,80.5,51711,37921
CLT-SYR,CLT,SYR,Charlotte,Syracuse,Large,AA,American Airlines,4689,603.0,110.3,74.22,1.39,10.74,52.0,-4.37,83.3,37606,36099
DCA-MHT,DCA,MHT,Washington,Manchester NH,Large,OH,PSA Airlines,4688,406.0,99.3,73.17,4.12,8.91,51.1,-5.04,65.7,35303,38224
PDX-PHX,PDX,PHX,Portland,Phoenix,Medium,AS,Alaska Airlines,4688,1009.0,155.5,80.57,1.13,4.0,27.0,-0.54,132.2,27008,12676
SYR-CLT,SYR,CLT,Syracuse,Charlotte,Small,AA,American Airlines,4688,603.0,129.2,77.54,1.51,12.12,45.0,-4.59,97.4,48670,38252
MSP-EWR,MSP,EWR,Minneapolis,Newark,Large,DL,Delta Air Lines,4687,1008.0,160.7,74.59,1.58,10.14,62.0,-6.41,129.0,79397,8748
MSY-EWR,MSY,EWR,New Orleans,Newark,Medium,UA,United Airlines,4686,1167.0,178.1,79.43,2.41,5.78,45.0,-6.79,147.0,49495,27119
EWR-MSP,EWR,MSP,Newark,Minneapolis,Large,DL,Delta Air Lines,4685,1008.0,182.8,77.74,1.79,11.38,61.0,-8.29,147.8,61116,43588
ATL-MSN,ATL,MSN,Atlanta,Madison,Large,DL,Delta Air Lines,4685,707.0,123.5,86.85,0.7,-0.68,21.0,-6.16,99.5,26260,8395
PHX-PDX,PHX,PDX,Phoenix,Portland,Large,AS,Alaska Airlines,4683,1009.0,167.7,85.99,1.28,0.88,19.0,-0.76,142.9,15605,15972
MSN-ATL,MSN,ATL,Madison,Atlanta,Small,DL,Delta Air Lines,4682,707.0,129.2,90.22,0.79,-5.46,11.0,-9.42,99.6,28953,11628
FLL-PHL,FLL,PHL,Fort Lauderdale,Philadelphia,Large,NK,Spirit Airlines,4675,992.0,164.0,70.48,1.56,13.7,64.0,-5.43,133.8,61979,23782
MCI-STL,MCI,STL,Kansas City,St. Louis,Medium,WN,Southwest Airlines,4675,237.0,62.5,85.43,1.28,-0.37,20.0,-7.51,38.9,11008,18428
ATL-GPT,ATL,GPT,Atlanta,Gulfport,Large,DL,Delta Air Lines,4665,352.0,81.4,84.95,1.14,1.48,24.0,-5.49,57.2,30460,11331
GPT-ATL,GPT,ATL,Gulfport,Atlanta,Non-hub,DL,Delta Air Lines,4664,352.0,83.2,87.2,1.18,1.42,19.0,-5.38,53.8,36180,15913
SLC-JAC,SLC,JAC,Salt Lake City,Jacksn Hole,Large,DL,Delta Air Lines,4658,205.0,64.8,83.08,0.67,4.86,30.0,-5.17,39.1,51087,9505
JAC-SLC,JAC,SLC,Jacksn Hole,Salt Lake City,Small,DL,Delta Air Lines,4657,205.0,71.1,82.07,0.75,6.31,36.0,-4.8,38.4,46948,27856
GRR-MDW,GRR,MDW,Grand Rapids,Chicago,Medium,WN,Southwest Airlines,4655,137.0,61.9,81.42,1.76,1.87,28.0,-6.26,36.2,22677,21615
MDW-GRR,MDW,GRR,Chicago,Grand Rapids,Large,WN,Southwest Airlines,4650,137.0,52.3,72.92,1.48,9.69,47.0,-6.99,28.5,32798,31650
ORD-BWI,ORD,BWI,Chicago,Baltimore,Large,UA,United Airlines,4649,622.0,117.7,78.4,1.33,5.68,41.0,-4.94,84.0,32299,25747
BWI-ORD,BWI,ORD,Baltimore,Chicago,Large,UA,United Airlines,4648,622.0,131.9,82.36,1.44,4.54,30.0,-3.29,99.8,34706,24663
BOS-SLC,BOS,SLC,Boston,Salt Lake City,Large,DL,Delta Air Lines,4644,2105.0,330.9,83.4,0.6,-1.68,27.0,-12.62,288.0,38970,13930
SNA-LAS,SNA,LAS,Santa Ana,Las Vegas,Medium,NK,Spirit Airlines,4643,226.0,71.8,80.98,2.07,6.39,36.0,-2.85,44.9,38909,17767
LAS-SNA,LAS,SNA,Las Vegas,Santa Ana,Large,NK,Spirit Airlines,4642,226.0,69.8,82.44,1.59,1.6,29.0,-4.97,41.8,33343,9806
SLC-BOS,SLC,BOS,Salt Lake City,Boston,Large,DL,Delta Air Lines,4642,2105.0,278.2,81.99,0.6,1.8,30.0,-8.74,240.3,37894,13357
CLT-EYW,CLT,EYW,Charlotte,Key West,Large,AA,American Airlines,4639,736.0,131.8,73.49,1.88,13.97,49.0,-1.36,104.8,57038,31762
DEN-BNA,DEN,BNA,Denver,Nashville,Large,UA,United Airlines,4639,1014.0,155.9,78.85,0.71,6.41,39.0,-3.12,123.3,30203,24979
BNA-DEN,BNA,DEN,Nashville,Denver,Large,UA,United Airlines,4638,1014.0,180.8,80.29,0.82,5.66,42.0,-5.66,147.5,44983,22721
EYW-CLT,EYW,CLT,Key West,Charlotte,Small,AA,American Airlines,4637,736.0,137.0,71.43,2.16,18.52,59.0,-5.15,106.2,44416,61700
CHA-DFW,CHA,DFW,Chattanooga,Dallas-Fort Worth,Small,MQ,Envoy Air,4628,695.0,140.8,78.31,1.88,5.98,37.0,-4.78,109.1,34497,25766
DFW-CHA,DFW,CHA,Dallas-Fort Worth,Chattanooga,Large,MQ,Envoy Air,4626,695.0,122.3,81.73,1.88,3.12,32.0,-3.3,92.0,24907,17666
PHX-EWR,PHX,EWR,Phoenix,Newark,Large,AA,American Airlines,4623,2133.0,281.1,71.43,1.47,10.87,50.0,-3.82,247.0,52882,25041
ORD-GRB,ORD,GRB,Chicago,Green Bay,Large,OO,SkyWest Airlines,4622,173.0,69.6,74.23,2.01,10.87,50.0,-3.77,34.4,50475,28384
EWR-PHX,EWR,PHX,Newark,Phoenix,Large,AA,American Airlines,4620,2133.0,331.8,78.01,1.56,6.52,43.0,-12.16,288.2,51649,35842
GRB-ORD,GRB,ORD,Green Bay,Chicago,Small,OO,SkyWest Airlines,4620,173.0,76.9,78.25,2.12,10.7,45.4,-2.05,42.1,58175,27064
ORD-MIA,ORD,MIA,Chicago,Miami,Large,UA,United Airlines,4620,1197.0,192.2,78.96,1.0,5.15,38.0,-4.04,155.1,36948,22101
MIA-ORD,MIA,ORD,Miami,Chicago,Large,UA,United Airlines,4618,1197.0,207.0,76.38,1.15,11.66,52.0,-2.49,168.1,51096,33749
SLC-ABQ,SLC,ABQ,Salt Lake City,Albuquerque,Large,OO,SkyWest Airlines,4617,493.0,103.3,90.86,0.26,-3.98,12.0,-5.31,72.7,20230,0
ABQ-SLC,ABQ,SLC,Albuquerque,Salt Lake City,Medium,OO,SkyWest Airlines,4617,493.0,106.5,91.86,0.24,-4.62,9.0,-6.05,78.4,27936,0
SLC-SUN,SLC,SUN,Salt Lake City,Hailey,Large,OO,SkyWest Airlines,4605,222.0,66.2,90.34,0.67,-4.99,10.0,-6.11,40.3,19890,0
SUN-SLC,SUN,SLC,Hailey,Salt Lake City,Non-hub,OO,SkyWest Airlines,4605,222.0,65.0,90.86,0.93,-0.18,11.0,-2.39,39.5,45485,0
EWR-SNA,EWR,SNA,Newark,Santa Ana,Large,UA,United Airlines,4604,2434.0,369.1,80.26,2.41,-4.65,33.0,-12.43,326.9,28715,15326
SNA-EWR,SNA,EWR,Santa Ana,Newark,Medium,UA,United Airlines,4604,2434.0,316.0,77.74,2.54,7.92,45.0,-8.06,281.3,66805,18271
STT-MIA,STT,MIA,St. Thomas,Miami,Small,AA,American Airlines,4600,1107.0,183.3,81.13,0.74,8.59,34.0,-4.25,150.2,45784,46268
MIA-STT,MIA,STT,Miami,St. Thomas,Large,AA,American Airlines,4599,1107.0,167.0,80.0,0.67,3.3,35.0,-4.94,134.7,35592,17326
SEA-BOS,SEA,BOS,Seattle,Boston,Large,DL,Delta Air Lines,4597,2496.0,324.0,81.29,1.37,2.76,29.0,-9.25,283.3,44377,11392
MGM-ATL,MGM,ATL,MONTGOMERY,Atlanta,Non-hub,9E,Endeavor Air,4597,147.0,64.4,86.08,0.39,1.93,25.0,-7.57,31.5,25416,24311
ATL-MGM,ATL,MGM,Atlanta,MONTGOMERY,Large,9E,Endeavor Air,4596,147.0,58.4,87.25,0.39,1.16,21.0,-4.03,33.6,29894,8557
BOS-SEA,BOS,SEA,Boston,Seattle,Large,DL,Delta Air Lines,4595,2496.0,384.7,81.74,1.39,-0.62,29.0,-14.09,336.4,47082,13928
PDX-LAS,PDX,LAS,Portland,Las Vegas,Medium,NK,Spirit Airlines,4593,763.0,131.7,80.12,2.48,5.44,36.0,-4.23,105.4,39436,17350
LGA-ORD,LGA,ORD,New York,Chicago,Large,YX,Republic Airways,4592,733.0,166.4,83.65,2.5,-5.91,25.0,-11.84,119.0,31604,14164
LAS-PDX,LAS,PDX,Las Vegas,Portland,Large,NK,Spirit Airlines,4591,763.0,141.7,79.2,2.18,4.0,38.0,-5.35,113.6,35727,13992
MIA-JAX,MIA,JAX,Miami,Jacksonville,Large,MQ,Envoy Air,4590,335.0,82.7,82.03,1.37,2.64,29.0,-2.36,54.9,23894,14608
JAX-MIA,JAX,MIA,Jacksonville,Miami,Medium,MQ,Envoy Air,4589,335.0,78.6,80.04,1.61,4.98,36.0,-2.54,57.0,22873,25055
STL-DTW,STL,DTW,St. Louis,Detroit,Medium,DL,Delta Air Lines,4588,440.0,92.0,88.27,0.85,-1.06,18.0,-5.88,64.8,31591,17900
DTW-STL,DTW,STL,Detroit,St. Louis,Large,DL,Delta Air Lines,4587,440.0,100.9,84.87,0.7,0.03,30.0,-7.52,72.2,33374,11461
ORD-LGA,ORD,LGA,Chicago,New York,Large,YX,Republic Airways,4587,733.0,136.0,81.64,2.31,1.29,34.0,-6.61,98.6,38558,16229
MSP-CVG,MSP,CVG,Minneapolis,Cincinnati,Large,9E,Endeavor Air,4587,596.0,114.1,84.7,0.72,0.28,26.0,-4.58,81.1,28830,8806
EWR-BOS,EWR,BOS,Newark,Boston,Large,YX,Republic Airways,4582,200.0,82.2,73.72,5.24,7.47,55.0,-5.4,41.9,42806,31503
RDD-SFO,RDD,SFO,Redding,San Francisco,Non-hub,OO,SkyWest Airlines,4581,199.0,69.4,84.28,1.0,5.96,35.0,-4.71,43.6,56058,21469
SFO-RDD,SFO,RDD,San Francisco,Redding,Large,OO,SkyWest Airlines,4580,199.0,66.6,82.07,1.16,10.55,36.0,-4.19,36.7,61613,19525
CVG-MSP,CVG,MSP,Cincinnati,Minneapolis,Medium,9E,Endeavor Air,4579,596.0,123.3,87.7,0.68,-3.41,20.0,-7.68,94.3,21625,12776
TPA-BOS,TPA,BOS,Tampa,Boston,Large,DL,Delta Air Lines,4573,1185.0,185.5,79.23,1.95,5.65,48.3,-8.62,153.1,38983,30113
BOS-TPA,BOS,TPA,Boston,Tampa,Large,DL,Delta Air Lines,4572,1185.0,204.4,75.24,1.88,7.51,58.0,-8.14,169.7,47458,29982
SFO-SNA,SFO,SNA,San Francisco,Santa Ana,Large,UA,United Airlines,4571,372.0,95.9,84.23,0.79,1.07,27.0,-5.62,64.7,18900,22454
SNA-SFO,SNA,SFO,Santa Ana,San Francisco,Medium,UA,United Airlines,4569,372.0,92.1,81.27,1.03,2.67,37.0,-3.73,62.4,37363,17689
BOS-EWR,BOS,EWR,Boston,Newark,Large,YX,Republic Airways,4569,200.0,91.3,71.53,5.58,8.04,54.0,-0.86,52.9,57758,12014
MSP-DLH,MSP,DLH,Minneapolis,Duluth,Large,OO,SkyWest Airlines,4565,144.0,61.0,84.38,1.49,2.85,27.0,-7.25,30.3,56113,0
MCO-ATL,MCO,ATL,Orlando,Atlanta,Large,F9,Frontier Airlines,4565,404.0,102.4,63.33,2.34,21.26,83.0,0.27,65.0,69970,48154
ATL-MCO,ATL,MCO,Atlanta,Orlando,Large,F9,Frontier Airlines,4564,404.0,99.7,66.41,2.67,24.97,92.0,-6.31,61.7,66264,73848
DLH-MSP,DLH,MSP,Duluth,Minneapolis,Non-hub,OO,SkyWest Airlines,4564,144.0,68.3,84.84,1.36,2.04,28.0,-8.01,34.3,62768,0
STL-MSP,STL,MSP,St. Louis,Minneapolis,Medium,DL,Delta Air Lines,4562,448.0,95.4,87.2,1.01,0.08,21.0,-5.75,71.0,30600,20114
MSP-STL,MSP,STL,Minneapolis,St. Louis,Large,DL,Delta Air Lines,4562,448.0,92.8,81.92,1.03,2.51,34.0,-5.78,64.2,42525,9199
CLE-DCA,CLE,DCA,Cleveland,Washington,Medium,OH,PSA Airlines,4560,310.0,84.6,73.53,4.17,13.85,60.1,-2.12,54.8,51405,48276
DCA-CLE,DCA,CLE,Washington,Cleveland,Large,OH,PSA Airlines,4559,310.0,90.8,71.75,4.3,10.25,58.0,-4.24,55.2,35576,44881
COS-DAL,COS,DAL,Colorado Springs,Dallas,Small,WN,Southwest Airlines,4549,602.0,112.2,80.61,1.74,2.19,32.0,-7.82,84.6,21880,23411
DAL-COS,DAL,COS,Dallas,Colorado Springs,Large,WN,Southwest Airlines,4548,602.0,117.1,74.21,1.76,7.31,43.0,-7.72,91.8,23254,33728
LAS-SFO,LAS,SFO,Las Vegas,San Francisco,Large,AS,Alaska Airlines,4539,414.0,98.7,69.84,2.49,10.68,53.0,1.29,68.9,42487,27462
LGA-CLT,LGA,CLT,New York,Charlotte,Large,9E,Endeavor Air,4538,544.0,134.3,80.5,4.74,-4.32,33.0,-11.18,88.0,26022,19299
CLT-LGA,CLT,LGA,Charlotte,New York,Large,9E,Endeavor Air,4537,544.0,122.2,77.69,4.85,5.64,48.9,-8.14,79.2,50524,22970
SFO-LAS,SFO,LAS,San Francisco,Las Vegas,Large,AS,Alaska Airlines,4537,414.0,96.5,72.45,2.14,10.73,50.0,1.06,68.1,42076,21744
DEN-MAF,DEN,MAF,Denver,Midland,Large,OO,SkyWest Airlines,4537,563.0,111.9,76.37,1.68,9.17,52.0,-4.35,80.8,51033,23910
MAF-DEN,MAF,DEN,Midland,Denver,Small,OO,SkyWest Airlines,4536,563.0,117.4,77.12,1.7,13.19,55.0,-2.15,88.4,74262,16902
DFW-ORF,DFW,ORF,Dallas-Fort Worth,Norfolk,Large,AA,American Airlines,4534,1212.0,176.7,69.39,2.96,15.09,59.0,-6.54,146.3,49676,42683
IND-IAD,IND,IAD,Indianapolis,Washington,Medium,YX,Republic Airways,4533,476.0,100.4,88.0,1.17,-1.66,16.0,-2.96,72.3,17071,10083
ORF-DFW,ORF,DFW,Norfolk,Dallas-Fort Worth,Medium,AA,American Airlines,4533,1212.0,210.1,73.68,3.02,17.22,58.0,-5.22,175.9,58924,49036
BOS-MCO,BOS,MCO,Boston,Orlando,Large,NK,Spirit Airlines,4530,1121.0,199.1,64.61,3.16,17.62,76.0,-6.74,161.0,81196,27196
COS-PHX,COS,PHX,Colorado Springs,Phoenix,Small,WN,Southwest Airlines,4530,551.0,112.8,80.97,1.21,3.97,32.0,-6.42,85.1,20621,26637
LAS-SBA,LAS,SBA,Las Vegas,Santa Barbara,Large,WN,Southwest Airlines,4530,289.0,79.6,72.83,1.9,6.56,44.0,-9.7,51.2,20726,35624
MCO-BOS,MCO,BOS,Orlando,Boston,Large,NK,Spirit Airlines,4529,1121.0,181.1,67.92,2.72,14.25,64.0,-3.7,147.4,72198,13382
PVD-MCO,PVD,MCO,Providence,Orlando,Small,WN,Southwest Airlines,4528,1072.0,180.2,76.72,2.01,5.13,43.6,-7.26,152.7,29781,28005
RIC-DFW,RIC,DFW,Richmond,Dallas-Fort Worth,Medium,AA,American Airlines,4527,1158.0,204.1,73.87,2.47,13.59,52.0,-5.48,168.8,55313,37318
BOI-DEN,BOI,DEN,Boise,Denver,Medium,UA,United Airlines,4526,649.0,115.5,80.56,1.08,4.59,39.0,-2.05,87.8,39206,16822
DFW-RIC,DFW,RIC,Dallas-Fort Worth,Richmond,Large,AA,American Airlines,4526,1158.0,171.7,71.81,2.39,10.37,57.0,-7.51,139.1,38657,35450
SBA-LAS,SBA,LAS,Santa Barbara,Las Vegas,Small,WN,Southwest Airlines,4525,289.0,75.3,81.57,1.7,2.41,32.0,-6.82,49.0,25995,20544
PIT-ORD,PIT,ORD,Pittsburgh,Chicago,Medium,YX,Republic Airways,4524,413.0,108.9,87.82,1.41,-5.23,16.0,-6.81,71.6,24871,7947
CLT-JFK,CLT,JFK,Charlotte,New York,Large,9E,Endeavor Air,4524,541.0,127.7,77.65,3.87,5.78,46.0,-8.26,81.1,52370,22027
JFK-CLT,JFK,CLT,New York,Charlotte,Large,9E,Endeavor Air,4521,541.0,135.4,80.49,3.69,-3.52,35.0,-10.98,86.5,29794,18759
MCO-PVD,MCO,PVD,Orlando,Providence,Large,WN,Southwest Airlines,4520,1072.0,162.4,74.45,1.62,9.17,48.4,-5.59,137.3,30393,32259
LGA-STL,LGA,STL,New York,St. Louis,Large,9E,Endeavor Air,4512,888.0,175.8,81.69,4.74,-6.69,29.0,-12.95,131.4,26954,17379
STL-LGA,STL,LGA,St. Louis,New York,Medium,9E,Endeavor Air,4512,888.0,146.4,80.56,4.88,0.34,32.0,-7.04,116.1,36278,17576
JFK-DTW,JFK,DTW,New York,Detroit,Large,9E,Endeavor Air,4511,509.0,131.4,83.62,2.24,-1.92,31.0,-9.94,86.2,30345,18714
DFW-BHM,DFW,BHM,Dallas-Fort Worth,Birmingham,Large,MQ,Envoy Air,4510,597.0,107.7,79.98,1.97,3.69,32.0,-2.04,79.9,26547,15775
BHM-DFW,BHM,DFW,Birmingham,Dallas-Fort Worth,Small,MQ,Envoy Air,4506,597.0,131.2,77.92,1.95,7.54,42.0,-3.13,98.8,36161,25293
DEN-BOI,DEN,BOI,Denver,Boise,Large,UA,United Airlines,4503,649.0,119.7,75.77,0.8,9.32,49.0,-5.03,92.1,30260,34371
HOU-DFW,HOU,DFW,Houston,Dallas-Fort Worth,Medium,MQ,Envoy Air,4502,247.0,82.6,77.1,3.04,7.01,45.0,-3.25,49.1,34915,29245
DFW-CHS,DFW,CHS,Dallas-Fort Worth,Charleston,Large,AA,American Airlines,4502,987.0,150.4,65.64,3.11,17.63,72.3,-4.88,120.9,48763,48130
DFW-HOU,DFW,HOU,Dallas-Fort Worth,Houston,Large,MQ,Envoy Air,4502,247.0,76.8,77.08,2.95,3.79,38.0,-2.9,47.6,29604,17651
DTW-JFK,DTW,JFK,Detroit,New York,Large,9E,Endeavor Air,4502,509.0,114.2,84.52,2.22,-0.14,22.0,-6.8,77.0,36056,5660
CHS-DFW,CHS,DFW,Charleston,Dallas-Fort Worth,Medium,AA,American Airlines,4500,987.0,180.3,74.02,3.24,15.17,57.0,-5.84,145.3,52263,50047
PHX-COS,PHX,COS,Phoenix,Colorado Springs,Large,WN,Southwest Airlines,4500,551.0,101.1,74.96,1.0,7.19,39.0,-7.0,76.8,21831,28399
FAR-ORD,FAR,ORD,Fargo,Chicago,Small,OO,SkyWest Airlines,4494,557.0,126.3,75.12,2.67,16.81,65.1,-3.78,83.0,83711,28790
ORD-FAR,ORD,FAR,Chicago,Fargo,Large,OO,SkyWest Airlines,4494,557.0,128.1,71.36,2.69,15.7,63.7,-4.2,89.5,59886,36906
PHL-RSW,PHL,RSW,Philadelphia,Fort Myers,Large,AA,American Airlines,4491,993.0,175.2,75.62,2.34,7.96,51.0,-4.39,143.7,37780,33497
RSW-PHL,RSW,PHL,Fort Myers,Philadelphia,Medium,AA,American Airlines,4489,993.0,162.2,77.19,2.34,14.08,51.2,-3.49,136.2,45474,49004
JAX-EWR,JAX,EWR,Jacksonville,Newark,Medium,UA,United Airlines,4488,820.0,140.6,73.24,2.5,17.26,66.4,-3.19,111.1,80737,27687
AUS-ELP,AUS,ELP,Austin,El Paso,Large,WN,Southwest Airlines,4486,528.0,96.7,75.28,1.2,8.47,43.0,-4.81,75.7,19628,36383
ELP-AUS,ELP,AUS,El Paso,Austin,Small,WN,Southwest Airlines,4486,528.0,91.3,82.46,1.23,3.62,29.0,-4.43,69.8,14789,24527
DCA-PIT,DCA,PIT,Washington,Pittsburgh,Large,YX,Republic Airways,4485,204.0,73.0,83.57,1.87,-0.08,29.0,-6.76,39.3,22801,24658
ORD-ASE,ORD,ASE,Chicago,Aspen,Large,OO,SkyWest Airlines,4485,1013.0,191.2,59.69,4.19,23.46,79.0,-4.77,151.9,96817,31596
TPA-IND,TPA,IND,Tampa,Indianapolis,Large,WN,Southwest Airlines,4483,837.0,139.3,76.15,2.25,7.6,48.0,-6.18,115.5,23018,37757
SLC-SAT,SLC,SAT,Salt Lake City,San Antonio,Large,DL,Delta Air Lines,4480,1087.0,163.0,81.54,0.45,3.94,33.0,-4.46,134.9,36783,12516
SAT-SLC,SAT,SLC,San Antonio,Salt Lake City,Medium,DL,Delta Air Lines,4479,1087.0,177.4,86.14,0.6,2.87,23.0,-6.38,149.4,35744,21912
ASE-ORD,ASE,ORD,Aspen,Chicago,Small,OO,SkyWest Airlines,4479,1013.0,175.8,61.75,7.3,24.19,106.0,-6.49,133.2,94738,44141
PIT-DCA,PIT,DCA,Pittsburgh,Washington,Medium,YX,Republic Airways,4476,204.0,71.2,87.89,1.14,-4.0,16.0,-2.88,43.5,17616,7024
HOU-MIA,HOU,MIA,Houston,Miami,Medium,WN,Southwest Airlines,4475,955.0,142.2,71.08,2.28,9.79,44.9,-6.0,117.9,40392,21948
DTW-LGA,DTW,LGA,Detroit,New York,Large,NK,Spirit Airlines,4467,502.0,104.7,79.31,2.57,2.61,43.0,-6.49,74.7,48095,6553
LAS-IND,LAS,IND,Las Vegas,Indianapolis,Large,WN,Southwest Airlines,4466,1590.0,213.1,69.08,0.83,11.85,53.0,-6.92,184.6,37487,32832
LGA-DTW,LGA,DTW,New York,Detroit,Large,NK,Spirit Airlines,4464,502.0,120.0,80.02,2.73,1.08,45.1,-9.58,81.8,43485,19407
IAH-LAX,IAH,LAX,Houston,Los Angeles,Large,NK,Spirit Airlines,4461,1379.0,217.4,79.65,1.59,3.67,37.0,-6.93,186.2,40974,13413
TUL-DEN,TUL,DEN,Tulsa,Denver,Small,WN,Southwest Airlines,4459,541.0,107.5,80.94,1.86,3.27,31.0,-4.84,82.8,20743,21360
LAX-IAH,LAX,IAH,Los Angeles,Houston,Large,NK,Spirit Airlines,4457,1379.0,196.7,78.86,1.91,8.52,41.0,-4.79,165.9,44624,25208
IND-LAS,IND,LAS,Indianapolis,Las Vegas,Medium,WN,Southwest Airlines,4457,1590.0,243.9,80.84,0.76,1.07,29.0,-10.11,215.5,23194,17572
JFK-SAN,JFK,SAN,New York,San Diego,Large,DL,Delta Air Lines,4456,2446.0,378.4,81.17,1.53,-4.43,33.2,-18.2,324.6,52854,7322
ATW-ORD,ATW,ORD,Appleton,Chicago,Small,OO,SkyWest Airlines,4453,160.0,80.0,71.59,2.31,17.99,77.0,0.17,40.7,72271,32693
SAN-JFK,SAN,JFK,San Diego,New York,Large,DL,Delta Air Lines,4453,2446.0,333.2,79.43,1.66,4.87,36.0,-11.02,287.4,56736,18051
DFW-MCO,DFW,MCO,Dallas-Fort Worth,Orlando,Large,NK,Spirit Airlines,4452,985.0,162.1,70.28,2.7,13.29,60.0,-5.86,127.0,61421,23488
ORD-ATW,ORD,ATW,Chicago,Appleton,Large,OO,SkyWest Airlines,4451,160.0,71.1,71.8,1.84,15.75,65.0,-3.88,33.2,63059,32463
MIA-HOU,MIA,HOU,Miami,Houston,Large,WN,Southwest Airlines,4447,955.0,170.7,74.34,2.47,8.38,49.0,-7.18,140.8,28311,36409
KOA-SFO,KOA,SFO,Kona,San Francisco,Small,UA,United Airlines,4442,2367.0,304.9,88.07,0.86,-1.07,17.8,-7.69,277.3,26943,17440
MCO-DFW,MCO,DFW,Orlando,Dallas-Fort Worth,Large,NK,Spirit Airlines,4442,985.0,178.9,63.37,2.32,19.45,80.0,-3.48,145.4,82803,23132
SFO-KOA,SFO,KOA,San Francisco,Kona,Large,UA,United Airlines,4440,2367.0,332.2,83.74,0.27,-0.18,27.0,-9.82,294.7,26833,14377
SHV-DFW,SHV,DFW,Shreveport,Dallas-Fort Worth,Small,MQ,Envoy Air,4434,190.0,74.6,78.33,2.5,7.45,35.0,-2.6,42.9,30987,24667
DFW-SHV,DFW,SHV,Dallas-Fort Worth,Shreveport,Large,MQ,Envoy Air,4434,190.0,64.7,82.32,2.44,1.56,28.0,-4.04,34.7,21924,15423
DEN-PHL,DEN,PHL,Denver,Philadelphia,Large,UA,United Airlines,4433,1558.0,214.1,77.46,0.68,6.1,42.0,-6.39,180.0,31809,25303
BOS-LAS,BOS,LAS,Boston,Las Vegas,Large,B6,JetBlue Airways,4430,2381.0,359.1,75.15,0.77,2.2,54.0,-11.17,318.4,48287,18899
ELP-LAS,ELP,LAS,El Paso,Las Vegas,Small,WN,Southwest Airlines,4428,583.0,109.6,81.14,0.77,3.95,34.0,-5.54,85.1,22257,23024
SLC-STL,SLC,STL,Salt Lake City,St. Louis,Large,DL,Delta Air Lines,4428,1156.0,168.8,82.61,0.47,2.67,31.0,-5.86,139.2,35194,12088
MIA-MSY,MIA,MSY,Miami,New Orleans,Large,AA,American Airlines,4427,675.0,129.2,67.0,2.44,20.28,71.6,-2.62,100.6,60260,46660
STL-SLC,STL,SLC,St. Louis,Salt Lake City,Medium,DL,Delta Air Lines,4427,1156.0,195.4,89.04,0.56,-2.72,15.0,-8.16,167.0,28522,14692
PHL-DEN,PHL,DEN,Philadelphia,Denver,Large,UA,United Airlines,4426,1558.0,255.6,84.18,0.93,0.59,26.0,-8.7,218.5,37389,15024
LAS-BOS,LAS,BOS,Las Vegas,Boston,Large,B6,JetBlue Airways,4426,2381.0,307.2,70.9,1.06,15.28,73.6,-8.71,271.0,68184,44542
DEN-TUL,DEN,TUL,Denver,Tulsa,Large,WN,Southwest Airlines,4421,541.0,94.3,66.64,1.67,13.34,54.3,-5.39,70.2,32975,37793
MSY-MIA,MSY,MIA,New Orleans,Miami,Medium,AA,American Airlines,4416,675.0,119.1,76.49,2.51,15.59,48.0,-2.43,89.5,53861,38110
IND-TPA,IND,TPA,Indianapolis,Tampa,Medium,WN,Southwest Airlines,4415,837.0,133.9,78.57,1.83,5.37,38.0,-5.79,111.5,21753,27268
IND-JFK,IND,JFK,Indianapolis,New York,Medium,YX,Republic Airways,4415,665.0,133.4,83.13,2.24,0.81,27.0,-4.06,100.1,33241,8123
JFK-IND,JFK,IND,New York,Indianapolis,Large,YX,Republic Airways,4412,665.0,146.1,78.29,3.08,3.23,49.0,-5.21,104.3,30549,34406
ORD-SMF,ORD,SMF,Chicago,Sacramento,Large,UA,United Airlines,4411,1781.0,278.9,77.94,0.63,3.49,45.0,-10.22,238.3,31306,25342
LAS-ELP,LAS,ELP,Las Vegas,El Paso,Large,WN,Southwest Airlines,4411,583.0,101.4,72.86,0.86,9.23,44.0,-5.41,76.4,24777,31914
SMF-ORD,SMF,ORD,Sacramento,Chicago,Medium,UA,United Airlines,4409,1781.0,245.0,85.05,0.84,-0.04,23.0,-6.49,210.5,26732,15229
ATL-ICT,ATL,ICT,Atlanta,Wichita,Large,DL,Delta Air Lines,4408,782.0,136.9,86.3,0.64,-0.34,22.0,-6.13,112.1,26479,6738
SJU-CLT,SJU,CLT,San Juan,Charlotte,Medium,AA,American Airlines,4408,1475.0,234.7,80.6,0.66,9.36,33.0,-6.25,200.5,47547,34376
CLT-SJU,CLT,SJU,Charlotte,San Juan,Large,AA,American Airlines,4408,1475.0,218.9,78.68,0.61,5.72,37.0,-7.73,185.9,36639,23440
ICT-ATL,ICT,ATL,Wichita,Atlanta,Small,DL,Delta Air Lines,4407,782.0,129.7,88.16,0.79,-0.78,17.0,-8.64,100.4,36347,11825
PHL-SFO,PHL,SFO,Philadelphia,San Francisco,Large,AA,American Airlines,4406,2521.0,373.5,75.31,1.09,5.18,43.0,-7.3,332.9,47830,19463
GFK-MSP,GFK,MSP,Grand Forks,Minneapolis,Non-hub,OO,SkyWest Airlines,4405,284.0,80.2,85.27,1.82,1.71,27.0,-6.68,49.9,57025,0
MSP-GFK,MSP,GFK,Minneapolis,Grand Forks,Large,OO,SkyWest Airlines,4404,284.0,80.4,83.74,1.68,2.92,28.0,-6.99,51.6,52679,0
SFO-PHL,SFO,PHL,San Francisco,Philadelphia,Large,AA,American Airlines,4404,2521.0,321.0,81.4,1.14,2.04,28.0,-8.77,285.9,28764,25043
DEN-SLC,DEN,SLC,Denver,Salt Lake City,Large,F9,Frontier Airlines,4395,391.0,95.2,72.92,1.16,9.39,53.0,-3.77,64.9,40453,29129
SLC-DEN,SLC,DEN,Salt Lake City,Denver,Large,F9,Frontier Airlines,4394,391.0,94.9,74.28,1.5,10.03,52.0,-1.2,59.2,45739,29686
LAS-OMA,LAS,OMA,Las Vegas,Omaha,Large,WN,Southwest Airlines,4394,1099.0,157.0,69.53,1.12,10.66,47.0,-5.47,131.9,28813,34364
SFO-RDM,SFO,RDM,San Francisco,Redmond-Bend,Large,OO,SkyWest Airlines,4392,462.0,100.5,81.92,1.32,5.01,32.0,-4.94,69.1,35529,19072
RDM-SFO,RDM,SFO,Redmond-Bend,San Francisco,Small,OO,SkyWest Airlines,4391,462.0,104.5,79.48,1.48,7.75,44.0,-3.26,76.0,52610,16284
JFK-ORF,JFK,ORF,New York,Norfolk,Large,YX,Republic Airways,4385,290.0,90.5,80.27,3.65,1.11,33.0,-3.08,54.9,22970,23003
DEN-GEG,DEN,GEG,Denver,Spokane,Large,WN,Southwest Airlines,4385,836.0,142.0,68.26,1.51,11.37,49.0,-6.99,116.2,32710,31508
GEG-DEN,GEG,DEN,Spokane,Denver,Medium,WN,Southwest Airlines,4382,836.0,133.9,81.42,1.28,2.29,29.0,-6.78,107.4,25179,12192
ORF-JFK,ORF,JFK,Norfolk,New York,Medium,YX,Republic Airways,4381,290.0,87.0,80.94,5.0,-0.19,29.0,-4.91,51.1,27041,18051
TUS-SFO,TUS,SFO,Tucson,San Francisco,Medium,OO,SkyWest Airlines,4374,751.0,145.7,81.3,0.91,4.4,43.0,-6.63,115.5,51364,10804
SFO-TUS,SFO,TUS,San Francisco,Tucson,Large,OO,SkyWest Airlines,4373,751.0,133.8,83.74,0.53,2.15,30.0,-5.83,102.6,31202,13893
OMA-LAS,OMA,LAS,Omaha,Las Vegas,Medium,WN,Southwest Airlines,4373,1099.0,177.0,79.85,0.89,2.76,36.0,-8.63,151.1,20345,25482
MSP-BWI,MSP,BWI,Minneapolis,Baltimore,Large,DL,Delta Air Lines,4371,936.0,149.2,84.53,0.69,-1.52,26.0,-7.14,117.4,28736,5940
SEA-ORD,SEA,ORD,Seattle,Chicago,Large,DL,Delta Air Lines,4371,1721.0,241.3,78.36,1.1,7.58,44.0,-5.11,202.6,50119,15602
ORD-SEA,ORD,SEA,Chicago,Seattle,Large,DL,Delta Air Lines,4371,1721.0,278.9,79.41,1.17,4.73,37.0,-9.22,237.5,45532,20509
BWI-MSP,BWI,MSP,Baltimore,Minneapolis,Large,DL,Delta Air Lines,4371,936.0,164.1,87.97,0.75,-0.9,19.0,-8.06,135.1,31019,13336
ATL-IAH,ATL,IAH,Atlanta,Houston,Large,UA,United Airlines,4359,689.0,136.7,78.41,1.4,8.48,38.4,-3.47,104.5,39894,25444
DFW-FSM,DFW,FSM,Dallas-Fort Worth,Fort Smith,Large,MQ,Envoy Air,4359,227.0,69.7,81.69,2.94,1.79,27.0,-3.7,41.6,20869,15322
FSM-DFW,FSM,DFW,Fort Smith,Dallas-Fort Worth,Non-hub,MQ,Envoy Air,4358,227.0,76.1,79.53,3.14,4.49,31.0,-2.85,44.1,30842,20954
AUS-STL,AUS,STL,Austin,St. Louis,Large,WN,Southwest Airlines,4354,721.0,122.2,82.75,1.38,1.76,25.0,-6.54,98.3,13690,18360
LAS-BOI,LAS,BOI,Las Vegas,Boise,Large,WN,Southwest Airlines,4354,519.0,107.1,72.12,0.6,9.22,43.6,-6.3,81.6,24366,32487
BOI-LAS,BOI,LAS,Boise,Las Vegas,Medium,WN,Southwest Airlines,4350,519.0,105.5,83.36,0.53,2.35,29.0,-4.59,81.8,19140,18264
STL-LGA,STL,LGA,St. Louis,New York,Medium,YX,Republic Airways,4349,888.0,146.5,82.52,2.62,1.57,32.0,-3.81,118.7,35293,14787
LGA-STL,LGA,STL,New York,St. Louis,Large,YX,Republic Airways,4346,888.0,173.6,81.22,2.85,-1.96,36.0,-7.45,135.6,25139,20221
IAH-ATL,IAH,ATL,Houston,Atlanta,Large,UA,United Airlines,4337,689.0,125.8,74.04,1.25,11.59,53.0,-2.8,91.2,43907,27310
EWR-JAX,EWR,JAX,Newark,Jacksonville,Large,UA,United Airlines,4336,820.0,151.4,72.44,2.65,11.66,62.0,-3.45,117.8,45075,34474
CLT-ALB,CLT,ALB,Charlotte,Albany,Large,AA,American Airlines,4333,646.0,114.7,73.85,1.22,13.69,53.0,-3.27,89.8,38821,38769
ALB-CLT,ALB,CLT,Albany,Charlotte,Small,AA,American Airlines,4333,646.0,134.6,78.79,1.27,11.87,46.0,-6.16,104.6,47667,39657
ANC-ADQ,ANC,ADQ,Anchorage,Kodiak,Medium,AS,Alaska Airlines,4332,253.0,60.8,81.44,4.39,0.12,25.0,-1.2,42.7,17622,15093
ADQ-ANC,ADQ,ANC,Kodiak,Anchorage,Non-hub,AS,Alaska Airlines,4332,253.0,56.2,81.16,4.06,0.93,27.0,0.89,42.5,22313,17503
ORD-LAS,ORD,LAS,Chicago,Las Vegas,Large,NK,Spirit Airlines,4331,1514.0,239.9,74.28,1.82,8.23,52.0,-8.34,204.4,50283,19248
TUL-DEN,TUL,DEN,Tulsa,Denver,Small,OO,SkyWest Airlines,4329,541.0,119.6,78.59,1.39,8.94,46.0,-2.47,88.0,55393,15171
LAS-ORD,LAS,ORD,Las Vegas,Chicago,Large,NK,Spirit Airlines,4327,1514.0,216.9,72.57,1.96,9.27,51.0,-3.79,181.2,48718,17005
ABQ-HOU,ABQ,HOU,Albuquerque,Houston,Medium,WN,Southwest Airlines,4327,759.0,123.6,84.38,0.99,1.29,22.0,-6.22,99.9,16188,14604
STL-AUS,STL,AUS,St. Louis,Austin,Medium,WN,Southwest Airlines,4326,721.0,126.0,76.98,1.53,6.3,38.0,-6.39,102.8,20257,28747
GPT-CLT,GPT,CLT,Gulfport,Charlotte,Non-hub,OH,PSA Airlines,4316,577.0,115.3,82.92,1.78,5.01,29.0,-2.42,80.3,33673,23573
CLT-GPT,CLT,GPT,Charlotte,Gulfport,Large,OH,PSA Airlines,4316,577.0,123.8,80.05,1.69,3.48,31.8,-4.34,86.9,28103,19562
MKE-PHX,MKE,PHX,Milwaukee,Phoenix,Medium,WN,Southwest Airlines,4314,1460.0,228.9,81.94,1.07,-0.29,25.0,-9.51,200.7,16884,18717
PHX-MKE,PHX,MKE,Phoenix,Milwaukee,Large,WN,Southwest Airlines,4311,1460.0,197.0,74.62,0.74,8.6,43.0,-7.0,173.7,27216,27600
MSP-IAD,MSP,IAD,Minneapolis,Washington,Large,OO,SkyWest Airlines,4303,908.0,149.1,81.41,0.7,2.9,33.0,-5.58,117.6,45647,0
CLT-EWR,CLT,EWR,Charlotte,Newark,Large,UA,United Airlines,4303,529.0,118.8,72.46,2.84,15.63,70.0,-3.34,78.8,74203,26185
IAD-MSP,IAD,MSP,Washington,Minneapolis,Medium,OO,SkyWest Airlines,4298,908.0,170.9,83.13,0.77,6.21,36.0,-7.39,138.3,67564,0
HOU-ABQ,HOU,ABQ,Houston,Albuquerque,Medium,WN,Southwest Airlines,4296,759.0,132.8,77.68,1.28,5.09,36.0,-6.53,109.5,21808,23103
BWI-CLT,BWI,CLT,Baltimore,Charlotte,Large,WN,Southwest Airlines,4294,361.0,96.0,70.17,1.65,10.56,45.0,-6.75,62.8,35497,26012
DTW-OMA,DTW,OMA,Detroit,Omaha,Large,OO,SkyWest Airlines,4290,651.0,129.1,77.97,0.86,9.86,52.0,-5.84,98.4,73356,0
MHT-CLT,MHT,CLT,Manchester NH,Charlotte,Small,OH,PSA Airlines,4289,737.0,153.4,82.23,2.52,2.22,34.0,-8.08,119.8,30760,31971
OMA-DTW,OMA,DTW,Omaha,Detroit,Medium,OO,SkyWest Airlines,4289,651.0,119.8,82.23,0.89,8.41,40.0,-5.19,88.8,70399,0
CLT-MHT,CLT,MHT,Charlotte,Manchester NH,Large,OH,PSA Airlines,4287,737.0,136.2,80.15,2.1,3.11,35.6,-5.87,101.4,25189,23902
ACY-MCO,ACY,MCO,Atlantic City,Orlando,Non-hub,NK,Spirit Airlines,4286,852.0,151.9,77.55,2.26,5.83,43.0,-4.74,121.2,48327,18222
MCO-ACY,MCO,ACY,Orlando,Atlantic City,Large,NK,Spirit Airlines,4284,852.0,138.4,71.24,2.15,13.47,62.0,-2.25,112.2,59707,16863
JFK-RSW,JFK,RSW,New York,Fort Myers,Large,B6,JetBlue Airways,4283,1074.0,193.1,65.44,3.67,14.55,74.0,-6.33,156.6,65563,26181
CLT-BWI,CLT,BWI,Charlotte,Baltimore,Large,WN,Southwest Airlines,4279,361.0,90.5,75.25,1.78,7.71,41.0,-6.84,57.1,27525,26977
RSW-JFK,RSW,JFK,Fort Myers,New York,Medium,B6,JetBlue Airways,4275,1074.0,169.3,65.59,4.05,19.39,83.0,-3.85,141.1,51827,56631
LEX-ORD,LEX,ORD,Lexington KY,Chicago,Small,OO,SkyWest Airlines,4271,323.0,100.4,74.6,2.11,11.29,52.5,-2.31,61.2,59781,20385
ORD-LEX,ORD,LEX,Chicago,Lexington KY,Large,OO,SkyWest Airlines,4270,323.0,87.8,75.6,1.76,10.14,52.0,-3.26,53.0,50383,18400
OAJ-CLT,OAJ,CLT,Jacksonville NC,Charlotte,Non-hub,OH,PSA Airlines,4268,191.0,79.3,83.55,2.25,2.61,27.0,-6.88,45.0,29639,21282
ATL-ONT,ATL,ONT,Atlanta,Ontario,Large,DL,Delta Air Lines,4268,1900.0,279.0,79.01,1.17,2.98,34.0,-7.65,249.9,34053,10619
ONT-ATL,ONT,ATL,Ontario,Atlanta,Medium,DL,Delta Air Lines,4268,1900.0,249.5,87.72,1.22,-1.52,15.6,-7.27,219.7,22438,8529
SFO-LAS,SFO,LAS,San Francisco,Las Vegas,Large,F9,Frontier Airlines,4267,414.0,102.1,66.74,1.29,21.54,79.0,-4.24,67.0,38627,79179
CLT-OAJ,CLT,OAJ,Charlotte,Jacksonville NC,Large,OH,PSA Airlines,4267,191.0,67.1,80.52,2.2,4.68,36.0,-4.15,35.6,24900,24382
MSY-BWI,MSY,BWI,New Orleans,Baltimore,Medium,WN,Southwest Airlines,4265,998.0,147.7,77.56,2.32,5.92,36.0,-5.51,125.5,18792,24550
DFW-VPS,DFW,VPS,Dallas-Fort Worth,Valparaiso,Large,AA,American Airlines,4265,641.0,118.9,65.06,2.49,21.85,81.0,-4.82,86.0,56042,57809
VPS-DFW,VPS,DFW,Valparaiso,Dallas-Fort Worth,Small,AA,American Airlines,4263,641.0,136.0,70.09,2.65,25.22,78.0,-3.85,102.5,67843,62086
LAS-SFO,LAS,SFO,Las Vegas,San Francisco,Large,F9,Frontier Airlines,4262,414.0,105.2,69.26,1.15,13.16,63.0,-1.22,69.0,55501,26411
DAL-FLL,DAL,FLL,Dallas,Fort Lauderdale,Large,WN,Southwest Airlines,4259,1108.0,160.8,72.74,2.25,9.05,46.0,-7.13,136.6,32198,25751
OAK-SLC,OAK,SLC,Oakland,Salt Lake City,Medium,WN,Southwest Airlines,4257,588.0,104.7,78.95,0.52,5.0,34.0,-5.95,80.8,19092,22268
ANC-FAI,ANC,FAI,Anchorage,Fairbanks,Medium,AS,Alaska Airlines,4256,261.0,61.0,86.4,0.87,-0.56,21.0,0.44,42.4,18564,8861
DFW-SBN,DFW,SBN,Dallas-Fort Worth,South Bend,Large,OO,SkyWest Airlines,4255,846.0,147.6,76.33,1.46,9.02,59.0,-4.95,111.8,51585,18452
FAI-ANC,FAI,ANC,Fairbanks,Anchorage,Small,AS,Alaska Airlines,4254,261.0,63.9,86.55,1.01,-1.64,19.0,1.89,44.8,11026,15813
FLL-DAL,FLL,DAL,Fort Lauderdale,Dallas,Large,WN,Southwest Airlines,4253,1108.0,186.9,73.08,2.45,8.77,47.0,-6.0,157.8,31661,29869
SBN-DFW,SBN,DFW,South Bend,Dallas-Fort Worth,Small,OO,SkyWest Airlines,4252,846.0,162.5,74.37,1.69,10.6,53.5,-4.94,125.9,68494,12866
EWR-CLT,EWR,CLT,Newark,Charlotte,Large,UA,United Airlines,4248,529.0,123.7,71.99,2.31,12.3,70.0,-5.99,83.9,45110,42651
DSM-DFW,DSM,DFW,Des Moines,Dallas-Fort Worth,Small,AA,American Airlines,4248,624.0,126.4,69.7,3.3,24.6,76.0,-4.92,93.4,71000,62633
DFW-DSM,DFW,DSM,Dallas-Fort Worth,Des Moines,Large,AA,American Airlines,4248,624.0,113.7,61.3,3.23,26.87,91.0,-3.03,85.3,54501,70982
SFO-BUR,SFO,BUR,San Francisco,Burbank,Large,WN,Southwest Airlines,4247,326.0,74.3,77.18,2.85,2.89,37.0,-9.02,50.2,13794,29689
LAS-COS,LAS,COS,Las Vegas,Colorado Springs,Large,WN,Southwest Airlines,4246,604.0,109.4,72.3,1.18,9.23,47.0,-6.9,81.6,22192,35570
RIC-BOS,RIC,BOS,Richmond,Boston,Medium,B6,JetBlue Airways,4244,474.0,97.0,76.63,2.17,8.96,53.0,-4.52,70.3,43859,31607
BOS-RIC,BOS,RIC,Boston,Richmond,Large,B6,JetBlue Airways,4243,474.0,109.3,73.56,1.84,9.02,59.0,-4.68,80.8,44422,25012
LAS-MKE,LAS,MKE,Las Vegas,Milwaukee,Large,WN,Southwest Airlines,4242,1524.0,206.9,69.8,0.85,10.9,51.0,-7.53,179.6,30016,34831
JAX-BNA,JAX,BNA,Jacksonville,Nashville,Medium,WN,Southwest Airlines,4241,483.0,97.6,84.13,1.32,1.03,25.0,-7.16,73.5,10955,22023
LAS-PHX,LAS,PHX,Las Vegas,Phoenix,Large,F9,Frontier Airlines,4241,255.0,77.9,74.27,0.8,12.43,63.0,-2.18,45.9,39827,41119
PHX-LAS,PHX,LAS,Phoenix,Las Vegas,Large,F9,Frontier Airlines,4235,255.0,75.0,77.66,0.99,9.89,57.0,-3.38,45.0,36347,39052
MKE-LAS,MKE,LAS,Milwaukee,Las Vegas,Medium,WN,Southwest Airlines,4231,1524.0,234.3,82.65,0.59,-0.87,29.0,-9.8,205.9,20981,15820
BWI-MSY,BWI,MSY,Baltimore,New Orleans,Large,WN,Southwest Airlines,4230,998.0,168.2,70.26,1.96,9.59,45.0,-7.19,141.7,34437,24957
ORD-RSW,ORD,RSW,Chicago,Fort Myers,Large,AA,American Airlines,4225,1120.0,173.4,75.88,1.59,6.89,50.0,-4.86,144.6,38623,23280
BOS-PIT,BOS,PIT,Boston,Pittsburgh,Large,YX,Republic Airways,4225,496.0,118.7,83.41,1.7,-1.26,32.0,-7.0,82.0,23766,18271
PIT-BOS,PIT,BOS,Pittsburgh,Boston,Medium,YX,Republic Airways,4224,496.0,108.3,84.99,1.73,-2.53,25.0,-5.78,73.7,29680,4389
BNA-JAX,BNA,JAX,Nashville,Jacksonville,Large,WN,Southwest Airlines,4223,483.0,90.6,78.26,1.3,6.48,34.0,-4.98,66.8,15440,27915
SEA-ORD,SEA,ORD,Seattle,Chicago,Large,AA,American Airlines,4222,1721.0,247.4,78.07,1.54,8.36,40.0,-7.84,203.3,47049,29522
RSW-ORD,RSW,ORD,Fort Myers,Chicago,Medium,AA,American Airlines,4222,1120.0,193.9,75.49,1.66,10.76,54.0,-5.13,158.1,42159,41646
ORD-SEA,ORD,SEA,Chicago,Seattle,Large,AA,American Airlines,4221,1721.0,279.2,74.3,1.42,7.08,47.0,-9.56,236.4,41803,26309
COS-LAS,COS,LAS,Colorado Springs,Las Vegas,Small,WN,Southwest Airlines,4218,604.0,118.5,77.19,1.21,7.46,44.0,-5.36,92.0,26829,30353
IAH-CLE,IAH,CLE,Houston,Cleveland,Large,UA,United Airlines,4214,1091.0,165.3,80.45,0.9,4.7,38.0,-5.78,133.6,27819,23083
BOI-SEA,BOI,SEA,Boise,Seattle,Medium,QX,Horizon Air,4213,399.0,100.6,84.6,1.09,1.84,23.1,-2.78,77.3,20809,12385
BUR-SFO,BUR,SFO,Burbank,San Francisco,Medium,WN,Southwest Airlines,4212,326.0,79.9,73.03,3.13,5.92,42.0,-5.85,53.6,21213,28169
RDM-SEA,RDM,SEA,Redmond-Bend,Seattle,Small,QX,Horizon Air,4211,228.0,73.5,84.68,1.4,3.79,23.0,-1.61,50.6,20180,14232
DCA-ATL,DCA,ATL,Washington,Atlanta,Large,YX,Republic Airways,4207,547.0,125.1,83.6,2.45,-1.91,25.0,-6.47,86.8,18873,15972
ATL-DCA,ATL,DCA,Atlanta,Washington,Large,YX,Republic Airways,4207,547.0,114.6,84.0,2.02,-0.71,24.0,-4.41,81.3,20792,18101
SEA-RDM,SEA,RDM,Seattle,Redmond-Bend,Large,QX,Horizon Air,4206,228.0,64.7,82.88,1.14,5.19,25.0,-0.31,44.9,19514,12279
SLC-OAK,SLC,OAK,Salt Lake City,Oakland,Large,WN,Southwest Airlines,4202,588.0,114.8,81.89,0.43,2.04,30.0,-7.82,86.2,15714,22105
CLE-IAH,CLE,IAH,Cleveland,Houston,Medium,UA,United Airlines,4201,1091.0,188.0,84.98,0.88,-2.02,22.0,-5.48,157.2,23189,12129
SEA-ONT,SEA,ONT,Seattle,Ontario,Large,OO,SkyWest Airlines,4200,956.0,165.1,90.24,0.55,-5.14,13.0,-7.48,132.1,19884,26
ONT-SEA,ONT,SEA,Ontario,Seattle,Medium,OO,SkyWest Airlines,4199,956.0,172.0,90.43,0.67,-3.7,13.0,-4.95,140.7,23941,58
ILM-LGA,ILM,LGA,Wilmington,New York,Small,YX,Republic Airways,4199,500.0,103.5,79.64,3.86,5.51,38.0,-1.99,75.6,32738,21210
LGA-ILM,LGA,ILM,New York,Wilmington,Large,YX,Republic Airways,4197,500.0,114.7,77.13,4.53,1.08,40.0,-3.44,79.4,21266,23594
JFK-JAX,JFK,JAX,New York,Jacksonville,Large,B6,JetBlue Airways,4196,828.0,157.5,65.4,3.15,18.06,83.0,-5.71,120.7,71760,29348
ORD-ICT,ORD,ICT,Chicago,Wichita,Large,OO,SkyWest Airlines,4195,588.0,128.7,71.08,1.76,12.29,57.0,-4.31,90.6,56505,21717
BNA-ATL,BNA,ATL,Nashville,Atlanta,Large,WN,Southwest Airlines,4194,214.0,68.0,79.8,1.1,3.21,34.0,-7.64,39.0,19022,23212
SGF-ORD,SGF,ORD,Springfield,Chicago,Small,MQ,Envoy Air,4194,438.0,103.7,78.52,1.5,9.29,51.0,-4.08,69.4,43268,29718
ORD-SGF,ORD,SGF,Chicago,Springfield,Large,MQ,Envoy Air,4193,438.0,104.7,79.61,1.5,2.31,38.0,-5.63,70.0,25282,20493
JAX-JFK,JAX,JFK,Jacksonville,New York,Medium,B6,JetBlue Airways,4192,828.0,137.6,66.53,3.22,18.51,77.0,-3.4,109.5,50487,46709
STL-RSW,STL,RSW,St. Louis,Fort Myers,Medium,WN,Southwest Airlines,4192,979.0,145.9,75.43,2.41,7.48,40.0,-4.93,125.8,26714,21838
RSW-STL,RSW,STL,Fort Myers,St. Louis,Medium,WN,Southwest Airlines,4192,979.0,158.2,75.05,2.72,8.28,40.0,-4.07,136.3,21046,31812
ICT-ORD,ICT,ORD,Wichita,Chicago,Small,OO,SkyWest Airlines,4191,588.0,123.0,79.48,2.34,10.25,51.0,-4.88,86.8,60335,21974
DEN-MCO,DEN,MCO,Denver,Orlando,Large,F9,Frontier Airlines,4189,1546.0,222.6,68.39,1.84,15.73,64.0,-8.57,182.8,63884,31190
IAD-LAS,IAD,LAS,Washington,Las Vegas,Medium,UA,United Airlines,4189,2065.0,312.8,82.62,0.69,-1.06,34.0,-9.88,275.2,27324,18356
FLL-HPN,FLL,HPN,Fort Lauderdale,White Plains,Large,B6,JetBlue Airways,4187,1097.0,179.2,70.62,1.72,12.89,72.0,-5.06,150.2,53994,29630
MCO-DEN,MCO,DEN,Orlando,Denver,Large,F9,Frontier Airlines,4187,1546.0,254.0,69.81,1.62,13.36,68.0,-6.8,214.9,51874,37354
JAN-HOU,JAN,HOU,Jackson,Houston,Small,WN,Southwest Airlines,4187,359.0,86.4,83.85,1.65,-1.45,28.0,-10.03,60.2,15771,22809
HPN-FLL,HPN,FLL,White Plains,Fort Lauderdale,Small,B6,JetBlue Airways,4186,1097.0,182.5,73.58,2.05,8.69,60.0,-7.0,154.3,49512,29769
LAS-IAD,LAS,IAD,Las Vegas,Washington,Large,UA,United Airlines,4182,2065.0,269.0,83.67,0.88,-0.48,28.0,-8.01,235.5,26194,18161
HOU-JAN,HOU,JAN,Houston,Jackson,Medium,WN,Southwest Airlines,4181,359.0,79.0,76.97,1.36,5.04,39.0,-9.9,53.3,22028,26690
ATL-BNA,ATL,BNA,Atlanta,Nashville,Large,WN,Southwest Airlines,4176,214.0,68.2,81.7,0.89,3.13,31.0,-7.91,40.7,17933,20082
DEN-ICT,DEN,ICT,Denver,Wichita,Large,OO,SkyWest Airlines,4176,420.0,91.1,78.74,1.29,7.63,41.0,-4.26,60.5,40232,17547
CMH-DEN,CMH,DEN,Columbus,Denver,Medium,WN,Southwest Airlines,4173,1154.0,192.1,78.79,1.22,3.11,36.2,-8.08,164.6,24528,21398
DEN-CMH,DEN,CMH,Denver,Columbus,Large,WN,Southwest Airlines,4171,1154.0,161.5,66.41,1.63,14.49,54.0,-4.73,136.9,35069,34252
BTR-DFW,BTR,DFW,Baton Rouge,Dallas-Fort Worth,Small,MQ,Envoy Air,4165,383.0,98.0,79.28,2.71,7.07,38.0,-2.99,68.1,35783,20898
DFW-BTR,DFW,BTR,Dallas-Fort Worth,Baton Rouge,Large,MQ,Envoy Air,4162,383.0,85.2,80.13,2.67,4.83,33.0,-2.02,58.1,25919,15511
SEA-MSP,SEA,MSP,Seattle,Minneapolis,Large,AS,Alaska Airlines,4161,1399.0,200.3,78.06,1.3,4.84,32.0,-2.07,169.0,25846,12326
MSP-SEA,MSP,SEA,Minneapolis,Seattle,Large,AS,Alaska Airlines,4159,1399.0,237.6,80.12,1.44,0.11,33.0,-6.72,195.7,26278,15021
DSM-DEN,DSM,DEN,Des Moines,Denver,Small,UA,United Airlines,4156,589.0,121.2,77.89,1.3,9.35,47.0,-0.13,90.0,49640,14953
IAD-ATL,IAD,ATL,Washington,Atlanta,Medium,UA,United Airlines,4153,534.0,114.4,76.31,0.92,9.87,48.0,-2.65,80.8,41457,25272
DCA-TYS,DCA,TYS,Washington,Knoxville,Large,OH,PSA Airlines,4153,437.0,104.7,72.77,2.48,11.13,63.0,-2.59,70.1,36590,40726
TYS-DCA,TYS,DCA,Knoxville,Washington,Small,OH,PSA Airlines,4153,437.0,96.5,78.69,2.65,6.66,45.0,-3.01,66.2,35737,31566
CMH-ORD,CMH,ORD,Columbus,Chicago,Medium,YX,Republic Airways,4152,296.0,92.3,86.3,1.11,-2.08,20.0,-4.82,56.0,26238,6668
ORD-CMH,ORD,CMH,Chicago,Columbus,Large,YX,Republic Airways,4152,296.0,87.1,80.9,1.76,3.75,36.0,-4.98,48.7,30169,20708
FAT-SAN,FAT,SAN,Fresno,San Diego,Small,OO,SkyWest Airlines,4151,314.0,75.6,80.0,0.77,6.43,35.0,1.95,53.9,25728,18436
SAN-FAT,SAN,FAT,San Diego,Fresno,Large,OO,SkyWest Airlines,4151,314.0,78.6,77.84,0.75,7.17,39.0,-0.11,51.2,20071,27546
RNO-PHX,RNO,PHX,Reno,Phoenix,Medium,WN,Southwest Airlines,4150,601.0,107.7,83.73,1.16,1.44,26.0,-6.35,82.9,13705,20694
PHX-PSP,PHX,PSP,Phoenix,Palm Springs,Large,OO,SkyWest Airlines,4147,261.0,72.2,83.87,0.48,2.78,30.0,-3.06,44.3,22536,14577
PSP-PHX,PSP,PHX,Palm Springs,Phoenix,Small,OO,SkyWest Airlines,4147,261.0,74.6,84.37,0.6,5.26,28.0,-0.65,45.4,37746,15541
DEN-DSM,DEN,DSM,Denver,Des Moines,Large,UA,United Airlines,4146,589.0,102.2,73.85,1.11,11.71,60.0,-3.23,74.8,36342,34023
IAD-AUS,IAD,AUS,Washington,Austin,Medium,UA,United Airlines,4139,1297.0,213.2,81.2,0.94,4.38,34.0,-4.61,181.5,30156,22080
ATL-IAD,ATL,IAD,Atlanta,Washington,Large,UA,United Airlines,4138,534.0,108.5,81.56,0.87,7.45,38.0,-3.7,78.3,29494,27622
AUS-IAD,AUS,IAD,Austin,Washington,Large,UA,United Airlines,4136,1297.0,189.5,85.64,1.06,1.58,23.0,-4.85,161.4,22876,15457
TPA-AUS,TPA,AUS,Tampa,Austin,Large,WN,Southwest Airlines,4135,928.0,158.2,76.54,1.89,6.46,37.0,-4.99,133.8,23459,23816
AUS-TPA,AUS,TPA,Austin,Tampa,Large,WN,Southwest Airlines,4135,928.0,137.6,73.57,1.64,9.7,44.0,-4.37,116.3,26268,28835
DFW-ROW,DFW,ROW,Dallas-Fort Worth,Roswell,Large,OO,SkyWest Airlines,4133,435.0,99.8,79.12,2.61,6.72,40.0,-3.74,67.2,43970,14274
BUR-LAS,BUR,LAS,Burbank,Las Vegas,Medium,NK,Spirit Airlines,4132,223.0,71.1,75.15,2.13,9.62,49.2,-2.9,42.3,41370,22486
ROW-DFW,ROW,DFW,Roswell,Dallas-Fort Worth,Non-hub,OO,SkyWest Airlines,4131,435.0,97.5,78.02,2.52,13.69,54.0,-3.33,66.2,72291,17681
MSP-IND,MSP,IND,Minneapolis,Indianapolis,Large,DL,Delta Air Lines,4131,503.0,97.4,81.36,0.7,3.76,35.6,-4.2,69.3,37057,8376
IND-MSP,IND,MSP,Indianapolis,Minneapolis,Medium,DL,Delta Air Lines,4129,503.0,111.9,85.95,0.82,0.34,25.0,-7.17,82.2,31055,18671
DFW-MLU,DFW,MLU,Dallas-Fort Worth,Monroe,Large,MQ,Envoy Air,4128,293.0,75.8,81.78,2.59,1.9,29.0,-4.1,47.1,23511,14438
MLU-DFW,MLU,DFW,Monroe,Dallas-Fort Worth,Non-hub,MQ,Envoy Air,4128,293.0,89.2,80.86,2.69,7.57,31.0,-2.88,57.3,37794,19948
SHV-ATL,SHV,ATL,Shreveport,Atlanta,Small,9E,Endeavor Air,4126,551.0,107.1,86.98,1.14,-0.13,20.0,-6.11,77.3,21542,15391
LAS-BUR,LAS,BUR,Las Vegas,Burbank,Large,NK,Spirit Airlines,4126,223.0,73.3,80.66,1.62,3.17,36.0,-3.77,46.4,33962,10005
DEN-SGU,DEN,SGU,Denver,Saint George,Large,OO,SkyWest Airlines,4125,517.0,109.9,78.23,1.07,7.07,43.0,-5.01,80.3,44344,16547
SGU-DEN,SGU,DEN,Saint George,Denver,Small,OO,SkyWest Airlines,4125,517.0,110.4,79.52,0.82,8.48,47.0,-4.2,76.3,56249,16803
ATL-SHV,ATL,SHV,Atlanta,Shreveport,Large,9E,Endeavor Air,4125,551.0,110.8,87.25,1.12,-2.12,18.0,-5.52,83.9,20156,7216
DCA-RDU,DCA,RDU,Washington,Raleigh-durham,Large,YX,Republic Airways,4124,227.0,80.2,81.79,2.55,0.53,31.0,-4.76,45.4,17444,21493
DEN-LAX,DEN,LAX,Denver,Los Angeles,Large,DL,Delta Air Lines,4120,862.0,152.5,80.7,1.09,6.82,41.0,-5.06,119.3,35713,27013
SJU-IAH,SJU,IAH,San Juan,Houston,Medium,UA,United Airlines,4119,2007.0,293.9,82.67,1.19,1.26,26.0,-5.48,263.2,21789,21063
LAX-DEN,LAX,DEN,Los Angeles,Denver,Large,DL,Delta Air Lines,4118,862.0,143.1,78.02,1.02,5.76,46.0,-4.77,111.3,42369,16615
HOU-MCI,HOU,MCI,Houston,Kansas City,Medium,WN,Southwest Airlines,4118,666.0,116.1,77.93,1.04,5.69,37.0,-6.19,93.0,21754,23151
CAE-DCA,CAE,DCA,Columbia,Washington,Small,OH,PSA Airlines,4117,408.0,92.1,73.35,3.45,10.86,55.0,-2.11,63.7,40383,36334
RDU-DCA,RDU,DCA,Raleigh-durham,Washington,Medium,YX,Republic Airways,4115,227.0,76.6,74.97,2.43,5.45,40.0,-0.57,44.5,31417,20752
DCA-CAE,DCA,CAE,Washington,Columbia,Large,OH,PSA Airlines,4113,408.0,98.9,71.68,3.65,8.87,53.0,-4.03,65.8,33421,32850
IAH-SJU,IAH,SJU,Houston,San Juan,Large,UA,United Airlines,4109,2007.0,267.6,80.17,0.58,3.51,38.0,-9.17,232.5,32637,20064
PHX-RNO,PHX,RNO,Phoenix,Reno,Large,WN,Southwest Airlines,4109,601.0,109.1,75.81,0.9,6.49,36.0,-6.09,86.5,17712,23933
SEA-BOI,SEA,BOI,Seattle,Boise,Large,QX,Horizon Air,4107,399.0,87.7,85.12,0.63,2.86,22.0,-2.97,66.5,18280,11678
DEN-TUL,DEN,TUL,Denver,Tulsa,Large,OO,SkyWest Airlines,4101,541.0,106.9,79.76,1.29,5.23,38.0,-4.38,75.1,34253,14725
CMH-DCA,CMH,DCA,Columbus,Washington,Medium,YX,Republic Airways,4095,323.0,83.3,82.25,1.73,-0.77,29.5,-3.36,54.7,21427,12998
SEA-PSC,SEA,PSC,Seattle,Pasco,Large,QX,Horizon Air,4094,172.0,57.1,84.98,1.49,2.87,22.0,-2.2,35.4,17592,9916
PSC-SEA,PSC,SEA,Pasco,Seattle,Small,QX,Horizon Air,4093,172.0,63.7,85.51,1.37,1.92,21.0,-1.97,41.2,20084,12440
BWI-DEN,BWI,DEN,Baltimore,Denver,Large,UA,United Airlines,4092,1491.0,241.8,84.16,0.83,0.85,26.0,-5.93,209.8,30771,11503
DEN-BWI,DEN,BWI,Denver,Baltimore,Large,UA,United Airlines,4092,1491.0,204.5,77.27,0.88,5.02,40.0,-6.01,172.7,26223,22135
DCA-CMH,DCA,CMH,Washington,Columbus,Large,YX,Republic Airways,4090,323.0,93.5,85.01,1.32,-1.43,23.0,-5.27,57.2,15675,18373
DTW-MIA,DTW,MIA,Detroit,Miami,Large,DL,Delta Air Lines,4089,1145.0,184.4,75.89,1.1,7.83,44.8,-2.14,154.8,45601,9551
MCI-HOU,MCI,HOU,Kansas City,Houston,Medium,WN,Southwest Airlines,4088,666.0,125.2,80.87,1.3,2.4,29.6,-7.31,100.7,15633,21613
MIA-DTW,MIA,DTW,Miami,Detroit,Large,DL,Delta Air Lines,4088,1145.0,184.6,76.91,1.15,10.36,44.0,-3.88,151.5,40845,26557
BOS-STL,BOS,STL,Boston,St. Louis,Large,WN,Southwest Airlines,4084,1047.0,182.5,77.77,1.37,4.39,39.0,-9.43,152.4,18940,29507
CVG-BWI,CVG,BWI,Cincinnati,Baltimore,Medium,WN,Southwest Airlines,4081,430.0,87.5,82.9,1.57,1.7,26.0,-6.15,64.4,15508,18810
PHL-CVG,PHL,CVG,Philadelphia,Cincinnati,Large,OH,PSA Airlines,4080,507.0,118.8,73.21,1.52,13.31,65.8,-1.94,84.5,46485,36647
SAV-BWI,SAV,BWI,Savannah,Baltimore,Medium,WN,Southwest Airlines,4079,549.0,101.1,78.18,1.86,4.86,34.0,-6.21,76.8,21997,21666
BWI-CVG,BWI,CVG,Baltimore,Cincinnati,Large,WN,Southwest Airlines,4078,430.0,95.8,72.36,1.59,9.79,44.0,-6.54,70.9,25610,27757
CVG-PHL,CVG,PHL,Cincinnati,Philadelphia,Medium,OH,PSA Airlines,4075,507.0,103.6,79.19,1.62,8.27,43.1,-3.65,74.9,39506,24061
BWI-SAV,BWI,SAV,Baltimore,Savannah,Large,WN,Southwest Airlines,4075,549.0,110.7,73.99,1.64,7.9,40.0,-6.21,83.6,28423,21952
BNA-BOS,BNA,BOS,Nashville,Boston,Large,WN,Southwest Airlines,4075,942.0,148.0,72.47,1.57,10.22,48.0,-6.65,122.0,29445,26517
ORD-PIT,ORD,PIT,Chicago,Pittsburgh,Large,UA,United Airlines,4071,413.0,93.3,79.54,0.84,6.66,40.0,-3.38,59.5,26504,25084
STL-BOS,STL,BOS,St. Louis,Boston,Medium,WN,Southwest Airlines,4069,1047.0,151.6,72.97,1.38,9.39,45.0,-5.86,129.3,31707,21605
DFW-MSN,DFW,MSN,Dallas-Fort Worth,Madison,Large,AA,American Airlines,4068,821.0,135.6,62.34,2.16,26.4,91.0,-5.56,106.9,55925,67319
MSN-DFW,MSN,DFW,Madison,Dallas-Fort Worth,Small,AA,American Airlines,4065,821.0,153.4,71.14,2.34,22.56,76.0,-5.79,118.5,68904,50052
PHX-JFK,PHX,JFK,Phoenix,New York,Large,DL,Delta Air Lines,4063,2153.0,293.6,81.59,1.94,1.82,29.0,-12.75,252.5,43284,15589
EGE-DFW,EGE,DFW,Vail,Dallas-Fort Worth,Non-hub,AA,American Airlines,4062,721.0,131.4,71.47,2.31,17.49,72.7,-4.26,100.1,45655,57689
DFW-EGE,DFW,EGE,Dallas-Fort Worth,Vail,Large,AA,American Airlines,4062,721.0,142.9,70.48,2.14,18.15,68.0,-5.06,113.6,56237,45245
JFK-PHX,JFK,PHX,New York,Phoenix,Large,DL,Delta Air Lines,4061,2153.0,340.0,79.51,1.97,-0.46,37.0,-13.28,291.0,47621,6343
PIT-ORD,PIT,ORD,Pittsburgh,Chicago,Medium,UA,United Airlines,4060,413.0,101.8,83.69,0.99,4.32,28.0,-1.94,69.3,33345,15738
RIC-LGA,RIC,LGA,Richmond,New York,Medium,9E,Endeavor Air,4060,292.0,84.0,77.36,4.06,5.05,41.0,-4.99,49.4,40437,18491
LGA-RIC,LGA,RIC,New York,Richmond,Large,9E,Endeavor Air,4059,292.0,96.7,79.35,3.99,-0.97,38.0,-8.22,55.7,23739,22051
DEN-SAN,DEN,SAN,Denver,San Diego,Large,F9,Frontier Airlines,4049,853.0,148.6,73.8,1.61,7.02,47.0,-5.49,118.7,39860,19605
DFW-HOU,DFW,HOU,Dallas-Fort Worth,Houston,Large,YV,Mesa Airlines,4049,247.0,75.4,69.6,4.87,22.72,79.0,-4.14,46.7,61973,48464
SAN-DEN,SAN,DEN,San Diego,Denver,Large,F9,Frontier Airlines,4048,853.0,151.4,77.42,1.48,5.86,46.0,-4.85,111.0,32592,27731
HOU-DFW,HOU,DFW,Houston,Dallas-Fort Worth,Medium,YV,Mesa Airlines,4048,247.0,78.7,68.11,4.92,21.61,79.8,0.9,48.6,48238,48666
MDW-CVG,MDW,CVG,Chicago,Cincinnati,Large,WN,Southwest Airlines,4044,249.0,67.0,72.5,1.85,9.49,45.0,-6.65,42.8,23051,31706
PHL-SAN,PHL,SAN,Philadelphia,San Diego,Large,AA,American Airlines,4042,2370.0,348.7,76.27,1.16,5.01,41.0,-6.43,311.0,44673,16177
LGA-DEN,LGA,DEN,New York,Denver,Large,DL,Delta Air Lines,4040,1620.0,273.0,76.39,2.82,3.17,55.0,-12.38,227.3,54474,16291
BOS-BNA,BOS,BNA,Boston,Nashville,Large,WN,Southwest Airlines,4040,942.0,169.6,79.11,1.36,2.94,37.0,-10.63,138.4,18147,27831
DEN-LGA,DEN,LGA,Denver,New York,Large,DL,Delta Air Lines,4039,1620.0,226.2,76.73,2.82,5.51,44.0,-9.43,189.6,41509,19879
VPS-BNA,VPS,BNA,Valparaiso,Nashville,Small,WN,Southwest Airlines,4038,389.0,88.1,88.56,0.89,-2.8,16.0,-7.51,63.0,12092,15050
BNA-VPS,BNA,VPS,Nashville,Valparaiso,Large,WN,Southwest Airlines,4038,389.0,86.4,81.7,0.72,1.19,32.0,-8.32,57.7,12685,24442
MDW-BUF,MDW,BUF,Chicago,Buffalo,Large,WN,Southwest Airlines,4038,468.0,85.5,68.87,2.11,12.56,47.0,-4.27,64.2,32335,26579
SAN-PHL,SAN,PHL,San Diego,Philadelphia,Large,AA,American Airlines,4038,2370.0,312.2,86.26,1.19,1.53,20.0,-9.84,273.3,36295,22259
LAX-ELP,LAX,ELP,Los Angeles,El Paso,Large,OO,SkyWest Airlines,4037,715.0,120.6,89.55,0.25,-3.61,15.0,-5.33,94.4,14388,9299
LAX-EWR,LAX,EWR,Los Angeles,Newark,Large,AS,Alaska Airlines,4036,2454.0,325.4,74.03,2.21,5.05,46.0,-6.08,284.5,47605,11097
EWR-LAX,EWR,LAX,Newark,Los Angeles,Large,AS,Alaska Airlines,4034,2454.0,372.9,71.72,2.83,8.72,62.0,-10.37,324.2,34913,44088
ATL-XNA,ATL,XNA,Atlanta,Bentonville,Large,9E,Endeavor Air,4034,589.0,115.8,89.19,0.47,-1.93,15.0,-4.71,89.7,18203,5617
CLT-XNA,CLT,XNA,Charlotte,Bentonville,Large,MQ,Envoy Air,4034,754.0,148.3,73.1,0.87,11.56,50.0,-2.56,113.5,36178,29522
XNA-ATL,XNA,ATL,Bentonville,Atlanta,Small,9E,Endeavor Air,4034,589.0,108.7,89.29,0.52,-1.41,15.0,-5.67,79.1,20147,13931
TUL-ORD,TUL,ORD,Tulsa,Chicago,Small,OO,SkyWest Airlines,4033,585.0,123.2,82.02,1.76,8.34,37.0,-4.88,86.8,48173,22601
XNA-CLT,XNA,CLT,Bentonville,Charlotte,Small,MQ,Envoy Air,4033,754.0,136.0,83.04,0.79,1.04,29.0,-4.86,99.7,25870,9237
DTW-SAT,DTW,SAT,Detroit,San Antonio,Large,DL,Delta Air Lines,4032,1214.0,197.8,81.92,0.69,1.53,34.0,-6.46,168.7,32440,9649
SAT-DTW,SAT,DTW,San Antonio,Detroit,Medium,DL,Delta Air Lines,4031,1214.0,182.5,88.41,0.74,0.01,16.0,-6.12,152.8,27193,13043
MIA-DEN,MIA,DEN,Miami,Denver,Large,AA,American Airlines,4027,1709.0,269.0,73.55,1.29,10.75,51.0,-6.68,231.9,47577,26130
LGA-BUF,LGA,BUF,New York,Buffalo,Large,YX,Republic Airways,4027,292.0,88.9,77.6,4.22,1.75,40.8,-4.61,52.9,26619,19716
DEN-MIA,DEN,MIA,Denver,Miami,Large,AA,American Airlines,4027,1709.0,234.8,74.72,1.32,13.12,44.0,-5.88,200.5,51190,34104
BUF-LGA,BUF,LGA,Buffalo,New York,Medium,YX,Republic Airways,4027,292.0,84.8,80.95,3.85,2.61,31.0,-3.34,56.4,29941,13023
BHM-DAL,BHM,DAL,Birmingham,Dallas,Small,WN,Southwest Airlines,4026,587.0,113.8,77.5,2.06,6.32,39.9,-5.68,91.7,22210,25866
ELP-LAX,ELP,LAX,El Paso,Los Angeles,Small,OO,SkyWest Airlines,4026,715.0,135.4,90.91,0.37,-2.24,11.2,-4.46,104.2,23036,7764
DAL-BHM,DAL,BHM,Dallas,Birmingham,Large,WN,Southwest Airlines,4026,587.0,95.5,69.5,1.79,12.27,52.0,-4.32,75.3,28152,34458
SDF-BWI,SDF,BWI,Louisville,Baltimore,Medium,WN,Southwest Airlines,4026,495.0,93.7,81.42,1.89,3.31,31.0,-5.5,70.9,18130,22212
ONT-SFO,ONT,SFO,Ontario,San Francisco,Medium,OO,SkyWest Airlines,4025,363.0,91.4,80.15,1.17,4.52,40.0,-4.91,61.4,46008,12008
PDX-IAH,PDX,IAH,Portland,Houston,Medium,UA,United Airlines,4025,1825.0,248.7,85.66,1.37,0.53,21.0,-6.99,218.6,23711,16516
BUF-MDW,BUF,MDW,Buffalo,Chicago,Medium,WN,Southwest Airlines,4025,468.0,101.2,80.52,2.51,4.34,31.0,-5.94,77.8,19641,21095
IAH-PDX,IAH,PDX,Houston,Portland,Large,UA,United Airlines,4024,1825.0,274.6,79.35,0.97,5.04,41.0,-8.58,241.1,30738,20925
SFO-ONT,SFO,ONT,San Francisco,Ontario,Large,OO,SkyWest Airlines,4023,363.0,88.0,83.62,0.99,3.09,29.0,-5.03,59.5,28827,11672
MSY-LAX,MSY,LAX,New Orleans,Los Angeles,Medium,DL,Delta Air Lines,4022,1670.0,257.0,84.41,1.99,1.5,24.0,-8.45,223.1,30780,15774
LAX-MSY,LAX,MSY,Los Angeles,New Orleans,Large,DL,Delta Air Lines,4022,1670.0,219.7,83.74,1.94,0.86,24.0,-6.58,191.4,27717,9749
IAD-FLL,IAD,FLL,Washington,Fort Lauderdale,Medium,UA,United Airlines,4021,901.0,165.9,80.05,1.09,3.63,38.0,-6.87,132.6,33778,18035
ORD-TUL,ORD,TUL,Chicago,Tulsa,Large,OO,SkyWest Airlines,4020,585.0,128.1,74.58,1.72,10.09,55.0,-5.31,91.1,46636,24110
FLL-IAD,FLL,IAD,Fort Lauderdale,Washington,Large,UA,United Airlines,4020,901.0,152.5,85.05,1.09,1.56,28.0,-5.12,122.5,25754,18821
PNS-BNA,PNS,BNA,Pensacola,Nashville,Small,WN,Southwest Airlines,4015,391.0,86.5,85.18,1.25,0.15,24.0,-7.25,63.1,12144,20612
BNA-PNS,BNA,PNS,Nashville,Pensacola,Large,WN,Southwest Airlines,4009,391.0,83.3,78.9,1.17,4.19,35.0,-7.11,59.0,14845,25462
BDL-MCO,BDL,MCO,Windsor Locks,Orlando,Medium,B6,JetBlue Airways,4007,1050.0,179.9,67.53,1.9,15.43,75.4,-3.6,149.2,46741,45765
DEN-GEG,DEN,GEG,Denver,Spokane,Large,UA,United Airlines,4005,836.0,144.8,75.13,0.87,9.47,48.0,-6.72,116.2,30748,28490
CVG-BOS,CVG,BOS,Cincinnati,Boston,Medium,YX,Republic Airways,4004,752.0,131.3,77.47,1.72,6.39,52.0,-1.52,103.6,41856,12210
MCO-BDL,MCO,BDL,Orlando,Windsor Locks,Large,B6,JetBlue Airways,4004,1050.0,166.9,64.81,1.75,20.82,88.0,-2.17,135.6,60627,41437
BOS-CVG,BOS,CVG,Boston,Cincinnati,Large,YX,Republic Airways,4003,752.0,153.1,84.06,1.57,-2.46,27.0,-5.09,118.5,19395,12551
DRO-PHX,DRO,PHX,Durango,Phoenix,Small,OO,SkyWest Airlines,4000,351.0,90.9,83.88,0.43,3.61,31.0,-3.35,58.6,41547,13188
PHX-DRO,PHX,DRO,Phoenix,Durango,Large,OO,SkyWest Airlines,4000,351.0,82.8,86.85,0.35,1.01,23.0,-4.81,53.0,26163,11879
GEG-DEN,GEG,DEN,Spokane,Denver,Medium,UA,United Airlines,3987,836.0,137.1,82.92,1.05,3.61,34.0,-4.71,107.5,34833,18619
FCA-SLC,FCA,SLC,Kalispell,Salt Lake City,Small,OO,SkyWest Airlines,3986,531.0,108.7,91.62,0.45,-4.49,10.0,-6.0,79.6,23382,0
SLC-FCA,SLC,FCA,Salt Lake City,Kalispell,Large,OO,SkyWest Airlines,3986,531.0,111.0,90.47,0.4,-3.47,13.0,-5.22,82.2,16749,0
CVG-MDW,CVG,MDW,Cincinnati,Chicago,Medium,WN,Southwest Airlines,3986,249.0,70.0,81.74,2.13,2.66,27.0,-6.07,46.2,17088,17956
PHX-MCO,PHX,MCO,Phoenix,Orlando,Large,AA,American Airlines,3985,1849.0,250.0,79.25,0.8,5.31,34.0,-5.47,216.6,26091,23211
JFK-DEN,JFK,DEN,New York,Denver,Large,DL,Delta Air Lines,3983,1626.0,280.5,75.32,2.36,4.04,52.0,-11.33,228.7,52544,12413
DCA-BHM,DCA,BHM,Washington,Birmingham,Large,OH,PSA Airlines,3983,653.0,133.2,73.29,2.79,11.0,66.0,-4.62,98.5,36592,40491
DEN-JFK,DEN,JFK,Denver,New York,Large,DL,Delta Air Lines,3982,1626.0,235.1,78.88,2.39,3.33,40.0,-11.79,193.5,44804,17441
MCO-PHX,MCO,PHX,Orlando,Phoenix,Large,AA,American Airlines,3982,1849.0,284.1,78.15,0.8,10.58,48.0,-5.15,250.9,44402,28654
DEN-IND,DEN,IND,Denver,Indianapolis,Large,UA,United Airlines,3982,977.0,147.5,75.51,0.83,9.54,48.0,-2.69,117.6,29255,26644
MSP-DSM,MSP,DSM,Minneapolis,Des Moines,Large,9E,Endeavor Air,3982,232.0,73.7,85.23,0.68,1.02,25.0,-4.13,41.7,24942,10592
BHM-DCA,BHM,DCA,Birmingham,Washington,Small,OH,PSA Airlines,3982,653.0,123.6,77.37,2.99,9.74,48.0,-2.74,94.4,43365,29903
IND-DEN,IND,DEN,Indianapolis,Denver,Medium,UA,United Airlines,3981,977.0,173.3,81.51,1.13,2.58,33.0,-4.63,142.7,29793,12319
DSM-MSP,DSM,MSP,Des Moines,Minneapolis,Small,9E,Endeavor Air,3980,232.0,76.6,87.16,0.7,-2.13,21.0,-6.86,44.5,24510,10272
MSY-TPA,MSY,TPA,New Orleans,Tampa,Medium,WN,Southwest Airlines,3979,488.0,90.1,75.4,2.44,8.32,43.0,-5.55,69.5,19967,31111
BWI-SDF,BWI,SDF,Baltimore,Louisville,Large,WN,Southwest Airlines,3978,495.0,106.5,73.73,1.73,8.32,42.0,-7.08,80.9,26332,23075
SJT-DFW,SJT,DFW,San Angelo,Dallas-Fort Worth,Non-hub,MQ,Envoy Air,3977,229.0,68.5,81.17,3.07,3.79,29.2,-1.66,43.2,25677,15933
DFW-SJT,DFW,SJT,Dallas-Fort Worth,San Angelo,Large,MQ,Envoy Air,3976,229.0,70.3,83.2,2.89,0.27,23.0,-3.57,42.4,17279,11138
GSP-DCA,GSP,DCA,Greenville,Washington,Small,OH,PSA Airlines,3974,396.0,95.4,74.06,3.2,8.18,53.0,-3.29,65.3,32922,30653
DCA-GSP,DCA,GSP,Washington,Greenville,Large,OH,PSA Airlines,3973,396.0,100.8,71.38,3.2,11.47,66.4,-3.67,66.4,36973,37132
OMA-SLC,OMA,SLC,Omaha,Salt Lake City,Medium,OO,SkyWest Airlines,3964,840.0,161.5,90.46,0.35,-2.83,13.0,-6.22,132.3,29594,0
ORD-BNA,ORD,BNA,Chicago,Nashville,Large,UA,United Airlines,3964,409.0,98.8,79.94,1.31,5.74,40.0,-4.31,61.7,26722,22430
SLC-OMA,SLC,OMA,Salt Lake City,Omaha,Large,OO,SkyWest Airlines,3964,840.0,138.2,88.55,0.33,-1.28,16.0,-4.8,110.1,22896,0
MCO-CVG,MCO,CVG,Orlando,Cincinnati,Large,F9,Frontier Airlines,3963,757.0,139.7,71.89,1.49,14.19,69.1,-3.61,107.6,45471,38683
CVG-MCO,CVG,MCO,Cincinnati,Orlando,Medium,F9,Frontier Airlines,3963,757.0,139.2,73.71,2.09,14.66,66.0,-5.9,103.6,44650,47516
BNA-SEA,BNA,SEA,Nashville,Seattle,Large,AS,Alaska Airlines,3958,1978.0,307.3,76.02,1.52,3.72,36.0,-6.15,268.9,30830,12741
SEA-BNA,SEA,BNA,Seattle,Nashville,Large,AS,Alaska Airlines,3958,1978.0,261.9,75.69,1.01,4.39,31.5,-2.6,229.4,25727,11324
ORD-OMA,ORD,OMA,Chicago,Omaha,Large,UA,United Airlines,3958,416.0,98.2,75.59,0.96,9.71,54.0,-5.51,65.1,32558,30697
OMA-ORD,OMA,ORD,Omaha,Chicago,Medium,UA,United Airlines,3957,416.0,101.7,81.48,1.29,9.25,36.0,-1.63,66.9,38962,20418
BZN-MSP,BZN,MSP,Bozeman,Minneapolis,Small,DL,Delta Air Lines,3954,874.0,140.2,87.53,0.51,0.19,18.0,-5.93,110.4,28666,14623
CLT-ECP,CLT,ECP,Charlotte,Panama City,Large,OH,PSA Airlines,3953,437.0,106.6,79.94,1.54,3.66,33.0,-2.19,72.1,23639,16384
MSP-BZN,MSP,BZN,Minneapolis,Bozeman,Large,DL,Delta Air Lines,3953,874.0,152.3,83.13,0.51,0.83,30.0,-7.4,124.9,32519,7354
ORF-PHL,ORF,PHL,Norfolk,Philadelphia,Medium,OH,PSA Airlines,3953,212.0,69.4,80.45,1.69,7.29,48.0,-3.29,42.7,45152,22309
PHL-ORF,PHL,ORF,Philadelphia,Norfolk,Large,OH,PSA Airlines,3951,212.0,71.7,70.62,2.05,18.02,74.5,-2.4,40.6,49845,43970
ECP-CLT,ECP,CLT,Panama City,Charlotte,Small,OH,PSA Airlines,3951,437.0,101.9,80.87,1.54,4.69,34.0,-4.48,65.7,22156,29316
TPA-CMH,TPA,CMH,Tampa,Columbus,Large,WN,Southwest Airlines,3944,829.0,134.7,77.48,1.85,6.57,43.0,-5.92,111.1,19654,29770
CLE-JFK,CLE,JFK,Cleveland,New York,Medium,YX,Republic Airways,3943,425.0,107.2,80.88,3.78,0.95,34.0,-5.64,72.2,27867,16823
JFK-CLE,JFK,CLE,New York,Cleveland,Large,YX,Republic Airways,3940,425.0,117.3,83.73,2.46,-2.21,25.0,-3.76,77.9,19195,14638
TPA-MSY,TPA,MSY,Tampa,New Orleans,Large,WN,Southwest Airlines,3939,488.0,100.4,78.4,2.34,5.84,37.0,-5.83,77.2,16968,27736
DEN-RDU,DEN,RDU,Denver,Raleigh-durham,Large,UA,United Airlines,3938,1436.0,200.3,76.26,0.94,6.86,44.0,-5.45,168.6,29822,21488
RDU-DEN,RDU,DEN,Raleigh-durham,Denver,Medium,UA,United Airlines,3938,1436.0,237.3,83.14,0.94,2.74,28.3,-6.27,203.6,28081,15187
CMH-TPA,CMH,TPA,Columbus,Tampa,Medium,WN,Southwest Airlines,3938,829.0,134.7,79.79,1.8,4.61,39.3,-6.17,112.7,17719,27983
PHL-IAH,PHL,IAH,Philadelphia,Houston,Large,UA,United Airlines,3937,1325.0,221.2,83.92,0.94,-0.05,27.0,-8.61,186.8,25141,18008
CLT-GRR,CLT,GRR,Charlotte,Grand Rapids,Large,AA,American Airlines,3933,583.0,113.1,73.61,1.32,11.56,53.0,-4.62,85.2,34581,33440
GRR-CLT,GRR,CLT,Grand Rapids,Charlotte,Medium,AA,American Airlines,3929,583.0,118.3,79.33,1.4,7.77,42.0,-5.69,83.1,36518,27313
DEN-MOT,DEN,MOT,Denver,Minot,Large,OO,SkyWest Airlines,3927,604.0,119.8,76.27,2.62,13.24,47.0,-4.02,87.9,56710,19935
MOT-DEN,MOT,DEN,Minot,Denver,Non-hub,OO,SkyWest Airlines,3927,604.0,127.9,77.26,2.44,11.76,58.0,-6.31,91.8,68865,19544
LAX-BNA,LAX,BNA,Los Angeles,Nashville,Large,DL,Delta Air Lines,3924,1797.0,238.5,86.9,0.76,-2.39,19.0,-7.34,207.1,21340,6676
DCA-MCI,DCA,MCI,Washington,Kansas City,Large,WN,Southwest Airlines,3924,949.0,165.0,77.6,1.91,5.19,35.0,-6.08,138.3,21240,21812
FSD-MSP,FSD,MSP,Sioux Falls,Minneapolis,Small,OO,SkyWest Airlines,3923,196.0,71.5,83.99,1.17,1.14,31.0,-6.77,38.0,45745,0
MCI-DCA,MCI,DCA,Kansas City,Washington,Medium,WN,Southwest Airlines,3922,949.0,138.7,76.34,2.07,6.82,37.0,-3.83,117.8,24755,19775
BNA-LAX,BNA,LAX,Nashville,Los Angeles,Large,DL,Delta Air Lines,3922,1797.0,274.9,87.28,0.79,-3.37,20.0,-9.38,237.7,23451,9469
MSP-FSD,MSP,FSD,Minneapolis,Sioux Falls,Large,OO,SkyWest Airlines,3922,196.0,72.3,84.22,1.07,0.82,27.0,-8.32,38.0,40717,0
ATL-BTR,ATL,BTR,Atlanta,Baton Rouge,Large,DL,Delta Air Lines,3920,448.0,93.4,85.66,0.77,0.19,24.0,-6.36,69.1,25454,7942
DFW-CLL,DFW,CLL,Dallas-Fort Worth,College Station,Large,MQ,Envoy Air,3919,164.0,62.6,84.0,2.5,-0.96,24.0,-5.38,32.5,15703,13085
BTR-ATL,BTR,ATL,Baton Rouge,Atlanta,Small,DL,Delta Air Lines,3919,448.0,96.3,86.22,0.89,0.8,24.0,-7.89,65.1,29880,11635
MSY-ATL,MSY,ATL,New Orleans,Atlanta,Medium,WN,Southwest Airlines,3918,425.0,86.5,76.37,1.81,7.62,36.0,-4.78,61.3,21115,23265
CLL-DFW,CLL,DFW,College Station,Dallas-Fort Worth,Non-hub,MQ,Envoy Air,3918,164.0,67.5,80.91,2.65,4.45,29.0,-0.78,40.4,29158,16463
PIT-DEN,PIT,DEN,Pittsburgh,Denver,Medium,UA,United Airlines,3918,1290.0,215.2,84.23,0.56,-0.52,27.0,-5.96,182.4,25621,9849
MSN-MSP,MSN,MSP,Madison,Minneapolis,Small,OO,SkyWest Airlines,3918,228.0,74.2,82.59,1.15,5.73,40.0,-5.93,46.4,61223,0
DEN-PIT,DEN,PIT,Denver,Pittsburgh,Large,UA,United Airlines,3918,1290.0,181.9,76.44,0.41,8.41,44.5,-3.98,151.0,26751,26643
MSP-MSN,MSP,MSN,Minneapolis,Madison,Large,OO,SkyWest Airlines,3917,228.0,67.5,81.67,0.97,4.96,37.0,-5.33,39.5,47815,0
MCO-BUF,MCO,BUF,Orlando,Buffalo,Large,WN,Southwest Airlines,3912,1011.0,155.6,74.23,1.79,9.45,45.0,-4.25,132.4,27229,25149
BUF-MCO,BUF,MCO,Buffalo,Orlando,Medium,WN,Southwest Airlines,3911,1011.0,162.6,77.22,1.82,5.21,41.0,-7.01,135.1,24650,24178
SDF-EWR,SDF,EWR,Louisville,Newark,Medium,YX,Republic Airways,3910,642.0,133.9,81.74,3.84,-2.57,27.0,-5.85,98.0,27842,5454
MCO-FLL,MCO,FLL,Orlando,Fort Lauderdale,Large,NK,Spirit Airlines,3910,177.0,71.6,72.86,1.46,11.87,54.0,-4.36,38.3,49216,13776
FLL-MCO,FLL,MCO,Fort Lauderdale,Orlando,Large,NK,Spirit Airlines,3910,177.0,67.5,67.57,1.23,17.99,74.1,-3.8,34.9,62798,21676
EWR-SDF,EWR,SDF,Newark,Louisville,Large,YX,Republic Airways,3910,642.0,148.5,77.9,5.04,-0.73,41.0,-9.76,104.1,25851,23320
OAK-SLC,OAK,SLC,Oakland,Salt Lake City,Medium,OO,SkyWest Airlines,3907,588.0,112.0,92.99,0.26,-5.86,7.0,-6.71,85.4,18486,0
CHS-CLT,CHS,CLT,Charleston,Charlotte,Medium,OH,PSA Airlines,3906,168.0,73.6,86.07,1.59,-0.32,21.0,-4.65,38.8,11190,23263
CLT-CHS,CLT,CHS,Charlotte,Charleston,Large,OH,PSA Airlines,3906,168.0,72.3,84.82,1.33,-0.38,24.0,-5.4,37.1,16401,13024
SLC-OAK,SLC,OAK,Salt Lake City,Oakland,Large,OO,SkyWest Airlines,3905,588.0,119.9,90.37,0.23,-2.37,13.0,-4.78,91.3,16789,0
BNA-MKE,BNA,MKE,Nashville,Milwaukee,Large,WN,Southwest Airlines,3897,475.0,94.3,77.88,1.21,6.75,38.0,-6.12,70.7,13248,30103
CLT-SDF,CLT,SDF,Charlotte,Louisville,Large,OH,PSA Airlines,3893,335.0,96.0,79.96,1.62,4.09,35.0,-2.94,59.0,20760,19688
SDF-CLT,SDF,CLT,Louisville,Charlotte,Medium,OH,PSA Airlines,3890,335.0,97.6,79.67,1.88,7.63,36.0,-3.81,58.6,32390,29520
IND-PHX,IND,PHX,Indianapolis,Phoenix,Medium,WN,Southwest Airlines,3889,1488.0,233.5,78.4,0.75,2.48,33.0,-9.88,205.6,20745,19964
ATL-MSY,ATL,MSY,Atlanta,New Orleans,Large,WN,Southwest Airlines,3888,425.0,94.0,75.93,1.54,8.3,40.0,-6.45,68.0,19406,28105
EUG-SEA,EUG,SEA,Eugene,Seattle,Small,QX,Horizon Air,3886,234.0,73.8,87.62,1.24,0.09,16.0,-4.31,48.8,14970,11465
BOS-CLE,BOS,CLE,Boston,Cleveland,Large,B6,JetBlue Airways,3886,563.0,124.3,75.78,1.67,6.61,56.0,-7.25,91.3,37154,23687
CLE-BOS,CLE,BOS,Cleveland,Boston,Medium,B6,JetBlue Airways,3885,563.0,103.9,77.45,1.9,7.56,47.7,-3.51,78.2,36321,25769
ORD-CID,ORD,CID,Chicago,Cedar Rapids,Large,MQ,Envoy Air,3885,196.0,70.7,77.22,2.08,5.9,40.0,-3.85,37.4,29008,19158
SEA-EUG,SEA,EUG,Seattle,Eugene,Large,QX,Horizon Air,3884,234.0,67.5,84.84,1.16,2.56,22.0,-1.97,46.4,15267,8568
CID-ORD,CID,ORD,Cedar Rapids,Chicago,Small,MQ,Envoy Air,3883,196.0,76.2,78.39,2.29,5.49,41.0,-1.57,42.3,32853,17944
CLT-TLH,CLT,TLH,Charlotte,Tallahassee,Large,OH,PSA Airlines,3883,386.0,96.8,82.51,1.39,1.46,29.0,-4.28,63.2,21241,16058
TLH-CLT,TLH,CLT,Tallahassee,Charlotte,Small,OH,PSA Airlines,3879,386.0,96.7,82.52,1.5,5.73,30.5,-4.25,61.4,30267,22003
MLI-ORD,MLI,ORD,Moline,Chicago,Small,OO,SkyWest Airlines,3879,139.0,68.6,76.44,2.86,13.13,61.0,-2.78,34.1,59351,24383
ORD-MLI,ORD,MLI,Chicago,Moline,Large,OO,SkyWest Airlines,3877,139.0,68.0,73.38,2.66,12.07,52.0,-3.8,30.6,50350,19565
PIT-BNA,PIT,BNA,Pittsburgh,Nashville,Medium,WN,Southwest Airlines,3876,462.0,99.3,83.69,0.95,-0.03,25.8,-8.25,72.7,14773,17780
MKE-BNA,MKE,BNA,Milwaukee,Nashville,Medium,WN,Southwest Airlines,3870,475.0,93.9,83.51,1.29,0.32,24.0,-6.14,69.3,11932,16791
JFK-BUF,JFK,BUF,New York,Buffalo,Large,9E,Endeavor Air,3868,301.0,96.4,82.78,3.62,-2.22,25.0,-7.81,56.5,23619,12442
BUF-JFK,BUF,JFK,Buffalo,New York,Medium,9E,Endeavor Air,3867,301.0,94.0,81.54,3.75,1.36,31.0,-7.96,59.3,29775,18461
CLT-BTR,CLT,BTR,Charlotte,Baton Rouge,Large,OH,PSA Airlines,3866,675.0,135.8,76.95,1.4,6.29,41.0,-3.12,100.1,27160,21633
BTR-CLT,BTR,CLT,Baton Rouge,Charlotte,Small,OH,PSA Airlines,3864,675.0,127.3,82.53,1.32,4.04,31.0,-3.98,90.8,27106,19387
TUS-DEN,TUS,DEN,Tucson,Denver,Medium,OO,SkyWest Airlines,3862,639.0,124.3,81.82,1.06,5.54,35.0,-3.79,94.3,41304,10347
DTW-CMH,DTW,CMH,Detroit,Columbus,Large,YX,Republic Airways,3861,155.0,62.8,89.95,0.41,-2.1,13.0,-5.48,33.6,23553,5570
CMH-DTW,CMH,DTW,Columbus,Detroit,Medium,YX,Republic Airways,3861,155.0,66.9,91.04,0.44,-5.36,11.0,-6.62,37.0,15668,3985
SAN-HOU,SAN,HOU,San Diego,Houston,Large,WN,Southwest Airlines,3859,1313.0,186.0,77.82,1.11,4.92,36.0,-6.74,157.8,17993,22726
MCI-BWI,MCI,BWI,Kansas City,Baltimore,Medium,WN,Southwest Airlines,3858,967.0,143.1,78.95,2.2,4.52,30.0,-5.11,120.2,18205,18732
HOU-SAN,HOU,SAN,Houston,San Diego,Medium,WN,Southwest Airlines,3858,1313.0,201.7,77.55,1.32,3.94,34.0,-7.73,178.2,20942,16637
TYS-ORD,TYS,ORD,Knoxville,Chicago,Small,OO,SkyWest Airlines,3855,475.0,119.7,77.59,1.56,12.32,49.0,-2.1,82.7,51773,26365
DEN-TUS,DEN,TUS,Denver,Tucson,Large,OO,SkyWest Airlines,3855,639.0,130.7,77.46,0.96,9.16,50.0,-5.87,99.5,44119,16685
ORD-TYS,ORD,TYS,Chicago,Knoxville,Large,OO,SkyWest Airlines,3855,475.0,106.1,76.26,1.48,8.76,49.0,-4.02,68.8,39801,20185
IAH-PHL,IAH,PHL,Houston,Philadelphia,Large,UA,United Airlines,3854,1325.0,197.2,79.35,0.86,5.32,44.0,-5.98,163.8,26809,21197
BNA-PIT,BNA,PIT,Nashville,Pittsburgh,Large,WN,Southwest Airlines,3850,462.0,89.1,79.77,0.96,6.12,32.0,-5.55,64.7,13855,24724
PHX-IND,PHX,IND,Phoenix,Indianapolis,Large,WN,Southwest Airlines,3849,1488.0,198.8,74.07,0.81,8.23,40.0,-6.98,174.5,25822,21256
MOB-ATL,MOB,ATL,Mobile,Atlanta,Non-hub,9E,Endeavor Air,3847,302.0,82.2,89.84,0.39,-5.98,13.0,-9.05,49.5,14215,14585
ATL-MOB,ATL,MOB,Atlanta,Mobile,Large,9E,Endeavor Air,3847,302.0,81.0,88.64,0.36,-2.55,17.0,-6.29,53.5,17964,6231
MKE-BWI,MKE,BWI,Milwaukee,Baltimore,Medium,WN,Southwest Airlines,3847,641.0,110.8,82.84,1.77,1.89,28.0,-5.44,87.1,17441,16131
BWI-MKE,BWI,MKE,Baltimore,Milwaukee,Large,WN,Southwest Airlines,3845,641.0,123.3,71.73,1.43,9.75,48.0,-7.7,96.8,31369,23115
BNA-ORD,BNA,ORD,Nashville,Chicago,Large,UA,United Airlines,3844,409.0,110.1,75.08,1.4,13.49,49.0,0.23,75.2,44170,26222
ACT-DFW,ACT,DFW,Waco,Dallas-Fort Worth,Non-hub,MQ,Envoy Air,3842,89.0,55.1,81.18,3.18,3.91,28.0,-1.85,28.7,24180,16796
SEA-IAH,SEA,IAH,Seattle,Houston,Large,AS,Alaska Airlines,3842,1874.0,260.9,73.45,1.46,4.83,37.0,-3.84,223.6,29520,9919
DFW-ACT,DFW,ACT,Dallas-Fort Worth,Waco,Large,MQ,Envoy Air,3841,89.0,47.8,83.1,3.02,1.01,25.0,-3.25,20.6,15254,13528
IAH-SEA,IAH,SEA,Houston,Seattle,Large,AS,Alaska Airlines,3841,1874.0,288.3,76.72,1.8,3.61,38.9,-5.21,252.2,26619,16751
PHX-OKC,PHX,OKC,Phoenix,Oklahoma City,Large,WN,Southwest Airlines,3839,833.0,124.9,73.04,0.83,10.09,44.0,-6.01,102.3,23414,27577
BWI-MCI,BWI,MCI,Baltimore,Kansas City,Large,WN,Southwest Airlines,3839,967.0,165.0,69.21,1.82,12.05,48.0,-5.71,139.3,34066,25028
OKC-PHX,OKC,PHX,Oklahoma City,Phoenix,Medium,OO,SkyWest Airlines,3835,833.0,154.3,82.29,0.34,8.9,42.0,-3.9,124.7,52026,15854
PHX-OKC,PHX,OKC,Phoenix,Oklahoma City,Large,OO,SkyWest Airlines,3833,833.0,137.2,83.2,0.44,2.98,31.0,-3.98,105.6,27736,13259
LGA-RDU,LGA,RDU,New York,Raleigh-durham,Large,AA,American Airlines,3833,431.0,106.0,69.37,3.78,16.07,78.0,-4.12,71.7,33252,57615
RDU-LGA,RDU,LGA,Raleigh-durham,New York,Medium,AA,American Airlines,3827,431.0,95.2,70.32,3.87,17.25,81.0,-2.76,65.3,49584,42356
ATL-TUS,ATL,TUS,Atlanta,Tucson,Large,DL,Delta Air Lines,3820,1541.0,234.4,82.75,0.73,2.74,28.0,-5.1,208.9,26986,7171
LGA-MCO,LGA,MCO,New York,Orlando,Large,NK,Spirit Airlines,3820,950.0,177.8,74.27,3.19,5.27,63.0,-8.45,135.5,43498,21986
BOI-SEA,BOI,SEA,Boise,Seattle,Medium,AS,Alaska Airlines,3820,399.0,97.8,81.54,1.36,2.06,28.0,-0.32,66.8,20145,12489
TUS-ATL,TUS,ATL,Tucson,Atlanta,Medium,DL,Delta Air Lines,3820,1541.0,209.4,90.65,0.79,-3.63,11.0,-7.95,179.2,19171,7874
SEA-BOI,SEA,BOI,Seattle,Boise,Large,AS,Alaska Airlines,3819,399.0,86.8,75.86,1.2,6.56,35.0,-1.98,58.6,23949,15845
OKC-PHX,OKC,PHX,Oklahoma City,Phoenix,Medium,WN,Southwest Airlines,3817,833.0,146.2,81.98,1.13,2.37,30.0,-7.41,122.0,13832,23132
BNA-CHS,BNA,CHS,Nashville,Charleston,Large,WN,Southwest Airlines,3816,439.0,86.8,77.94,1.21,6.16,36.0,-6.3,61.0,12512,28073
PHX-SLC,PHX,SLC,Phoenix,Salt Lake City,Large,OO,SkyWest Airlines,3814,507.0,106.5,86.08,0.13,-0.27,24.0,-5.92,74.3,20429,10540
SLC-PHX,SLC,PHX,Salt Lake City,Phoenix,Large,OO,SkyWest Airlines,3813,507.0,112.3,86.52,0.18,3.27,22.0,-4.75,75.5,37534,12082
CHS-BNA,CHS,BNA,Charleston,Nashville,Medium,WN,Southwest Airlines,3811,439.0,94.1,81.47,1.13,2.9,29.0,-6.68,70.0,12648,21108
BOS-ATL,BOS,ATL,Boston,Atlanta,Large,B6,JetBlue Airways,3810,946.0,177.3,72.13,1.78,9.89,66.6,-7.32,139.5,50576,19286
ICT-DEN,ICT,DEN,Wichita,Denver,Small,OO,SkyWest Airlines,3806,420.0,103.2,76.93,1.5,11.96,49.4,-1.83,71.5,52463,20402
ATL-BOS,ATL,BOS,Atlanta,Boston,Large,B6,JetBlue Airways,3805,946.0,155.2,70.83,2.0,17.12,71.0,-6.52,122.8,47495,42492
RHI-MSP,RHI,MSP,Rhinelander,Minneapolis,Non-hub,OO,SkyWest Airlines,3804,190.0,72.4,87.64,1.18,-8.3,20.0,-14.23,39.1,42816,0
ORF-LGA,ORF,LGA,Norfolk,New York,Medium,9E,Endeavor Air,3804,296.0,93.4,78.39,4.92,3.37,41.0,-7.67,56.9,36165,19706
MSP-RHI,MSP,RHI,Minneapolis,Rhinelander,Large,OO,SkyWest Airlines,3804,190.0,64.1,84.6,1.16,1.49,28.0,-8.11,34.3,46374,0
LGA-ORF,LGA,ORF,New York,Norfolk,Large,9E,Endeavor Air,3804,296.0,93.3,79.6,4.76,-1.93,34.0,-8.79,53.6,24265,17822
DFW-SAV,DFW,SAV,Dallas-Fort Worth,Savannah,Large,AA,American Airlines,3803,925.0,141.3,64.55,3.05,22.24,82.0,-4.3,113.2,48206,49774
PHX-ONT,PHX,ONT,Phoenix,Ontario,Large,AA,American Airlines,3803,325.0,77.9,80.04,0.55,7.63,41.0,-4.36,51.3,19759,31348
ONT-PHX,ONT,PHX,Ontario,Phoenix,Medium,AA,American Airlines,3802,325.0,77.5,84.51,0.6,6.52,29.0,-1.34,52.2,26801,24098
CMI-ORD,CMI,ORD,Champaign,Chicago,Non-hub,MQ,Envoy Air,3800,135.0,68.2,82.11,2.66,2.0,34.6,-5.65,36.7,26131,22019
SAV-DFW,SAV,DFW,Savannah,Dallas-Fort Worth,Medium,AA,American Airlines,3800,925.0,172.1,72.45,3.21,16.61,63.0,-4.52,138.7,43630,41198
ORD-CMI,ORD,CMI,Chicago,Champaign,Large,MQ,Envoy Air,3800,135.0,60.6,77.34,2.71,4.25,42.0,-6.03,28.0,25410,21550
BNA-PHL,BNA,PHL,Nashville,Philadelphia,Large,WN,Southwest Airlines,3798,675.0,119.6,76.75,1.16,7.41,37.0,-6.88,92.4,16148,25276
DTW-PLN,DTW,PLN,Detroit,Pellston,Large,OO,SkyWest Airlines,3797,243.0,72.9,80.25,2.11,7.44,45.0,-6.17,43.7,59027,0
RDM-SLC,RDM,SLC,Redmond-Bend,Salt Lake City,Small,OO,SkyWest Airlines,3796,525.0,105.1,89.3,0.76,0.02,14.0,-4.62,76.2,32612,0
MCO-LGA,MCO,LGA,Orlando,New York,Large,NK,Spirit Airlines,3796,950.0,155.5,73.55,2.87,7.49,52.7,-5.8,125.4,44559,9197
SLC-RDM,SLC,RDM,Salt Lake City,Redmond-Bend,Large,OO,SkyWest Airlines,3796,525.0,110.6,89.46,0.63,-1.47,14.0,-5.27,80.7,24932,0
SFO-SEA,SFO,SEA,San Francisco,Seattle,Large,DL,Delta Air Lines,3793,679.0,138.2,86.34,1.03,-3.81,23.0,-13.42,97.2,19222,23181
SEA-SFO,SEA,SFO,Seattle,San Francisco,Large,DL,Delta Air Lines,3792,679.0,135.0,76.61,1.05,6.33,46.0,-6.12,100.8,44689,10891
ORD-MCO,ORD,MCO,Chicago,Orlando,Large,NK,Spirit Airlines,3791,1005.0,167.0,70.67,2.11,12.73,63.0,-6.7,129.9,55566,20225
LAX-ORD,LAX,ORD,Los Angeles,Chicago,Large,NK,Spirit Airlines,3790,1744.0,245.1,77.89,2.16,3.66,38.0,-6.67,208.6,32998,14753
ORD-LAX,ORD,LAX,Chicago,Los Angeles,Large,NK,Spirit Airlines,3790,1744.0,272.5,71.45,1.74,9.06,60.0,-10.49,232.7,49545,20612
MCO-ORD,MCO,ORD,Orlando,Chicago,Large,NK,Spirit Airlines,3790,1005.0,185.4,63.77,2.16,18.47,78.0,-4.21,146.8,68036,18963
BWI-SJU,BWI,SJU,Baltimore,San Juan,Large,WN,Southwest Airlines,3787,1565.0,243.5,66.83,0.69,12.88,51.6,-6.9,215.6,43180,18754
SJU-BWI,SJU,BWI,San Juan,Baltimore,Medium,WN,Southwest Airlines,3786,1565.0,254.0,80.59,0.63,3.2,29.0,-5.5,224.9,17873,15652
IAH-OKC,IAH,OKC,Houston,Oklahoma City,Large,OO,SkyWest Airlines,3784,395.0,94.4,77.35,1.14,12.25,54.0,-2.74,63.6,42832,21997
STL-DEN,STL,DEN,St. Louis,Denver,Medium,UA,United Airlines,3781,770.0,145.8,76.51,1.24,10.35,52.6,-2.99,116.1,43024,20758
DFW-TYS,DFW,TYS,Dallas-Fort Worth,Knoxville,Large,AA,American Airlines,3778,772.0,125.7,65.46,2.33,20.65,76.0,-4.02,96.5,45253,48555
TYS-DFW,TYS,DFW,Knoxville,Dallas-Fort Worth,Small,AA,American Airlines,3777,772.0,152.5,72.33,2.54,14.92,61.0,-7.49,116.1,42467,44878
BWI-DTW,BWI,DTW,Baltimore,Detroit,Large,WN,Southwest Airlines,3777,409.0,92.9,69.02,1.72,12.71,49.0,-6.16,65.8,28379,27525
MIA-CVG,MIA,CVG,Miami,Cincinnati,Large,MQ,Envoy Air,3775,948.0,167.9,76.05,0.77,5.92,43.0,-3.24,134.6,26872,20514
CLT-SDF,CLT,SDF,Charlotte,Louisville,Large,AA,American Airlines,3774,335.0,86.1,69.69,1.54,19.88,76.2,-3.54,56.8,48598,43292
CVG-MIA,CVG,MIA,Cincinnati,Miami,Medium,MQ,Envoy Air,3774,948.0,158.0,78.86,0.77,6.53,35.0,-4.69,131.7,29882,17216
DFW-LAS,DFW,LAS,Dallas-Fort Worth,Las Vegas,Large,F9,Frontier Airlines,3772,1055.0,185.0,70.76,1.83,18.5,69.1,-5.93,146.2,47905,48919
BIL-SLC,BIL,SLC,Billings,Salt Lake City,Small,OO,SkyWest Airlines,3772,387.0,91.4,90.46,0.56,-4.07,11.1,-4.3,64.2,23954,0
SDF-CLT,SDF,CLT,Louisville,Charlotte,Medium,AA,American Airlines,3772,335.0,90.4,75.27,1.67,20.61,56.0,-2.87,56.3,71844,30192
SLC-BIL,SLC,BIL,Salt Lake City,Billings,Large,OO,SkyWest Airlines,3771,387.0,88.7,90.72,0.48,-3.51,12.0,-6.26,59.9,18711,0
EVV-DFW,EVV,DFW,Evansville,Dallas-Fort Worth,Non-hub,MQ,Envoy Air,3770,642.0,138.6,82.2,1.78,-0.21,29.0,-5.56,100.9,25197,15074
SLC-BNA,SLC,BNA,Salt Lake City,Nashville,Large,DL,Delta Air Lines,3770,1404.0,197.3,84.93,0.77,0.45,25.1,-5.65,166.3,24932,6865
DFW-EVV,DFW,EVV,Dallas-Fort Worth,Evansville,Large,MQ,Envoy Air,3769,642.0,114.1,79.94,1.7,4.21,33.0,-2.48,87.1,18466,17850
MSP-GEG,MSP,GEG,Minneapolis,Spokane,Large,DL,Delta Air Lines,3769,1175.0,188.6,80.55,0.72,1.7,31.0,-5.93,160.2,28769,7968
GEG-MSP,GEG,MSP,Spokane,Minneapolis,Medium,DL,Delta Air Lines,3769,1175.0,171.6,83.92,0.96,3.11,24.0,-5.74,142.3,27366,11884
BNA-SLC,BNA,SLC,Nashville,Salt Lake City,Large,DL,Delta Air Lines,3768,1404.0,226.1,88.24,0.77,-4.64,17.0,-8.22,194.1,16637,8455
LAS-DFW,LAS,DFW,Las Vegas,Dallas-Fort Worth,Large,F9,Frontier Airlines,3767,1055.0,169.8,71.68,1.73,12.77,60.0,-3.73,129.9,45261,29203
SFO-FLL,SFO,FLL,San Francisco,Fort Lauderdale,Large,B6,JetBlue Airways,3763,2584.0,329.4,80.28,0.45,3.31,40.0,-8.65,295.9,30484,19947
EWR-SRQ,EWR,SRQ,Newark,Sarasota,Large,UA,United Airlines,3761,1034.0,182.5,73.84,2.58,8.09,57.8,-5.7,148.6,33493,29351
SEA-DEN,SEA,DEN,Seattle,Denver,Large,DL,Delta Air Lines,3760,1024.0,164.1,74.95,1.22,8.97,49.0,-3.41,128.0,48836,10977
FLL-SFO,FLL,SFO,Fort Lauderdale,San Francisco,Large,B6,JetBlue Airways,3760,2584.0,377.8,75.56,0.4,6.21,55.0,-7.13,342.2,43673,19126
DTW-BWI,DTW,BWI,Detroit,Baltimore,Large,WN,Southwest Airlines,3758,409.0,89.6,81.56,1.65,2.51,26.0,-6.49,63.5,17542,15423
DEN-SEA,DEN,SEA,Denver,Seattle,Large,DL,Delta Air Lines,3758,1024.0,185.4,80.34,1.33,5.9,41.8,-9.72,146.1,34012,29478
MIA-JAX,MIA,JAX,Miami,Jacksonville,Large,AA,American Airlines,3757,335.0,82.2,65.5,2.21,23.04,80.0,-2.42,53.6,55809,46591
JAX-MIA,JAX,MIA,Jacksonville,Miami,Medium,AA,American Airlines,3754,335.0,83.3,75.17,2.34,16.17,64.0,-2.5,55.8,39495,44208
SRQ-EWR,SRQ,EWR,Sarasota,Newark,Small,UA,United Airlines,3751,1034.0,170.2,76.01,2.83,10.52,59.0,-3.72,139.8,50038,22005
MFR-SEA,MFR,SEA,Medford,Seattle,Small,QX,Horizon Air,3751,352.0,89.3,85.76,1.47,1.61,21.0,-3.41,66.8,17519,12359
PHL-BNA,PHL,BNA,Philadelphia,Nashville,Large,WN,Southwest Airlines,3750,675.0,133.1,80.61,1.33,1.82,33.0,-10.42,101.7,17118,21510
SEA-MFR,SEA,MFR,Seattle,Medford,Large,QX,Horizon Air,3750,352.0,84.4,83.89,1.23,2.56,22.0,-2.02,64.1,14097,9532
MIA-MDW,MIA,MDW,Miami,Chicago,Large,WN,Southwest Airlines,3749,1182.0,193.8,72.58,2.72,8.65,51.1,-7.76,161.8,26324,30129
IAH-RSW,IAH,RSW,Houston,Fort Myers,Large,UA,United Airlines,3748,861.0,138.2,76.52,1.95,6.69,48.0,-4.76,108.1,31273,20530
CLT-SAV,CLT,SAV,Charlotte,Savannah,Large,AA,American Airlines,3748,213.0,66.3,71.13,1.28,16.28,65.0,-2.9,39.5,39351,37685
RSW-IAH,RSW,IAH,Fort Myers,Houston,Medium,UA,United Airlines,3747,861.0,158.2,78.84,2.14,6.01,41.7,-4.16,129.3,33024,24254
EWR-PWM,EWR,PWM,Newark,Portland,Large,YX,Republic Airways,3747,284.0,85.3,78.81,5.47,0.66,30.0,-5.15,50.6,21776,13806
PWM-EWR,PWM,EWR,Portland,Newark,Small,YX,Republic Airways,3746,284.0,99.9,75.84,6.11,1.58,42.0,-4.74,63.4,35545,12551
SAV-CLT,SAV,CLT,Savannah,Charlotte,Medium,AA,American Airlines,3746,213.0,75.9,77.28,1.28,12.85,59.0,-5.25,44.2,34548,40904
HLN-SLC,HLN,SLC,Helena,Salt Lake City,Non-hub,OO,SkyWest Airlines,3745,402.0,90.4,93.24,0.37,-4.43,8.0,-4.46,63.5,23149,0
SLC-HLN,SLC,HLN,Salt Lake City,Helena,Large,OO,SkyWest Airlines,3745,402.0,91.5,93.67,0.32,-6.84,5.0,-8.3,62.8,16496,0
DEN-FAT,DEN,FAT,Denver,Fresno,Large,OO,SkyWest Airlines,3743,844.0,157.3,76.04,0.94,8.51,45.0,-4.0,123.1,40534,13464
FAT-DEN,FAT,DEN,Fresno,Denver,Small,OO,SkyWest Airlines,3742,844.0,147.0,85.84,0.83,0.8,24.0,-7.31,115.9,35850,5357
PLN-DTW,PLN,DTW,Pellston,Detroit,Non-hub,OO,SkyWest Airlines,3739,243.0,73.0,83.79,2.33,2.59,39.0,-8.89,42.4,64695,0
DFW-SDF,DFW,SDF,Dallas-Fort Worth,Louisville,Large,AA,American Airlines,3738,733.0,125.4,66.59,2.38,19.21,73.0,-3.54,96.7,40965,45160
SDF-DFW,SDF,DFW,Louisville,Dallas-Fort Worth,Medium,AA,American Airlines,3737,733.0,146.0,71.15,2.52,18.51,71.0,-5.02,110.8,58223,39473
SFO-MCO,SFO,MCO,San Francisco,Orlando,Large,UA,United Airlines,3736,2446.0,320.5,84.13,1.18,-2.71,24.0,-9.66,280.7,18159,10070
MCO-SFO,MCO,SFO,Orlando,San Francisco,Large,UA,United Airlines,3732,2446.0,357.0,81.97,1.21,2.08,34.0,-9.29,322.7,32473,12779
DEN-STL,DEN,STL,Denver,St. Louis,Large,UA,United Airlines,3730,770.0,122.7,76.38,1.07,8.82,50.0,-3.66,95.0,26237,26424
VLD-ATL,VLD,ATL,Valdosta,Atlanta,Non-hub,9E,Endeavor Air,3729,208.0,74.6,86.24,0.78,4.98,24.0,-4.62,46.8,24394,23458
ATL-VLD,ATL,VLD,Atlanta,Valdosta,Large,9E,Endeavor Air,3729,208.0,65.7,86.24,0.78,6.37,22.0,-3.64,39.6,43071,7675
CLT-VPS,CLT,VPS,Charlotte,Valparaiso,Large,AA,American Airlines,3727,460.0,103.0,73.28,0.83,13.44,60.0,-3.67,71.9,33970,35785
VPS-CLT,VPS,CLT,Valparaiso,Charlotte,Small,AA,American Airlines,3727,460.0,101.4,79.21,0.91,13.02,45.0,-2.68,68.2,39463,32520
DEN-ABQ,DEN,ABQ,Denver,Albuquerque,Large,UA,United Airlines,3722,349.0,81.2,73.89,0.91,12.39,58.0,-4.18,53.1,29193,33343
ABQ-DEN,ABQ,DEN,Albuquerque,Denver,Medium,UA,United Airlines,3721,349.0,84.4,79.95,1.1,6.24,40.0,-3.38,56.5,30714,20323
JFK-CHS,JFK,CHS,New York,Charleston,Large,B6,JetBlue Airways,3720,636.0,135.2,69.92,2.69,12.85,74.0,-6.08,97.3,54254,22309
SAN-BOS,SAN,BOS,San Diego,Boston,Large,B6,JetBlue Airways,3719,2588.0,331.7,72.57,0.65,9.63,55.0,-6.24,296.4,46443,25282
BOS-SAN,BOS,SAN,Boston,San Diego,Large,B6,JetBlue Airways,3719,2588.0,381.4,81.85,0.48,-5.77,32.0,-12.52,342.5,29817,5521
CHS-JFK,CHS,JFK,Charleston,New York,Medium,B6,JetBlue Airways,3719,636.0,116.9,69.08,3.07,16.33,76.0,-3.8,88.8,41528,40819
BOI-MSP,BOI,MSP,Boise,Minneapolis,Medium,DL,Delta Air Lines,3718,1142.0,167.7,84.51,1.08,2.93,21.0,-4.17,139.7,25372,11386
AUS-SEA,AUS,SEA,Austin,Seattle,Large,DL,Delta Air Lines,3718,1770.0,274.4,86.34,0.7,-0.41,21.0,-9.49,237.8,24733,18293
MSP-BOI,MSP,BOI,Minneapolis,Boise,Large,DL,Delta Air Lines,3718,1142.0,186.8,81.33,1.0,1.61,31.0,-6.77,157.8,29872,8313
SEA-AUS,SEA,AUS,Seattle,Austin,Large,DL,Delta Air Lines,3718,1770.0,246.1,80.04,0.65,6.43,37.8,-4.53,211.1,42696,10533
BNA-CLE,BNA,CLE,Nashville,Cleveland,Large,WN,Southwest Airlines,3717,448.0,89.4,76.27,1.24,7.16,36.0,-6.32,64.4,14737,25524
PHL-ATL,PHL,ATL,Philadelphia,Atlanta,Large,F9,Frontier Airlines,3714,666.0,142.1,64.73,2.07,17.63,75.0,-3.18,100.1,46903,42221
AUS-PHL,AUS,PHL,Austin,Philadelphia,Large,AA,American Airlines,3714,1430.0,207.5,73.72,1.83,25.2,68.0,-5.15,178.4,66495,53575
MCO-BNA,MCO,BNA,Orlando,Nashville,Large,NK,Spirit Airlines,3713,616.0,124.5,71.18,2.59,11.46,55.0,-3.38,95.0,47506,13476
IAH-BNA,IAH,BNA,Houston,Nashville,Large,UA,United Airlines,3712,657.0,119.7,76.54,1.16,10.06,53.0,-2.76,87.6,31851,25529
PHL-AUS,PHL,AUS,Philadelphia,Austin,Large,AA,American Airlines,3712,1430.0,237.4,73.2,1.72,9.67,61.0,-6.75,198.6,41365,29423
BNA-IAH,BNA,IAH,Nashville,Houston,Large,UA,United Airlines,3712,657.0,135.8,79.23,1.29,6.28,40.0,-4.96,102.7,32900,23824
CLE-BNA,CLE,BNA,Cleveland,Nashville,Medium,WN,Southwest Airlines,3712,448.0,97.2,84.4,1.02,-1.05,25.0,-8.5,71.0,10176,18330
BNA-MCO,BNA,MCO,Nashville,Orlando,Large,NK,Spirit Airlines,3711,616.0,116.6,68.96,2.94,14.74,68.0,-5.8,85.3,49930,30324
SAT-BNA,SAT,BNA,San Antonio,Nashville,Medium,WN,Southwest Airlines,3711,822.0,130.7,84.96,1.08,1.17,23.0,-7.01,106.8,11849,16234
ATL-PHL,ATL,PHL,Atlanta,Philadelphia,Large,F9,Frontier Airlines,3710,666.0,127.4,61.48,2.05,27.07,96.0,-4.99,92.1,46123,69306
CLT-JAN,CLT,JAN,Charlotte,Jackson,Large,OH,PSA Airlines,3707,562.0,123.5,80.17,1.7,2.68,33.0,-3.6,86.3,22571,14785
JAN-CLT,JAN,CLT,Jackson,Charlotte,Small,OH,PSA Airlines,3704,562.0,116.0,82.51,1.92,6.82,28.0,-3.19,79.5,28853,19936
DCA-TPA,DCA,TPA,Washington,Tampa,Large,WN,Southwest Airlines,3703,814.0,145.6,77.56,2.89,6.12,43.0,-7.48,118.5,25154,23514
MFR-SLC,MFR,SLC,Medford,Salt Lake City,Small,OO,SkyWest Airlines,3702,575.0,111.2,90.19,0.81,-1.67,12.0,-6.43,82.8,30265,0
TPA-DCA,TPA,DCA,Tampa,Washington,Large,WN,Southwest Airlines,3702,814.0,136.3,76.72,2.67,5.97,39.0,-7.13,109.8,24210,21926
SLC-MFR,SLC,MFR,Salt Lake City,Medford,Large,OO,SkyWest Airlines,3702,575.0,118.6,88.41,0.76,-1.05,16.0,-5.8,88.7,25845,0
MSP-BDL,MSP,BDL,Minneapolis,Windsor Locks,Large,DL,Delta Air Lines,3701,1050.0,155.3,82.17,0.81,3.57,31.0,-4.78,127.1,35896,5601
BDL-MSP,BDL,MSP,Windsor Locks,Minneapolis,Medium,DL,Delta Air Lines,3699,1050.0,183.3,85.56,0.87,-0.8,23.0,-8.33,153.3,23418,13747
ORD-BDL,ORD,BDL,Chicago,Windsor Locks,Large,UA,United Airlines,3696,783.0,133.3,80.95,1.14,5.42,38.0,-4.93,98.2,20402,24653
BOS-FLL,BOS,FLL,Boston,Fort Lauderdale,Large,NK,Spirit Airlines,3695,1237.0,207.4,68.53,2.98,14.76,64.0,-5.94,173.8,63755,14586
BDL-ORD,BDL,ORD,Windsor Locks,Chicago,Medium,UA,United Airlines,3695,783.0,161.8,79.3,1.35,4.39,33.0,-2.46,124.2,33362,12258
GRR-DFW,GRR,DFW,Grand Rapids,Dallas-Fort Worth,Medium,AA,American Airlines,3693,931.0,167.9,68.64,2.71,24.98,68.9,-4.91,132.6,67056,48452
DFW-GRR,DFW,GRR,Dallas-Fort Worth,Grand Rapids,Large,AA,American Airlines,3692,931.0,146.4,62.7,2.6,25.66,87.0,-5.16,118.1,49699,58741
FLL-BOS,FLL,BOS,Fort Lauderdale,Boston,Large,NK,Spirit Airlines,3689,1237.0,192.1,68.45,2.2,13.89,65.0,-5.57,162.0,55645,13769
MDW-MIA,MDW,MIA,Chicago,Miami,Large,WN,Southwest Airlines,3685,1182.0,180.3,73.11,2.25,8.1,49.0,-7.77,152.9,29984,21068
JFK-ROC,JFK,ROC,New York,Rochester,Large,9E,Endeavor Air,3681,264.0,93.6,82.02,3.94,-1.87,31.0,-9.02,51.3,21663,17552
ROC-JFK,ROC,JFK,Rochester,New York,Small,9E,Endeavor Air,3681,264.0,90.2,84.24,3.86,-1.97,22.0,-9.48,54.1,28532,11746
CMH-ORD,CMH,ORD,Columbus,Chicago,Medium,UA,United Airlines,3676,296.0,87.3,69.75,1.25,16.21,55.2,0.21,54.5,54849,20781
CLE-TPA,CLE,TPA,Cleveland,Tampa,Medium,F9,Frontier Airlines,3673,927.0,155.5,70.22,2.53,13.55,65.0,-5.16,125.6,37189,41341
COS-SLC,COS,SLC,Colorado Springs,Salt Lake City,Small,OO,SkyWest Airlines,3673,411.0,114.1,89.6,0.38,-2.62,14.0,-7.25,78.0,34831,0
SLC-COS,SLC,COS,Salt Lake City,Colorado Springs,Large,OO,SkyWest Airlines,3673,411.0,99.1,87.72,0.38,-0.24,17.0,-4.73,69.2,25506,0
ABR-MSP,ABR,MSP,Aberdeen,Minneapolis,Non-hub,OO,SkyWest Airlines,3670,257.0,77.8,86.49,1.34,2.79,22.0,-9.16,45.7,56511,0
MSP-ABR,MSP,ABR,Minneapolis,Aberdeen,Large,OO,SkyWest Airlines,3670,257.0,77.8,86.29,1.14,-0.07,22.0,-9.05,46.9,43205,0
SAN-RNO,SAN,RNO,San Diego,Reno,Large,WN,Southwest Airlines,3670,488.0,95.6,77.93,1.28,5.02,35.0,-5.19,70.7,11836,24796
TPA-CLE,TPA,CLE,Tampa,Cleveland,Large,F9,Frontier Airlines,3668,927.0,157.2,75.44,2.51,8.04,53.0,-4.8,122.7,26846,32845
DEN-SGF,DEN,SGF,Denver,Springfield,Large,OO,SkyWest Airlines,3667,637.0,117.2,76.17,1.55,9.16,48.0,-4.31,83.8,40594,17417
STL-FLL,STL,FLL,St. Louis,Fort Lauderdale,Medium,WN,Southwest Airlines,3666,1057.0,159.8,76.79,1.66,5.48,36.0,-6.6,136.8,22770,17169
IAD-SEA,IAD,SEA,Washington,Seattle,Medium,AS,Alaska Airlines,3665,2306.0,351.1,78.66,1.28,-0.97,30.3,-8.92,309.6,26293,10500
SGF-DEN,SGF,DEN,Springfield,Denver,Small,OO,SkyWest Airlines,3665,637.0,134.7,77.11,1.23,13.25,59.0,-4.21,101.8,58039,17200
ORD-CMH,ORD,CMH,Chicago,Columbus,Large,UA,United Airlines,3665,296.0,83.7,75.31,0.9,9.66,55.0,-3.41,48.5,28787,27821
SEA-IAD,SEA,IAD,Seattle,Washington,Large,AS,Alaska Airlines,3663,2306.0,299.5,78.92,0.93,1.38,28.2,-5.52,264.6,19717,8786
BNA-SAT,BNA,SAT,Nashville,San Antonio,Large,WN,Southwest Airlines,3662,822.0,146.8,79.77,1.06,2.11,33.3,-9.35,120.0,12526,22996
MSO-DEN,MSO,DEN,Missoula,Denver,Small,UA,United Airlines,3662,679.0,124.0,77.72,0.93,11.68,45.0,-4.26,92.4,47739,21371
DEN-MSO,DEN,MSO,Denver,Missoula,Large,UA,United Airlines,3662,679.0,128.2,76.22,0.74,10.43,54.0,-6.99,98.7,31161,29235
OKC-SLC,OKC,SLC,Oklahoma City,Salt Lake City,Medium,OO,SkyWest Airlines,3658,866.0,158.1,89.64,0.49,0.05,14.0,-4.73,131.0,32878,0
SLC-OKC,SLC,OKC,Salt Lake City,Oklahoma City,Large,OO,SkyWest Airlines,3657,866.0,141.4,87.53,0.46,0.45,19.0,-4.13,114.1,24975,0
DTW-BOS,DTW,BOS,Detroit,Boston,Large,B6,JetBlue Airways,3656,632.0,111.9,74.4,1.91,11.34,61.0,-3.61,84.7,44957,29032
BOS-DTW,BOS,DTW,Boston,Detroit,Large,B6,JetBlue Airways,3655,632.0,135.3,73.35,1.67,9.29,62.0,-6.63,99.9,40395,23142
LAX-MCO,LAX,MCO,Los Angeles,Orlando,Large,UA,United Airlines,3653,2218.0,290.3,87.82,0.99,-6.36,17.0,-9.8,254.7,14451,5769
SLC-ONT,SLC,ONT,Salt Lake City,Ontario,Large,DL,Delta Air Lines,3652,558.0,108.6,86.56,1.2,-0.5,19.0,-5.65,80.8,21553,5587
MCO-LAX,MCO,LAX,Orlando,Los Angeles,Large,UA,United Airlines,3652,2218.0,326.6,83.0,0.96,0.8,28.0,-8.37,291.3,24433,12214
CMX-ORD,CMX,ORD,Hancock,Chicago,Non-hub,OO,SkyWest Airlines,3652,360.0,102.8,73.3,5.59,15.88,70.0,-3.86,64.4,66266,24267
ORD-CMX,ORD,CMX,Chicago,Hancock,Large,OO,SkyWest Airlines,3652,360.0,93.4,69.99,5.39,17.18,66.0,-4.54,58.8,56534,29694
CLT-CVG,CLT,CVG,Charlotte,Cincinnati,Large,AA,American Airlines,3651,335.0,85.1,72.77,1.23,13.81,56.0,-3.37,55.6,30259,35621
IAD-RDU,IAD,RDU,Washington,Raleigh-durham,Medium,UA,United Airlines,3651,224.0,70.7,82.14,0.96,4.09,30.0,-4.56,41.9,22508,15578
ONT-SLC,ONT,SLC,Ontario,Salt Lake City,Medium,DL,Delta Air Lines,3650,558.0,107.8,90.03,1.21,-1.47,12.0,-7.29,79.5,23043,9145
EUG-SLC,EUG,SLC,Eugene,Salt Lake City,Small,OO,SkyWest Airlines,3648,618.0,115.8,91.26,0.63,-1.56,10.0,-6.57,87.6,29160,0
CVG-CLT,CVG,CLT,Cincinnati,Charlotte,Medium,AA,American Airlines,3648,335.0,92.9,74.64,1.45,13.42,48.1,-5.49,57.0,36504,36017
SLC-EUG,SLC,EUG,Salt Lake City,Eugene,Large,OO,SkyWest Airlines,3648,618.0,123.0,89.78,0.63,-1.52,14.0,-4.44,95.1,19132,0
ORD-PHX,ORD,PHX,Chicago,Phoenix,Large,WN,Southwest Airlines,3646,1440.0,231.1,70.63,1.43,10.45,50.0,-6.74,197.9,30226,28836
RDU-IAD,RDU,IAD,Raleigh-durham,Washington,Medium,UA,United Airlines,3644,224.0,70.0,86.03,1.13,0.22,20.0,-4.42,41.0,19627,12254
SAT-MSP,SAT,MSP,San Antonio,Minneapolis,Medium,DL,Delta Air Lines,3644,1097.0,169.8,87.6,0.74,1.21,18.9,-6.92,142.3,29399,12226
RNO-SAN,RNO,SAN,Reno,San Diego,Medium,WN,Southwest Airlines,3643,488.0,92.5,75.6,1.45,7.66,42.0,-3.16,71.4,19767,25292
MSP-SAT,MSP,SAT,Minneapolis,San Antonio,Large,DL,Delta Air Lines,3643,1097.0,175.7,79.22,0.69,4.34,41.0,-6.54,146.1,38159,11235
DTW-ROC,DTW,ROC,Detroit,Rochester,Large,9E,Endeavor Air,3641,296.0,77.3,87.59,0.69,-0.82,19.0,-4.7,47.5,20238,6488
ROC-DTW,ROC,DTW,Rochester,Detroit,Small,9E,Endeavor Air,3639,296.0,85.2,87.72,0.66,-2.2,22.0,-8.18,53.1,19117,17376
PIA-CLT,PIA,CLT,Peoria,Charlotte,Small,OH,PSA Airlines,3638,607.0,124.8,78.31,2.36,11.23,41.0,-3.71,85.9,37685,29077
JFK-SAN,JFK,SAN,New York,San Diego,Large,B6,JetBlue Airways,3637,2446.0,367.1,78.77,1.04,-3.12,39.0,-9.48,326.3,31666,6678
SAN-JFK,SAN,JFK,San Diego,New York,Large,B6,JetBlue Airways,3637,2446.0,323.3,72.45,1.32,9.43,51.0,-5.37,287.0,48470,19002
CLT-PIA,CLT,PIA,Charlotte,Peoria,Large,OH,PSA Airlines,3636,607.0,128.5,76.84,2.2,6.45,39.0,-2.44,92.1,24701,19412
PHX-ORD,PHX,ORD,Phoenix,Chicago,Large,WN,Southwest Airlines,3636,1440.0,206.7,69.25,1.38,9.56,51.0,-7.68,173.6,34332,20630
LAS-OKC,LAS,OKC,Las Vegas,Oklahoma City,Large,WN,Southwest Airlines,3634,986.0,143.8,68.71,0.69,12.78,50.0,-4.8,118.5,26797,29972
GSO-LGA,GSO,LGA,Greensboro,New York,Small,9E,Endeavor Air,3632,461.0,102.8,82.16,4.07,0.01,27.0,-7.49,68.6,28415,12291
LGA-GSO,LGA,GSO,New York,Greensboro,Large,9E,Endeavor Air,3632,461.0,119.1,80.86,4.1,-5.78,33.0,-13.16,74.8,20055,18982
BNA-CMH,BNA,CMH,Nashville,Columbus,Large,WN,Southwest Airlines,3631,337.0,78.7,80.58,1.21,3.88,32.0,-7.96,52.6,11920,22740
EWR-CHS,EWR,CHS,Newark,Charleston,Large,UA,United Airlines,3630,628.0,128.5,74.46,2.53,7.55,51.0,-5.14,93.8,31097,24490
OKC-LAS,OKC,LAS,Oklahoma City,Las Vegas,Medium,WN,Southwest Airlines,3630,986.0,159.6,79.42,0.83,4.71,35.0,-5.77,137.1,16643,21988
CMH-BNA,CMH,BNA,Columbus,Nashville,Medium,WN,Southwest Airlines,3630,337.0,83.3,84.71,1.13,-1.43,26.0,-8.71,57.0,11537,16300
BNA-JFK,BNA,JFK,Nashville,New York,Large,YX,Republic Airways,3626,765.0,149.2,80.97,2.68,2.45,35.2,-4.23,115.6,27097,12456
PIT-IAD,PIT,IAD,Pittsburgh,Washington,Medium,YX,Republic Airways,3623,182.0,68.1,88.32,1.41,-3.4,16.0,-2.73,40.0,14225,5651
DTW-LAX,DTW,LAX,Detroit,Los Angeles,Large,NK,Spirit Airlines,3623,1979.0,301.5,81.4,1.77,-2.59,32.0,-11.05,265.7,28518,6917
MCI-LGA,MCI,LGA,Kansas City,New York,Medium,YX,Republic Airways,3623,1107.0,171.3,82.75,3.34,-0.84,27.0,-5.71,140.7,29116,7650
TPA-PHL,TPA,PHL,Tampa,Philadelphia,Large,F9,Frontier Airlines,3622,920.0,159.1,72.94,2.46,13.56,65.9,-6.01,124.0,29460,47825
LGA-MCI,LGA,MCI,New York,Kansas City,Large,YX,Republic Airways,3622,1107.0,203.3,77.89,3.84,0.56,43.0,-8.26,164.6,29013,16380
JFK-BNA,JFK,BNA,New York,Nashville,Large,YX,Republic Airways,3621,765.0,158.5,81.47,2.13,-0.19,33.0,-3.07,118.9,22485,14460
PHL-TPA,PHL,TPA,Philadelphia,Tampa,Large,F9,Frontier Airlines,3620,920.0,168.8,69.17,2.35,16.34,82.0,-5.93,133.9,43309,48098
MKE-EWR,MKE,EWR,Milwaukee,Newark,Medium,YX,Republic Airways,3619,725.0,142.0,74.14,5.94,3.18,46.0,-5.82,104.4,39334,12229
FLL-BOS,FLL,BOS,Fort Lauderdale,Boston,Large,DL,Delta Air Lines,3615,1237.0,196.5,74.14,1.52,12.33,63.0,-7.9,161.9,38822,35003
BOS-FLL,BOS,FLL,Boston,Fort Lauderdale,Large,DL,Delta Air Lines,3615,1237.0,210.7,75.27,1.41,8.34,52.9,-5.94,175.4,44644,18326
BZN-SLC,BZN,SLC,Bozeman,Salt Lake City,Small,OO,SkyWest Airlines,3614,347.0,84.6,89.21,0.33,-1.9,16.0,-3.39,58.3,25459,0
DFW-IAD,DFW,IAD,Dallas-Fort Worth,Washington,Large,UA,United Airlines,3614,1172.0,173.0,80.99,1.55,8.64,37.0,-3.21,144.9,31695,22871
LAS-SEA,LAS,SEA,Las Vegas,Seattle,Large,NK,Spirit Airlines,3613,867.0,164.5,78.13,2.05,4.9,40.0,-5.94,130.0,33660,9697
LAX-DTW,LAX,DTW,Los Angeles,Detroit,Large,NK,Spirit Airlines,3612,1979.0,263.2,81.17,1.77,4.24,34.0,-8.59,229.9,27718,21211
SLC-BZN,SLC,BZN,Salt Lake City,Bozeman,Large,OO,SkyWest Airlines,3612,347.0,83.0,88.04,0.28,1.47,18.0,-4.42,56.3,26260,0
EWR-MKE,EWR,MKE,Newark,Milwaukee,Large,YX,Republic Airways,3611,725.0,157.1,78.12,5.65,-1.61,32.0,-7.49,113.8,20261,13565
SEA-LAS,SEA,LAS,Seattle,Las Vegas,Large,NK,Spirit Airlines,3611,867.0,150.3,74.33,2.24,9.96,49.0,-5.75,118.3,36243,18759
IAD-DFW,IAD,DFW,Washington,Dallas-Fort Worth,Medium,UA,United Airlines,3610,1172.0,202.8,77.42,1.16,7.24,43.0,-4.03,166.9,32901,20409
MDT-CLT,MDT,CLT,Harrisburg,Charlotte,Small,OH,PSA Airlines,3609,413.0,102.5,85.81,1.14,0.5,24.0,-5.59,69.9,23832,17032
CLT-MDT,CLT,MDT,Charlotte,Harrisburg,Large,OH,PSA Airlines,3608,413.0,99.0,79.85,1.19,6.61,40.0,-1.81,64.5,24761,18180
TPA-PIT,TPA,PIT,Tampa,Pittsburgh,Large,WN,Southwest Airlines,3608,873.0,140.3,77.94,1.36,6.56,43.6,-6.41,115.8,18186,27104
BOS-BUF,BOS,BUF,Boston,Buffalo,Large,B6,JetBlue Airways,3607,395.0,94.8,75.82,1.94,8.1,55.0,-5.66,67.2,32104,25229
MSP-CLE,MSP,CLE,Minneapolis,Cleveland,Large,OO,SkyWest Airlines,3607,622.0,115.8,82.59,0.86,1.35,31.0,-6.22,83.2,33454,0
CLE-MSP,CLE,MSP,Cleveland,Minneapolis,Medium,OO,SkyWest Airlines,3606,622.0,130.0,85.83,1.03,3.17,24.0,-7.6,100.0,44487,0
LEX-DFW,LEX,DFW,Lexington KY,Dallas-Fort Worth,Small,MQ,Envoy Air,3606,785.0,155.8,80.87,2.83,0.57,29.0,-7.58,120.2,20873,16180
BUF-BOS,BUF,BOS,Buffalo,Boston,Medium,B6,JetBlue Airways,3606,395.0,85.9,77.76,2.08,6.5,50.0,-2.82,60.3,30648,25895
DFW-LEX,DFW,LEX,Dallas-Fort Worth,Lexington KY,Large,MQ,Envoy Air,3606,785.0,132.0,80.78,2.77,3.52,30.0,-3.15,103.2,21171,11633
ROC-JFK,ROC,JFK,Rochester,New York,Small,B6,JetBlue Airways,3606,264.0,81.0,73.32,3.36,14.11,62.0,-2.63,54.2,42861,31797
DCA-SEA,DCA,SEA,Washington,Seattle,Large,AS,Alaska Airlines,3606,2329.0,357.1,80.14,1.41,-0.36,35.0,-7.35,317.7,26933,13468
JFK-ROC,JFK,ROC,New York,Rochester,Large,B6,JetBlue Airways,3606,264.0,86.3,64.09,3.11,18.79,83.0,-5.63,51.5,52261,34840
SEA-DCA,SEA,DCA,Seattle,Washington,Large,AS,Alaska Airlines,3606,2329.0,303.5,76.76,1.14,4.01,37.0,-5.11,269.4,32826,9957
BNA-DTW,BNA,DTW,Nashville,Detroit,Large,WN,Southwest Airlines,3605,456.0,96.7,74.84,1.22,8.79,37.0,-6.15,69.3,15248,26684
CMI-DFW,CMI,DFW,Champaign,Dallas-Fort Worth,Non-hub,MQ,Envoy Air,3605,693.0,142.2,81.47,1.86,2.69,33.0,-6.56,108.4,32339,17210
DFW-CMI,DFW,CMI,Dallas-Fort Worth,Champaign,Large,MQ,Envoy Air,3603,693.0,124.9,81.13,1.72,3.41,34.0,-4.54,94.4,18665,17622
MKE-DTW,MKE,DTW,Milwaukee,Detroit,Medium,DL,Delta Air Lines,3597,237.0,70.1,88.96,0.75,-3.45,15.1,-6.77,41.8,16211,15270
FLL-STL,FLL,STL,Fort Lauderdale,St. Louis,Large,WN,Southwest Airlines,3597,1057.0,174.6,76.12,1.61,6.81,45.0,-6.1,146.4,23546,22014
DTW-MKE,DTW,MKE,Detroit,Milwaukee,Large,DL,Delta Air Lines,3597,237.0,72.0,85.02,0.72,0.88,26.0,-5.86,46.4,24249,7751
MSY-ORD,MSY,ORD,New Orleans,Chicago,Medium,UA,United Airlines,3597,837.0,154.4,85.18,1.5,1.91,24.0,-4.62,122.3,22061,14922
OKC-IAH,OKC,IAH,Oklahoma City,Houston,Medium,OO,SkyWest Airlines,3597,395.0,95.8,80.12,1.08,7.03,40.0,-2.19,66.1,33294,18997
MCO-MSY,MCO,MSY,Orlando,New Orleans,Large,NK,Spirit Airlines,3596,551.0,111.8,68.97,3.03,14.19,69.0,-5.25,84.7,51372,18188
MSY-MCO,MSY,MCO,New Orleans,Orlando,Medium,NK,Spirit Airlines,3595,551.0,108.3,75.47,2.98,9.63,53.0,-5.34,79.7,37604,22216
IAD-DFW,IAD,DFW,Washington,Dallas-Fort Worth,Medium,AA,American Airlines,3594,1172.0,209.7,75.54,2.78,11.09,46.0,-8.55,168.6,54949,20790
SFO-EWR,SFO,EWR,San Francisco,Newark,Large,AS,Alaska Airlines,3594,2565.0,334.1,73.15,1.78,5.78,54.0,-6.1,293.9,46145,9855
EWR-SFO,EWR,SFO,Newark,San Francisco,Large,AS,Alaska Airlines,3593,2565.0,388.5,71.89,1.95,5.78,58.0,-10.42,342.4,30710,33605
ORD-CLT,ORD,CLT,Chicago,Charlotte,Large,UA,United Airlines,3593,599.0,125.5,76.34,0.92,8.72,47.0,-3.08,85.4,29190,22961
DTW-BUF,DTW,BUF,Detroit,Buffalo,Large,DL,Delta Air Lines,3593,241.0,67.6,80.27,1.25,6.8,41.0,-4.87,41.2,38651,10973
LAX-DFW,LAX,DFW,Los Angeles,Dallas-Fort Worth,Large,DL,Delta Air Lines,3592,1235.0,183.1,80.12,1.53,6.07,37.0,-5.1,151.5,31085,17982
BUF-DTW,BUF,DTW,Buffalo,Detroit,Medium,DL,Delta Air Lines,3592,241.0,72.6,86.28,1.28,0.61,20.0,-6.49,43.6,22545,14715
DFW-IAD,DFW,IAD,Dallas-Fort Worth,Washington,Large,AA,American Airlines,3591,1172.0,172.9,70.09,2.76,11.41,56.0,-5.88,142.7,29632,29262
DFW-LAX,DFW,LAX,Dallas-Fort Worth,Los Angeles,Large,DL,Delta Air Lines,3590,1235.0,205.5,85.82,1.67,1.07,23.0,-8.0,168.1,27990,12783
CLT-ORD,CLT,ORD,Charlotte,Chicago,Large,UA,United Airlines,3589,599.0,133.5,76.82,1.31,10.29,47.0,-4.08,94.3,38207,25473
HDN-DEN,HDN,DEN,Hayden,Denver,Non-hub,OO,SkyWest Airlines,3589,141.0,72.8,75.56,1.56,6.15,46.0,-3.9,32.3,49532,9944
DEN-BHM,DEN,BHM,Denver,Birmingham,Large,OO,SkyWest Airlines,3588,1083.0,170.7,73.94,0.89,7.84,46.0,-3.49,134.5,36347,13817
DEN-HDN,DEN,HDN,Denver,Hayden,Large,OO,SkyWest Airlines,3588,141.0,59.8,79.46,1.28,6.65,41.0,-4.89,29.7,32051,14567
LAX-ATL,LAX,ATL,Los Angeles,Atlanta,Large,NK,Spirit Airlines,3587,1947.0,259.0,76.61,1.95,4.59,38.0,-6.26,224.3,29676,14668
GRR-DTW,GRR,DTW,Grand Rapids,Detroit,Medium,DL,Delta Air Lines,3587,120.0,56.3,89.13,1.31,-3.27,14.0,-5.62,27.0,19407,9688
DTW-GRR,DTW,GRR,Detroit,Grand Rapids,Large,DL,Delta Air Lines,3586,120.0,53.8,82.43,1.23,2.64,33.0,-6.77,26.9,29109,10036
BET-ANC,BET,ANC,Bethel,Anchorage,Non-hub,AS,Alaska Airlines,3585,399.0,71.6,66.64,2.54,12.41,43.0,1.95,57.7,24962,24794
BHM-DEN,BHM,DEN,Birmingham,Denver,Small,OO,SkyWest Airlines,3585,1083.0,198.5,79.55,0.98,5.12,38.0,-5.04,164.0,38696,7654
ANC-BET,ANC,BET,Anchorage,Bethel,Medium,AS,Alaska Airlines,3585,399.0,79.3,80.31,2.37,4.37,30.0,-0.2,60.6,19682,10913
ATL-LAX,ATL,LAX,Atlanta,Los Angeles,Large,NK,Spirit Airlines,3584,1947.0,296.3,76.23,1.79,4.64,44.0,-9.68,261.5,34758,13509
BTV-DCA,BTV,DCA,Burlington,Washington,Small,OH,PSA Airlines,3581,437.0,110.2,71.8,3.6,18.36,64.0,-1.18,78.1,54727,37063
OAK-HNL,OAK,HNL,Oakland,Honolulu,Medium,WN,Southwest Airlines,3580,2409.0,336.0,82.09,0.08,-1.78,29.0,-12.15,305.8,21745,8344
DTW-BNA,DTW,BNA,Detroit,Nashville,Large,WN,Southwest Airlines,3580,456.0,98.3,82.23,1.23,0.36,27.0,-8.36,70.4,13830,15258
IND-ATL,IND,ATL,Indianapolis,Atlanta,Medium,WN,Southwest Airlines,3579,432.0,94.2,79.1,1.06,4.41,34.0,-6.21,67.8,16507,20386
DCA-BTV,DCA,BTV,Washington,Burlington,Large,OH,PSA Airlines,3579,437.0,101.5,74.63,3.07,9.51,50.0,-4.24,69.0,26262,30553
SBA-SFO,SBA,SFO,Santa Barbara,San Francisco,Small,OO,SkyWest Airlines,3577,262.0,75.4,77.72,2.1,4.88,39.0,-3.81,47.6,40042,12675
PBI-DCA,PBI,DCA,West Palm Beach,Washington,Medium,AA,American Airlines,3577,857.0,143.2,73.13,1.96,18.71,56.0,-3.25,119.4,43511,44308
SFO-SBA,SFO,SBA,San Francisco,Santa Barbara,Large,OO,SkyWest Airlines,3576,262.0,77.2,84.59,1.82,1.25,24.0,-5.88,47.5,26073,9611
RAP-MSP,RAP,MSP,Rapid City,Minneapolis,Small,OO,SkyWest Airlines,3575,489.0,103.5,86.66,1.73,0.8,20.0,-9.02,69.8,43235,0
HNL-OAK,HNL,OAK,Honolulu,Oakland,Medium,WN,Southwest Airlines,3575,2409.0,312.9,86.77,0.11,-3.75,19.0,-9.61,280.6,13729,5092
DCA-PBI,DCA,PBI,Washington,West Palm Beach,Large,AA,American Airlines,3575,857.0,159.4,77.65,1.85,4.57,48.0,-6.34,125.8,29471,23205
MSP-RAP,MSP,RAP,Minneapolis,Rapid City,Large,OO,SkyWest Airlines,3574,489.0,110.1,86.21,1.51,-1.63,21.0,-9.93,78.2,35154,0
MCO-CVG,MCO,CVG,Orlando,Cincinnati,Large,DL,Delta Air Lines,3574,757.0,130.8,76.89,0.76,13.96,57.0,-1.01,105.8,33741,36500
CVG-MCO,CVG,MCO,Cincinnati,Orlando,Medium,DL,Delta Air Lines,3574,757.0,128.6,80.67,0.76,6.01,34.0,-2.4,102.4,33112,10197
ATL-IND,ATL,IND,Atlanta,Indianapolis,Large,WN,Southwest Airlines,3573,432.0,92.0,77.97,0.84,6.67,37.0,-6.12,66.2,15792,24616
ORD-CID,ORD,CID,Chicago,Cedar Rapids,Large,OO,SkyWest Airlines,3571,196.0,74.1,75.75,2.02,10.81,52.0,-4.7,38.2,40902,21532
FCA-DEN,FCA,DEN,Kalispell,Denver,Small,UA,United Airlines,3569,752.0,132.7,79.66,0.95,8.31,42.0,-4.1,101.6,36380,21956
MSP-BJI,MSP,BJI,Minneapolis,Bemidji,Large,OO,SkyWest Airlines,3569,199.0,68.8,84.31,1.37,4.36,31.0,-7.85,38.0,52584,0
CID-ORD,CID,ORD,Cedar Rapids,Chicago,Small,OO,SkyWest Airlines,3569,196.0,79.9,74.75,2.35,18.16,65.0,-2.37,42.5,59310,31338
DEN-FCA,DEN,FCA,Denver,Kalispell,Large,UA,United Airlines,3569,752.0,135.3,73.1,0.78,13.4,53.0,-5.22,107.1,35125,27650
BJI-MSP,BJI,MSP,Bemidji,Minneapolis,Non-hub,OO,SkyWest Airlines,3568,199.0,66.0,85.76,1.46,1.69,28.7,-7.51,37.8,51345,0
ORD-MSY,ORD,MSY,Chicago,New Orleans,Large,UA,United Airlines,3567,837.0,148.6,79.06,1.09,3.86,42.0,-7.59,113.3,23145,22077
ICT-DFW,ICT,DFW,Wichita,Dallas-Fort Worth,Small,AA,American Airlines,3565,328.0,84.1,70.83,3.9,21.55,75.0,-3.75,55.1,49516,45250
LGA-BUF,LGA,BUF,New York,Buffalo,Large,9E,Endeavor Air,3565,292.0,91.3,81.26,4.71,-2.11,29.0,-8.76,52.0,17935,16956
BUF-LGA,BUF,LGA,Buffalo,New York,Medium,9E,Endeavor Air,3565,292.0,87.2,80.17,4.94,2.95,36.0,-6.62,55.4,32922,14944
DFW-ICT,DFW,ICT,Dallas-Fort Worth,Wichita,Large,AA,American Airlines,3565,328.0,78.3,61.63,3.87,28.97,88.0,-2.81,53.1,56036,54009
GJT-PHX,GJT,PHX,Grand Junction,Phoenix,Small,OO,SkyWest Airlines,3564,438.0,105.0,85.8,0.39,3.59,24.0,-4.01,72.5,41416,7790
AGS-CLT,AGS,CLT,Bush Field,Charlotte,Small,OH,PSA Airlines,3562,140.0,67.5,77.88,1.85,9.34,39.0,-2.69,31.7,32480,22585
DEN-BIL,DEN,BIL,Denver,Billings,Large,UA,United Airlines,3561,455.0,93.1,73.38,0.62,13.37,61.0,-4.79,66.4,29311,34834
CLT-AGS,CLT,AGS,Charlotte,Bush Field,Large,OH,PSA Airlines,3561,140.0,68.7,79.39,2.25,8.64,39.0,-4.69,32.6,31885,23390
BIL-DEN,BIL,DEN,Billings,Denver,Small,UA,United Airlines,3560,455.0,97.8,79.69,0.87,4.5,37.1,-0.09,70.9,31752,15368
DSM-DTW,DSM,DTW,Des Moines,Detroit,Small,9E,Endeavor Air,3560,533.0,108.0,89.94,0.59,-3.79,13.0,-7.31,76.5,16116,8608
PHX-GJT,PHX,GJT,Phoenix,Grand Junction,Large,OO,SkyWest Airlines,3559,438.0,92.9,87.19,0.28,0.87,19.0,-4.31,63.7,23829,8898
DTW-DSM,DTW,DSM,Detroit,Des Moines,Large,9E,Endeavor Air,3559,533.0,114.4,88.59,0.62,-3.96,16.0,-7.76,82.4,17151,6498
DFW-BUR,DFW,BUR,Dallas-Fort Worth,Burbank,Large,AA,American Airlines,3558,1231.0,204.0,70.52,1.94,11.48,51.0,-4.17,174.9,33682,23500
BUR-DFW,BUR,DFW,Burbank,Dallas-Fort Worth,Medium,AA,American Airlines,3557,1231.0,191.1,78.32,2.14,7.8,40.1,-5.42,153.4,36485,23055
ATL-MCI,ATL,MCI,Atlanta,Kansas City,Large,WN,Southwest Airlines,3555,692.0,131.2,77.33,1.04,6.37,37.0,-6.14,105.3,17773,21205
MKE-CLT,MKE,CLT,Milwaukee,Charlotte,Medium,AA,American Airlines,3555,651.0,125.7,79.27,1.43,12.74,39.3,-5.11,92.7,44743,26741
CLT-MKE,CLT,MKE,Charlotte,Milwaukee,Large,AA,American Airlines,3555,651.0,124.4,74.23,1.38,14.31,55.0,-5.24,96.5,32005,37413
SAT-BWI,SAT,BWI,San Antonio,Baltimore,Medium,WN,Southwest Airlines,3553,1407.0,194.8,81.51,2.05,1.52,26.0,-6.58,171.4,13598,14565
PIT-TPA,PIT,TPA,Pittsburgh,Tampa,Medium,WN,Southwest Airlines,3551,873.0,143.0,76.68,1.46,6.73,43.0,-6.38,119.5,20385,26911
BWI-SAT,BWI,SAT,Baltimore,San Antonio,Large,WN,Southwest Airlines,3551,1407.0,224.2,72.01,1.8,6.91,43.0,-9.05,196.1,28344,17417
CVG-JFK,CVG,JFK,Cincinnati,New York,Medium,YX,Republic Airways,3549,589.0,127.8,84.84,2.28,-0.87,23.0,-5.35,95.2,18548,12493
EWR-PBI,EWR,PBI,Newark,West Palm Beach,Large,B6,JetBlue Airways,3545,1023.0,177.9,64.17,2.68,17.74,85.0,-4.08,145.1,61047,27011
LAX-DCA,LAX,DCA,Los Angeles,Washington,Large,AA,American Airlines,3544,2311.0,298.7,83.15,0.85,-1.9,26.0,-9.2,266.4,16882,14634
DEN-IAD,DEN,IAD,Denver,Washington,Large,WN,Southwest Airlines,3544,1452.0,195.8,65.69,1.47,14.44,55.0,-6.02,168.9,33064,26406
IAD-DEN,IAD,DEN,Washington,Denver,Medium,WN,Southwest Airlines,3543,1452.0,234.2,79.31,1.55,2.2,34.6,-8.51,204.7,22015,14974
DCA-LAX,DCA,LAX,Washington,Los Angeles,Large,AA,American Airlines,3542,2311.0,349.1,80.83,0.85,-2.19,34.0,-11.83,304.3,30034,13244
SBP-PHX,SBP,PHX,San Luis Obispo,Phoenix,Small,OO,SkyWest Airlines,3542,509.0,103.4,83.77,0.54,7.7,28.0,-2.01,74.7,37226,12388
PHX-SBP,PHX,SBP,Phoenix,San Luis Obispo,Large,OO,SkyWest Airlines,3542,509.0,107.3,86.19,0.51,-0.07,22.0,-5.19,77.7,17819,12497
MIA-MSP,MIA,MSP,Miami,Minneapolis,Large,DL,Delta Air Lines,3540,1501.0,236.1,81.33,0.65,6.62,40.1,-6.22,203.1,38135,16945
DEN-PIT,DEN,PIT,Denver,Pittsburgh,Large,WN,Southwest Airlines,3539,1290.0,175.8,64.42,1.36,16.09,61.0,-5.4,150.2,32269,32219
PBI-EWR,PBI,EWR,West Palm Beach,Newark,Medium,B6,JetBlue Airways,3539,1023.0,173.4,64.23,2.83,20.72,89.0,-4.55,141.6,49131,43560
MSP-MIA,MSP,MIA,Minneapolis,Miami,Large,DL,Delta Air Lines,3539,1501.0,219.6,80.56,0.57,0.65,33.0,-5.46,185.5,31733,3434
JFK-CVG,JFK,CVG,New York,Cincinnati,Large,YX,Republic Airways,3537,589.0,141.3,84.11,1.87,-4.46,24.4,-5.96,98.8,16380,12969
CMH-MIA,CMH,MIA,Columbus,Miami,Medium,MQ,Envoy Air,3535,990.0,164.1,82.15,0.62,1.21,33.0,-6.49,136.1,22971,15121
GTR-ATL,GTR,ATL,Columbus Mississippi,Atlanta,Non-hub,9E,Endeavor Air,3534,241.0,77.6,89.84,0.71,-5.15,13.0,-9.38,44.6,18222,12074
ATL-GTR,ATL,GTR,Atlanta,Columbus Mississippi,Large,9E,Endeavor Air,3534,241.0,71.9,89.02,0.68,-2.26,15.0,-5.86,46.3,16769,8087
MIA-CMH,MIA,CMH,Miami,Columbus,Large,MQ,Envoy Air,3534,990.0,170.7,78.18,0.65,4.26,42.5,-3.75,136.9,23428,16410
MDW-CLT,MDW,CLT,Chicago,Charlotte,Large,WN,Southwest Airlines,3532,584.0,109.3,70.95,1.7,9.93,46.0,-6.09,81.2,26616,21331
GNV-CLT,GNV,CLT,Gainesville,Charlotte,Non-hub,OH,PSA Airlines,3532,388.0,96.3,84.26,2.29,4.07,25.0,-3.73,62.8,26587,17834
CLT-GNV,CLT,GNV,Charlotte,Gainesville,Large,OH,PSA Airlines,3531,388.0,94.7,81.51,2.24,1.46,32.0,-4.16,61.4,18853,13357
SHV-CLT,SHV,CLT,Shreveport,Charlotte,Small,OH,PSA Airlines,3530,764.0,137.5,80.91,1.84,8.16,37.0,-3.56,101.9,31430,20080
CLT-SHV,CLT,SHV,Charlotte,Shreveport,Large,OH,PSA Airlines,3528,764.0,152.3,77.66,1.42,6.5,40.0,-2.64,113.8,25098,20914
MCI-ATL,MCI,ATL,Kansas City,Atlanta,Medium,WN,Southwest Airlines,3527,692.0,117.6,82.19,1.13,2.21,27.0,-7.35,91.8,12902,17473
LGA-CVG,LGA,CVG,New York,Cincinnati,Large,YX,Republic Airways,3527,585.0,138.1,80.89,3.46,-0.98,36.0,-5.66,99.2,19352,17980
LGA-MEM,LGA,MEM,New York,Memphis,Large,YX,Republic Airways,3527,963.0,184.6,78.37,3.77,-1.25,39.3,-7.83,144.9,21110,19493
ATL-CHO,ATL,CHO,Atlanta,Charlottesville VA,Large,9E,Endeavor Air,3526,457.0,94.8,88.15,0.6,-1.51,16.0,-5.23,66.2,17578,5772
CHO-ATL,CHO,ATL,Charlottesville VA,Atlanta,Non-hub,9E,Endeavor Air,3526,457.0,105.8,85.93,0.68,0.11,24.0,-8.72,72.9,26594,15264
MEM-LGA,MEM,LGA,Memphis,New York,Medium,YX,Republic Airways,3526,963.0,162.2,79.75,2.98,4.65,42.0,-2.9,134.5,30327,15036
ATL-SBN,ATL,SBN,Atlanta,South Bend,Large,OO,SkyWest Airlines,3526,566.0,112.1,77.42,0.82,14.0,60.0,-4.59,83.4,71984,0
SBN-ATL,SBN,ATL,South Bend,Atlanta,Small,OO,SkyWest Airlines,3525,566.0,120.3,79.63,0.94,7.47,47.0,-8.79,85.5,63593,0
SGU-PHX,SGU,PHX,Saint George,Phoenix,Small,OO,SkyWest Airlines,3523,262.0,76.2,83.96,0.06,3.6,29.0,-2.4,47.7,29922,11523
PHX-SGU,PHX,SGU,Phoenix,Saint George,Large,OO,SkyWest Airlines,3522,262.0,79.7,85.35,0.09,2.65,25.0,-2.78,52.5,21930,11650
CVG-LGA,CVG,LGA,Cincinnati,New York,Medium,YX,Republic Airways,3522,585.0,117.5,81.52,2.81,3.71,33.1,-2.28,89.7,25094,15923
CLT-MDW,CLT,MDW,Charlotte,Chicago,Large,WN,Southwest Airlines,3520,584.0,119.8,75.63,1.96,7.33,38.0,-7.36,88.9,21988,19855
SEA-MCI,SEA,MCI,Seattle,Kansas City,Large,AS,Alaska Airlines,3517,1489.0,208.5,79.02,1.19,2.93,30.0,-2.69,177.3,20432,9050
ORD-RDU,ORD,RDU,Chicago,Raleigh-durham,Large,AA,American Airlines,3517,646.0,118.5,67.98,1.62,19.44,78.0,-5.0,88.1,41739,44674
MCI-SEA,MCI,SEA,Kansas City,Seattle,Medium,AS,Alaska Airlines,3516,1489.0,238.1,83.28,1.48,-0.62,24.0,-2.41,206.7,16035,10326
ORD-LNK,ORD,LNK,Chicago,Lincoln,Large,OO,SkyWest Airlines,3515,466.0,112.6,73.6,1.45,11.75,54.8,-3.48,75.0,40888,23433
IAD-PIT,IAD,PIT,Washington,Pittsburgh,Medium,YX,Republic Airways,3514,182.0,66.0,84.23,1.68,2.58,30.0,-4.89,35.6,22029,15622
LNK-ORD,LNK,ORD,Lincoln,Chicago,Non-hub,OO,SkyWest Airlines,3513,466.0,114.7,78.14,1.45,12.61,55.0,-2.58,74.8,50151,18804
SAV-JFK,SAV,JFK,Savannah,New York,Medium,9E,Endeavor Air,3513,718.0,134.5,82.01,2.73,2.12,32.0,-9.29,97.2,31649,14351
JFK-SAV,JFK,SAV,New York,Savannah,Large,9E,Endeavor Air,3512,718.0,149.1,80.24,2.65,0.67,35.0,-5.99,107.8,24992,15612
PHL-DEN,PHL,DEN,Philadelphia,Denver,Large,AA,American Airlines,3512,1558.0,256.5,74.46,1.57,7.29,52.0,-7.03,214.6,35329,24562
RDU-ORD,RDU,ORD,Raleigh-durham,Chicago,Medium,AA,American Airlines,3509,646.0,141.8,85.49,1.62,4.23,24.0,-7.58,103.6,38670,17171
BNA-IAD,BNA,IAD,Nashville,Washington,Large,UA,United Airlines,3507,542.0,103.9,79.81,0.8,8.1,39.0,-2.14,77.1,25851,22686
ORD-SLC,ORD,SLC,Chicago,Salt Lake City,Large,UA,United Airlines,3507,1250.0,217.4,77.59,0.86,5.06,41.0,-7.87,178.3,23479,20668
DFW-BOS,DFW,BOS,Dallas-Fort Worth,Boston,Large,DL,Delta Air Lines,3505,1562.0,227.3,78.23,1.63,11.71,54.0,-10.31,189.4,54828,26314
PIT-DEN,PIT,DEN,Pittsburgh,Denver,Medium,WN,Southwest Airlines,3505,1290.0,208.9,77.2,1.2,4.0,39.6,-7.51,181.2,22640,17256
DEN-PHL,DEN,PHL,Denver,Philadelphia,Large,AA,American Airlines,3505,1558.0,215.8,78.29,1.65,10.43,39.5,-6.41,183.7,36098,29604
BOS-DFW,BOS,DFW,Boston,Dallas-Fort Worth,Large,DL,Delta Air Lines,3505,1562.0,268.2,75.26,1.37,6.43,62.0,-10.38,223.8,47960,19553
AUS-JFK,AUS,JFK,Austin,New York,Large,AA,American Airlines,3503,1521.0,227.7,78.76,2.06,9.01,48.0,-7.51,193.1,39692,25538
DCA-CVG,DCA,CVG,Washington,Cincinnati,Large,9E,Endeavor Air,3503,411.0,99.8,83.64,1.66,1.3,29.0,-5.41,69.0,15464,23977
CVG-DCA,CVG,DCA,Cincinnati,Washington,Medium,9E,Endeavor Air,3503,411.0,91.1,82.42,1.63,-0.11,28.0,-4.79,63.4,23108,9181
LAX-MRY,LAX,MRY,Los Angeles,Monterey,Large,OO,SkyWest Airlines,3501,266.0,77.6,86.92,0.49,-0.34,21.0,-3.97,47.9,17663,10078
JFK-AUS,JFK,AUS,New York,Austin,Large,AA,American Airlines,3499,1521.0,255.7,76.11,2.09,7.43,53.0,-8.45,212.8,41407,25113
MRY-LAX,MRY,LAX,Monterey,Los Angeles,Small,OO,SkyWest Airlines,3498,266.0,87.1,87.02,0.69,2.22,20.0,-2.52,54.5,26410,11441
AEX-ATL,AEX,ATL,Alexandria,Atlanta,Non-hub,9E,Endeavor Air,3498,500.0,105.2,87.36,1.0,1.92,20.0,-6.54,73.4,28604,13520
ATL-AEX,ATL,AEX,Atlanta,Alexandria,Large,9E,Endeavor Air,3498,500.0,105.0,87.08,0.91,-1.26,19.0,-4.9,78.8,19983,5761
RSW-IND,RSW,IND,Fort Myers,Indianapolis,Medium,WN,Southwest Airlines,3498,945.0,151.9,75.9,2.14,8.42,44.0,-3.89,129.9,17626,28819
JNU-SIT,JNU,SIT,Juneau,Sitka,Small,AS,Alaska Airlines,3498,95.0,43.2,80.7,2.2,-0.65,28.0,-0.14,24.0,11005,17550
SIT-JNU,SIT,JNU,Sitka,Juneau,Non-hub,AS,Alaska Airlines,3498,95.0,41.0,82.3,2.54,-1.28,25.0,0.69,23.7,15759,12642
CHS-EWR,CHS,EWR,Charleston,Newark,Medium,UA,United Airlines,3497,628.0,119.6,77.09,3.03,12.62,51.0,-2.84,89.6,47617,21231
ATL-MDT,ATL,MDT,Atlanta,Harrisburg,Large,DL,Delta Air Lines,3496,620.0,110.3,87.04,0.49,-0.68,21.0,-5.83,85.4,18461,6213
MDT-ATL,MDT,ATL,Harrisburg,Atlanta,Small,DL,Delta Air Lines,3496,620.0,123.2,85.84,0.54,-0.22,24.0,-8.54,93.2,28698,8307
FLL-MSY,FLL,MSY,Fort Lauderdale,New Orleans,Large,NK,Spirit Airlines,3496,674.0,125.1,74.06,2.57,8.84,51.0,-4.17,99.7,36882,11619
MSY-FLL,MSY,FLL,New Orleans,Fort Lauderdale,Medium,NK,Spirit Airlines,3495,674.0,113.1,75.94,2.69,9.01,48.0,-3.0,89.2,32953,16970
HNL-SAN,HNL,SAN,Honolulu,San Diego,Medium,WN,Southwest Airlines,3495,2614.0,332.3,85.41,0.26,-2.87,21.0,-9.27,301.6,14720,4667
SLC-ORD,SLC,ORD,Salt Lake City,Chicago,Large,UA,United Airlines,3495,1250.0,191.5,80.49,1.29,6.48,35.0,-4.54,153.7,33391,15370
STT-ATL,STT,ATL,St. Thomas,Atlanta,Small,DL,Delta Air Lines,3494,1599.0,242.6,80.25,0.8,4.97,32.0,-5.3,212.6,33619,16955
MLU-ATL,MLU,ATL,Monroe,Atlanta,Non-hub,9E,Endeavor Air,3494,448.0,97.9,86.86,0.86,1.09,23.0,-6.23,66.5,25913,13869
ATL-MLU,ATL,MLU,Atlanta,Monroe,Large,9E,Endeavor Air,3494,448.0,99.2,86.69,0.8,-2.35,21.0,-7.04,71.1,18668,8095
ATL-STT,ATL,STT,Atlanta,St. Thomas,Large,DL,Delta Air Lines,3494,1599.0,216.6,80.05,0.34,4.19,26.0,-0.97,190.5,25487,2918
SAN-HNL,SAN,HNL,San Diego,Honolulu,Large,WN,Southwest Airlines,3491,2614.0,368.8,78.32,0.37,0.32,35.0,-11.35,334.5,25565,11951
IND-RSW,IND,RSW,Indianapolis,Fort Myers,Medium,WN,Southwest Airlines,3488,945.0,146.4,76.38,2.01,6.53,40.0,-5.72,124.5,21174,21227
LIT-ORD,LIT,ORD,Little Rock,Chicago,Small,MQ,Envoy Air,3487,552.0,118.6,73.85,1.2,11.28,51.0,-3.06,85.1,42238,17996
ORD-LIT,ORD,LIT,Chicago,Little Rock,Large,MQ,Envoy Air,3486,552.0,116.2,74.61,1.06,7.42,46.0,-2.9,81.9,27078,20502
ORD-GRR,ORD,GRR,Chicago,Grand Rapids,Large,OO,SkyWest Airlines,3480,137.0,64.6,72.33,3.22,13.49,62.0,-3.41,29.3,38248,26761
ATL-ELP,ATL,ELP,Atlanta,El Paso,Large,DL,Delta Air Lines,3479,1282.0,195.2,79.88,0.63,3.99,33.0,-4.15,171.5,29902,4688
GRR-ORD,GRR,ORD,Grand Rapids,Chicago,Medium,OO,SkyWest Airlines,3479,137.0,72.2,71.63,3.13,17.87,71.0,-1.72,33.6,56044,29128
ELP-ATL,ELP,ATL,El Paso,Atlanta,Small,DL,Delta Air Lines,3478,1282.0,181.3,87.9,0.66,-0.07,18.0,-7.68,151.2,24219,8705
GCC-DEN,GCC,DEN,Gillette,Denver,Non-hub,OO,SkyWest Airlines,3477,313.0,87.6,81.48,2.13,11.45,42.0,-4.32,55.5,61729,16477
DEN-GCC,DEN,GCC,Denver,Gillette,Large,OO,SkyWest Airlines,3477,313.0,78.9,81.51,1.93,5.81,36.0,-4.01,50.7,33028,13122
CLT-LGA,CLT,LGA,Charlotte,New York,Large,YX,Republic Airways,3476,544.0,121.2,82.57,2.16,1.01,34.0,-6.67,79.7,34238,6178
LGA-CLT,LGA,CLT,New York,Charlotte,Large,YX,Republic Airways,3475,544.0,131.5,85.06,1.96,-4.39,24.0,-8.38,89.2,21332,7636
IAD-BNA,IAD,BNA,Washington,Nashville,Medium,UA,United Airlines,3475,542.0,116.9,80.81,0.58,7.61,38.0,-3.12,84.1,30515,19513
TUL-SLC,TUL,SLC,Tulsa,Salt Lake City,Small,OO,SkyWest Airlines,3468,926.0,170.6,90.08,0.69,-2.95,13.0,-6.11,141.0,22628,0
SLC-TUL,SLC,TUL,Salt Lake City,Tulsa,Large,OO,SkyWest Airlines,3468,926.0,147.5,87.25,0.63,-0.43,18.0,-4.51,120.2,23660,0
DFW-BOI,DFW,BOI,Dallas-Fort Worth,Boise,Large,AA,American Airlines,3466,1272.0,203.9,69.88,2.14,11.84,59.0,-7.5,171.1,30111,32771
BOI-DFW,BOI,DFW,Boise,Dallas-Fort Worth,Medium,AA,American Airlines,3466,1272.0,189.7,77.5,2.19,11.93,37.0,-4.16,155.4,41148,23663
MSP-MDW,MSP,MDW,Minneapolis,Chicago,Large,OO,SkyWest Airlines,3462,349.0,98.7,81.74,0.58,5.32,35.0,-3.29,66.7,40329,0
DFW-DAY,DFW,DAY,Dallas-Fort Worth,Dayton,Large,OH,PSA Airlines,3462,861.0,145.0,74.78,1.76,14.21,74.0,-5.67,110.7,31483,44613
DAY-DFW,DAY,DFW,Dayton,Dallas-Fort Worth,Small,OH,PSA Airlines,3462,861.0,165.6,77.73,1.33,4.86,51.0,-6.78,127.9,32223,26249
MDW-MSP,MDW,MSP,Chicago,Minneapolis,Large,OO,SkyWest Airlines,3461,349.0,98.0,82.32,0.49,7.09,41.0,-4.63,68.5,58078,0
DCA-CHS,DCA,CHS,Washington,Charleston,Large,OH,PSA Airlines,3455,444.0,111.0,73.95,3.88,7.84,56.0,-4.31,75.5,25372,28095
DEN-SHR,DEN,SHR,Denver,Sheridan,Large,OO,SkyWest Airlines,3454,359.0,83.7,81.91,1.88,6.05,35.0,-3.02,56.1,31580,14162
SHR-DEN,SHR,DEN,Sheridan,Denver,Non-hub,OO,SkyWest Airlines,3454,359.0,90.7,81.33,1.82,8.19,34.0,-0.43,60.9,44040,12548
DEN-GUC,DEN,GUC,Denver,Gunnison,Large,OO,SkyWest Airlines,3452,152.0,67.9,78.82,2.69,11.0,46.0,-6.52,35.3,45353,17669
GUC-DEN,GUC,DEN,Gunnison,Denver,Non-hub,OO,SkyWest Airlines,3451,152.0,74.2,76.3,2.52,9.37,54.3,-2.2,35.4,51888,11547
CHS-DCA,CHS,DCA,Charleston,Washington,Medium,OH,PSA Airlines,3451,444.0,98.0,73.34,4.49,10.6,58.2,-2.16,68.2,30838,34442
LAX-OKC,LAX,OKC,Los Angeles,Oklahoma City,Large,OO,SkyWest Airlines,3450,1187.0,176.0,88.52,0.32,-2.94,17.0,-5.35,148.2,14392,8774
BOS-DEN,BOS,DEN,Boston,Denver,Large,WN,Southwest Airlines,3450,1754.0,280.0,74.67,1.48,4.0,45.0,-11.16,245.5,25372,20723
HOU-TUL,HOU,TUL,Houston,Tulsa,Medium,WN,Southwest Airlines,3449,453.0,88.3,77.12,1.33,5.48,39.0,-6.44,66.2,16683,21251
DEN-ELP,DEN,ELP,Denver,El Paso,Large,WN,Southwest Airlines,3449,563.0,105.5,70.75,1.54,9.37,46.0,-5.55,81.2,19179,25101
DEN-MSN,DEN,MSN,Denver,Madison,Large,UA,United Airlines,3448,826.0,129.1,74.77,0.99,9.17,47.0,-3.84,101.0,25877,23699
BOS-AUS,BOS,AUS,Boston,Austin,Large,DL,Delta Air Lines,3446,1698.0,275.4,72.93,1.13,10.93,61.0,-5.91,238.1,47972,21336
MSN-DEN,MSN,DEN,Madison,Denver,Small,UA,United Airlines,3446,826.0,152.9,81.05,1.22,4.69,36.0,-4.86,120.1,33486,13287
AUS-BOS,AUS,BOS,Austin,Boston,Large,DL,Delta Air Lines,3445,1698.0,238.5,77.62,1.31,12.46,55.0,-7.11,206.2,51803,20914
OKC-LAX,OKC,LAX,Oklahoma City,Los Angeles,Medium,OO,SkyWest Airlines,3441,1187.0,197.8,84.54,0.35,3.45,25.0,-3.7,168.4,31711,8896
SAN-BWI,SAN,BWI,San Diego,Baltimore,Large,WN,Southwest Airlines,3439,2295.0,295.7,77.76,0.9,2.43,34.0,-9.62,263.2,17666,16761
SLC-MDW,SLC,MDW,Salt Lake City,Chicago,Large,WN,Southwest Airlines,3438,1259.0,183.8,82.26,1.11,0.74,25.0,-8.09,155.1,14955,10551
GPT-DFW,GPT,DFW,Gulfport,Dallas-Fort Worth,Non-hub,MQ,Envoy Air,3433,500.0,113.6,78.07,2.71,7.77,40.0,-1.74,84.4,29342,17467
DFW-GPT,DFW,GPT,Dallas-Fort Worth,Gulfport,Large,MQ,Envoy Air,3432,500.0,98.3,80.13,2.62,3.73,31.0,-2.22,70.6,20516,12123
DEN-ONT,DEN,ONT,Denver,Ontario,Large,UA,United Airlines,3432,819.0,140.3,74.8,0.79,9.23,51.0,-6.79,112.0,25908,26389
PIT-MSP,PIT,MSP,Pittsburgh,Minneapolis,Medium,OO,SkyWest Airlines,3432,726.0,142.2,84.73,1.02,3.64,25.2,-6.08,113.0,42085,0
ELP-DEN,ELP,DEN,El Paso,Denver,Small,WN,Southwest Airlines,3431,563.0,109.1,78.43,1.89,5.7,40.0,-5.1,83.6,20962,17977
ONT-DEN,ONT,DEN,Ontario,Denver,Medium,UA,United Airlines,3431,819.0,137.9,82.89,0.87,2.1,32.0,-7.02,108.0,25106,14535
MSP-PIT,MSP,PIT,Minneapolis,Pittsburgh,Large,OO,SkyWest Airlines,3430,726.0,127.2,83.62,0.93,1.06,27.0,-6.12,95.4,30744,0
ORD-FSD,ORD,FSD,Chicago,Sioux Falls,Large,OO,SkyWest Airlines,3420,462.0,112.2,73.39,2.6,11.78,61.6,-4.58,74.5,45804,18086
OMA-STL,OMA,STL,Omaha,St. Louis,Medium,WN,Southwest Airlines,3419,342.0,74.6,86.02,1.14,-0.23,22.0,-8.14,50.7,10831,13958
MDW-SLC,MDW,SLC,Chicago,Salt Lake City,Large,WN,Southwest Airlines,3418,1259.0,207.9,71.12,1.55,8.3,47.0,-8.01,180.1,25981,20277
FSD-ORD,FSD,ORD,Sioux Falls,Chicago,Small,OO,SkyWest Airlines,3416,462.0,110.6,73.95,2.52,15.05,64.7,-2.6,69.8,57819,20812
FLL-MSP,FLL,MSP,Fort Lauderdale,Minneapolis,Large,DL,Delta Air Lines,3416,1487.0,234.6,82.73,0.85,2.96,35.0,-8.06,202.5,28826,17256
SEA-IAD,SEA,IAD,Seattle,Washington,Large,UA,United Airlines,3416,2306.0,299.5,82.7,1.93,1.84,27.0,-7.79,263.7,22555,15105
PHL-IND,PHL,IND,Philadelphia,Indianapolis,Large,YX,Republic Airways,3415,588.0,128.3,82.49,1.58,0.42,32.0,-4.8,91.4,21997,16929
MSP-FLL,MSP,FLL,Minneapolis,Fort Lauderdale,Large,DL,Delta Air Lines,3414,1487.0,218.3,82.37,0.73,-0.93,31.0,-7.8,184.6,27306,4660
IAD-SEA,IAD,SEA,Washington,Seattle,Medium,UA,United Airlines,3414,2306.0,352.2,81.52,1.32,0.03,33.0,-10.42,309.4,24919,14394
MCI-AUS,MCI,AUS,Kansas City,Austin,Medium,WN,Southwest Airlines,3414,650.0,114.0,80.61,1.29,2.27,32.0,-5.78,90.8,13087,16316
SAV-DCA,SAV,DCA,Savannah,Washington,Medium,OH,PSA Airlines,3411,519.0,106.7,75.64,3.34,12.66,50.0,-1.69,78.1,37816,27662
TUL-HOU,TUL,HOU,Tulsa,Houston,Small,WN,Southwest Airlines,3408,453.0,95.3,83.01,1.44,1.05,26.0,-5.4,73.5,13088,14527
BWI-SAN,BWI,SAN,Baltimore,San Diego,Large,WN,Southwest Airlines,3407,2295.0,335.8,72.7,1.06,5.48,42.6,-10.9,305.8,26604,15618
STL-OMA,STL,OMA,St. Louis,Omaha,Medium,WN,Southwest Airlines,3407,342.0,76.2,74.23,1.29,8.6,43.0,-6.03,55.1,16080,27118
CLT-ROC,CLT,ROC,Charlotte,Rochester,Large,AA,American Airlines,3407,573.0,107.2,72.47,1.32,14.97,63.0,-4.78,78.9,32104,35718
ROC-CLT,ROC,CLT,Rochester,Charlotte,Small,AA,American Airlines,3406,573.0,120.5,79.18,1.53,12.42,45.0,-4.18,90.8,34604,29722
DTW-MSN,DTW,MSN,Detroit,Madison,Large,OO,SkyWest Airlines,3406,311.0,81.7,79.3,0.7,10.1,50.0,-5.14,53.6,56677,0
DCA-SAV,DCA,SAV,Washington,Savannah,Large,OH,PSA Airlines,3406,519.0,120.5,71.34,3.02,10.83,67.0,-4.63,83.4,29835,35396
IND-PHL,IND,PHL,Indianapolis,Philadelphia,Medium,YX,Republic Airways,3403,588.0,111.9,87.31,1.06,-1.28,18.0,-2.61,85.4,15275,5205
MSN-DTW,MSN,DTW,Madison,Detroit,Small,OO,SkyWest Airlines,3403,311.0,79.3,84.07,0.68,5.38,37.0,-5.52,50.3,49344,0
FLL-TPA,FLL,TPA,Fort Lauderdale,Tampa,Large,NK,Spirit Airlines,3403,197.0,62.9,72.02,2.03,13.43,61.0,-3.66,38.2,44061,16270
DEN-PHL,DEN,PHL,Denver,Philadelphia,Large,WN,Southwest Airlines,3402,1558.0,210.1,62.79,1.88,16.65,58.0,-6.95,181.0,36655,25496
BUF-DCA,BUF,DCA,Buffalo,Washington,Medium,OH,PSA Airlines,3401,296.0,83.0,68.16,5.17,19.57,77.0,-1.01,55.2,39155,46704
TPA-FLL,TPA,FLL,Tampa,Fort Lauderdale,Large,NK,Spirit Airlines,3401,197.0,65.6,80.01,2.18,5.22,38.0,-3.33,39.2,22015,17613
AEX-DFW,AEX,DFW,Alexandria,Dallas-Fort Worth,Non-hub,OO,SkyWest Airlines,3400,285.0,85.5,75.5,2.82,15.01,60.0,-2.55,54.4,67311,9257
DCA-BUF,DCA,BUF,Washington,Buffalo,Large,OH,PSA Airlines,3400,296.0,83.1,68.44,4.65,15.04,65.0,-2.84,51.5,32017,35113
BNA-SAN,BNA,SAN,Nashville,San Diego,Large,WN,Southwest Airlines,3400,1751.0,263.1,77.5,0.76,3.19,33.0,-10.04,235.2,15400,20148
DFW-AEX,DFW,AEX,Dallas-Fort Worth,Alexandria,Large,OO,SkyWest Airlines,3400,285.0,77.6,79.32,3.06,5.69,44.0,-3.36,46.6,38067,8238
OKC-DFW,OKC,DFW,Oklahoma City,Dallas-Fort Worth,Medium,MQ,Envoy Air,3399,175.0,64.6,76.82,2.79,8.03,41.0,-1.32,36.9,21651,24330
PHL-DEN,PHL,DEN,Philadelphia,Denver,Large,WN,Southwest Airlines,3399,1558.0,251.0,74.43,1.53,5.74,42.0,-9.22,218.9,28815,15220
SBA-DEN,SBA,DEN,Santa Barbara,Denver,Small,UA,United Airlines,3399,916.0,146.6,82.2,1.53,5.39,30.0,-6.9,117.5,30826,18070
DFW-OKC,DFW,OKC,Dallas-Fort Worth,Oklahoma City,Large,MQ,Envoy Air,3398,175.0,64.5,80.67,2.65,1.74,32.0,-4.87,36.8,15137,12974
DEN-SBA,DEN,SBA,Denver,Santa Barbara,Large,UA,United Airlines,3397,916.0,157.8,73.77,1.09,9.3,49.0,-5.13,128.3,24903,24296
BDL-MDW,BDL,MDW,Windsor Locks,Chicago,Medium,WN,Southwest Airlines,3396,776.0,146.1,81.33,2.15,2.48,30.0,-7.74,121.0,17953,16537
AUS-MCI,AUS,MCI,Austin,Kansas City,Large,WN,Southwest Airlines,3395,650.0,111.1,76.2,1.47,7.14,39.0,-4.79,88.9,12854,26236
PHX-FAT,PHX,FAT,Phoenix,Fresno,Large,OO,SkyWest Airlines,3395,493.0,107.6,84.27,0.12,2.35,31.0,-5.14,78.4,24072,11192
MDW-BDL,MDW,BDL,Chicago,Windsor Locks,Large,WN,Southwest Airlines,3395,776.0,120.0,68.63,1.77,12.22,48.0,-5.25,96.7,26056,23837
FAT-PHX,FAT,PHX,Fresno,Phoenix,Small,OO,SkyWest Airlines,3393,493.0,105.9,84.94,0.29,8.26,30.0,-3.75,80.0,43836,10075
FAY-CLT,FAY,CLT,Fayetteville,Charlotte,Non-hub,OH,PSA Airlines,3393,118.0,70.4,84.94,1.44,2.61,23.0,-6.5,35.2,25994,15528
SLC-ORD,SLC,ORD,Salt Lake City,Chicago,Large,OO,SkyWest Airlines,3392,1250.0,199.8,80.63,0.91,8.04,36.0,-3.42,158.2,46279,7640
ORD-CAK,ORD,CAK,Chicago,Akron,Large,OO,SkyWest Airlines,3391,343.0,93.5,70.83,1.83,15.58,77.0,-3.12,56.7,45585,26456
CMH-CLT,CMH,CLT,Columbus,Charlotte,Medium,OH,PSA Airlines,3391,347.0,96.1,79.5,1.71,6.71,42.0,-4.24,59.1,20837,28240
CLT-CMH,CLT,CMH,Charlotte,Columbus,Large,OH,PSA Airlines,3390,347.0,94.0,81.45,1.36,3.41,31.0,-3.72,56.6,18867,15485
CAK-ORD,CAK,ORD,Akron,Chicago,Non-hub,OO,SkyWest Airlines,3390,343.0,103.5,74.16,1.77,17.39,78.6,-0.95,64.7,61286,24779
CLT-FAY,CLT,FAY,Charlotte,Fayetteville,Large,OH,PSA Airlines,3390,118.0,59.8,83.51,1.36,1.49,28.0,-5.18,26.5,16311,15675
BOI-OAK,BOI,OAK,Boise,Oakland,Medium,WN,Southwest Airlines,3389,512.0,105.4,85.33,0.86,-0.17,23.0,-6.49,81.2,9002,15579
DEN-BOS,DEN,BOS,Denver,Boston,Large,WN,Southwest Airlines,3389,1754.0,232.0,60.14,1.06,17.99,67.0,-7.61,202.6,48633,22787
OAK-BOI,OAK,BOI,Oakland,Boise,Medium,WN,Southwest Airlines,3384,512.0,90.4,76.95,0.71,6.3,35.0,-5.45,69.4,16124,20280
ORD-SLC,ORD,SLC,Chicago,Salt Lake City,Large,OO,SkyWest Airlines,3381,1250.0,222.8,77.11,0.92,5.56,50.0,-8.72,182.7,43530,10227
ATL-RDU,ATL,RDU,Atlanta,Raleigh-durham,Large,WN,Southwest Airlines,3380,356.0,83.8,76.51,0.86,5.67,39.0,-8.73,57.2,17232,20920
MCO-ATL,MCO,ATL,Orlando,Atlanta,Large,NK,Spirit Airlines,3376,404.0,99.4,64.66,1.72,19.75,75.0,-2.3,64.7,62101,16734
SEA-HNL,SEA,HNL,Seattle,Honolulu,Large,DL,Delta Air Lines,3375,2677.0,375.0,79.91,0.56,5.59,33.4,-9.55,337.7,46491,6349
HNL-SEA,HNL,SEA,Honolulu,Seattle,Medium,DL,Delta Air Lines,3374,2677.0,354.7,88.92,0.92,-2.59,15.0,-11.96,312.8,24163,14396
ATL-MCO,ATL,MCO,Atlanta,Orlando,Large,NK,Spirit Airlines,3372,404.0,91.1,69.6,2.05,18.67,71.0,-3.67,61.4,50409,25673
SAN-BNA,SAN,BNA,San Diego,Nashville,Large,WN,Southwest Airlines,3372,1751.0,234.3,76.04,0.86,5.79,40.0,-7.36,203.7,15472,22420
RDU-ATL,RDU,ATL,Raleigh-durham,Atlanta,Medium,WN,Southwest Airlines,3371,356.0,87.1,85.76,0.92,-0.89,21.0,-7.36,59.7,10837,13955
MSN-ORD,MSN,ORD,Madison,Chicago,Small,OO,SkyWest Airlines,3370,108.0,68.1,75.1,2.52,13.41,59.0,-1.62,29.9,43610,26981
PSC-DEN,PSC,DEN,Pasco,Denver,Small,OO,SkyWest Airlines,3369,852.0,147.6,82.1,1.31,4.33,34.0,-4.73,115.2,38468,10021
ORD-MSN,ORD,MSN,Chicago,Madison,Large,OO,SkyWest Airlines,3369,108.0,64.2,72.19,2.37,12.82,60.0,-3.23,28.5,38942,23908
DEN-PSC,DEN,PSC,Denver,Pasco,Large,OO,SkyWest Airlines,3368,852.0,160.0,79.39,0.98,6.2,37.0,-5.17,127.2,27960,12226
GEG-LAS,GEG,LAS,Spokane,Las Vegas,Medium,WN,Southwest Airlines,3366,806.0,138.2,83.78,0.89,0.17,24.0,-7.05,112.6,14588,10039
CMH-LAS,CMH,LAS,Columbus,Las Vegas,Medium,WN,Southwest Airlines,3365,1771.0,266.1,81.16,0.68,0.71,30.0,-10.22,238.1,16259,15856
TPA-SEA,TPA,SEA,Tampa,Seattle,Large,AS,Alaska Airlines,3363,2520.0,374.3,71.9,1.87,7.32,40.0,-5.19,336.8,32202,16893
SEA-TPA,SEA,TPA,Seattle,Tampa,Large,AS,Alaska Airlines,3363,2520.0,324.8,75.41,1.49,3.2,34.0,-4.88,290.5,25811,7342
PIT-PHL,PIT,PHL,Pittsburgh,Philadelphia,Medium,AA,American Airlines,3362,268.0,73.6,75.22,1.73,12.09,51.0,-1.13,47.7,35608,28190
PHL-PIT,PHL,PIT,Philadelphia,Pittsburgh,Large,AA,American Airlines,3362,268.0,78.6,74.54,1.64,11.75,64.7,-4.7,46.8,31229,32558
FLL-CLT,FLL,CLT,Fort Lauderdale,Charlotte,Large,NK,Spirit Airlines,3360,632.0,124.9,68.13,1.46,13.94,66.0,-3.83,94.8,47981,14344
PHL-BNA,PHL,BNA,Philadelphia,Nashville,Large,AA,American Airlines,3355,675.0,135.0,72.37,1.4,13.24,65.0,-4.32,100.6,35782,33016
CLT-FLL,CLT,FLL,Charlotte,Fort Lauderdale,Large,NK,Spirit Airlines,3354,632.0,127.1,68.28,1.85,15.99,67.0,-7.24,92.0,46754,27497
OMA-CLT,OMA,CLT,Omaha,Charlotte,Medium,AA,American Airlines,3354,913.0,152.6,82.68,1.19,5.39,30.6,-4.79,117.8,28425,18285
CLT-OMA,CLT,OMA,Charlotte,Omaha,Large,AA,American Airlines,3354,913.0,161.0,75.97,1.1,8.82,50.0,-7.11,130.5,28242,25601
PIT-MCO,PIT,MCO,Pittsburgh,Orlando,Medium,NK,Spirit Airlines,3351,834.0,145.4,73.83,2.36,10.71,54.0,-5.51,112.8,42835,18099
BNA-PHL,BNA,PHL,Nashville,Philadelphia,Large,AA,American Airlines,3351,675.0,122.7,76.04,1.49,14.66,52.0,-3.58,95.3,38873,34280
SEA-MCO,SEA,MCO,Seattle,Orlando,Large,DL,Delta Air Lines,3350,2554.0,329.2,78.6,1.67,4.18,29.0,-5.12,292.8,32492,5817
MCO-SEA,MCO,SEA,Orlando,Seattle,Large,DL,Delta Air Lines,3349,2554.0,382.4,80.14,1.61,0.79,36.0,-12.24,338.2,28254,18676
MOB-DFW,MOB,DFW,Mobile,Dallas-Fort Worth,Non-hub,MQ,Envoy Air,3348,539.0,119.6,77.33,2.48,7.08,40.0,-3.1,89.4,25698,17815
DFW-MOB,DFW,MOB,Dallas-Fort Worth,Mobile,Large,MQ,Envoy Air,3348,539.0,102.7,79.42,2.33,4.65,32.1,-1.87,74.3,22387,11630
BOS-CLE,BOS,CLE,Boston,Cleveland,Large,YX,Republic Airways,3343,563.0,131.0,83.72,1.59,-1.23,32.0,-7.47,92.6,19674,12742
MCO-PIT,MCO,PIT,Orlando,Pittsburgh,Large,NK,Spirit Airlines,3343,834.0,141.3,66.5,2.27,16.87,72.8,-2.32,112.2,52849,17360
DEN-GRR,DEN,GRR,Denver,Grand Rapids,Large,UA,United Airlines,3342,1015.0,151.3,74.21,0.51,11.48,48.0,-3.28,121.9,28188,24815
GRR-DEN,GRR,DEN,Grand Rapids,Denver,Medium,UA,United Airlines,3341,1015.0,178.9,83.33,0.69,0.53,28.0,-6.93,145.4,28946,10644
LAS-CMH,LAS,CMH,Las Vegas,Columbus,Large,WN,Southwest Airlines,3341,1771.0,232.6,69.65,0.99,10.67,48.3,-7.27,204.0,26617,21914
CLE-BOS,CLE,BOS,Cleveland,Boston,Medium,YX,Republic Airways,3339,563.0,115.3,84.55,1.11,-0.69,32.0,-6.0,80.4,29414,3232
DEN-BOI,DEN,BOI,Denver,Boise,Large,OO,SkyWest Airlines,3336,649.0,128.6,79.65,0.69,5.69,37.0,-6.59,96.9,30009,12810
LAS-GEG,LAS,GEG,Las Vegas,Spokane,Large,WN,Southwest Airlines,3333,806.0,142.7,73.87,0.63,6.96,42.0,-8.42,114.8,18618,22010
PIA-ORD,PIA,ORD,Peoria,Chicago,Small,OO,SkyWest Airlines,3333,130.0,68.5,72.7,2.07,17.22,72.0,-2.28,33.3,55542,25328
ORD-PIA,ORD,PIA,Chicago,Peoria,Large,OO,SkyWest Airlines,3333,130.0,66.9,72.85,2.16,15.01,65.9,-3.07,30.4,43067,24463
MEM-MDW,MEM,MDW,Memphis,Chicago,Medium,WN,Southwest Airlines,3329,480.0,96.1,79.57,2.34,5.86,30.0,-6.17,74.0,17377,17488
FWA-ATL,FWA,ATL,Fort Wayne,Atlanta,Small,OO,SkyWest Airlines,3328,508.0,115.3,79.6,0.81,9.01,56.7,-8.31,80.8,65479,0
MDW-ALB,MDW,ALB,Chicago,Albany,Large,WN,Southwest Airlines,3328,717.0,110.6,68.06,1.65,13.11,49.0,-5.21,88.8,26089,25732
ATL-FWA,ATL,FWA,Atlanta,Fort Wayne,Large,OO,SkyWest Airlines,3328,508.0,104.9,78.16,0.78,12.07,55.0,-4.43,75.0,63045,0
ALB-MDW,ALB,MDW,Albany,Chicago,Small,WN,Southwest Airlines,3326,717.0,134.9,80.58,2.44,2.69,34.0,-7.54,110.2,17391,18549
OGG-LAX,OGG,LAX,Kahului,Los Angeles,Medium,UA,United Airlines,3325,2486.0,318.7,88.42,0.57,-1.68,16.0,-7.34,287.7,16800,12951
LAX-OGG,LAX,OGG,Los Angeles,Kahului,Large,UA,United Airlines,3324,2486.0,351.0,87.94,0.75,-5.79,17.0,-9.42,313.2,12430,7229
TPA-LGA,TPA,LGA,Tampa,New York,Large,B6,JetBlue Airways,3321,1010.0,161.9,71.97,2.65,13.83,74.6,-3.36,133.8,44921,27212
DCA-BNA,DCA,BNA,Washington,Nashville,Large,OH,PSA Airlines,3321,562.0,122.7,66.91,4.7,15.74,72.0,-0.17,90.9,34200,34643
PHL-SJU,PHL,SJU,Philadelphia,San Juan,Large,F9,Frontier Airlines,3320,1576.0,240.1,60.69,2.23,20.54,78.0,-0.98,210.5,61209,25290
LGA-TPA,LGA,TPA,New York,Tampa,Large,B6,JetBlue Airways,3320,1010.0,183.0,67.92,2.62,14.69,82.0,-6.86,146.0,44087,33112
SEA-STL,SEA,STL,Seattle,St. Louis,Large,AS,Alaska Airlines,3319,1709.0,233.1,79.0,0.81,3.3,29.0,-2.47,200.1,19804,7302
STL-SEA,STL,SEA,St. Louis,Seattle,Medium,AS,Alaska Airlines,3318,1709.0,269.0,80.8,1.18,1.02,27.0,-5.2,234.7,19709,10923
BOI-DEN,BOI,DEN,Boise,Denver,Medium,OO,SkyWest Airlines,3316,649.0,122.7,83.9,0.81,4.0,30.0,-3.47,91.7,31115,10466
SJU-PHL,SJU,PHL,San Juan,Philadelphia,Medium,F9,Frontier Airlines,3315,1576.0,250.1,56.95,2.59,34.42,89.0,-0.24,219.9,74614,50313
BNA-DCA,BNA,DCA,Nashville,Washington,Large,OH,PSA Airlines,3315,562.0,107.3,70.8,4.52,14.66,66.1,-1.47,78.1,31623,39138
CVG-EWR,CVG,EWR,Cincinnati,Newark,Medium,YX,Republic Airways,3315,569.0,126.4,76.92,5.34,3.18,42.0,-5.76,88.6,37225,11568
DEN-IAH,DEN,IAH,Denver,Houston,Large,WN,Southwest Airlines,3313,862.0,142.4,65.77,3.11,12.55,54.0,-6.79,114.7,31085,22165
MAF-DFW,MAF,DFW,Midland,Dallas-Fort Worth,Small,YV,Mesa Airlines,3311,309.0,79.7,71.55,4.65,19.96,80.0,0.02,51.8,34852,42830
EWR-CVG,EWR,CVG,Newark,Cincinnati,Large,YX,Republic Airways,3309,569.0,135.3,78.94,5.02,0.19,32.0,-7.06,95.4,20509,15013
IAH-DEN,IAH,DEN,Houston,Denver,Large,WN,Southwest Airlines,3307,862.0,150.4,75.51,3.39,5.89,43.0,-6.46,122.6,20218,20837
DFW-MAF,DFW,MAF,Dallas-Fort Worth,Midland,Large,YV,Mesa Airlines,3307,309.0,77.6,70.61,4.51,15.5,72.0,-5.59,50.6,38101,34109
DCA-GSO,DCA,GSO,Washington,Greensboro,Large,OH,PSA Airlines,3305,248.0,79.7,72.98,3.03,9.15,59.0,-4.2,46.0,26181,28594
RNO-SLC,RNO,SLC,Reno,Salt Lake City,Medium,DL,Delta Air Lines,3305,422.0,90.1,83.42,0.48,4.17,28.0,-5.09,61.5,31669,7881
GSO-DCA,GSO,DCA,Greensboro,Washington,Small,OH,PSA Airlines,3304,248.0,74.7,78.6,2.69,7.22,44.0,-2.03,45.6,33985,21084
SLC-RNO,SLC,RNO,Salt Lake City,Reno,Large,DL,Delta Air Lines,3304,422.0,92.0,86.2,0.39,-0.05,23.0,-5.89,63.4,22841,4621
ORD-MSN,ORD,MSN,Chicago,Madison,Large,MQ,Envoy Air,3304,108.0,60.1,74.3,2.78,8.86,51.0,-2.07,28.5,26337,19077
MSN-ORD,MSN,ORD,Madison,Chicago,Small,MQ,Envoy Air,3302,108.0,62.8,75.74,2.88,6.98,48.0,-1.67,29.2,27142,19966
LAS-ONT,LAS,ONT,Las Vegas,Ontario,Large,F9,Frontier Airlines,3302,197.0,66.2,77.86,1.03,6.16,49.0,-3.46,36.8,22934,23252
BOS-MIA,BOS,MIA,Boston,Miami,Large,DL,Delta Air Lines,3300,1258.0,215.4,74.24,1.3,7.27,53.0,-5.92,177.0,38810,17163
MIA-BOS,MIA,BOS,Miami,Boston,Large,DL,Delta Air Lines,3299,1258.0,203.9,69.02,1.42,19.45,73.0,-6.55,165.2,54331,32498
SEA-LIH,SEA,LIH,Seattle,Lihue,Large,AS,Alaska Airlines,3298,2701.0,380.3,76.38,0.58,0.32,37.0,-8.13,342.2,25693,8674
DCA-PBI,DCA,PBI,Washington,West Palm Beach,Large,B6,JetBlue Airways,3298,857.0,154.5,70.68,1.82,12.44,65.5,-4.93,125.8,42680,25227
ONT-LAS,ONT,LAS,Ontario,Las Vegas,Medium,F9,Frontier Airlines,3298,197.0,71.2,70.89,1.27,16.49,63.0,-1.34,40.2,37818,38763
PBI-DCA,PBI,DCA,West Palm Beach,Washington,Medium,B6,JetBlue Airways,3298,857.0,144.2,67.22,1.7,16.39,77.0,-2.54,118.7,38308,38346
BNA-BOS,BNA,BOS,Nashville,Boston,Large,B6,JetBlue Airways,3297,942.0,152.7,68.21,1.73,16.25,73.0,-3.85,124.0,38853,37730
MIA-DEN,MIA,DEN,Miami,Denver,Large,UA,United Airlines,3297,1709.0,271.1,74.49,0.73,12.8,56.0,-3.37,236.1,42942,22717
LIH-SEA,LIH,SEA,Lihue,Seattle,Small,AS,Alaska Airlines,3297,2701.0,348.0,79.04,1.55,1.38,32.0,-6.25,315.9,15466,19391
BOS-BNA,BOS,BNA,Boston,Nashville,Large,B6,JetBlue Airways,3296,942.0,175.0,73.36,1.37,7.75,62.0,-7.43,139.4,38349,18010
MDW-MEM,MDW,MEM,Chicago,Memphis,Large,WN,Southwest Airlines,3295,480.0,97.8,70.96,2.49,9.86,48.0,-6.09,74.4,23444,21738
SAT-ELP,SAT,ELP,San Antonio,El Paso,Medium,WN,Southwest Airlines,3294,496.0,92.1,81.79,0.91,3.16,30.0,-5.12,72.7,9475,19884
DEN-MIA,DEN,MIA,Denver,Miami,Large,UA,United Airlines,3293,1709.0,236.0,69.3,0.79,11.57,52.0,-1.69,201.5,37299,17673
LAX-SAT,LAX,SAT,Los Angeles,San Antonio,Large,DL,Delta Air Lines,3288,1211.0,171.1,81.3,0.55,7.24,38.0,-3.91,144.3,28778,17671
IAH-BNA,IAH,BNA,Houston,Nashville,Large,WN,Southwest Airlines,3286,657.0,112.8,80.95,1.77,3.68,31.0,-6.05,86.7,13445,19089
SAT-LAX,SAT,LAX,San Antonio,Los Angeles,Medium,DL,Delta Air Lines,3286,1211.0,193.2,87.1,0.52,2.74,19.5,-4.64,164.7,25413,10522
TPA-DTW,TPA,DTW,Tampa,Detroit,Large,NK,Spirit Airlines,3285,983.0,161.6,82.34,1.77,4.67,36.0,-3.85,132.4,24170,14560
ELP-SAT,ELP,SAT,El Paso,San Antonio,Small,WN,Southwest Airlines,3285,496.0,84.9,82.37,0.97,3.75,29.0,-5.03,64.9,8702,21636
CHS-JFK,CHS,JFK,Charleston,New York,Medium,9E,Endeavor Air,3284,636.0,124.7,81.43,3.81,1.34,27.0,-6.51,88.5,23720,11065
JFK-CHS,JFK,CHS,New York,Charleston,Large,9E,Endeavor Air,3284,636.0,139.2,79.45,3.78,0.7,30.0,-4.8,96.8,20734,13128
DTW-TPA,DTW,TPA,Detroit,Tampa,Large,NK,Spirit Airlines,3283,983.0,160.1,79.41,1.8,2.83,38.0,-6.34,133.1,28775,8342
MKE-DEN,MKE,DEN,Milwaukee,Denver,Medium,OO,SkyWest Airlines,3281,896.0,171.8,80.59,1.13,3.81,37.0,-7.33,135.4,34403,10290
DEN-MKE,DEN,MKE,Denver,Milwaukee,Large,OO,SkyWest Airlines,3279,896.0,148.9,74.9,1.28,9.98,48.0,-4.52,114.9,36521,15595
PHX-SJC,PHX,SJC,Phoenix,San Jose,Large,AA,American Airlines,3278,621.0,117.5,82.4,0.79,4.22,30.0,-6.06,91.7,19798,17827
SJC-PHX,SJC,PHX,San Jose,Phoenix,Medium,AA,American Airlines,3276,621.0,116.9,89.19,0.85,2.37,14.0,-4.8,86.9,19576,16663
SEA-OAK,SEA,OAK,Seattle,Oakland,Large,AS,Alaska Airlines,3275,672.0,127.8,72.43,1.8,7.9,36.6,-0.69,98.8,23030,12948
ATL-SJC,ATL,SJC,Atlanta,San Jose,Large,DL,Delta Air Lines,3274,2116.0,306.6,86.19,0.79,-3.37,21.0,-8.19,278.0,17677,3007
BWI-LAX,BWI,LAX,Baltimore,Los Angeles,Large,WN,Southwest Airlines,3274,2329.0,344.0,69.06,0.89,7.91,47.0,-12.35,307.9,31405,15790
CVG-SLC,CVG,SLC,Cincinnati,Salt Lake City,Medium,DL,Delta Air Lines,3273,1450.0,233.2,86.74,0.55,-3.18,20.0,-9.37,202.3,19452,6466
SJC-ATL,SJC,ATL,San Jose,Atlanta,Medium,DL,Delta Air Lines,3272,2116.0,278.6,91.01,0.83,-6.76,10.0,-11.88,243.8,16524,5279
LAX-BWI,LAX,BWI,Los Angeles,Baltimore,Large,WN,Southwest Airlines,3271,2329.0,298.7,80.28,0.76,0.92,29.0,-11.63,267.2,14967,12500
SLC-CVG,SLC,CVG,Salt Lake City,Cincinnati,Large,DL,Delta Air Lines,3271,1450.0,198.9,85.6,0.49,1.69,24.0,-5.47,170.9,23914,6449
MCO-CLT,MCO,CLT,Orlando,Charlotte,Large,NK,Spirit Airlines,3271,468.0,107.2,67.38,2.17,17.18,77.0,-3.52,74.1,52076,17207
CLT-MCO,CLT,MCO,Charlotte,Orlando,Large,NK,Spirit Airlines,3270,468.0,107.4,66.88,2.48,20.76,88.0,-4.54,70.7,54554,29546
TWF-SLC,TWF,SLC,Twin Falls,Salt Lake City,Non-hub,OO,SkyWest Airlines,3267,175.0,58.1,92.29,0.4,-3.6,7.0,-4.61,34.8,25478,0
OAK-SEA,OAK,SEA,Oakland,Seattle,Medium,AS,Alaska Airlines,3264,672.0,128.6,84.34,1.9,-1.61,22.0,-4.46,96.7,11397,11740
ATL-CSG,ATL,CSG,Atlanta,Columbus,Large,9E,Endeavor Air,3263,83.0,48.8,86.82,0.89,1.53,19.8,-4.13,22.5,23295,6123
BNA-LAX,BNA,LAX,Nashville,Los Angeles,Large,WN,Southwest Airlines,3262,1797.0,274.1,76.98,0.71,2.86,38.0,-12.28,239.9,15125,18610
CSG-ATL,CSG,ATL,Columbus,Atlanta,Non-hub,9E,Endeavor Air,3262,83.0,53.8,86.24,0.92,2.83,24.0,-4.79,25.0,19954,15702
PHX-IAD,PHX,IAD,Phoenix,Washington,Large,UA,United Airlines,3261,1956.0,254.9,85.86,0.83,-0.55,20.0,-6.41,224.4,20393,9255
ATL-DHN,ATL,DHN,Atlanta,Dothan,Large,9E,Endeavor Air,3259,170.0,61.2,87.51,0.12,0.45,24.0,-4.52,35.1,21265,6121
EWR-GSP,EWR,GSP,Newark,Greenville,Large,YX,Republic Airways,3259,594.0,130.5,76.93,5.71,1.39,40.0,-7.17,91.8,22377,15987
JAN-ATL,JAN,ATL,Jackson,Atlanta,Small,WN,Southwest Airlines,3259,341.0,80.6,85.21,1.69,-3.05,24.0,-9.09,52.4,11392,15645
DHN-ATL,DHN,ATL,Dothan,Atlanta,Non-hub,9E,Endeavor Air,3258,170.0,69.9,88.46,0.21,-3.43,18.0,-7.88,36.2,16051,11897
SDF-MSP,SDF,MSP,Louisville,Minneapolis,Medium,OO,SkyWest Airlines,3258,604.0,132.0,83.61,0.98,4.7,27.2,-4.83,100.7,43239,0
ATL-JAN,ATL,JAN,Atlanta,Jackson,Large,WN,Southwest Airlines,3258,341.0,81.4,80.14,1.72,3.37,33.0,-7.4,55.6,12824,20489
MSP-SDF,MSP,SDF,Minneapolis,Louisville,Large,OO,SkyWest Airlines,3258,604.0,119.4,81.8,0.8,2.85,33.0,-4.96,85.5,33769,0
LGA-RSW,LGA,RSW,New York,Fort Myers,Large,DL,Delta Air Lines,3257,1080.0,196.0,76.11,2.7,5.89,54.0,-8.09,158.0,38538,15621
ROC-LGA,ROC,LGA,Rochester,New York,Small,9E,Endeavor Air,3257,254.0,82.4,81.15,4.18,0.32,33.0,-7.52,49.8,26767,12680
RSW-LGA,RSW,LGA,Fort Myers,New York,Medium,DL,Delta Air Lines,3257,1080.0,170.6,74.98,2.67,11.03,58.0,-4.83,141.9,39138,27357
IAD-PHX,IAD,PHX,Washington,Phoenix,Medium,UA,United Airlines,3256,1956.0,303.2,83.94,0.89,-2.86,29.0,-12.18,266.2,21256,12845
DEN-SFO,DEN,SFO,Denver,San Francisco,Large,F9,Frontier Airlines,3256,967.0,170.8,71.93,1.26,7.79,55.0,-7.7,133.2,32834,19077
GJT-DFW,GJT,DFW,Grand Junction,Dallas-Fort Worth,Small,MQ,Envoy Air,3256,773.0,130.2,83.05,0.89,2.91,28.0,-2.74,102.3,19216,14157
SFO-DEN,SFO,DEN,San Francisco,Denver,Large,F9,Frontier Airlines,3256,967.0,158.2,73.83,1.75,11.05,54.2,-5.22,121.0,28799,32073
LAX-BNA,LAX,BNA,Los Angeles,Nashville,Large,WN,Southwest Airlines,3255,1797.0,238.5,79.75,0.77,2.01,31.0,-9.31,208.6,14972,14480
SLC-TWF,SLC,TWF,Salt Lake City,Twin Falls,Large,OO,SkyWest Airlines,3255,175.0,58.0,90.84,0.37,-1.57,10.0,-5.29,32.0,24277,0
DFW-GJT,DFW,GJT,Dallas-Fort Worth,Grand Junction,Large,MQ,Envoy Air,3255,773.0,141.3,83.2,0.89,1.59,24.0,-3.69,114.6,17291,10042
PHX-IND,PHX,IND,Phoenix,Indianapolis,Large,AA,American Airlines,3255,1488.0,206.3,78.56,0.8,7.88,40.0,-5.2,175.2,23392,25113
LGA-ROC,LGA,ROC,New York,Rochester,Large,9E,Endeavor Air,3255,254.0,86.9,80.4,4.33,-1.23,34.0,-9.13,46.9,19526,16296
IND-PHX,IND,PHX,Indianapolis,Phoenix,Medium,AA,American Airlines,3254,1488.0,237.9,80.92,0.86,8.57,37.0,-7.92,205.6,37509,21397
JFK-ORD,JFK,ORD,New York,Chicago,Large,AA,American Airlines,3253,740.0,171.3,77.07,2.71,8.99,58.0,-9.73,120.3,35612,32837
MCO-LAX,MCO,LAX,Orlando,Los Angeles,Large,AA,American Airlines,3253,2218.0,323.1,74.92,0.89,15.32,62.0,-6.04,289.2,47681,26760
BNA-MIA,BNA,MIA,Nashville,Miami,Large,WN,Southwest Airlines,3252,806.0,136.9,76.81,1.45,6.48,43.0,-8.13,108.8,18089,22672
ORD-JFK,ORD,JFK,Chicago,New York,Large,AA,American Airlines,3252,740.0,136.5,65.71,2.74,19.82,76.7,-2.31,102.6,42770,36364
LAX-MCO,LAX,MCO,Los Angeles,Orlando,Large,AA,American Airlines,3250,2218.0,290.9,80.15,0.86,6.51,36.0,-5.95,257.3,27424,17127
BOS-LAX,BOS,LAX,Boston,Los Angeles,Large,UA,United Airlines,3249,2611.0,385.7,83.38,0.8,-2.09,28.0,-12.32,343.1,19369,13908
PWM-LGA,PWM,LGA,Portland,New York,Small,YX,Republic Airways,3249,269.0,89.5,79.44,3.63,5.3,39.0,-4.32,59.5,32304,12195
LAX-BOS,LAX,BOS,Los Angeles,Boston,Large,UA,United Airlines,3249,2611.0,333.1,87.17,0.83,-5.74,18.0,-10.17,296.2,15157,6626
GSP-EWR,GSP,EWR,Greenville,Newark,Small,YX,Republic Airways,3248,594.0,125.2,79.71,4.8,1.16,35.0,-6.27,88.6,30926,10326
LGA-PWM,LGA,PWM,New York,Portland,Large,YX,Republic Airways,3247,269.0,85.6,78.75,3.97,0.43,41.0,-6.67,47.8,21445,15512
ORD-FNT,ORD,FNT,Chicago,Flint,Large,OO,SkyWest Airlines,3245,223.0,75.0,70.2,2.1,18.52,75.0,-2.5,39.4,53146,22543
MCO-ISP,MCO,ISP,Orlando,Islip,Large,F9,Frontier Airlines,3244,971.0,158.3,70.65,2.19,13.75,68.0,-3.25,128.4,36521,27930
FNT-ORD,FNT,ORD,Flint,Chicago,Non-hub,OO,SkyWest Airlines,3243,223.0,85.6,70.77,2.1,22.57,82.0,-0.34,46.8,71058,21269
ISP-MCO,ISP,MCO,Islip,Orlando,Small,F9,Frontier Airlines,3242,971.0,178.9,69.86,3.18,14.8,77.0,-5.37,142.4,38384,39281
HNL-SJC,HNL,SJC,Honolulu,San Jose,Medium,WN,Southwest Airlines,3238,2417.0,310.7,89.13,0.19,-4.83,15.0,-9.81,279.6,10255,4125
RIC-ATL,RIC,ATL,Richmond,Atlanta,Medium,WN,Southwest Airlines,3235,481.0,105.5,82.38,1.36,1.36,27.0,-8.14,76.5,17606,12357
SJC-HNL,SJC,HNL,San Jose,Honolulu,Medium,WN,Southwest Airlines,3235,2417.0,336.1,83.03,0.15,-0.63,27.0,-8.32,309.9,20562,6871
ATL-RIC,ATL,RIC,Atlanta,Richmond,Large,WN,Southwest Airlines,3234,481.0,92.6,76.53,0.93,6.5,35.0,-7.01,66.9,13947,20453
STL-PHX,STL,PHX,St. Louis,Phoenix,Medium,AA,American Airlines,3233,1262.0,207.7,82.52,1.05,11.88,34.0,-7.84,177.8,46211,24628
JFK-IND,JFK,IND,New York,Indianapolis,Large,9E,Endeavor Air,3233,665.0,145.0,78.53,3.96,2.03,38.0,-8.08,101.4,26283,17966
FAT-LAS,FAT,LAS,Fresno,Las Vegas,Small,G4,Allegiant Air,3233,259.0,68.9,72.01,1.52,14.91,60.0,2.06,50.0,29360,35417
PHX-STL,PHX,STL,Phoenix,St. Louis,Large,AA,American Airlines,3233,1262.0,179.5,79.21,0.87,4.54,41.4,-6.29,149.4,18914,21805
LAS-FAT,LAS,FAT,Las Vegas,Fresno,Large,G4,Allegiant Air,3232,259.0,73.7,77.29,1.42,7.07,42.0,-2.01,47.5,29928,14155
IND-JFK,IND,JFK,Indianapolis,New York,Medium,9E,Endeavor Air,3231,665.0,133.7,83.66,4.02,-1.84,22.0,-7.18,97.9,21800,7060
DTW-RSW,DTW,RSW,Detroit,Fort Myers,Large,NK,Spirit Airlines,3230,1084.0,172.4,78.24,2.23,3.97,40.0,-5.32,145.5,32048,9498
SLC-DAL,SLC,DAL,Salt Lake City,Dallas,Large,WN,Southwest Airlines,3228,999.0,154.6,74.41,1.55,7.8,40.0,-4.49,128.5,21457,18027
BNA-IAH,BNA,IAH,Nashville,Houston,Large,WN,Southwest Airlines,3228,657.0,130.8,80.05,1.73,0.94,33.0,-10.1,100.4,14439,16855
RSW-DTW,RSW,DTW,Fort Myers,Detroit,Medium,NK,Spirit Airlines,3227,1084.0,176.7,80.01,2.39,4.43,42.7,-4.8,147.0,27963,18120
LAX-IAH,LAX,IAH,Los Angeles,Houston,Large,DL,Delta Air Lines,3221,1379.0,198.2,82.49,1.12,5.79,34.0,-6.6,166.0,30835,14052
IAH-LAX,IAH,LAX,Houston,Los Angeles,Large,DL,Delta Air Lines,3221,1379.0,218.7,85.28,1.18,2.26,24.0,-6.28,186.4,24978,11177
DFW-COS,DFW,COS,Dallas-Fort Worth,Colorado Springs,Large,OO,SkyWest Airlines,3220,592.0,126.9,72.24,1.96,15.82,69.3,-3.79,91.8,51174,16811
HPN-ATL,HPN,ATL,White Plains,Atlanta,Small,DL,Delta Air Lines,3220,780.0,144.7,83.91,1.34,5.32,29.0,-9.89,113.8,40098,10322
ATL-HPN,ATL,HPN,Atlanta,White Plains,Large,DL,Delta Air Lines,3220,780.0,138.1,83.35,1.21,0.88,26.0,-5.47,111.6,22534,5891
COS-DFW,COS,DFW,Colorado Springs,Dallas-Fort Worth,Small,OO,SkyWest Airlines,3218,592.0,117.5,72.72,1.86,17.74,76.0,-1.5,82.2,66067,12888
MIA-BNA,MIA,BNA,Miami,Nashville,Large,WN,Southwest Airlines,3218,806.0,144.4,77.1,1.55,6.56,44.0,-7.0,114.2,19652,23382
ATL-LAS,ATL,LAS,Atlanta,Las Vegas,Large,NK,Spirit Airlines,3218,1747.0,267.2,69.45,1.93,12.57,61.0,-7.61,235.0,38516,21684
LAS-ATL,LAS,ATL,Las Vegas,Atlanta,Large,NK,Spirit Airlines,3211,1747.0,236.9,73.22,2.06,11.46,49.2,-4.35,202.6,39394,13246
HNL-DFW,HNL,DFW,Honolulu,Dallas-Fort Worth,Medium,AA,American Airlines,3210,3784.0,437.7,86.64,0.75,1.69,20.0,-11.09,398.5,32005,17561
ORD-BOS,ORD,BOS,Chicago,Boston,Large,DL,Delta Air Lines,3210,867.0,148.1,71.62,1.59,14.84,75.0,-5.29,110.0,47838,26585
BOS-ORD,BOS,ORD,Boston,Chicago,Large,DL,Delta Air Lines,3210,867.0,176.2,70.87,1.53,13.19,69.0,-3.23,134.4,39996,24682
DAL-SLC,DAL,SLC,Dallas,Salt Lake City,Large,WN,Southwest Airlines,3209,999.0,167.5,72.95,1.53,8.84,45.0,-5.94,142.7,20022,20967
DFW-HNL,DFW,HNL,Dallas-Fort Worth,Honolulu,Large,AA,American Airlines,3209,3784.0,495.7,77.69,0.44,8.52,51.7,-10.57,458.4,42931,20826
SJU-EWR,SJU,EWR,San Juan,Newark,Medium,B6,JetBlue Airways,3208,1608.0,250.7,65.9,1.96,22.04,87.5,-4.44,220.9,51967,36189
TTN-MCO,TTN,MCO,Trenton,Orlando,Non-hub,F9,Frontier Airlines,3207,896.0,166.4,72.03,3.12,11.21,68.1,-4.53,128.9,34459,32995
DTW-MDW,DTW,MDW,Detroit,Chicago,Large,OO,SkyWest Airlines,3207,228.0,76.5,80.64,0.41,7.46,40.0,-2.58,47.1,40401,0
MCO-RDU,MCO,RDU,Orlando,Raleigh-durham,Large,WN,Southwest Airlines,3206,534.0,103.3,73.49,1.09,9.65,53.0,-5.73,78.6,23448,23270
OAK-MDW,OAK,MDW,Oakland,Chicago,Medium,WN,Southwest Airlines,3206,1844.0,245.6,82.5,0.94,0.72,24.0,-9.76,218.1,14935,8436
MDW-DTW,MDW,DTW,Chicago,Detroit,Large,OO,SkyWest Airlines,3206,228.0,71.6,82.69,0.53,5.85,41.3,-4.61,41.2,46867,0
DEN-ATL,DEN,ATL,Denver,Atlanta,Large,F9,Frontier Airlines,3205,1199.0,180.8,68.49,1.22,11.86,57.0,-4.45,143.0,35923,20423
BRD-MSP,BRD,MSP,Brainerd,Minneapolis,Non-hub,OO,SkyWest Airlines,3205,114.0,56.6,86.02,1.34,-0.65,26.0,-8.62,27.2,43204,0
ORD-DSM,ORD,DSM,Chicago,Des Moines,Large,UA,United Airlines,3205,299.0,85.0,76.85,1.34,7.92,46.0,-5.54,50.2,22750,23072
DTW-ELM,DTW,ELM,Detroit,Elmira,Large,OO,SkyWest Airlines,3205,332.0,75.5,79.44,1.0,11.83,52.0,-2.67,49.4,56354,0
MCO-TTN,MCO,TTN,Orlando,Trenton,Large,F9,Frontier Airlines,3204,896.0,153.3,67.76,2.09,15.77,74.5,-3.14,120.8,38141,30703
ELM-DTW,ELM,DTW,Elmira,Detroit,Non-hub,OO,SkyWest Airlines,3204,332.0,87.4,83.11,1.09,7.4,45.0,-6.24,56.5,58401,0
MSP-BRD,MSP,BRD,Minneapolis,Brainerd,Large,OO,SkyWest Airlines,3203,114.0,56.6,85.79,1.34,0.96,24.2,-6.38,27.6,33645,0
LAS-ATL,LAS,ATL,Las Vegas,Atlanta,Large,WN,Southwest Airlines,3200,1747.0,233.6,74.28,0.44,6.59,40.0,-10.2,201.6,23136,15627
RDU-MCO,RDU,MCO,Raleigh-durham,Orlando,Medium,WN,Southwest Airlines,3199,534.0,106.6,78.81,1.5,5.52,40.0,-6.05,80.8,19033,19516
DAL-ECP,DAL,ECP,Dallas,Panama City,Large,WN,Southwest Airlines,3198,674.0,109.4,72.11,1.09,11.01,51.0,-5.06,87.4,22557,25571
ECP-DAL,ECP,DAL,Panama City,Dallas,Small,WN,Southwest Airlines,3197,674.0,122.1,79.2,1.44,4.84,37.0,-4.92,101.9,18180,16666
BOS-RIC,BOS,RIC,Boston,Richmond,Large,YX,Republic Airways,3194,474.0,117.9,82.91,1.63,-0.25,34.0,-5.9,82.1,18694,12847
DSM-ORD,DSM,ORD,Des Moines,Chicago,Small,UA,United Airlines,3194,299.0,88.9,81.97,1.41,4.36,28.0,-1.84,52.5,27424,9396
ATL-DEN,ATL,DEN,Atlanta,Denver,Large,F9,Frontier Airlines,3194,1199.0,208.7,64.75,1.47,22.03,85.0,-5.54,169.9,45811,43437
DEN-RSW,DEN,RSW,Denver,Fort Myers,Large,UA,United Airlines,3193,1607.0,220.5,77.89,1.53,5.39,39.0,-4.7,189.6,24491,13874
RSW-DEN,RSW,DEN,Fort Myers,Denver,Medium,UA,United Airlines,3193,1607.0,254.2,78.17,1.5,8.28,41.0,-2.21,224.9,28300,18484
RIC-BOS,RIC,BOS,Richmond,Boston,Medium,YX,Republic Airways,3193,474.0,106.9,82.18,1.94,0.91,33.0,-5.07,71.8,29415,4318
LIT-DEN,LIT,DEN,Little Rock,Denver,Small,OO,SkyWest Airlines,3191,771.0,151.7,75.9,1.28,10.13,53.0,-3.28,119.4,43378,12923
SAN-LAS,SAN,LAS,San Diego,Las Vegas,Large,OO,SkyWest Airlines,3191,258.0,86.8,69.19,1.41,16.69,65.0,1.79,52.2,54860,10868
LAS-SAN,LAS,SAN,Las Vegas,San Diego,Large,OO,SkyWest Airlines,3191,258.0,78.0,68.16,1.25,15.65,66.0,4.44,47.8,53701,9097
IAD-BDL,IAD,BDL,Washington,Windsor Locks,Medium,UA,United Airlines,3191,325.0,84.2,79.41,1.1,6.45,36.0,-2.97,54.8,23329,14619
BDL-IAD,BDL,IAD,Windsor Locks,Washington,Medium,UA,United Airlines,3190,325.0,85.2,85.52,1.1,1.76,23.0,-3.81,59.8,19701,12166
MDW-OAK,MDW,OAK,Chicago,Oakland,Large,WN,Southwest Airlines,3190,1844.0,276.8,70.47,0.94,7.63,48.0,-10.88,246.4,30766,16072
DEN-PSP,DEN,PSP,Denver,Palm Springs,Large,UA,United Airlines,3190,776.0,138.3,76.71,0.44,6.7,45.0,-4.39,108.6,20354,18515
ORD-GRR,ORD,GRR,Chicago,Grand Rapids,Large,MQ,Envoy Air,3186,137.0,62.7,77.43,2.29,5.33,39.0,-4.34,29.1,20335,17059
OAK-LAX,OAK,LAX,Oakland,Los Angeles,Medium,OO,SkyWest Airlines,3186,337.0,86.3,90.05,0.53,-1.35,13.0,-3.69,58.0,21767,0
SYR-JFK,SYR,JFK,Syracuse,New York,Small,9E,Endeavor Air,3186,209.0,87.2,85.12,3.45,-4.95,21.0,-11.38,47.8,21533,11324
LGB-RNO,LGB,RNO,Long Beach,Reno,Small,WN,Southwest Airlines,3185,402.0,80.9,79.25,1.07,4.52,35.0,-5.41,60.5,8707,22119
GRR-ORD,GRR,ORD,Grand Rapids,Chicago,Medium,MQ,Envoy Air,3184,137.0,69.3,76.16,2.2,6.77,45.0,-1.75,33.2,27578,17267
RNO-LGB,RNO,LGB,Reno,Long Beach,Medium,WN,Southwest Airlines,3184,402.0,87.3,82.16,1.13,2.26,30.0,-5.72,65.2,9054,18280
SFO-GEG,SFO,GEG,San Francisco,Spokane,Large,OO,SkyWest Airlines,3184,733.0,131.6,82.79,0.66,3.2,30.0,-5.45,101.5,20892,12761
JFK-SYR,JFK,SYR,New York,Syracuse,Large,9E,Endeavor Air,3184,209.0,85.9,83.23,3.58,-2.24,26.0,-8.99,44.9,21352,11524
LAX-OAK,LAX,OAK,Los Angeles,Oakland,Large,OO,SkyWest Airlines,3178,337.0,80.5,84.86,0.5,3.01,25.2,-4.6,56.7,28786,0
DEN-CMH,DEN,CMH,Denver,Columbus,Large,UA,United Airlines,3176,1154.0,169.7,76.48,0.6,8.63,44.0,-4.02,137.4,23107,20291
GEG-SFO,GEG,SFO,Spokane,San Francisco,Medium,OO,SkyWest Airlines,3176,733.0,143.2,82.24,0.63,1.04,31.0,-3.89,112.1,24986,7861
EWR-SJU,EWR,SJU,Newark,San Juan,Large,B6,JetBlue Airways,3176,1608.0,236.3,65.96,1.92,19.85,87.0,-4.23,201.8,59958,23933
CMH-DEN,CMH,DEN,Columbus,Denver,Medium,UA,United Airlines,3175,1154.0,197.6,77.54,0.72,8.22,37.0,-5.4,165.4,37796,7667
MKE-LGA,MKE,LGA,Milwaukee,New York,Medium,9E,Endeavor Air,3174,738.0,133.3,80.21,3.91,6.62,37.0,-4.87,103.6,39690,12664
LGA-MKE,LGA,MKE,New York,Milwaukee,Large,9E,Endeavor Air,3173,738.0,155.0,82.1,3.62,-3.59,33.0,-10.72,113.7,18167,14958
ORD-GRB,ORD,GRB,Chicago,Green Bay,Large,MQ,Envoy Air,3172,173.0,64.3,76.95,2.14,7.29,44.0,-3.13,33.8,22443,17661
GRB-ORD,GRB,ORD,Green Bay,Chicago,Small,MQ,Envoy Air,3171,173.0,73.6,77.8,2.27,6.16,39.0,-0.75,41.3,23439,16486
XWA-MSP,XWA,MSP,Williston,Minneapolis,Non-hub,OO,SkyWest Airlines,3170,553.0,114.0,79.5,1.99,11.74,53.7,-6.14,78.1,67250,0
MSP-XWA,MSP,XWA,Minneapolis,Williston,Large,OO,SkyWest Airlines,3170,553.0,116.9,80.03,1.83,6.31,39.0,-5.56,85.8,45283,0
BGR-DCA,BGR,DCA,Bangor,Washington,Small,OH,PSA Airlines,3169,590.0,129.4,73.81,4.58,9.56,53.0,-4.23,96.2,30676,32224
OAK-GEG,OAK,GEG,Oakland,Spokane,Medium,WN,Southwest Airlines,3169,723.0,119.4,77.72,0.5,5.24,37.0,-7.63,95.6,15094,18393
CHA-CLT,CHA,CLT,Chattanooga,Charlotte,Small,OH,PSA Airlines,3168,241.0,83.7,81.6,1.36,6.16,31.0,-3.06,47.7,23755,17321
LGA-BGR,LGA,BGR,New York,Bangor,Large,9E,Endeavor Air,3167,378.0,95.8,81.59,4.8,-3.96,26.9,-12.04,55.7,17639,14334
PSP-DEN,PSP,DEN,Palm Springs,Denver,Small,UA,United Airlines,3167,776.0,128.1,82.66,0.63,3.38,33.0,-5.6,99.6,22896,14492
CLT-CHA,CLT,CHA,Charlotte,Chattanooga,Large,OH,PSA Airlines,3167,241.0,80.5,78.53,1.26,5.34,39.0,-3.14,44.7,21214,16394
BGR-LGA,BGR,LGA,Bangor,New York,Small,9E,Endeavor Air,3167,378.0,104.2,82.38,4.77,-3.76,27.0,-8.16,70.1,20741,10854
DEN-LIT,DEN,LIT,Denver,Little Rock,Large,OO,SkyWest Airlines,3165,771.0,133.6,75.48,1.36,9.13,46.0,-2.75,100.5,33032,14833
LAX-STL,LAX,STL,Los Angeles,St. Louis,Large,WN,Southwest Airlines,3164,1592.0,214.9,81.1,0.47,1.54,30.0,-9.08,187.3,11827,13972
DCA-BGR,DCA,BGR,Washington,Bangor,Large,OH,PSA Airlines,3164,590.0,113.7,70.29,4.27,12.97,61.0,-4.33,81.0,30975,29591
DTW-ALB,DTW,ALB,Detroit,Albany,Large,OO,SkyWest Airlines,3163,489.0,96.3,81.09,1.07,6.1,39.7,-5.17,66.1,42173,0
ALB-DTW,ALB,DTW,Albany,Detroit,Small,OO,SkyWest Airlines,3163,489.0,111.7,83.24,1.14,5.13,35.0,-7.58,78.9,51491,0
STL-LAX,STL,LAX,St. Louis,Los Angeles,Medium,WN,Southwest Airlines,3161,1592.0,243.2,75.32,0.76,5.26,39.0,-10.07,213.7,17839,18770
GRR-MSP,GRR,MSP,Grand Rapids,Minneapolis,Medium,DL,Delta Air Lines,3161,408.0,95.2,86.24,0.89,0.09,26.0,-6.4,67.4,25188,13610
MSP-GRR,MSP,GRR,Minneapolis,Grand Rapids,Large,DL,Delta Air Lines,3161,408.0,85.3,80.8,0.85,3.69,38.0,-7.13,58.1,30776,9382
OGG-LAX,OGG,LAX,Kahului,Los Angeles,Medium,AA,American Airlines,3159,2486.0,318.1,86.86,0.25,3.04,20.0,-7.22,286.3,29961,16921
DFW-SHV,DFW,SHV,Dallas-Fort Worth,Shreveport,Large,OO,SkyWest Airlines,3158,190.0,68.1,75.11,3.64,10.47,54.0,-2.84,35.2,40028,12438
LAX-OGG,LAX,OGG,Los Angeles,Kahului,Large,AA,American Airlines,3158,2486.0,348.0,84.67,0.13,-3.38,23.0,-8.07,313.6,18268,7729
SHV-DFW,SHV,DFW,Shreveport,Dallas-Fort Worth,Small,OO,SkyWest Airlines,3156,190.0,75.9,72.21,3.58,19.92,69.0,-1.28,43.3,61504,17619
GSP-LGA,GSP,LGA,Greenville,New York,Small,9E,Endeavor Air,3154,610.0,118.8,82.31,4.09,0.21,29.0,-7.48,86.7,24846,9703
MFR-SFO,MFR,SFO,Medford,San Francisco,Small,OO,SkyWest Airlines,3154,329.0,87.7,82.5,1.2,6.17,34.0,-5.06,60.0,39087,10272
LGA-GSP,LGA,GSP,New York,Greenville,Large,9E,Endeavor Air,3154,610.0,134.9,78.57,3.96,1.41,44.5,-9.64,93.6,25522,19569
ORD-FAR,ORD,FAR,Chicago,Fargo,Large,MQ,Envoy Air,3152,557.0,121.9,77.13,1.11,7.55,42.0,-2.99,88.5,25354,17315
SFO-MFR,SFO,MFR,San Francisco,Medford,Large,OO,SkyWest Airlines,3152,329.0,88.2,83.85,1.3,0.82,27.0,-6.93,55.7,21920,7987
CLT-HHH,CLT,HHH,Charlotte,Hilton Head Island,Large,MQ,Envoy Air,3151,207.0,73.7,78.93,1.05,4.46,33.0,-3.5,41.5,17653,12540
DFW-RAP,DFW,RAP,Dallas-Fort Worth,Rapid City,Large,MQ,Envoy Air,3151,835.0,145.6,80.17,1.52,3.28,33.0,-3.23,117.9,17920,12288
ORD-SAT,ORD,SAT,Chicago,San Antonio,Large,UA,United Airlines,3151,1041.0,183.0,76.9,1.24,6.58,47.4,-8.69,144.6,23680,23131
HHH-CLT,HHH,CLT,Hilton Head Island,Charlotte,Non-hub,MQ,Envoy Air,3151,207.0,77.5,78.51,1.71,3.66,35.0,-4.94,44.7,13826,22815
RAP-DFW,RAP,DFW,Rapid City,Dallas-Fort Worth,Small,MQ,Envoy Air,3150,835.0,144.3,81.46,1.56,4.74,32.0,-4.21,114.7,23385,17147
SAT-ORD,SAT,ORD,San Antonio,Chicago,Medium,UA,United Airlines,3150,1041.0,169.2,86.98,1.46,0.77,18.0,-5.6,136.7,19264,12736
FAR-ORD,FAR,ORD,Fargo,Chicago,Small,MQ,Envoy Air,3149,557.0,118.3,75.45,1.37,10.09,48.0,-1.53,82.5,34036,19663
ATL-LFT,ATL,LFT,Atlanta,Lafayette,Large,9E,Endeavor Air,3146,503.0,107.3,88.37,0.73,-1.79,16.0,-5.55,78.9,17009,4856
LFT-ATL,LFT,ATL,Lafayette,Atlanta,Non-hub,9E,Endeavor Air,3146,503.0,105.6,87.57,0.83,-0.58,18.0,-5.86,72.6,18396,9916
PVU-AZA,PVU,AZA,Provo,Mesa,Non-hub,G4,Allegiant Air,3142,477.0,95.8,73.39,1.59,18.47,48.0,0.69,72.3,54823,17167
DEC-ORD,DEC,ORD,Decatur,Chicago,Non-hub,OO,SkyWest Airlines,3139,156.0,68.5,78.4,3.57,13.54,56.9,-3.89,37.2,47708,28269
PHX-MSP,PHX,MSP,Phoenix,Minneapolis,Large,AA,American Airlines,3138,1276.0,187.5,81.42,0.83,4.47,34.0,-6.82,156.7,22846,16820
IAD-CLE,IAD,CLE,Washington,Cleveland,Medium,UA,United Airlines,3138,288.0,79.3,83.08,1.18,4.35,30.0,-4.41,50.0,18869,15654
ORD-DEC,ORD,DEC,Chicago,Decatur,Large,OO,SkyWest Airlines,3136,156.0,65.8,77.65,3.28,6.14,47.0,-5.72,31.4,36417,12517
MSP-PHX,MSP,PHX,Minneapolis,Phoenix,Large,AA,American Airlines,3136,1276.0,211.4,82.46,0.86,2.44,31.0,-10.09,174.5,27592,17415
ATL-MIA,ATL,MIA,Atlanta,Miami,Large,WN,Southwest Airlines,3136,594.0,114.5,72.54,1.66,8.85,42.0,-6.85,86.0,21086,18845
DCA-PNS,DCA,PNS,Washington,Pensacola,Large,OH,PSA Airlines,3136,816.0,151.0,68.18,3.13,17.3,70.0,-2.55,118.2,37409,35634
PHX-ATL,PHX,ATL,Phoenix,Atlanta,Large,AA,American Airlines,3136,1587.0,220.1,77.3,0.86,7.9,48.0,-7.12,185.9,20889,29434
CLE-IAD,CLE,IAD,Cleveland,Washington,Medium,UA,United Airlines,3135,288.0,75.2,89.73,1.02,-0.6,13.0,-3.09,50.3,10918,10670
PNS-DCA,PNS,DCA,Pensacola,Washington,Small,OH,PSA Airlines,3134,816.0,138.1,75.05,2.81,20.91,61.3,-1.66,110.9,54398,32728
AZA-PVU,AZA,PVU,Mesa,Provo,Small,G4,Allegiant Air,3133,477.0,90.7,69.61,1.15,19.17,61.0,-0.69,69.7,41251,31673
ATL-PHX,ATL,PHX,Atlanta,Phoenix,Large,AA,American Airlines,3133,1587.0,253.0,79.76,0.96,12.69,41.8,-6.87,219.6,38302,28183
ATL-LAS,ATL,LAS,Atlanta,Las Vegas,Large,WN,Southwest Airlines,3132,1747.0,265.9,79.05,0.38,2.48,37.0,-10.07,235.4,17352,14275
MKE-DTW,MKE,DTW,Milwaukee,Detroit,Medium,OO,SkyWest Airlines,3132,237.0,73.0,81.8,0.93,8.33,47.2,-4.11,42.7,50037,0
DTW-MKE,DTW,MKE,Detroit,Milwaukee,Large,OO,SkyWest Airlines,3131,237.0,75.6,76.97,0.99,12.78,60.0,-3.56,47.3,55984,0
STX-MIA,STX,MIA,St. Croix Island,Miami,Non-hub,AA,American Airlines,3130,1139.0,184.8,78.79,0.67,12.82,37.9,-2.47,154.5,38333,32356
MIA-STX,MIA,STX,Miami,St. Croix Island,Large,AA,American Airlines,3130,1139.0,168.3,76.39,0.54,8.13,44.0,-4.77,137.6,28880,16163
LFT-DFW,LFT,DFW,Lafayette,Dallas-Fort Worth,Non-hub,MQ,Envoy Air,3129,351.0,95.4,78.01,2.24,8.52,40.0,-2.9,63.8,27422,16030
ORD-ORF,ORD,ORF,Chicago,Norfolk,Large,UA,United Airlines,3129,717.0,132.4,76.41,1.09,10.05,50.0,-3.3,97.9,23313,23766
DFW-LFT,DFW,LFT,Dallas-Fort Worth,Lafayette,Large,MQ,Envoy Air,3129,351.0,85.2,80.57,2.05,3.74,29.3,-1.33,57.3,18518,10795
ORF-ORD,ORF,ORD,Norfolk,Chicago,Medium,UA,United Airlines,3127,717.0,141.9,78.29,1.31,9.41,44.0,-2.83,109.3,38865,11241
GEG-OAK,GEG,OAK,Spokane,Oakland,Medium,WN,Southwest Airlines,3126,723.0,129.1,85.67,0.8,-1.03,20.2,-7.2,104.0,8771,11202
BTV-CLT,BTV,CLT,Burlington,Charlotte,Small,OH,PSA Airlines,3125,761.0,154.5,82.18,1.95,2.86,33.0,-8.77,116.4,32764,18324
CDC-SLC,CDC,SLC,Cedar City,Salt Lake City,Non-hub,OO,SkyWest Airlines,3125,221.0,67.5,91.87,0.51,-5.34,8.0,-6.11,39.0,24230,0
CLT-BTV,CLT,BTV,Charlotte,Burlington,Large,OH,PSA Airlines,3125,761.0,136.9,79.17,1.54,4.14,34.2,-2.63,101.9,19684,13213
SLC-CDC,SLC,CDC,Salt Lake City,Cedar City,Large,OO,SkyWest Airlines,3124,221.0,64.5,89.6,0.48,-2.79,14.0,-3.94,38.0,18773,0
MCO-BHM,MCO,BHM,Orlando,Birmingham,Large,WN,Southwest Airlines,3123,479.0,97.8,72.97,1.22,11.91,50.0,-3.81,74.6,21967,25867
BHM-MCO,BHM,MCO,Birmingham,Orlando,Small,WN,Southwest Airlines,3122,479.0,95.6,75.02,1.28,10.77,47.0,-3.55,71.4,23672,23749
PHX-BOI,PHX,BOI,Phoenix,Boise,Large,WN,Southwest Airlines,3117,735.0,125.8,77.09,0.51,5.56,37.0,-7.18,102.7,15457,15217
MCO-SAT,MCO,SAT,Orlando,San Antonio,Large,WN,Southwest Airlines,3117,1041.0,174.2,72.95,0.99,10.5,51.0,-5.27,148.4,24397,22680
DEN-HSV,DEN,HSV,Denver,Huntsville,Large,OO,SkyWest Airlines,3114,1048.0,164.3,75.27,0.96,8.94,47.0,-3.23,130.1,33372,13794
HSV-DEN,HSV,DEN,Huntsville,Denver,Small,OO,SkyWest Airlines,3114,1048.0,191.9,81.47,0.8,5.71,39.0,-3.41,159.3,36793,6331
MIA-ATL,MIA,ATL,Miami,Atlanta,Large,WN,Southwest Airlines,3113,594.0,119.8,78.51,1.83,4.01,40.0,-7.68,88.1,17145,18601
SAT-MCO,SAT,MCO,San Antonio,Orlando,Medium,WN,Southwest Airlines,3112,1041.0,154.7,77.67,1.03,7.65,43.9,-4.59,130.1,22166,17622
ORD-MSP,ORD,MSP,Chicago,Minneapolis,Large,MQ,Envoy Air,3111,334.0,94.1,74.83,1.58,6.14,41.0,-2.44,62.3,22163,14789
MSP-ORD,MSP,ORD,Minneapolis,Chicago,Large,MQ,Envoy Air,3111,334.0,97.3,72.65,1.83,8.25,56.0,-2.37,57.7,28838,20839
LAR-DEN,LAR,DEN,Laramie,Denver,Non-hub,OO,SkyWest Airlines,3104,113.0,63.1,77.16,4.77,12.06,48.0,-2.72,29.0,50725,15315
LCH-DFW,LCH,DFW,Lake Charles,Dallas-Fort Worth,Non-hub,OO,SkyWest Airlines,3104,295.0,86.8,76.9,3.19,15.01,62.0,-2.49,54.9,62507,9969
DFW-LCH,DFW,LCH,Dallas-Fort Worth,Lake Charles,Large,OO,SkyWest Airlines,3104,295.0,82.8,79.35,3.19,6.72,41.0,-3.53,50.8,39076,5364
LGA-ATL,LGA,ATL,New York,Atlanta,Large,YX,Republic Airways,3102,762.0,159.9,80.46,3.42,-0.75,34.0,-8.46,117.6,14365,19701
ATL-LGA,ATL,LGA,Atlanta,New York,Large,YX,Republic Airways,3102,762.0,137.4,77.79,3.58,4.68,46.0,-4.68,104.4,25218,16631
DEN-LAR,DEN,LAR,Denver,Laramie,Large,OO,SkyWest Airlines,3102,113.0,53.2,77.43,4.45,6.76,42.0,-1.93,26.8,28270,12180
CLT-PWM,CLT,PWM,Charlotte,Portland,Large,AA,American Airlines,3102,813.0,133.1,75.92,1.52,9.68,48.0,-5.09,105.2,27799,21174
ILM-ATL,ILM,ATL,Wilmington,Atlanta,Small,9E,Endeavor Air,3102,377.0,96.8,87.98,0.81,-2.69,18.0,-9.32,65.1,15037,13856
BOS-BWI,BOS,BWI,Boston,Baltimore,Large,YX,Republic Airways,3102,369.0,105.0,84.27,1.68,-1.24,27.0,-5.65,68.2,18376,10304
MCI-PHX,MCI,PHX,Kansas City,Phoenix,Medium,AA,American Airlines,3102,1044.0,174.7,84.11,0.97,9.21,31.0,-5.44,146.4,36988,20578
ATL-ILM,ATL,ILM,Atlanta,Wilmington,Large,9E,Endeavor Air,3101,377.0,83.7,88.75,0.68,-1.98,16.0,-4.98,55.8,14975,4131
PWM-CLT,PWM,CLT,Portland,Charlotte,Small,AA,American Airlines,3101,813.0,153.6,78.85,1.74,12.49,44.7,-7.16,120.6,46097,23774
BWI-BOS,BWI,BOS,Baltimore,Boston,Large,YX,Republic Airways,3100,369.0,95.9,81.42,1.74,3.03,43.0,-5.26,61.7,32877,9472
PHX-MCI,PHX,MCI,Phoenix,Kansas City,Large,AA,American Airlines,3096,1044.0,156.5,77.94,0.87,7.64,46.5,-6.09,127.4,20545,25926
BOI-PHX,BOI,PHX,Boise,Phoenix,Medium,WN,Southwest Airlines,3091,735.0,124.2,84.79,0.55,0.32,25.0,-7.01,100.2,10407,13685
DTW-HPN,DTW,HPN,Detroit,White Plains,Large,OO,SkyWest Airlines,3090,505.0,103.3,76.54,1.29,11.65,54.0,-3.51,73.6,54067,0
SLC-PDX,SLC,PDX,Salt Lake City,Portland,Large,OO,SkyWest Airlines,3090,630.0,124.2,87.8,0.74,-1.86,17.0,-2.91,96.1,7904,10619
HPN-DTW,HPN,DTW,White Plains,Detroit,Small,OO,SkyWest Airlines,3090,505.0,113.9,76.41,1.59,16.29,75.0,-7.18,80.8,76308,0
VCT-IAH,VCT,IAH,Victoria,Houston,Non-hub,OO,SkyWest Airlines,3088,123.0,58.2,85.17,2.62,2.86,34.0,-9.9,29.0,37245,21034
IAH-VCT,IAH,VCT,Houston,Victoria,Large,OO,SkyWest Airlines,3088,123.0,66.2,84.03,2.33,2.14,35.0,-15.25,28.9,47418,15157
BFF-DEN,BFF,DEN,Scottsbluff,Denver,Non-hub,OO,SkyWest Airlines,3087,150.0,66.3,79.14,3.14,12.23,42.4,-0.34,36.3,47226,13171
DTW-DCA,DTW,DCA,Detroit,Washington,Large,OH,PSA Airlines,3087,405.0,99.5,76.06,3.21,12.39,56.0,-2.68,65.4,38319,30159
IAD-CMH,IAD,CMH,Washington,Columbus,Medium,YX,Republic Airways,3086,299.0,86.3,81.34,1.39,5.11,35.0,-4.32,52.7,24913,15449
DEN-BFF,DEN,BFF,Denver,Scottsbluff,Large,OO,SkyWest Airlines,3086,150.0,54.6,78.81,2.66,8.74,43.0,-1.39,30.1,33333,13666
TPA-RDU,TPA,RDU,Tampa,Raleigh-durham,Large,DL,Delta Air Lines,3086,587.0,108.1,83.64,1.46,2.9,34.0,-4.75,83.4,15674,23791
RDU-TPA,RDU,TPA,Raleigh-durham,Tampa,Medium,DL,Delta Air Lines,3086,587.0,114.8,83.25,1.43,2.51,32.0,-6.29,88.4,21879,14086
DEN-COS,DEN,COS,Denver,Colorado Springs,Large,UA,United Airlines,3086,73.0,47.8,73.43,2.07,13.06,58.0,-3.52,19.5,26277,26965
DCA-DTW,DCA,DTW,Washington,Detroit,Large,OH,PSA Airlines,3085,405.0,108.3,75.85,3.57,6.67,54.0,-6.76,67.9,22870,24471
COS-DEN,COS,DEN,Colorado Springs,Denver,Small,UA,United Airlines,3085,73.0,53.8,75.46,2.37,9.91,46.1,-1.06,21.9,33531,15751
BOI-PDX,BOI,PDX,Boise,Portland,Medium,OO,SkyWest Airlines,3084,344.0,81.4,88.98,0.88,1.07,15.0,-0.85,59.1,9976,9255
DTW-MSY,DTW,MSY,Detroit,New Orleans,Large,DL,Delta Air Lines,3083,926.0,156.9,82.06,1.91,-0.26,28.0,-6.94,126.9,22710,4199
MDW-SAT,MDW,SAT,Chicago,San Antonio,Large,WN,Southwest Airlines,3083,1036.0,169.2,74.28,1.59,7.01,44.0,-8.31,143.3,21489,19264
BHM-MIA,BHM,MIA,Birmingham,Miami,Small,MQ,Envoy Air,3082,661.0,118.6,80.4,0.88,5.3,40.4,-3.38,93.9,18576,17530
MSY-DTW,MSY,DTW,New Orleans,Detroit,Medium,DL,Delta Air Lines,3081,926.0,150.3,84.06,1.95,1.44,25.0,-6.79,121.7,14502,17008
DFW-COU,DFW,COU,Dallas-Fort Worth,Columbia,Large,MQ,Envoy Air,3080,490.0,99.8,78.73,2.69,4.25,36.0,-3.84,70.9,18579,13623
TYR-DFW,TYR,DFW,Tyler,Dallas-Fort Worth,Non-hub,MQ,Envoy Air,3079,102.0,60.0,79.9,4.55,2.04,28.0,-3.57,29.4,16762,13459
COU-DFW,COU,DFW,Columbia,Dallas-Fort Worth,Non-hub,MQ,Envoy Air,3079,490.0,112.4,76.06,2.76,7.38,43.0,-3.71,79.6,27202,16862
MIA-BHM,MIA,BHM,Miami,Birmingham,Large,MQ,Envoy Air,3079,661.0,124.2,75.35,0.97,5.74,43.9,-0.74,97.2,21127,14807
PDX-SLC,PDX,SLC,Portland,Salt Lake City,Medium,OO,SkyWest Airlines,3078,630.0,112.0,83.27,0.68,4.0,29.0,-1.28,88.4,16851,12510
EWR-GRR,EWR,GRR,Newark,Grand Rapids,Large,YX,Republic Airways,3078,605.0,136.3,77.58,5.52,-0.94,36.0,-7.31,95.2,19566,12630
DFW-TYR,DFW,TYR,Dallas-Fort Worth,Tyler,Large,MQ,Envoy Air,3078,102.0,51.4,82.29,4.32,1.56,24.0,-3.33,23.8,13754,10350
BZN-DFW,BZN,DFW,Bozeman,Dallas-Fort Worth,Small,AA,American Airlines,3077,1163.0,180.9,74.23,1.33,18.08,51.0,-4.11,146.8,46063,32829
HIB-MSP,HIB,MSP,Hibbing,Minneapolis,Non-hub,OO,SkyWest Airlines,3077,174.0,66.4,87.13,1.46,-0.84,22.0,-9.39,36.0,43938,0
ORD-MBS,ORD,MBS,Chicago,Saginaw,Large,OO,SkyWest Airlines,3076,222.0,77.6,72.89,1.98,11.94,59.0,-3.16,41.2,35053,20671
MSP-HIB,MSP,HIB,Minneapolis,Hibbing,Large,OO,SkyWest Airlines,3076,174.0,61.2,85.05,1.37,2.45,25.0,-6.13,33.5,37618,0
BNA-SRQ,BNA,SRQ,Nashville,Sarasota,Large,WN,Southwest Airlines,3076,648.0,111.9,78.51,1.89,4.48,36.0,-6.09,88.7,12194,19486
SRQ-BNA,SRQ,BNA,Sarasota,Nashville,Small,WN,Southwest Airlines,3075,648.0,121.1,81.89,2.05,1.94,29.0,-7.17,95.9,12380,16923
PSP-OAK,PSP,OAK,Palm Springs,Oakland,Small,WN,Southwest Airlines,3075,418.0,88.9,83.51,0.91,0.76,26.4,-7.15,65.2,7897,17476
MBS-ORD,MBS,ORD,Saginaw,Chicago,Non-hub,OO,SkyWest Airlines,3075,222.0,86.4,73.5,2.21,15.4,71.0,-1.25,46.3,47618,19217
DAL-OAK,DAL,OAK,Dallas,Oakland,Large,WN,Southwest Airlines,3075,1468.0,227.7,72.62,1.37,7.86,46.0,-9.64,200.0,20136,21264
OAK-PSP,OAK,PSP,Oakland,Palm Springs,Medium,WN,Southwest Airlines,3075,418.0,88.4,81.11,0.62,3.41,30.0,-5.95,65.9,11486,14708
DFW-BZN,DFW,BZN,Dallas-Fort Worth,Bozeman,Large,AA,American Airlines,3075,1163.0,192.8,73.33,1.2,10.7,50.0,-4.33,162.1,28206,23147
ORD-CVG,ORD,CVG,Chicago,Cincinnati,Large,OO,SkyWest Airlines,3074,264.0,81.3,76.81,2.54,8.0,44.0,-2.96,46.2,28551,13288
LSE-ORD,LSE,ORD,La Crosse,Chicago,Non-hub,MQ,Envoy Air,3073,215.0,77.5,83.73,2.05,0.93,28.0,-4.42,43.8,19010,13664
ORD-LSE,ORD,LSE,Chicago,La Crosse,Large,MQ,Envoy Air,3073,215.0,77.1,79.5,2.15,3.41,34.0,-5.45,44.4,21708,13808
PIT-RDU,PIT,RDU,Pittsburgh,Raleigh-durham,Medium,YX,Republic Airways,3072,328.0,81.4,89.06,0.94,-4.35,14.0,-3.51,54.8,10294,7621
CMH-RSW,CMH,RSW,Columbus,Fort Myers,Medium,WN,Southwest Airlines,3072,930.0,149.3,79.04,2.38,3.23,34.0,-6.89,126.7,15724,16724
SYR-DTW,SYR,DTW,Syracuse,Detroit,Small,9E,Endeavor Air,3071,374.0,96.3,88.96,0.68,-3.01,16.0,-9.32,62.4,17748,12611
GRR-EWR,GRR,EWR,Grand Rapids,Newark,Medium,YX,Republic Airways,3071,605.0,123.7,77.53,5.96,-0.59,39.0,-6.33,85.5,29180,7563
IAH-ORD,IAH,ORD,Houston,Chicago,Large,AA,American Airlines,3070,925.0,163.8,73.19,2.54,18.05,67.0,-5.07,125.9,42140,36868
OAK-OGG,OAK,OGG,Oakland,Kahului,Medium,WN,Southwest Airlines,3070,2349.0,325.5,77.98,0.2,2.01,34.2,-8.19,298.1,20591,9758
RSW-CMH,RSW,CMH,Fort Myers,Columbus,Medium,WN,Southwest Airlines,3070,930.0,145.3,74.56,2.15,9.41,48.0,-3.2,124.0,15237,26976
STL-MKE,STL,MKE,St. Louis,Milwaukee,Medium,WN,Southwest Airlines,3069,317.0,71.8,79.24,1.34,5.86,37.0,-6.39,50.6,10489,22650
RDU-PIT,RDU,PIT,Raleigh-durham,Pittsburgh,Medium,YX,Republic Airways,3069,328.0,84.8,87.68,1.01,-2.33,18.8,-4.37,56.4,9580,13787
DTW-SYR,DTW,SYR,Detroit,Syracuse,Large,9E,Endeavor Air,3068,374.0,84.6,87.84,0.65,-1.34,19.0,-5.09,55.2,15049,6442
FLL-AVL,FLL,AVL,Fort Lauderdale,Asheville,Large,G4,Allegiant Air,3068,661.0,118.8,63.36,2.51,24.07,82.0,-0.79,92.8,45312,41056
CMH-PHL,CMH,PHL,Columbus,Philadelphia,Medium,YX,Republic Airways,3067,406.0,93.6,87.06,1.21,-2.65,18.0,-3.98,65.2,14468,6085
AVL-FLL,AVL,FLL,Asheville,Fort Lauderdale,Small,G4,Allegiant Air,3067,661.0,118.3,64.17,2.38,24.44,86.0,-2.27,95.2,52947,36159
IAH-SLC,IAH,SLC,Houston,Salt Lake City,Large,UA,United Airlines,3066,1195.0,198.1,78.6,1.08,6.51,45.2,-5.41,165.2,23182,15656
ORD-IAH,ORD,IAH,Chicago,Houston,Large,AA,American Airlines,3066,925.0,168.1,68.56,2.38,13.66,75.0,-8.36,131.1,34626,31876
STS-LAX,STS,LAX,Santa Rosa,Los Angeles,Small,OO,SkyWest Airlines,3066,400.0,98.2,81.28,1.34,4.48,31.0,-1.65,63.8,14501,16187
OGG-OAK,OGG,OAK,Kahului,Oakland,Medium,WN,Southwest Airlines,3066,2349.0,300.2,88.78,0.1,-5.94,16.0,-10.03,273.7,9057,6584
MSY-JFK,MSY,JFK,New Orleans,New York,Medium,DL,Delta Air Lines,3065,1182.0,186.0,77.16,2.48,6.76,51.0,-10.05,149.3,33963,24742
JAC-DFW,JAC,DFW,Jacksn Hole,Dallas-Fort Worth,Small,AA,American Airlines,3065,1047.0,170.9,71.55,1.73,29.47,81.3,-6.35,133.9,53404,65429
DFW-JAC,DFW,JAC,Dallas-Fort Worth,Jacksn Hole,Large,AA,American Airlines,3065,1047.0,176.8,73.57,1.53,11.33,59.0,-6.36,146.9,29766,26130
JFK-MSY,JFK,MSY,New York,New Orleans,Large,DL,Delta Air Lines,3064,1182.0,210.5,78.79,2.51,0.5,42.3,-10.02,166.2,33848,9016
MKE-STL,MKE,STL,Milwaukee,St. Louis,Medium,WN,Southwest Airlines,3062,317.0,78.8,82.72,1.31,0.68,28.0,-7.53,54.5,9237,16003
CMH-IAD,CMH,IAD,Columbus,Washington,Medium,YX,Republic Airways,3059,299.0,81.9,85.81,1.37,0.41,20.0,-3.78,52.6,15274,8082
MSY-STL,MSY,STL,New Orleans,St. Louis,Medium,WN,Southwest Airlines,3057,604.0,106.1,80.37,1.86,4.52,34.0,-5.37,84.9,8744,19564
GRB-MSP,GRB,MSP,Green Bay,Minneapolis,Small,OO,SkyWest Airlines,3057,252.0,79.2,83.84,1.08,3.01,37.0,-7.61,47.9,47003,0
BNA-IAH,BNA,IAH,Nashville,Houston,Large,OO,SkyWest Airlines,3056,657.0,144.9,84.59,2.0,2.47,23.0,-8.0,108.3,31331,7122
MSP-GRB,MSP,GRB,Minneapolis,Green Bay,Large,OO,SkyWest Airlines,3056,252.0,73.1,82.43,1.01,4.2,35.0,-7.55,43.0,39772,0
SAT-MDW,SAT,MDW,San Antonio,Chicago,Medium,WN,Southwest Airlines,3055,1036.0,155.0,85.01,1.15,0.14,21.0,-6.15,133.0,9690,9869
MSP-SNA,MSP,SNA,Minneapolis,Santa Ana,Large,DL,Delta Air Lines,3054,1522.0,240.0,80.09,0.65,0.15,36.0,-8.16,205.0,27272,5277
SNA-MSP,SNA,MSP,Santa Ana,Minneapolis,Medium,DL,Delta Air Lines,3054,1522.0,217.9,83.99,0.82,0.7,26.0,-7.55,187.0,24017,9558
BDL-SJU,BDL,SJU,Windsor Locks,San Juan,Medium,B6,JetBlue Airways,3051,1666.0,230.6,58.18,1.64,27.52,98.0,-3.55,206.1,57224,38785
SJU-BDL,SJU,BDL,San Juan,Windsor Locks,Medium,B6,JetBlue Airways,3051,1666.0,242.1,63.95,1.7,20.99,81.0,-3.97,215.7,50403,26759
STL-MSY,STL,MSY,St. Louis,New Orleans,Medium,WN,Southwest Airlines,3048,604.0,104.1,79.2,1.67,4.89,33.0,-5.62,83.2,12229,18737
PHL-CMH,PHL,CMH,Philadelphia,Columbus,Large,YX,Republic Airways,3046,406.0,105.0,83.32,1.97,1.4,31.0,-3.96,67.3,22848,11854
CVG-DEN,CVG,DEN,Cincinnati,Denver,Medium,UA,United Airlines,3046,1069.0,186.8,84.11,1.05,2.19,27.0,-6.58,154.9,25785,9388
STL-DSM,STL,DSM,St. Louis,Des Moines,Medium,WN,Southwest Airlines,3042,259.0,66.5,76.79,1.25,6.39,38.0,-6.95,44.7,13019,21507
ORD-IND,ORD,IND,Chicago,Indianapolis,Large,OO,SkyWest Airlines,3041,177.0,69.5,78.33,2.37,7.65,43.0,-2.89,34.7,26081,13889
DEN-CVG,DEN,CVG,Denver,Cincinnati,Large,UA,United Airlines,3041,1069.0,162.2,76.95,0.85,7.18,46.0,-4.94,129.4,21963,18260
DSM-STL,DSM,STL,Des Moines,St. Louis,Small,WN,Southwest Airlines,3040,259.0,66.8,86.25,1.45,-2.71,20.0,-8.09,42.2,12205,8250
SFB-ABE,SFB,ABE,Sanford,Allentown,Small,G4,Allegiant Air,3036,882.0,144.7,73.85,1.22,10.74,53.0,-1.7,122.8,26177,24200
OAK-DAL,OAK,DAL,Oakland,Dallas,Medium,WN,Southwest Airlines,3033,1468.0,204.7,78.07,0.76,5.69,36.3,-6.71,179.7,18245,12398
IAD-LGA,IAD,LGA,Washington,New York,Medium,YX,Republic Airways,3033,229.0,86.7,73.89,3.73,4.93,47.0,-4.13,47.1,33890,10282
ABE-SFB,ABE,SFB,Allentown,Sanford,Small,G4,Allegiant Air,3033,882.0,147.9,80.61,1.09,7.36,35.7,-2.07,125.6,38836,10404
BNA-MYR,BNA,MYR,Nashville,Myrtle Beach,Large,WN,Southwest Airlines,3033,471.0,86.6,79.59,1.25,4.51,30.0,-5.9,63.4,9471,18756
PIH-SLC,PIH,SLC,Pocatello,Salt Lake City,Non-hub,OO,SkyWest Airlines,3033,150.0,57.5,93.57,0.23,-6.61,4.0,-5.26,33.1,18530,0
SEA-RNO,SEA,RNO,Seattle,Reno,Large,AS,Alaska Airlines,3031,564.0,107.7,75.55,1.22,6.82,36.0,-1.94,77.0,20258,12025
SLC-PIH,SLC,PIH,Salt Lake City,Pocatello,Large,OO,SkyWest Airlines,3031,150.0,58.5,92.08,0.23,-3.11,8.0,-6.19,31.6,22361,0
LBF-DEN,LBF,DEN,North Platte,Denver,Non-hub,OO,SkyWest Airlines,3031,228.0,73.4,78.62,3.2,9.57,40.2,-0.33,43.2,37719,16590
STL-ICT,STL,ICT,St. Louis,Wichita,Medium,WN,Southwest Airlines,3031,392.0,84.5,78.46,1.19,4.76,38.0,-7.79,62.3,10282,22185
DEN-LBF,DEN,LBF,Denver,North Platte,Large,OO,SkyWest Airlines,3031,228.0,63.0,77.0,3.13,8.48,43.0,0.31,39.0,27332,15516
SEA-BLI,SEA,BLI,Seattle,Bellingham,Large,QX,Horizon Air,3031,93.0,46.3,84.36,2.54,1.37,21.0,-2.22,25.8,10127,6500
MYR-BNA,MYR,BNA,Myrtle Beach,Nashville,Small,WN,Southwest Airlines,3031,471.0,98.2,81.95,1.19,2.48,30.0,-7.01,75.6,8866,19302
ATL-ABE,ATL,ABE,Atlanta,Allentown,Large,9E,Endeavor Air,3031,692.0,123.2,88.88,0.82,-2.08,15.0,-5.06,95.6,13921,4205
BLI-SEA,BLI,SEA,Bellingham,Seattle,Non-hub,QX,Horizon Air,3030,93.0,48.5,85.84,2.54,0.78,19.0,-2.86,26.3,12130,7164
ICT-STL,ICT,STL,Wichita,St. Louis,Small,WN,Southwest Airlines,3030,392.0,78.6,87.99,0.92,-4.03,17.0,-7.74,55.3,9861,9059
ABE-ATL,ABE,ATL,Allentown,Atlanta,Small,9E,Endeavor Air,3030,692.0,134.4,87.1,0.86,-2.02,19.0,-8.61,101.8,20739,8175
RNO-SEA,RNO,SEA,Reno,Seattle,Medium,AS,Alaska Airlines,3030,564.0,119.2,77.52,1.55,4.34,33.0,-1.02,87.8,15567,15826
LGA-IAD,LGA,IAD,New York,Washington,Large,YX,Republic Airways,3030,229.0,88.9,78.55,3.73,3.23,41.5,-5.69,51.1,19089,21626
ATL-CMH,ATL,CMH,Atlanta,Columbus,Large,WN,Southwest Airlines,3024,447.0,92.2,80.32,0.6,5.48,32.0,-6.16,66.9,12313,18165
ORD-ALB,ORD,ALB,Chicago,Albany,Large,UA,United Airlines,3023,723.0,123.9,75.75,0.99,9.43,50.0,-4.19,90.8,22493,22878
ALB-ORD,ALB,ORD,Albany,Chicago,Small,UA,United Airlines,3022,723.0,150.3,81.14,1.36,4.9,31.0,-3.72,111.6,31601,9341
CMH-MSP,CMH,MSP,Columbus,Minneapolis,Medium,OO,SkyWest Airlines,3021,626.0,125.0,82.65,0.86,6.14,33.0,-5.19,99.0,42093,0
MSP-CMH,MSP,CMH,Minneapolis,Columbus,Large,OO,SkyWest Airlines,3020,626.0,116.5,81.89,0.76,3.7,34.0,-6.74,85.5,35168,0
SMF-BOI,SMF,BOI,Sacramento,Boise,Medium,WN,Southwest Airlines,3018,437.0,83.2,80.45,0.3,4.62,31.0,-5.13,63.6,8805,17629
EUG-DEN,EUG,DEN,Eugene,Denver,Small,UA,United Airlines,3017,996.0,154.3,82.07,0.89,6.58,34.0,-5.21,126.4,29824,15017
PVD-MDW,PVD,MDW,Providence,Chicago,Small,WN,Southwest Airlines,3012,842.0,152.1,79.98,2.22,2.82,34.0,-8.75,126.2,14264,17893
DEN-EUG,DEN,EUG,Denver,Eugene,Large,UA,United Airlines,3012,996.0,167.7,74.7,0.63,10.36,50.0,-7.63,137.1,23670,25396
PHX-MFR,PHX,MFR,Phoenix,Medford,Large,OO,SkyWest Airlines,3011,854.0,153.9,85.39,0.33,2.06,27.0,-4.67,123.7,23192,7328
MFR-PHX,MFR,PHX,Medford,Phoenix,Small,OO,SkyWest Airlines,3011,854.0,142.5,89.67,0.27,2.01,14.0,-3.03,115.6,31144,4137
BOI-SMF,BOI,SMF,Boise,Sacramento,Medium,WN,Southwest Airlines,3010,437.0,87.3,82.46,0.56,3.29,26.0,-6.13,66.2,7315,18665
SEA-BZN,SEA,BZN,Seattle,Bozeman,Large,AS,Alaska Airlines,3009,543.0,99.8,74.31,1.26,7.73,37.0,-1.19,71.3,19813,13044
BZN-SEA,BZN,SEA,Bozeman,Seattle,Small,AS,Alaska Airlines,3008,543.0,118.5,78.49,1.36,3.1,33.0,-1.89,86.1,16925,14474
ROC-DCA,ROC,DCA,Rochester,Washington,Small,OH,PSA Airlines,3007,296.0,84.5,72.13,3.66,15.6,70.0,-0.77,57.2,37903,31028
OKC-STL,OKC,STL,Oklahoma City,St. Louis,Medium,WN,Southwest Airlines,3007,462.0,84.8,86.53,1.3,0.01,19.0,-5.59,63.8,7618,10854
DEN-ICT,DEN,ICT,Denver,Wichita,Large,WN,Southwest Airlines,3007,420.0,80.7,66.41,1.36,13.93,57.0,-6.14,56.7,21058,29491
JFK-MSP,JFK,MSP,New York,Minneapolis,Large,DL,Delta Air Lines,3006,1029.0,197.3,80.71,1.43,3.45,46.0,-11.37,153.1,35795,14336
LAX-STS,LAX,STS,Los Angeles,Santa Rosa,Large,OO,SkyWest Airlines,3006,400.0,98.2,81.17,1.0,2.47,29.0,-3.03,67.1,14085,13774
ICT-DEN,ICT,DEN,Wichita,Denver,Small,WN,Southwest Airlines,3006,420.0,91.2,82.24,1.16,3.27,31.0,-4.06,66.9,19656,12290
DCA-ROC,DCA,ROC,Washington,Rochester,Large,OH,PSA Airlines,3006,296.0,87.2,71.49,4.22,11.69,64.0,-5.87,52.1,26304,28871
PIT-LGA,PIT,LGA,Pittsburgh,New York,Medium,9E,Endeavor Air,3005,335.0,93.0,77.84,5.09,6.79,45.0,-7.09,57.9,41775,12448
ORD-DAY,ORD,DAY,Chicago,Dayton,Large,OO,SkyWest Airlines,3005,240.0,80.6,76.41,1.76,9.79,52.0,-4.3,43.8,34142,15454
DFW-GSP,DFW,GSP,Dallas-Fort Worth,Greenville,Large,AA,American Airlines,3004,862.0,135.5,63.91,2.2,22.5,81.0,-3.41,109.6,38712,39732
LGA-PIT,LGA,PIT,New York,Pittsburgh,Large,9E,Endeavor Air,3004,335.0,101.6,82.06,4.69,-4.15,27.0,-9.0,59.2,14634,11173
SLC-IAH,SLC,IAH,Salt Lake City,Houston,Large,UA,United Airlines,3004,1195.0,183.4,79.83,1.63,5.98,35.0,-3.27,151.4,26497,11726
ATL-ILM,ATL,ILM,Atlanta,Wilmington,Large,DL,Delta Air Lines,3003,377.0,80.6,85.91,0.67,0.96,25.0,-5.4,55.6,19152,7077
DAY-ORD,DAY,ORD,Dayton,Chicago,Small,OO,SkyWest Airlines,3002,240.0,87.1,77.42,1.9,9.69,51.0,-2.12,49.4,37892,17793
GSP-DFW,GSP,DFW,Greenville,Dallas-Fort Worth,Small,AA,American Airlines,3002,862.0,165.6,72.75,2.23,16.67,62.0,-6.07,130.3,36982,31823
ILM-ATL,ILM,ATL,Wilmington,Atlanta,Small,DL,Delta Air Lines,3002,377.0,93.0,88.91,0.77,0.53,15.0,-8.16,63.5,25344,6473
MSP-JFK,MSP,JFK,Minneapolis,New York,Large,DL,Delta Air Lines,3000,1029.0,173.1,78.73,1.43,3.03,43.0,-10.38,132.5,37555,5335
ATL-EWR,ATL,EWR,Atlanta,Newark,Large,NK,Spirit Airlines,3000,746.0,132.2,67.67,3.63,16.59,75.0,-5.0,101.7,50517,13924
LAS-PSP,LAS,PSP,Las Vegas,Palm Springs,Large,WN,Southwest Airlines,2999,173.0,61.1,70.12,1.13,9.85,45.0,-5.17,34.8,16641,23052
EWR-ATL,EWR,ATL,Newark,Atlanta,Large,NK,Spirit Airlines,2998,746.0,148.4,71.81,3.17,9.43,62.0,-6.51,109.8,38390,16036
DEN-DSM,DEN,DSM,Denver,Des Moines,Large,OO,SkyWest Airlines,2998,589.0,110.2,83.59,1.3,2.47,28.6,-4.17,78.7,19904,7975
LIT-STL,LIT,STL,Little Rock,St. Louis,Small,WN,Southwest Airlines,2998,296.0,73.3,87.59,1.3,-1.76,17.0,-7.52,50.8,6632,12587
ORD-SAT,ORD,SAT,Chicago,San Antonio,Large,AA,American Airlines,2996,1041.0,174.1,71.53,1.6,11.35,62.0,-7.49,142.9,30744,26783
CMH-ATL,CMH,ATL,Columbus,Atlanta,Medium,WN,Southwest Airlines,2996,447.0,94.8,80.84,0.97,4.08,37.0,-5.37,69.6,12411,18597
PSP-LAS,PSP,LAS,Palm Springs,Las Vegas,Small,WN,Southwest Airlines,2996,173.0,63.3,72.66,1.47,9.77,46.0,-2.46,37.8,22520,19260
SAT-ORD,SAT,ORD,San Antonio,Chicago,Medium,AA,American Airlines,2995,1041.0,171.5,80.63,1.7,7.89,42.9,-5.01,136.6,30563,20755
STL-LIT,STL,LIT,St. Louis,Little Rock,Medium,WN,Southwest Airlines,2995,296.0,69.7,74.62,1.54,6.53,43.0,-7.83,47.3,11496,24754
DFW-JFK,DFW,JFK,Dallas-Fort Worth,New York,Large,DL,Delta Air Lines,2994,1391.0,218.0,82.77,2.24,-0.71,31.0,-10.74,178.8,24956,12581
JFK-DFW,JFK,DFW,New York,Dallas-Fort Worth,Large,DL,Delta Air Lines,2994,1391.0,247.8,72.48,2.2,9.1,69.0,-11.82,197.6,46135,19587
LGA-SAV,LGA,SAV,New York,Savannah,Large,9E,Endeavor Air,2994,722.0,148.3,77.92,4.04,0.57,37.0,-6.58,107.6,21569,13184
ORD-HPN,ORD,HPN,Chicago,White Plains,Large,OO,SkyWest Airlines,2992,738.0,131.9,74.2,1.8,10.92,55.0,-2.15,99.9,31288,19516
HPN-ORD,HPN,ORD,White Plains,Chicago,Small,OO,SkyWest Airlines,2992,738.0,158.0,77.47,2.17,13.71,55.0,-5.69,117.3,47728,20933
SAV-LGA,SAV,LGA,Savannah,New York,Medium,9E,Endeavor Air,2992,722.0,130.3,79.75,4.14,2.26,35.0,-7.37,97.2,23795,9819
SGF-CLT,SGF,CLT,Springfield,Charlotte,Small,OH,PSA Airlines,2990,708.0,130.8,74.55,2.04,14.44,50.0,-3.64,94.4,32237,28202
CLT-SGF,CLT,SGF,Charlotte,Springfield,Large,OH,PSA Airlines,2989,708.0,145.3,78.76,1.64,2.41,37.0,-4.72,105.5,18980,12702
SAN-STS,SAN,STS,San Diego,Santa Rosa,Large,OO,SkyWest Airlines,2989,508.0,109.2,77.85,1.51,4.72,34.0,-1.31,78.7,16019,14534
MSP-INL,MSP,INL,Minneapolis,International Falls,Large,OO,SkyWest Airlines,2988,255.0,75.7,84.24,2.24,3.28,27.0,-7.67,45.9,40992,0
INL-MSP,INL,MSP,International Falls,Minneapolis,Non-hub,OO,SkyWest Airlines,2988,255.0,74.5,85.54,2.38,2.96,25.0,-9.29,45.3,53510,0
DSM-DEN,DSM,DEN,Des Moines,Denver,Small,OO,SkyWest Airlines,2987,589.0,125.3,85.74,1.27,2.05,24.0,-6.58,92.8,26301,12873
FAR-DFW,FAR,DFW,Fargo,Dallas-Fort Worth,Small,MQ,Envoy Air,2987,968.0,171.1,82.79,1.47,-0.88,31.0,-10.08,134.5,21960,14275
ORD-JAX,ORD,JAX,Chicago,Jacksonville,Large,UA,United Airlines,2987,864.0,147.9,76.53,1.21,7.19,50.0,-4.86,112.6,20656,22707
DFW-FAR,DFW,FAR,Dallas-Fort Worth,Fargo,Large,MQ,Envoy Air,2984,968.0,162.0,81.2,1.41,1.1,29.0,-5.5,131.6,15228,12003
JAX-ORD,JAX,ORD,Jacksonville,Chicago,Medium,UA,United Airlines,2981,864.0,160.1,81.55,1.51,5.79,32.0,-2.25,127.8,24500,12289
PHL-DCA,PHL,DCA,Philadelphia,Washington,Large,OH,PSA Airlines,2978,119.0,68.6,75.12,1.44,12.08,60.0,-3.89,32.8,36822,23485
DSM-DEN,DSM,DEN,Des Moines,Denver,Small,WN,Southwest Airlines,2977,589.0,114.2,77.09,1.51,6.11,38.0,-5.19,88.5,22397,14469
PHL-CHS,PHL,CHS,Philadelphia,Charleston,Large,AA,American Airlines,2977,550.0,116.3,75.31,1.88,9.6,54.0,-4.59,82.6,24818,26582
DEN-DSM,DEN,DSM,Denver,Des Moines,Large,WN,Southwest Airlines,2976,589.0,98.8,69.02,1.41,13.07,54.2,-5.79,74.4,20403,27318
CHS-PHL,CHS,PHL,Charleston,Philadelphia,Medium,AA,American Airlines,2974,550.0,108.3,77.77,1.85,12.13,50.0,-3.53,82.3,22218,33277
TPA-MCI,TPA,MCI,Tampa,Kansas City,Large,WN,Southwest Airlines,2973,1048.0,169.1,74.23,1.72,9.34,46.0,-4.51,146.8,17577,22925
MCI-TPA,MCI,TPA,Kansas City,Tampa,Medium,WN,Southwest Airlines,2972,1048.0,151.2,75.74,2.05,7.93,40.0,-4.06,131.1,14657,20788
RDU-DCA,RDU,DCA,Raleigh-durham,Washington,Medium,9E,Endeavor Air,2971,227.0,76.1,76.0,2.29,6.2,40.0,-1.66,44.2,31117,9832
DCA-RDU,DCA,RDU,Washington,Raleigh-durham,Large,9E,Endeavor Air,2971,227.0,77.7,80.07,2.32,6.1,36.0,-6.26,44.6,20845,27348
ORF-EWR,ORF,EWR,Norfolk,Newark,Medium,YX,Republic Airways,2970,284.0,97.8,70.51,6.13,10.54,56.0,-0.74,60.9,41233,11635
STL-OKC,STL,OKC,St. Louis,Oklahoma City,Medium,WN,Southwest Airlines,2970,462.0,91.5,75.69,1.41,6.41,37.0,-6.21,70.4,12315,20584
DCA-MSY,DCA,MSY,Washington,New Orleans,Large,WN,Southwest Airlines,2969,969.0,166.3,74.81,1.82,7.68,42.0,-7.74,138.2,17889,22696
MSY-DCA,MSY,DCA,New Orleans,Washington,Medium,WN,Southwest Airlines,2969,969.0,145.3,72.92,1.68,10.37,45.3,-6.19,123.0,19465,23208
DCA-PHL,DCA,PHL,Washington,Philadelphia,Large,OH,PSA Airlines,2968,119.0,62.9,74.29,2.06,13.4,65.0,-4.1,31.4,29965,28740
SJC-DAL,SJC,DAL,San Jose,Dallas,Medium,WN,Southwest Airlines,2967,1450.0,205.3,78.33,1.21,3.8,33.0,-7.06,179.8,16180,11593
MDW-PVD,MDW,PVD,Chicago,Providence,Large,WN,Southwest Airlines,2967,842.0,129.7,69.9,1.85,11.88,49.0,-5.34,105.8,21927,22368
ANC-MSP,ANC,MSP,Anchorage,Minneapolis,Medium,DL,Delta Air Lines,2967,2519.0,321.8,83.89,0.47,3.55,24.0,-7.19,291.6,26062,11991
MSP-ANC,MSP,ANC,Minneapolis,Anchorage,Large,DL,Delta Air Lines,2967,2519.0,353.1,82.1,0.4,1.89,28.0,-8.47,322.6,27129,4961
LGA-BOS,LGA,BOS,New York,Boston,Large,DL,Delta Air Lines,2966,184.0,81.5,70.26,2.39,16.35,77.0,-8.36,39.2,49383,23027
DTW-SDF,DTW,SDF,Detroit,Louisville,Large,OO,SkyWest Airlines,2965,306.0,84.2,78.95,1.21,9.55,49.0,-4.63,53.4,48396,0
JFK-PBI,JFK,PBI,New York,West Palm Beach,Large,DL,Delta Air Lines,2965,1028.0,187.1,74.64,2.77,7.12,56.0,-7.22,146.4,39642,11260
SDF-DTW,SDF,DTW,Louisville,Detroit,Medium,OO,SkyWest Airlines,2965,306.0,86.1,82.36,1.21,5.87,43.0,-6.6,53.0,45219,0
PBI-JFK,PBI,JFK,West Palm Beach,New York,Medium,DL,Delta Air Lines,2964,1028.0,174.5,68.59,2.87,16.73,75.0,-6.41,137.1,37298,36008
ORD-CRW,ORD,CRW,Chicago,Charleston,Large,OO,SkyWest Airlines,2963,416.0,102.7,72.33,1.86,14.03,65.0,-3.6,66.0,39386,20518
BOS-LGA,BOS,LGA,Boston,New York,Large,DL,Delta Air Lines,2962,184.0,85.4,81.16,2.46,4.76,46.0,-8.86,45.5,37081,10238
CRW-ORD,CRW,ORD,Charleston,Chicago,Non-hub,OO,SkyWest Airlines,2962,416.0,113.5,70.29,1.99,22.21,83.1,-2.44,73.0,61508,22973
BOS-CHS,BOS,CHS,Boston,Charleston,Large,B6,JetBlue Airways,2960,818.0,152.6,72.09,1.39,10.28,58.0,-3.88,121.9,36569,14925
CHS-BOS,CHS,BOS,Charleston,Boston,Medium,B6,JetBlue Airways,2959,818.0,138.1,69.58,1.72,17.87,72.0,-5.79,109.7,35812,37240
STL-TUL,STL,TUL,St. Louis,Tulsa,Medium,WN,Southwest Airlines,2958,351.0,78.2,77.99,1.28,5.21,44.0,-7.91,55.7,10856,22497
ORD-CVG,ORD,CVG,Chicago,Cincinnati,Large,YX,Republic Airways,2957,264.0,83.9,83.83,1.86,0.3,26.0,-4.78,45.7,16276,10727
FAI-ANC,FAI,ANC,Fairbanks,Anchorage,Small,QX,Horizon Air,2957,261.0,64.1,79.84,4.53,3.21,29.0,-0.63,46.3,7405,18582
ANC-FAI,ANC,FAI,Anchorage,Fairbanks,Medium,QX,Horizon Air,2956,261.0,62.2,80.72,4.3,2.84,29.0,-3.16,43.0,13011,11279
RSW-CLE,RSW,CLE,Fort Myers,Cleveland,Medium,F9,Frontier Airlines,2954,1025.0,169.3,72.48,2.84,10.71,59.3,-4.66,135.6,22414,32032
CWA-MSP,CWA,MSP,Wassau,Minneapolis,Non-hub,9E,Endeavor Air,2954,175.0,72.5,89.07,0.64,-3.9,15.8,-10.05,37.7,17799,13593
MSP-CWA,MSP,CWA,Minneapolis,Wassau,Large,9E,Endeavor Air,2954,175.0,64.0,85.24,0.64,5.27,26.0,-4.59,35.4,32849,8562
CLE-RSW,CLE,RSW,Cleveland,Fort Myers,Medium,F9,Frontier Airlines,2953,1025.0,169.9,74.37,2.68,8.67,56.2,-5.39,139.5,34543,16068
DEN-TYS,DEN,TYS,Denver,Knoxville,Large,OO,SkyWest Airlines,2952,1162.0,174.5,73.98,0.91,9.93,51.0,-2.37,141.4,32939,11626
AUS-ABQ,AUS,ABQ,Austin,Albuquerque,Large,WN,Southwest Airlines,2952,619.0,112.5,79.03,0.81,5.21,35.0,-4.94,90.5,8921,20114
TYS-DEN,TYS,DEN,Knoxville,Denver,Small,OO,SkyWest Airlines,2952,1162.0,210.1,84.86,0.85,0.8,24.0,-5.92,174.6,32477,3357
TUL-STL,TUL,STL,Tulsa,St. Louis,Small,WN,Southwest Airlines,2951,351.0,75.9,89.46,1.25,-4.53,12.0,-8.3,51.7,6322,8764
LIH-SFO,LIH,SFO,Lihue,San Francisco,Small,UA,United Airlines,2951,2447.0,311.7,91.22,0.91,-5.69,9.0,-8.41,285.3,12725,9595
SFO-LIH,SFO,LIH,San Francisco,Lihue,Large,UA,United Airlines,2951,2447.0,346.2,88.95,0.44,-5.78,16.6,-10.84,307.4,10546,8029
DAL-SJC,DAL,SJC,Dallas,San Jose,Large,WN,Southwest Airlines,2949,1450.0,223.9,75.89,1.36,5.95,41.0,-8.82,198.5,16109,18616
CLE-DTW,CLE,DTW,Cleveland,Detroit,Medium,OO,SkyWest Airlines,2948,95.0,58.1,79.51,1.32,9.27,53.0,-6.8,25.9,54427,0
DTW-CLE,DTW,CLE,Detroit,Cleveland,Large,OO,SkyWest Airlines,2947,95.0,55.3,76.89,1.29,13.03,59.0,-4.15,23.4,55331,0
PHX-ABQ,PHX,ABQ,Phoenix,Albuquerque,Large,AA,American Airlines,2943,328.0,74.0,79.31,0.51,12.11,46.0,-3.33,48.1,24437,28468
STS-SAN,STS,SAN,Santa Rosa,San Diego,Small,OO,SkyWest Airlines,2942,508.0,96.3,75.22,1.67,10.14,39.0,4.07,75.7,18447,18370
ABQ-PHX,ABQ,PHX,Albuquerque,Phoenix,Medium,AA,American Airlines,2942,328.0,82.5,82.26,0.65,11.4,35.0,-2.43,56.2,28738,26220
ABQ-AUS,ABQ,AUS,Albuquerque,Austin,Medium,WN,Southwest Airlines,2941,619.0,102.8,80.28,0.75,4.75,32.0,-5.09,80.7,13886,14274
PHL-DTW,PHL,DTW,Philadelphia,Detroit,Large,OH,PSA Airlines,2938,453.0,115.5,78.56,2.86,6.47,44.0,-4.53,76.6,22287,20716
DCA-MKE,DCA,MKE,Washington,Milwaukee,Large,WN,Southwest Airlines,2937,634.0,125.0,80.83,1.77,3.15,30.0,-7.59,97.8,16246,12596
CVG-ORD,CVG,ORD,Cincinnati,Chicago,Medium,OO,SkyWest Airlines,2936,264.0,91.7,73.98,2.52,15.91,60.5,-3.32,53.4,49098,19303
MKE-DCA,MKE,DCA,Milwaukee,Washington,Medium,WN,Southwest Airlines,2936,634.0,109.8,80.65,1.6,2.22,30.0,-5.42,86.7,18130,10589
DTW-PHL,DTW,PHL,Detroit,Philadelphia,Large,OH,PSA Airlines,2934,453.0,103.0,80.74,3.41,4.59,36.2,-4.39,69.7,21878,22772
GRR-MSP,GRR,MSP,Grand Rapids,Minneapolis,Medium,OO,SkyWest Airlines,2934,408.0,97.8,83.74,1.36,2.66,31.0,-5.9,70.2,36345,0
MSP-GRR,MSP,GRR,Minneapolis,Grand Rapids,Large,OO,SkyWest Airlines,2934,408.0,88.1,83.2,0.99,2.84,31.0,-5.52,59.8,31306,0
DEN-GTF,DEN,GTF,Denver,Great Falls,Large,OO,SkyWest Airlines,2933,623.0,124.0,81.15,1.47,5.44,32.0,-5.16,93.6,23378,10951
GTF-DEN,GTF,DEN,Great Falls,Denver,Non-hub,OO,SkyWest Airlines,2933,623.0,121.9,81.11,1.94,5.07,36.0,-4.8,89.2,34863,10346
EWR-ORF,EWR,ORF,Newark,Norfolk,Large,YX,Republic Airways,2932,284.0,89.3,76.6,5.83,1.37,36.0,-5.07,53.2,20981,8504
MIA-SAV,MIA,SAV,Miami,Savannah,Large,MQ,Envoy Air,2932,440.0,97.3,81.04,1.26,2.9,34.2,-3.24,68.3,16023,11629
SAV-MIA,SAV,MIA,Savannah,Miami,Medium,MQ,Envoy Air,2931,440.0,92.0,84.37,1.33,2.6,27.0,-3.18,68.5,14546,13033
DEN-XNA,DEN,XNA,Denver,Bentonville,Large,OO,SkyWest Airlines,2931,616.0,116.9,79.94,1.23,4.06,39.0,-5.03,82.1,21936,10810
HPN-ORD,HPN,ORD,White Plains,Chicago,Small,MQ,Envoy Air,2930,738.0,156.6,75.67,2.25,7.9,48.0,-2.79,117.8,28756,18175
ORD-HPN,ORD,HPN,Chicago,White Plains,Large,MQ,Envoy Air,2930,738.0,133.6,76.45,1.95,5.06,38.0,-4.02,99.0,20588,13837
IAH-IND,IAH,IND,Houston,Indianapolis,Large,UA,United Airlines,2928,844.0,138.7,74.9,1.5,9.86,52.0,-4.04,108.0,22803,21352
IND-IAH,IND,IAH,Indianapolis,Houston,Medium,UA,United Airlines,2928,844.0,153.6,79.82,1.78,5.2,31.0,-3.03,123.9,24881,11112
BDL-MCO,BDL,MCO,Windsor Locks,Orlando,Medium,WN,Southwest Airlines,2927,1050.0,177.5,76.36,1.61,5.14,43.0,-5.99,149.9,20894,15982
SEA-BLI,SEA,BLI,Seattle,Bellingham,Large,OO,SkyWest Airlines,2927,93.0,52.9,81.82,1.3,3.49,27.0,-1.75,26.4,9440,12296
BLI-SEA,BLI,SEA,Bellingham,Seattle,Non-hub,OO,SkyWest Airlines,2925,93.0,52.3,79.04,1.3,8.26,31.0,-0.46,25.1,23066,9934
MCO-ISP,MCO,ISP,Orlando,Islip,Large,WN,Southwest Airlines,2924,971.0,152.5,70.66,1.37,12.05,53.0,-5.5,128.0,22425,24002
PSP-DEN,PSP,DEN,Palm Springs,Denver,Small,OO,SkyWest Airlines,2923,776.0,137.8,84.13,1.06,1.34,31.0,-7.31,104.6,30831,5865
MCO-FLL,MCO,FLL,Orlando,Fort Lauderdale,Large,WN,Southwest Airlines,2922,177.0,67.2,77.58,1.3,5.44,41.0,-11.04,38.9,15000,19752
ISP-MCO,ISP,MCO,Islip,Orlando,Small,WN,Southwest Airlines,2922,971.0,168.8,75.67,1.64,7.05,45.0,-6.84,142.0,23807,16888
XNA-DEN,XNA,DEN,Bentonville,Denver,Small,OO,SkyWest Airlines,2921,616.0,130.6,76.31,1.61,10.4,53.0,-1.19,98.9,36858,14559
RDU-DEN,RDU,DEN,Raleigh-durham,Denver,Medium,WN,Southwest Airlines,2920,1436.0,230.7,76.44,1.23,4.81,39.0,-7.81,203.9,18115,16784
ORD-GRR,ORD,GRR,Chicago,Grand Rapids,Large,UA,United Airlines,2917,137.0,61.9,75.18,1.23,10.93,59.0,-6.01,28.3,23766,25355
ATW-MSP,ATW,MSP,Appleton,Minneapolis,Small,OO,SkyWest Airlines,2916,236.0,80.2,79.29,1.3,9.8,51.0,-6.76,47.2,59804,0
MCO-BDL,MCO,BDL,Orlando,Windsor Locks,Large,WN,Southwest Airlines,2916,1050.0,160.3,74.83,1.44,8.81,42.9,-6.02,134.9,18544,19907
TPA-PHX,TPA,PHX,Tampa,Phoenix,Large,AA,American Airlines,2916,1788.0,276.4,79.46,1.27,8.77,36.0,-6.31,244.6,28058,19908
MSP-ATW,MSP,ATW,Minneapolis,Appleton,Large,OO,SkyWest Airlines,2915,236.0,75.2,81.61,1.2,3.87,37.4,-8.24,42.0,40195,0
GRR-ORD,GRR,ORD,Grand Rapids,Chicago,Medium,UA,United Airlines,2914,137.0,67.1,80.99,1.41,6.18,31.0,-0.25,32.8,32301,8496
PHX-TPA,PHX,TPA,Phoenix,Tampa,Large,AA,American Airlines,2913,1788.0,239.4,77.55,1.2,7.5,41.0,-5.81,209.1,22932,18936
ORD-SGF,ORD,SGF,Chicago,Springfield,Large,OO,SkyWest Airlines,2911,438.0,109.6,72.79,2.03,11.33,56.0,-4.97,70.6,36484,17184
HLN-DEN,HLN,DEN,Helena,Denver,Non-hub,OO,SkyWest Airlines,2911,594.0,125.3,78.63,1.37,10.77,60.0,-7.77,86.6,55280,13906
DEN-HLN,DEN,HLN,Denver,Helena,Large,OO,SkyWest Airlines,2911,594.0,123.1,78.63,1.72,6.6,45.0,-7.65,90.7,30480,15204
ILM-DCA,ILM,DCA,Wilmington,Washington,Small,OH,PSA Airlines,2910,319.0,82.3,73.06,4.02,12.91,63.0,-0.84,54.2,26089,32155
DCA-ILM,DCA,ILM,Washington,Wilmington,Large,OH,PSA Airlines,2910,319.0,89.6,73.26,3.85,7.63,50.0,-3.61,56.6,23541,23146
SGF-ORD,SGF,ORD,Springfield,Chicago,Small,OO,SkyWest Airlines,2909,438.0,107.4,74.56,2.03,18.0,69.9,-2.49,70.4,52854,16709
FLL-MCO,FLL,MCO,Fort Lauderdale,Orlando,Large,WN,Southwest Airlines,2909,177.0,68.3,78.72,2.3,3.79,39.0,-8.8,34.6,17228,16733
BOS-SFO,BOS,SFO,Boston,San Francisco,Large,DL,Delta Air Lines,2909,2704.0,414.0,75.97,1.13,3.3,45.0,-15.48,366.2,33133,13930
SAN-JFK,SAN,JFK,San Diego,New York,Large,AS,Alaska Airlines,2908,2446.0,326.9,79.47,1.62,-1.14,28.0,-5.69,288.0,22722,3253
SFO-BOS,SFO,BOS,San Francisco,Boston,Large,DL,Delta Air Lines,2908,2704.0,343.9,77.37,1.2,6.48,43.0,-10.62,303.5,27525,18475
TVC-ORD,TVC,ORD,Traverse City,Chicago,Small,MQ,Envoy Air,2907,224.0,82.0,80.05,1.44,3.05,38.0,-4.7,46.2,20622,14651
IAH-BNA,IAH,BNA,Houston,Nashville,Large,OO,SkyWest Airlines,2907,657.0,122.6,77.78,2.34,10.99,46.0,-4.2,89.4,31222,15438
ORD-TVC,ORD,TVC,Chicago,Traverse City,Large,MQ,Envoy Air,2907,224.0,71.4,77.81,1.38,4.97,38.0,-2.91,40.5,20256,12119
DEN-RDU,DEN,RDU,Denver,Raleigh-durham,Large,WN,Southwest Airlines,2906,1436.0,193.1,58.29,1.17,20.05,64.0,-5.18,167.9,33063,29330
SAV-PHL,SAV,PHL,Savannah,Philadelphia,Medium,OH,PSA Airlines,2906,629.0,119.5,82.0,1.72,6.19,35.2,-4.39,91.6,21048,21214
DEN-PSP,DEN,PSP,Denver,Palm Springs,Large,OO,SkyWest Airlines,2906,776.0,145.3,77.91,1.07,7.43,44.0,-4.77,112.4,25451,14047
JFK-SAN,JFK,SAN,New York,San Diego,Large,AS,Alaska Airlines,2905,2446.0,367.4,74.46,2.03,3.73,41.0,-3.1,325.4,25448,13343
ORD-MCI,ORD,MCI,Chicago,Kansas City,Large,MQ,Envoy Air,2904,403.0,99.6,77.69,1.41,3.61,39.4,-4.53,65.4,17164,13104
PHL-SAV,PHL,SAV,Philadelphia,Savannah,Large,OH,PSA Airlines,2904,629.0,129.3,75.96,1.34,11.89,60.0,-3.92,95.2,32213,26962
ATL-GSP,ATL,GSP,Atlanta,Greenville,Large,WN,Southwest Airlines,2903,153.0,56.3,77.54,0.83,4.49,36.0,-9.15,30.3,10470,19582
GSP-ATL,GSP,ATL,Greenville,Atlanta,Small,WN,Southwest Airlines,2903,153.0,62.4,86.77,1.07,-1.76,20.0,-9.01,33.0,11638,10442
IND-DAL,IND,DAL,Indianapolis,Dallas,Medium,WN,Southwest Airlines,2903,755.0,137.4,78.33,1.38,3.68,35.0,-8.07,111.7,17189,14113
MCI-ORD,MCI,ORD,Kansas City,Chicago,Medium,MQ,Envoy Air,2902,403.0,97.2,78.7,1.83,4.54,40.0,-2.66,63.9,18956,17527
DAL-IND,DAL,IND,Dallas,Indianapolis,Large,WN,Southwest Airlines,2901,755.0,122.1,73.53,1.34,10.02,46.0,-6.69,98.1,17396,22907
RIC-JFK,RIC,JFK,Richmond,New York,Medium,9E,Endeavor Air,2900,288.0,93.2,82.62,2.86,-0.4,32.0,-9.1,52.2,23336,11027
PHL-STL,PHL,STL,Philadelphia,St. Louis,Large,WN,Southwest Airlines,2898,814.0,147.0,80.92,1.04,4.23,31.0,-7.86,119.1,15595,15359
JFK-RIC,JFK,RIC,New York,Richmond,Large,9E,Endeavor Air,2898,288.0,101.3,82.95,2.73,-3.06,29.2,-8.75,56.9,19212,9866
DFW-MHK,DFW,MHK,Dallas-Fort Worth,Manhattan,Large,MQ,Envoy Air,2897,431.0,93.1,81.01,2.69,2.32,28.0,-4.47,66.3,16157,9991
DTW-MBS,DTW,MBS,Detroit,Saginaw,Large,OO,SkyWest Airlines,2896,98.0,53.9,79.87,0.97,10.49,54.0,-3.89,25.7,49958,0
LGA-CHO,LGA,CHO,New York,Charlottesville VA,Large,9E,Endeavor Air,2895,305.0,96.7,77.37,5.11,-2.19,37.0,-9.68,55.1,18051,16402
MBS-DTW,MBS,DTW,Saginaw,Detroit,Non-hub,OO,SkyWest Airlines,2895,98.0,55.9,81.21,1.04,9.6,54.7,-4.88,25.0,56659,0
BWI-MCO,BWI,MCO,Baltimore,Orlando,Large,F9,Frontier Airlines,2895,787.0,153.1,68.88,2.59,18.7,74.0,-4.03,114.7,40678,36207
CHO-LGA,CHO,LGA,Charlottesville VA,New York,Non-hub,9E,Endeavor Air,2894,305.0,87.2,75.47,4.98,8.32,47.3,-2.7,54.0,37707,10289
PHX-TUS,PHX,TUS,Phoenix,Tucson,Large,AA,American Airlines,2893,110.0,49.0,82.51,0.76,7.13,38.0,-2.6,25.5,17040,18674
ACY-FLL,ACY,FLL,Atlantic City,Fort Lauderdale,Non-hub,NK,Spirit Airlines,2892,977.0,163.7,75.73,2.32,5.65,48.0,-5.02,135.7,26928,14912
MHK-DFW,MHK,DFW,Manhattan,Dallas-Fort Worth,Non-hub,MQ,Envoy Air,2892,431.0,104.5,83.06,2.77,0.95,27.0,-8.05,71.1,24982,11142
FLL-ACY,FLL,ACY,Fort Lauderdale,Atlantic City,Large,NK,Spirit Airlines,2892,977.0,153.0,74.48,1.9,7.83,47.0,-4.3,128.5,28605,8881
DTW-GRB,DTW,GRB,Detroit,Green Bay,Large,OO,SkyWest Airlines,2892,287.0,82.3,77.87,0.76,11.12,61.0,-6.2,52.2,53876,0
TUS-PHX,TUS,PHX,Tucson,Phoenix,Medium,AA,American Airlines,2891,110.0,51.0,84.12,0.73,7.49,28.0,-1.21,26.8,20044,18487
MEI-IAH,MEI,IAH,Meridian,Houston,Non-hub,OO,SkyWest Airlines,2890,422.0,105.2,81.73,2.08,5.54,42.6,-9.89,72.0,40416,17311
MCO-BWI,MCO,BWI,Orlando,Baltimore,Large,F9,Frontier Airlines,2890,787.0,139.4,66.78,2.08,15.49,73.0,-2.81,106.3,35883,26339
GRB-DTW,GRB,DTW,Green Bay,Detroit,Small,OO,SkyWest Airlines,2889,287.0,79.5,84.98,0.76,3.69,39.0,-7.08,46.7,42436,0
BOI-SLC,BOI,SLC,Boise,Salt Lake City,Medium,OO,SkyWest Airlines,2888,290.0,76.3,90.3,0.31,-2.74,13.0,-5.05,48.8,17478,0
DFW-SDF,DFW,SDF,Dallas-Fort Worth,Louisville,Large,YV,Mesa Airlines,2888,733.0,127.5,65.48,4.16,22.68,87.0,-3.66,97.1,44419,30983
ORD-CVG,ORD,CVG,Chicago,Cincinnati,Large,UA,United Airlines,2888,264.0,81.1,75.17,0.8,9.81,49.0,-4.22,44.7,22573,21408
SDF-DFW,SDF,DFW,Louisville,Dallas-Fort Worth,Medium,YV,Mesa Airlines,2887,733.0,146.4,72.88,4.57,17.03,73.0,-5.67,110.4,40828,28599
MSP-ORD,MSP,ORD,Minneapolis,Chicago,Large,OO,SkyWest Airlines,2887,334.0,98.0,79.04,1.63,8.41,49.0,-5.98,56.7,36325,11098
SLC-BOI,SLC,BOI,Salt Lake City,Boise,Large,OO,SkyWest Airlines,2887,290.0,76.6,89.23,0.28,-1.36,15.0,-5.48,49.0,15702,0
CLT-LIT,CLT,LIT,Charlotte,Little Rock,Large,OH,PSA Airlines,2886,640.0,137.3,78.66,2.01,3.9,34.2,-2.38,101.0,18017,12693
LIT-CLT,LIT,CLT,Little Rock,Charlotte,Small,OH,PSA Airlines,2886,640.0,125.0,78.62,2.46,10.4,41.0,-4.76,87.6,22203,25061
BWI-SYR,BWI,SYR,Baltimore,Syracuse,Large,WN,Southwest Airlines,2885,273.0,71.5,70.23,1.73,10.17,45.0,-6.85,48.5,19667,17813
SYR-BWI,SYR,BWI,Syracuse,Baltimore,Small,WN,Southwest Airlines,2884,273.0,80.0,82.39,2.12,-1.05,24.0,-9.18,52.2,11392,12567
BIL-DEN,BIL,DEN,Billings,Denver,Small,OO,SkyWest Airlines,2884,455.0,106.1,78.68,2.22,7.28,48.2,-2.52,73.1,35649,10703
DEN-BIL,DEN,BIL,Denver,Billings,Large,OO,SkyWest Airlines,2883,455.0,98.4,78.88,1.66,5.36,37.0,-3.65,70.0,21769,10623
RNO-SLC,RNO,SLC,Reno,Salt Lake City,Medium,OO,SkyWest Airlines,2882,422.0,92.5,87.06,0.59,1.89,19.0,-3.63,65.2,26854,0
SLC-RNO,SLC,RNO,Salt Lake City,Reno,Large,OO,SkyWest Airlines,2882,422.0,95.7,88.24,0.56,-0.47,16.0,-4.05,68.9,17840,0
STT-SJU,STT,SJU,St. Thomas,San Juan,Small,B6,JetBlue Airways,2881,68.0,43.4,71.5,1.77,15.2,66.9,-2.49,21.6,22089,41867
OGG-LAX,OGG,LAX,Kahului,Los Angeles,Medium,DL,Delta Air Lines,2880,2486.0,313.6,83.68,1.08,5.22,26.0,-5.5,283.7,24947,16355
LAX-OGG,LAX,OGG,Los Angeles,Kahului,Large,DL,Delta Air Lines,2880,2486.0,346.1,85.21,0.31,-3.28,26.0,-11.52,312.0,22775,3210
LGA-XNA,LGA,XNA,New York,Bentonville,Large,YX,Republic Airways,2879,1147.0,209.9,75.89,2.92,1.6,46.0,-5.67,170.2,19965,18797
XNA-LGA,XNA,LGA,Bentonville,New York,Small,YX,Republic Airways,2878,1147.0,180.4,79.53,2.85,4.74,37.0,-3.91,151.4,24712,13891
PHX-DSM,PHX,DSM,Phoenix,Des Moines,Large,AA,American Airlines,2878,1150.0,167.1,76.96,1.04,9.71,45.4,-4.36,138.4,22395,24813
DEN-CID,DEN,CID,Denver,Cedar Rapids,Large,UA,United Airlines,2878,692.0,114.6,74.53,1.11,10.76,52.0,-5.22,86.1,25659,23646
STL-ORD,STL,ORD,St. Louis,Chicago,Medium,OO,SkyWest Airlines,2878,258.0,86.2,74.95,2.29,17.05,64.0,-3.37,50.7,51013,18117
MCO-IND,MCO,IND,Orlando,Indianapolis,Large,NK,Spirit Airlines,2877,829.0,146.8,70.28,3.58,12.55,58.0,-3.4,119.6,36043,12184
STL-PHL,STL,PHL,St. Louis,Philadelphia,Medium,WN,Southwest Airlines,2877,814.0,127.1,77.09,1.01,6.08,34.0,-6.57,103.5,14347,15423
DSM-PHX,DSM,PHX,Des Moines,Phoenix,Small,AA,American Airlines,2876,1150.0,188.5,80.32,1.15,13.28,43.0,-6.5,159.9,41164,23909
EWN-CLT,EWN,CLT,New Bern,Charlotte,Non-hub,OH,PSA Airlines,2875,221.0,83.4,85.29,2.02,2.56,24.0,-6.69,51.2,17569,19449
CVG-ORD,CVG,ORD,Cincinnati,Chicago,Medium,UA,United Airlines,2875,264.0,88.3,74.68,1.08,12.09,40.2,1.89,52.9,37999,11440
CID-DEN,CID,DEN,Cedar Rapids,Denver,Small,UA,United Airlines,2875,692.0,134.8,80.0,1.53,8.25,41.0,-5.07,103.3,33503,11307
CLT-EWN,CLT,EWN,Charlotte,New Bern,Large,OH,PSA Airlines,2873,221.0,71.5,80.93,1.53,2.88,33.0,-4.97,40.0,17053,15313
LAS-BZN,LAS,BZN,Las Vegas,Bozeman,Large,WN,Southwest Airlines,2872,701.0,124.2,75.42,0.56,5.48,39.0,-7.31,95.8,14417,16980
SBA-LAX,SBA,LAX,Santa Barbara,Los Angeles,Small,OO,SkyWest Airlines,2871,89.0,59.7,87.57,1.88,0.71,16.0,-3.91,27.1,20083,9412
LAX-SBA,LAX,SBA,Los Angeles,Santa Barbara,Large,OO,SkyWest Airlines,2868,89.0,53.5,82.81,2.02,9.23,23.0,-3.12,24.6,36482,8267
ASE-IAH,ASE,IAH,Aspen,Houston,Small,OO,SkyWest Airlines,2867,913.0,161.9,59.16,7.43,26.07,110.0,-5.5,124.7,60843,30419
ATL-SAT,ATL,SAT,Atlanta,San Antonio,Large,WN,Southwest Airlines,2867,874.0,156.0,78.1,0.63,4.41,38.0,-8.59,128.2,13283,17962
SEA-PHL,SEA,PHL,Seattle,Philadelphia,Large,AS,Alaska Airlines,2864,2378.0,308.5,75.84,1.26,2.72,30.0,-4.48,273.4,19867,5966
HNL-PHX,HNL,PHX,Honolulu,Phoenix,Medium,AA,American Airlines,2863,2917.0,356.6,90.29,0.28,-1.55,13.0,-8.87,323.4,24423,8207
CLE-STL,CLE,STL,Cleveland,St. Louis,Medium,WN,Southwest Airlines,2863,487.0,98.0,84.07,1.08,0.85,25.0,-6.85,74.9,10527,12459
PHL-SEA,PHL,SEA,Philadelphia,Seattle,Large,AS,Alaska Airlines,2863,2378.0,364.6,73.77,1.68,2.22,43.0,-6.58,322.9,22898,13963
BTM-SLC,BTM,SLC,Butte,Salt Lake City,Non-hub,OO,SkyWest Airlines,2863,358.0,84.0,92.14,0.56,-9.26,7.0,-7.9,56.4,23685,0
MCO-CMH,MCO,CMH,Orlando,Columbus,Large,NK,Spirit Airlines,2863,802.0,136.7,68.25,2.79,15.22,63.9,-1.4,109.9,40962,11991
IAH-ASE,IAH,ASE,Houston,Aspen,Large,OO,SkyWest Airlines,2862,913.0,176.8,57.48,5.52,24.47,95.0,-3.93,142.7,57616,24910
SLC-BTM,SLC,BTM,Salt Lake City,Butte,Large,OO,SkyWest Airlines,2862,358.0,86.2,90.15,0.42,-4.77,12.0,-5.93,58.1,17885,0
PHX-HNL,PHX,HNL,Phoenix,Honolulu,Large,AA,American Airlines,2862,2917.0,404.8,83.65,0.1,-2.46,25.0,-9.88,368.1,19485,8078
IND-MCO,IND,MCO,Indianapolis,Orlando,Medium,NK,Spirit Airlines,2859,829.0,139.5,76.36,3.46,6.68,45.8,-5.53,109.7,30753,12238
CMH-MCO,CMH,MCO,Columbus,Orlando,Medium,NK,Spirit Airlines,2859,802.0,137.7,75.2,3.39,9.21,48.7,-5.63,109.0,34294,12965
DFW-BDL,DFW,BDL,Dallas-Fort Worth,Windsor Locks,Large,AA,American Airlines,2857,1471.0,207.2,66.4,2.7,15.02,65.0,-5.28,177.7,26303,28434
BDL-DFW,BDL,DFW,Windsor Locks,Dallas-Fort Worth,Medium,AA,American Airlines,2856,1471.0,246.3,76.65,2.73,5.99,41.0,-8.52,208.3,29141,15303
SJC-PDX,SJC,PDX,San Jose,Portland,Medium,OO,SkyWest Airlines,2855,569.0,109.6,89.39,0.56,-1.43,14.5,-2.0,87.6,6714,9964
BIL-DFW,BIL,DFW,Billings,Dallas-Fort Worth,Small,MQ,Envoy Air,2854,1081.0,168.2,80.87,0.74,5.27,35.0,-2.71,141.4,22301,16734
STL-ORD,STL,ORD,St. Louis,Chicago,Medium,MQ,Envoy Air,2854,258.0,80.4,80.34,1.37,5.23,38.0,-2.84,49.7,21949,14952
DFW-BIL,DFW,BIL,Dallas-Fort Worth,Billings,Large,MQ,Envoy Air,2854,1081.0,177.7,80.13,0.67,3.25,32.0,-3.96,151.2,15650,12197
ATL-JAX,ATL,JAX,Atlanta,Jacksonville,Large,WN,Southwest Airlines,2853,270.0,70.7,74.06,1.05,8.55,42.0,-7.46,43.9,15020,21401
STL-CLE,STL,CLE,St. Louis,Cleveland,Medium,WN,Southwest Airlines,2852,487.0,88.6,77.31,1.09,6.33,36.0,-5.09,67.8,11721,17749
APN-DTW,APN,DTW,Alpena,Detroit,Non-hub,OO,SkyWest Airlines,2850,198.0,68.6,81.96,2.95,4.92,47.5,-7.93,39.1,51026,0
ORD-IND,ORD,IND,Chicago,Indianapolis,Large,MQ,Envoy Air,2850,177.0,67.5,80.39,2.0,1.93,31.0,-4.81,34.3,15504,9723
JAX-BOS,JAX,BOS,Jacksonville,Boston,Medium,B6,JetBlue Airways,2850,1010.0,158.0,68.39,2.21,20.21,83.0,-4.77,130.7,38666,37324
ORF-JFK,ORF,JFK,Norfolk,New York,Medium,9E,Endeavor Air,2850,290.0,91.3,79.96,4.04,2.34,36.0,-9.08,50.5,27072,14050
JFK-ORF,JFK,ORF,New York,Norfolk,Large,9E,Endeavor Air,2850,290.0,93.1,80.53,3.93,1.67,33.3,-6.93,53.6,22796,13251
BOS-JAX,BOS,JAX,Boston,Jacksonville,Large,B6,JetBlue Airways,2850,1010.0,176.7,73.96,1.72,9.56,62.0,-5.61,145.4,36914,13360
IND-ORD,IND,ORD,Indianapolis,Chicago,Medium,MQ,Envoy Air,2849,177.0,75.9,79.92,2.21,5.03,37.0,-3.8,42.5,20288,15034
JAX-ATL,JAX,ATL,Jacksonville,Atlanta,Medium,WN,Southwest Airlines,2849,270.0,75.0,82.41,1.16,1.58,27.0,-5.63,47.3,11928,11066
ORD-STL,ORD,STL,Chicago,St. Louis,Large,MQ,Envoy Air,2847,258.0,79.0,79.59,1.23,3.95,35.0,-3.21,47.4,17145,10713
PDX-BUR,PDX,BUR,Portland,Burbank,Medium,AS,Alaska Airlines,2845,817.0,133.8,82.07,1.34,3.56,27.0,-0.32,110.3,15047,9826
BUR-PDX,BUR,PDX,Burbank,Portland,Medium,AS,Alaska Airlines,2845,817.0,140.4,86.57,1.41,-0.61,19.0,-1.47,113.6,10480,9137
ORD-TVC,ORD,TVC,Chicago,Traverse City,Large,OO,SkyWest Airlines,2842,224.0,76.0,68.58,3.31,18.63,73.0,-2.95,40.9,47348,20377
TVC-ORD,TVC,ORD,Traverse City,Chicago,Small,OO,SkyWest Airlines,2842,224.0,85.3,68.82,3.38,22.08,80.0,-1.79,46.6,52141,28738
ORD-MSP,ORD,MSP,Chicago,Minneapolis,Large,OO,SkyWest Airlines,2840,334.0,96.5,79.47,1.37,7.49,53.0,-8.23,61.2,40226,6747
MSP-MEM,MSP,MEM,Minneapolis,Memphis,Large,OO,SkyWest Airlines,2840,700.0,133.0,81.34,1.3,3.07,31.0,-5.52,101.0,30779,0
BWI-ATL,BWI,ATL,Baltimore,Atlanta,Large,NK,Spirit Airlines,2839,577.0,118.8,78.16,1.73,7.77,40.2,-3.86,87.2,31167,10155
MEM-MSP,MEM,MSP,Memphis,Minneapolis,Medium,OO,SkyWest Airlines,2839,700.0,133.8,85.7,1.48,3.66,20.0,-5.56,105.4,33613,0
ATL-BWI,ATL,BWI,Atlanta,Baltimore,Large,NK,Spirit Airlines,2838,577.0,106.5,72.66,1.73,13.21,57.0,-4.44,81.3,28230,19874
MCO-RDU,MCO,RDU,Orlando,Raleigh-durham,Large,F9,Frontier Airlines,2837,534.0,111.9,71.87,1.66,14.79,69.4,-2.08,79.5,34404,25952
RDU-MCO,RDU,MCO,Raleigh-durham,Orlando,Medium,F9,Frontier Airlines,2837,534.0,118.1,73.78,2.19,15.35,69.8,-5.3,80.6,32703,35558
PDX-SJC,PDX,SJC,Portland,San Jose,Medium,OO,SkyWest Airlines,2836,569.0,109.8,85.37,0.53,2.1,25.0,-1.72,89.3,8581,13063
ONT-DEN,ONT,DEN,Ontario,Denver,Medium,F9,Frontier Airlines,2835,819.0,141.0,77.14,1.52,7.84,46.3,-5.36,107.0,23361,21739
MSP-MKE,MSP,MKE,Minneapolis,Milwaukee,Large,OO,SkyWest Airlines,2835,297.0,78.6,82.01,0.92,2.24,34.0,-7.63,48.4,31110,0
DEN-ONT,DEN,ONT,Denver,Ontario,Large,F9,Frontier Airlines,2835,819.0,145.1,75.27,1.27,6.49,49.0,-7.23,114.4,22699,17223
RSW-IAD,RSW,IAD,Fort Myers,Washington,Medium,UA,United Airlines,2834,891.0,143.8,82.64,1.48,5.22,35.0,-3.23,118.6,21886,16923
MKE-MSP,MKE,MSP,Milwaukee,Minneapolis,Medium,OO,SkyWest Airlines,2833,297.0,82.1,84.22,0.95,2.97,30.0,-6.49,53.9,36057,0
BZN-LAS,BZN,LAS,Bozeman,Las Vegas,Small,WN,Southwest Airlines,2830,701.0,126.7,74.59,0.88,8.08,45.0,-5.7,99.8,18818,21229
FLL-TPA,FLL,TPA,Fort Lauderdale,Tampa,Large,WN,Southwest Airlines,2829,197.0,68.0,78.61,2.16,3.06,36.0,-8.55,38.4,15366,14581
IAD-RSW,IAD,RSW,Washington,Fort Myers,Medium,UA,United Airlines,2829,891.0,156.7,81.37,1.45,3.33,32.0,-3.47,129.2,18460,13496
CLT-STT,CLT,STT,Charlotte,St. Thomas,Large,AA,American Airlines,2828,1520.0,220.1,83.7,0.39,0.71,25.0,-5.89,190.1,16316,10456
STT-CLT,STT,CLT,St. Thomas,Charlotte,Small,AA,American Airlines,2827,1520.0,242.3,81.11,0.57,5.15,31.0,-6.39,209.7,20587,28927
IAH-BWI,IAH,BWI,Houston,Baltimore,Large,UA,United Airlines,2827,1235.0,183.9,76.72,1.34,7.01,46.0,-6.99,150.2,21925,17017
RDU-IAH,RDU,IAH,Raleigh-durham,Houston,Medium,UA,United Airlines,2827,1042.0,181.1,82.0,1.06,4.67,29.0,-3.9,149.4,23313,10719
EWR-CLT,EWR,CLT,Newark,Charlotte,Large,YX,Republic Airways,2826,529.0,129.9,77.71,5.7,-1.49,32.0,-8.13,85.3,17378,8507
BWI-IAH,BWI,IAH,Baltimore,Houston,Large,UA,United Airlines,2826,1235.0,204.9,84.57,0.99,-0.21,23.0,-6.24,175.0,20381,7293
IAH-RDU,IAH,RDU,Houston,Raleigh-durham,Large,UA,United Airlines,2823,1042.0,161.5,78.6,0.89,6.71,42.0,-5.51,130.1,19415,15895
SAT-ATL,SAT,ATL,San Antonio,Atlanta,Medium,WN,Southwest Airlines,2821,874.0,136.3,85.11,0.67,-0.12,23.0,-7.51,110.7,8563,11037
IND-ORD,IND,ORD,Indianapolis,Chicago,Medium,OO,SkyWest Airlines,2821,177.0,77.8,77.17,2.8,9.87,51.0,-3.17,42.7,27106,19549
DFW-TYR,DFW,TYR,Dallas-Fort Worth,Tyler,Large,OO,SkyWest Airlines,2821,102.0,55.0,78.62,3.12,8.35,43.0,-3.01,24.6,35509,5737
TYR-DFW,TYR,DFW,Tyler,Dallas-Fort Worth,Non-hub,OO,SkyWest Airlines,2820,102.0,63.6,75.39,3.3,11.15,50.0,-2.94,30.3,42570,9307
LAS-SAN,LAS,SAN,Las Vegas,San Diego,Large,F9,Frontier Airlines,2820,258.0,76.6,70.21,1.45,13.57,59.0,0.87,46.8,34363,20203
EVV-ATL,EVV,ATL,Evansville,Atlanta,Non-hub,9E,Endeavor Air,2820,350.0,88.4,85.43,0.85,-0.74,26.0,-6.02,56.8,19729,8764
ATW-ORD,ATW,ORD,Appleton,Chicago,Small,MQ,Envoy Air,2819,161.0,74.2,80.13,2.09,3.1,36.0,-2.07,40.2,17473,15021
ATL-EVV,ATL,EVV,Atlanta,Evansville,Large,9E,Endeavor Air,2819,350.0,84.8,87.94,0.85,-1.81,18.0,-5.7,57.7,14331,5687
ORD-ATW,ORD,ATW,Chicago,Appleton,Large,MQ,Envoy Air,2819,161.0,63.5,78.54,2.06,3.87,37.0,-4.29,32.6,16801,13675
ROA-ATL,ROA,ATL,Roanoke VA,Atlanta,Non-hub,9E,Endeavor Air,2818,357.0,93.2,86.2,0.92,-0.18,22.0,-8.53,59.5,14261,16395
ATL-ROA,ATL,ROA,Atlanta,Roanoke VA,Large,9E,Endeavor Air,2817,357.0,87.8,88.18,0.64,-1.32,15.0,-5.23,58.8,14572,3732
MSP-FAR,MSP,FAR,Minneapolis,Fargo,Large,DL,Delta Air Lines,2817,223.0,67.7,81.75,0.96,5.2,33.0,-6.88,40.0,30961,6417
SAN-LAS,SAN,LAS,San Diego,Las Vegas,Large,F9,Frontier Airlines,2817,258.0,85.3,69.79,1.92,22.54,75.0,-2.4,50.7,34800,46186
FAR-MSP,FAR,MSP,Fargo,Minneapolis,Small,DL,Delta Air Lines,2817,223.0,72.8,89.07,1.03,-0.23,14.3,-7.97,39.4,26795,4614
DCA-GRR,DCA,GRR,Washington,Grand Rapids,Large,OH,PSA Airlines,2816,524.0,114.3,71.88,3.73,10.51,60.0,-4.84,81.2,24749,25633
CHS-LGA,CHS,LGA,Charleston,New York,Medium,9E,Endeavor Air,2816,641.0,119.7,77.59,4.55,5.52,40.0,-4.32,88.6,23785,12010
LGA-CHS,LGA,CHS,New York,Charleston,Large,9E,Endeavor Air,2816,641.0,140.3,78.13,4.33,0.53,41.0,-7.98,97.0,20067,13502
EWR-CVG,EWR,CVG,Newark,Cincinnati,Large,9E,Endeavor Air,2815,569.0,129.8,76.63,3.66,7.52,58.0,-8.52,92.7,21019,32144
CVG-EWR,CVG,EWR,Cincinnati,Newark,Medium,9E,Endeavor Air,2815,569.0,119.4,80.18,3.37,-0.08,42.0,-8.26,87.2,26307,5104
MCO-SDF,MCO,SDF,Orlando,Louisville,Large,WN,Southwest Airlines,2815,719.0,130.2,76.59,1.63,8.04,44.0,-5.89,103.7,19031,18940
CVG-ORD,CVG,ORD,Cincinnati,Chicago,Medium,YX,Republic Airways,2814,264.0,92.3,83.48,1.85,-0.67,31.0,-5.91,53.7,20895,12617
GRR-DCA,GRR,DCA,Grand Rapids,Washington,Medium,OH,PSA Airlines,2814,524.0,106.4,73.92,3.8,14.01,58.0,-1.06,76.8,31796,27017
DTW-APN,DTW,APN,Detroit,Alpena,Large,OO,SkyWest Airlines,2813,198.0,67.2,80.34,2.74,5.26,43.0,-5.33,39.6,37970,0
PWM-LGA,PWM,LGA,Portland,New York,Small,9E,Endeavor Air,2813,269.0,91.4,80.02,4.37,1.8,37.0,-8.15,57.9,24938,11952
LGA-PWM,LGA,PWM,New York,Portland,Large,9E,Endeavor Air,2812,269.0,85.8,80.26,4.02,-2.57,35.0,-9.39,46.7,15882,13010
AUS-LGB,AUS,LGB,Austin,Long Beach,Large,WN,Southwest Airlines,2811,1226.0,192.4,76.73,1.1,5.39,35.0,-6.47,169.0,10654,17836
LGB-AUS,LGB,AUS,Long Beach,Austin,Small,WN,Southwest Airlines,2811,1226.0,169.0,81.11,1.32,4.65,31.0,-4.79,146.9,13289,13259
DFW-TXK,DFW,TXK,Dallas-Fort Worth,Texarkana,Large,MQ,Envoy Air,2809,181.0,62.9,83.05,2.71,2.0,27.0,-4.26,34.2,14870,11611
DEN-COD,DEN,COD,Denver,Cody,Large,OO,SkyWest Airlines,2808,391.0,96.4,74.18,2.03,10.62,56.0,-4.46,67.0,31349,16899
TXK-DFW,TXK,DFW,Texarkana,Dallas-Fort Worth,Non-hub,MQ,Envoy Air,2808,181.0,68.9,82.51,2.74,3.22,28.0,-3.21,38.6,17310,13100
COD-DEN,COD,DEN,Cody,Denver,Non-hub,OO,SkyWest Airlines,2808,391.0,100.4,68.8,2.14,18.05,76.0,-3.86,64.5,54041,18413
RSW-HPN,RSW,HPN,Fort Myers,White Plains,Medium,B6,JetBlue Airways,2807,1102.0,174.4,73.82,3.14,9.56,55.0,-2.89,150.9,22322,27574
BUF-ORD,BUF,ORD,Buffalo,Chicago,Medium,UA,United Airlines,2805,474.0,113.3,76.54,2.03,11.63,44.0,-0.47,78.9,33599,11297
SFO-DFW,SFO,DFW,San Francisco,Dallas-Fort Worth,Large,UA,United Airlines,2805,1464.0,217.4,78.15,0.68,4.63,42.3,-8.39,176.7,19392,15713
RDU-BNA,RDU,BNA,Raleigh-durham,Nashville,Medium,YX,Republic Airways,2805,442.0,106.1,86.02,1.03,-0.09,24.0,-2.31,76.8,10366,12316
BNA-RDU,BNA,RDU,Nashville,Raleigh-durham,Large,YX,Republic Airways,2804,442.0,94.8,80.21,1.39,5.07,39.0,-0.96,68.9,11771,20414
ATL-MIA,ATL,MIA,Atlanta,Miami,Large,F9,Frontier Airlines,2804,594.0,121.4,62.23,1.6,27.97,90.4,-4.76,86.9,45762,46222
MIA-ATL,MIA,ATL,Miami,Atlanta,Large,F9,Frontier Airlines,2804,594.0,129.2,66.01,1.82,19.02,79.0,-1.79,88.4,38323,31699
PHL-MCO,PHL,MCO,Philadelphia,Orlando,Large,WN,Southwest Airlines,2803,861.0,154.2,75.67,1.64,6.6,47.1,-8.01,123.3,21510,18873
ORD-MEM,ORD,MEM,Chicago,Memphis,Large,MQ,Envoy Air,2803,491.0,111.8,77.13,1.39,3.47,42.0,-5.2,78.2,17996,12984
HPN-RSW,HPN,RSW,White Plains,Fort Myers,Small,B6,JetBlue Airways,2802,1102.0,185.8,78.91,2.57,3.24,36.0,-5.46,159.4,27137,11130
SMF-GEG,SMF,GEG,Sacramento,Spokane,Medium,WN,Southwest Airlines,2799,649.0,107.2,80.17,0.64,4.26,30.0,-6.07,86.7,8306,16372
LAS-ORD,LAS,ORD,Las Vegas,Chicago,Large,WN,Southwest Airlines,2798,1514.0,223.2,69.3,1.36,8.15,47.0,-7.89,181.7,26363,14196
MCO-PHL,MCO,PHL,Orlando,Philadelphia,Large,WN,Southwest Airlines,2798,861.0,148.5,71.66,1.29,11.71,56.0,-8.47,118.6,24609,22658
ORD-BUF,ORD,BUF,Chicago,Buffalo,Large,UA,United Airlines,2797,474.0,98.4,76.37,1.64,9.56,47.0,-3.78,65.4,21281,20198
MEM-ORD,MEM,ORD,Memphis,Chicago,Medium,MQ,Envoy Air,2797,491.0,116.2,78.87,1.36,5.68,38.0,-3.44,83.0,22660,14373
DTW-ATW,DTW,ATW,Detroit,Appleton,Large,OO,SkyWest Airlines,2796,296.0,86.2,79.26,0.72,9.2,63.2,-7.29,53.4,51493,0
FLL-BDL,FLL,BDL,Fort Lauderdale,Windsor Locks,Large,B6,JetBlue Airways,2796,1173.0,179.9,66.17,1.93,18.38,81.0,-4.28,150.6,38723,25876
ORD-DSM,ORD,DSM,Chicago,Des Moines,Large,OO,SkyWest Airlines,2796,299.0,87.0,74.03,2.32,10.87,52.4,-3.78,52.0,33107,13166
DFW-SFO,DFW,SFO,Dallas-Fort Worth,San Francisco,Large,UA,United Airlines,2796,1464.0,235.5,76.5,0.86,12.93,59.0,-5.06,201.0,33114,24103
BDL-FLL,BDL,FLL,Windsor Locks,Fort Lauderdale,Medium,B6,JetBlue Airways,2795,1173.0,192.3,75.99,1.93,5.74,46.0,-5.05,163.9,26285,14437
SLC-BZN,SLC,BZN,Salt Lake City,Bozeman,Large,DL,Delta Air Lines,2794,347.0,80.2,83.21,0.93,5.12,25.0,-5.43,53.4,29916,4964
ROC-ORD,ROC,ORD,Rochester,Chicago,Small,MQ,Envoy Air,2794,528.0,123.3,78.17,1.43,5.29,39.0,-3.05,88.0,22481,14506
ORD-ROC,ORD,ROC,Chicago,Rochester,Large,MQ,Envoy Air,2794,528.0,105.8,77.59,1.29,4.48,39.0,-3.96,72.8,17002,13349
ATW-DTW,ATW,DTW,Appleton,Detroit,Small,OO,SkyWest Airlines,2794,296.0,83.4,81.53,0.89,7.42,57.0,-7.38,48.1,51113,0
DEN-SBP,DEN,SBP,Denver,San Luis Obispo,Large,OO,SkyWest Airlines,2794,931.0,171.2,73.77,1.65,10.3,49.6,-3.18,140.5,29866,13512
BZN-SLC,BZN,SLC,Bozeman,Salt Lake City,Small,DL,Delta Air Lines,2793,347.0,82.5,87.54,1.04,2.59,20.0,-4.03,54.0,19728,14497
ATL-LGA,ATL,LGA,Atlanta,New York,Large,F9,Frontier Airlines,2793,762.0,136.4,64.05,4.33,18.57,75.7,-4.43,103.0,42037,23408
LGA-ATL,LGA,ATL,New York,Atlanta,Large,F9,Frontier Airlines,2792,762.0,158.0,62.36,4.8,22.94,83.0,-6.82,112.1,33139,46675
GEG-DFW,GEG,DFW,Spokane,Dallas-Fort Worth,Medium,AA,American Airlines,2792,1477.0,215.7,77.76,1.93,17.33,46.0,-5.43,180.0,41221,29220
DFW-GEG,DFW,GEG,Dallas-Fort Worth,Spokane,Large,AA,American Airlines,2791,1477.0,226.5,61.3,1.83,27.7,86.0,-5.25,196.6,43964,44179
ORD-LAS,ORD,LAS,Chicago,Las Vegas,Large,WN,Southwest Airlines,2788,1514.0,239.3,66.89,1.79,12.03,59.0,-6.21,205.5,27330,22925
EWR-CLE,EWR,CLE,Newark,Cleveland,Large,YX,Republic Airways,2788,404.0,105.3,83.57,3.73,-1.86,21.0,-5.62,69.4,13874,7542
CLT-EWR,CLT,EWR,Charlotte,Newark,Large,YX,Republic Airways,2787,529.0,126.0,73.84,6.24,6.49,46.0,-4.16,81.0,34809,8890
ORD-STL,ORD,STL,Chicago,St. Louis,Large,OO,SkyWest Airlines,2787,258.0,82.8,75.6,2.08,9.08,54.0,-5.07,47.5,31135,12266
SBP-DEN,SBP,DEN,San Luis Obispo,Denver,Small,OO,SkyWest Airlines,2787,931.0,159.6,81.16,1.29,5.57,38.0,-6.04,128.5,31053,10165
GEG-SMF,GEG,SMF,Spokane,Sacramento,Medium,WN,Southwest Airlines,2785,649.0,111.3,83.88,0.5,1.69,24.0,-5.93,89.2,8998,11679
DTW-LAN,DTW,LAN,Detroit,Lansing,Large,9E,Endeavor Air,2784,74.0,47.7,89.44,0.97,-2.71,13.0,-6.92,20.3,16090,3551
LAN-DTW,LAN,DTW,Lansing,Detroit,Non-hub,9E,Endeavor Air,2784,74.0,51.8,89.55,1.01,-2.2,13.0,-5.78,21.3,13547,10274
DEN-IAH,DEN,IAH,Denver,Houston,Large,F9,Frontier Airlines,2784,862.0,150.1,72.59,1.51,8.26,54.0,-3.68,113.4,25557,18840
SDF-MCO,SDF,MCO,Louisville,Orlando,Medium,WN,Southwest Airlines,2783,719.0,126.1,81.17,1.69,3.78,35.0,-6.45,99.0,15821,15769
IAH-DEN,IAH,DEN,Houston,Denver,Large,F9,Frontier Airlines,2781,862.0,158.0,70.55,1.98,16.04,64.0,-3.42,122.2,34122,27910
PHX-CMH,PHX,CMH,Phoenix,Columbus,Large,AA,American Airlines,2779,1670.0,227.4,77.76,0.97,7.86,44.0,-5.67,195.9,17929,22690
BOS-MIA,BOS,MIA,Boston,Miami,Large,B6,JetBlue Airways,2778,1258.0,211.6,68.25,1.73,12.05,73.0,-5.56,178.3,46935,11130
FAT-SEA,FAT,SEA,Fresno,Seattle,Small,OO,SkyWest Airlines,2777,748.0,141.2,84.52,0.5,0.05,21.0,-2.94,112.6,14483,4478
CMH-PHX,CMH,PHX,Columbus,Phoenix,Medium,AA,American Airlines,2777,1670.0,263.4,86.57,1.08,3.77,20.0,-9.72,228.5,30892,12776
SEA-FAT,SEA,FAT,Seattle,Fresno,Large,OO,SkyWest Airlines,2773,748.0,131.1,82.58,0.54,3.81,27.0,-1.9,104.4,10399,11953
RIW-DEN,RIW,DEN,Riverton WY,Denver,Non-hub,OO,SkyWest Airlines,2772,296.0,78.8,81.96,2.09,11.92,37.0,-2.75,49.9,40575,16794
DEN-RIW,DEN,RIW,Denver,Riverton WY,Large,OO,SkyWest Airlines,2772,296.0,76.0,81.42,1.77,7.6,32.0,-3.95,48.8,34375,9599
GRR-DTW,GRR,DTW,Grand Rapids,Detroit,Medium,OO,SkyWest Airlines,2772,120.0,59.9,78.79,1.01,8.72,58.0,-5.22,28.2,48988,0
DTW-GRR,DTW,GRR,Detroit,Grand Rapids,Large,OO,SkyWest Airlines,2772,120.0,56.8,75.9,0.97,12.62,66.0,-4.74,28.0,51340,0
HNL-LAS,HNL,LAS,Honolulu,Las Vegas,Medium,WN,Southwest Airlines,2771,2762.0,349.5,89.79,0.11,-6.23,14.0,-10.08,316.6,9025,1743
MIA-BOS,MIA,BOS,Miami,Boston,Large,B6,JetBlue Airways,2771,1258.0,196.9,64.27,2.42,22.92,89.0,-2.72,165.8,43153,33842
TPA-FLL,TPA,FLL,Tampa,Fort Lauderdale,Large,WN,Southwest Airlines,2771,197.0,66.1,79.5,1.77,3.26,37.0,-9.86,39.6,11588,18614
LAS-HNL,LAS,HNL,Las Vegas,Honolulu,Large,WN,Southwest Airlines,2771,2762.0,384.7,71.53,0.11,3.62,40.0,-10.31,350.6,22232,8412
TPA-LAX,TPA,LAX,Tampa,Los Angeles,Large,DL,Delta Air Lines,2771,2158.0,320.5,81.67,1.34,2.36,28.0,-6.96,284.6,17678,9926
LAX-TPA,LAX,TPA,Los Angeles,Tampa,Large,DL,Delta Air Lines,2771,2158.0,277.3,80.01,1.34,3.83,33.0,-7.21,247.4,22631,8179
LAW-DFW,LAW,DFW,Lawton,Dallas-Fort Worth,Non-hub,OO,SkyWest Airlines,2770,140.0,60.5,77.04,4.12,10.69,54.5,-2.68,30.2,46922,5737
FLL-PIT,FLL,PIT,Fort Lauderdale,Pittsburgh,Large,NK,Spirit Airlines,2770,994.0,159.8,68.48,1.77,14.57,65.0,-5.34,132.2,37756,16859
DFW-LAW,DFW,LAW,Dallas-Fort Worth,Lawton,Large,OO,SkyWest Airlines,2770,140.0,64.7,78.66,3.72,8.88,44.0,-2.71,31.9,32118,8846
PIT-FLL,PIT,FLL,Pittsburgh,Fort Lauderdale,Medium,NK,Spirit Airlines,2767,994.0,165.0,74.27,2.31,8.59,52.0,-5.81,133.9,32284,13972
ATL-PHX,ATL,PHX,Atlanta,Phoenix,Large,WN,Southwest Airlines,2766,1587.0,250.0,79.65,0.47,3.71,30.0,-9.21,220.3,15279,12144
DEN-MTJ,DEN,MTJ,Denver,Montrose CO,Large,OO,SkyWest Airlines,2765,196.0,68.5,78.48,1.88,6.59,38.0,-4.37,37.7,19857,12463
MTJ-DEN,MTJ,DEN,Montrose CO,Denver,Non-hub,OO,SkyWest Airlines,2765,196.0,71.6,74.5,1.92,9.1,45.0,0.46,39.0,33609,9608
SYR-ORD,SYR,ORD,Syracuse,Chicago,Small,MQ,Envoy Air,2764,607.0,136.0,81.4,1.52,2.14,34.4,-5.36,97.1,19973,13430
ORD-SYR,ORD,SYR,Chicago,Syracuse,Large,MQ,Envoy Air,2763,607.0,111.9,78.32,1.34,5.23,36.0,-2.32,80.6,16428,12645
DSM-ORD,DSM,ORD,Des Moines,Chicago,Small,OO,SkyWest Airlines,2763,299.0,91.8,75.21,2.71,16.62,66.0,-2.27,54.0,48514,17870
RKS-DEN,RKS,DEN,Rock Springs,Denver,Non-hub,OO,SkyWest Airlines,2762,260.0,77.9,84.03,1.96,10.9,34.2,-5.68,44.6,48726,10717
PHX-ATL,PHX,ATL,Phoenix,Atlanta,Large,WN,Southwest Airlines,2762,1587.0,213.2,74.0,0.25,7.79,40.0,-9.1,185.9,20185,13954
DEN-RKS,DEN,RKS,Denver,Rock Springs,Large,OO,SkyWest Airlines,2762,260.0,68.9,79.47,1.88,10.62,41.0,-2.95,43.3,39021,10786
DFW-AUS,DFW,AUS,Dallas-Fort Worth,Austin,Large,MQ,Envoy Air,2761,190.0,65.2,78.78,2.14,4.36,35.0,-2.75,36.9,16215,11087
LGA-MSY,LGA,MSY,New York,New Orleans,Large,DL,Delta Air Lines,2761,1183.0,206.9,75.52,1.85,6.13,62.0,-8.59,167.2,32341,16903
MSY-LGA,MSY,LGA,New Orleans,New York,Medium,DL,Delta Air Lines,2761,1183.0,178.2,80.08,1.96,5.57,47.0,-8.73,147.8,29140,15846
ROC-ORD,ROC,ORD,Rochester,Chicago,Small,UA,United Airlines,2760,528.0,122.5,75.69,1.59,12.25,42.0,-0.83,86.5,34542,10864
MDW-SEA,MDW,SEA,Chicago,Seattle,Large,WN,Southwest Airlines,2760,1733.0,271.5,68.77,1.09,8.5,45.0,-9.32,238.3,24789,12945
BOS-MYR,BOS,MYR,Boston,Myrtle Beach,Large,NK,Spirit Airlines,2759,738.0,135.0,77.38,2.43,6.08,42.0,-4.93,108.3,28044,10128
ORD-ROC,ORD,ROC,Chicago,Rochester,Large,UA,United Airlines,2758,528.0,105.8,75.27,1.34,8.65,46.0,-4.19,70.6,20126,18411
EWR-MYR,EWR,MYR,Newark,Myrtle Beach,Large,NK,Spirit Airlines,2758,550.0,114.7,75.53,3.05,8.01,62.0,-6.21,83.2,31755,15765
ALB-MCO,ALB,MCO,Albany,Orlando,Small,WN,Southwest Airlines,2757,1073.0,181.4,77.0,1.74,5.18,40.0,-6.52,154.6,21160,14285
TYS-LGA,TYS,LGA,Knoxville,New York,Small,9E,Endeavor Air,2756,647.0,125.1,84.18,3.81,-5.0,22.0,-8.68,91.3,19175,5606
STL-ORD,STL,ORD,St. Louis,Chicago,Medium,AA,American Airlines,2756,258.0,81.8,81.28,1.63,12.52,45.0,-2.98,48.9,39050,20875
MYR-BOS,MYR,BOS,Myrtle Beach,Boston,Small,NK,Spirit Airlines,2756,738.0,124.6,74.96,2.03,8.92,60.0,-2.73,100.5,30952,14808
ORD-STL,ORD,STL,Chicago,St. Louis,Large,AA,American Airlines,2756,258.0,76.2,68.9,1.71,18.94,69.0,-5.56,46.0,31152,34823
LGA-TYS,LGA,TYS,New York,Knoxville,Large,9E,Endeavor Air,2756,647.0,139.2,80.48,3.85,-2.44,36.7,-10.37,98.2,19019,14571
AUS-DFW,AUS,DFW,Austin,Dallas-Fort Worth,Large,MQ,Envoy Air,2756,190.0,68.7,76.56,2.39,11.65,49.0,-2.16,41.6,25566,22452
MYR-EWR,MYR,EWR,Myrtle Beach,Newark,Small,NK,Spirit Airlines,2755,550.0,112.3,76.41,3.7,4.96,54.2,-6.28,83.2,32132,10793
SEA-MSY,SEA,MSY,Seattle,New Orleans,Large,AS,Alaska Airlines,2754,2086.0,275.4,77.78,1.13,1.83,30.0,-5.9,242.4,15824,7131
MSY-SEA,MSY,SEA,New Orleans,Seattle,Medium,AS,Alaska Airlines,2754,2086.0,314.8,76.29,1.45,4.7,35.0,-5.06,281.0,18192,14406
DEN-TPA,DEN,TPA,Denver,Tampa,Large,F9,Frontier Airlines,2753,1506.0,209.6,68.0,1.89,14.63,63.0,-5.8,177.1,35477,21387
BOS-DEN,BOS,DEN,Boston,Denver,Large,B6,JetBlue Airways,2752,1754.0,282.7,71.0,0.91,8.87,70.0,-10.58,242.2,37655,15988
HOU-MEM,HOU,MEM,Houston,Memphis,Medium,WN,Southwest Airlines,2752,484.0,90.3,71.29,1.27,10.19,46.0,-6.43,68.0,17251,20644
DEN-BOS,DEN,BOS,Denver,Boston,Large,B6,JetBlue Airways,2752,1754.0,232.8,63.84,1.24,26.55,89.9,-5.42,202.7,49921,40451
SEA-PHX,SEA,PHX,Seattle,Phoenix,Large,AA,American Airlines,2752,1107.0,175.6,84.88,0.98,6.38,24.0,-6.48,142.8,30325,13505
TPA-DEN,TPA,DEN,Tampa,Denver,Large,F9,Frontier Airlines,2751,1506.0,248.1,71.32,2.22,11.57,65.6,-7.59,209.1,23943,31440
TUL-DFW,TUL,DFW,Tulsa,Dallas-Fort Worth,Small,MQ,Envoy Air,2750,237.0,79.8,79.38,2.25,4.67,31.0,-1.05,46.6,16057,13547
PHX-SEA,PHX,SEA,Phoenix,Seattle,Large,AA,American Airlines,2749,1107.0,192.5,83.96,0.73,1.75,27.0,-7.07,155.8,17386,10462
OMA-LGA,OMA,LGA,Omaha,New York,Medium,YX,Republic Airways,2749,1148.0,175.3,82.79,3.35,1.52,27.0,-5.01,145.0,28974,4830
LGA-OMA,LGA,OMA,New York,Omaha,Large,YX,Republic Airways,2749,1148.0,206.8,78.5,4.26,-0.92,44.0,-8.3,168.1,18469,15447
DFW-TUL,DFW,TUL,Dallas-Fort Worth,Tulsa,Large,MQ,Envoy Air,2747,237.0,73.5,83.18,2.18,-0.28,27.0,-6.1,44.1,10905,8950
ORD-GSO,ORD,GSO,Chicago,Greensboro,Large,MQ,Envoy Air,2747,589.0,118.7,79.14,1.38,2.92,37.0,-5.56,83.2,16648,13901
ABY-ATL,ABY,ATL,Albany,Atlanta,Non-hub,9E,Endeavor Air,2746,145.0,64.0,88.89,0.22,-0.23,17.0,-4.62,37.1,18855,8079
GSO-ORD,GSO,ORD,Greensboro,Chicago,Small,MQ,Envoy Air,2746,589.0,131.3,81.86,1.6,2.87,29.0,-4.58,96.1,23425,12334
DEN-DTW,DEN,DTW,Denver,Detroit,Large,UA,United Airlines,2746,1123.0,171.2,77.6,0.69,7.62,48.0,-6.71,137.2,18464,19553
ATL-ABY,ATL,ABY,Atlanta,Albany,Large,9E,Endeavor Air,2746,145.0,56.7,88.86,0.18,-1.56,17.0,-3.91,31.5,13116,4159
SEA-MDW,SEA,MDW,Seattle,Chicago,Large,WN,Southwest Airlines,2745,1733.0,240.7,80.04,1.13,1.4,29.0,-8.84,209.3,12800,8920
SLC-EWR,SLC,EWR,Salt Lake City,Newark,Large,DL,Delta Air Lines,2744,1969.0,263.9,75.15,1.49,6.71,40.0,-4.86,228.6,32394,5317
DTW-DEN,DTW,DEN,Detroit,Denver,Large,UA,United Airlines,2744,1123.0,196.8,82.91,0.98,1.53,29.0,-6.44,161.8,20241,9183
EWR-SLC,EWR,SLC,Newark,Salt Lake City,Large,DL,Delta Air Lines,2743,1969.0,312.3,75.79,1.49,13.52,56.0,-8.55,271.2,40670,21294
MSY-LAS,MSY,LAS,New Orleans,Las Vegas,Medium,WN,Southwest Airlines,2741,1500.0,228.2,74.64,1.42,7.15,40.0,-7.98,202.7,16050,16641
OKC-CLT,OKC,CLT,Oklahoma City,Charlotte,Medium,AA,American Airlines,2741,940.0,152.1,82.67,1.39,9.25,32.0,-4.7,118.9,25809,19415
MEM-DFW,MEM,DFW,Memphis,Dallas-Fort Worth,Medium,MQ,Envoy Air,2741,431.0,105.6,72.67,3.65,10.65,52.0,-2.08,71.9,26289,18298
DFW-MEM,DFW,MEM,Dallas-Fort Worth,Memphis,Large,MQ,Envoy Air,2740,431.0,96.1,78.83,3.47,3.48,32.0,-3.25,65.0,14939,9858
MCO-ALB,MCO,ALB,Orlando,Albany,Large,WN,Southwest Airlines,2738,1073.0,164.2,79.8,1.39,6.16,38.0,-6.13,139.6,15982,14920
CLT-OKC,CLT,OKC,Charlotte,Oklahoma City,Large,AA,American Airlines,2737,940.0,164.3,70.95,1.32,14.13,62.9,-6.21,133.9,27758,28046
MEM-DCA,MEM,DCA,Memphis,Washington,Medium,YX,Republic Airways,2737,762.0,132.2,83.08,2.05,-0.67,24.0,-4.37,103.8,15784,6547
DCA-MEM,DCA,MEM,Washington,Memphis,Large,YX,Republic Airways,2736,762.0,153.2,82.89,1.39,-1.72,26.0,-6.46,117.0,12140,11985
PHX-MRY,PHX,MRY,Phoenix,Monterey,Large,OO,SkyWest Airlines,2735,598.0,120.0,83.0,0.37,4.79,29.0,-0.53,94.0,21903,5277
MRY-PHX,MRY,PHX,Monterey,Phoenix,Small,OO,SkyWest Airlines,2734,598.0,113.6,84.67,0.44,6.11,29.0,-2.16,86.0,28560,8809
RDU-SFO,RDU,SFO,Raleigh-durham,San Francisco,Medium,UA,United Airlines,2733,2400.0,356.5,81.96,0.51,1.15,30.2,-11.12,320.1,23456,10330
BNA-SAV,BNA,SAV,Nashville,Savannah,Large,WN,Southwest Airlines,2732,417.0,86.5,80.78,1.06,3.02,29.0,-5.47,60.7,11099,13097
HOU-LGB,HOU,LGB,Houston,Long Beach,Medium,WN,Southwest Airlines,2731,1374.0,213.1,81.47,1.17,1.46,27.0,-8.01,188.2,12428,8976
SFO-EUG,SFO,EUG,San Francisco,Eugene,Large,UA,United Airlines,2731,451.0,99.0,81.51,0.81,3.29,36.0,-7.86,66.7,13726,18660
MEM-HOU,MEM,HOU,Memphis,Houston,Medium,WN,Southwest Airlines,2730,484.0,101.8,81.25,1.76,1.98,28.0,-6.52,78.4,11832,11989
SAV-BNA,SAV,BNA,Savannah,Nashville,Medium,WN,Southwest Airlines,2730,417.0,90.8,77.14,0.99,7.01,37.0,-5.9,67.5,9882,21795
SFO-RDU,SFO,RDU,San Francisco,Raleigh-durham,Large,UA,United Airlines,2730,2400.0,310.4,87.03,0.51,-3.61,19.0,-9.74,272.4,9912,8292
ATL-ORD,ATL,ORD,Atlanta,Chicago,Large,AA,American Airlines,2729,606.0,134.0,78.09,2.09,12.1,53.0,-5.28,95.5,36178,22039
DEN-RAP,DEN,RAP,Denver,Rapid City,Large,UA,United Airlines,2729,300.0,72.9,74.28,1.47,13.81,64.6,-4.82,45.7,25448,26321
RAP-DEN,RAP,DEN,Rapid City,Denver,Small,UA,United Airlines,2726,300.0,83.4,75.94,1.61,8.44,36.0,-1.15,51.4,28008,9640
EUG-SFO,EUG,SFO,Eugene,San Francisco,Small,UA,United Airlines,2726,451.0,97.7,80.01,1.14,8.64,46.0,-4.28,71.2,29395,13774
ORD-ATL,ORD,ATL,Chicago,Atlanta,Large,AA,American Airlines,2725,606.0,119.2,67.96,2.09,21.98,89.6,-5.64,86.1,34441,41548
IAH-ATL,IAH,ATL,Houston,Atlanta,Large,NK,Spirit Airlines,2725,689.0,122.0,72.15,1.69,10.93,56.0,-1.67,90.6,31786,12954
DFW-ACT,DFW,ACT,Dallas-Fort Worth,Waco,Large,OO,SkyWest Airlines,2724,89.0,53.7,77.86,3.16,8.78,46.0,-2.0,22.5,29383,8829
ACT-DFW,ACT,DFW,Waco,Dallas-Fort Worth,Non-hub,OO,SkyWest Airlines,2723,89.0,59.2,75.17,2.97,12.63,59.0,-1.84,29.0,44431,8942
ATL-IAH,ATL,IAH,Atlanta,Houston,Large,NK,Spirit Airlines,2722,689.0,137.3,69.1,1.8,14.81,65.0,-5.78,104.9,36541,18337
LAS-MSY,LAS,MSY,Las Vegas,New Orleans,Large,WN,Southwest Airlines,2721,1500.0,200.2,67.36,1.54,12.01,53.0,-5.96,173.5,21998,20246
EWR-MSP,EWR,MSP,Newark,Minneapolis,Large,UA,United Airlines,2720,1008.0,180.7,70.77,2.02,13.11,73.2,-7.56,145.1,31966,25312
MSP-EWR,MSP,EWR,Minneapolis,Newark,Large,UA,United Airlines,2718,1008.0,162.3,74.54,2.39,12.01,63.0,-4.09,127.8,44217,12613
IAD-JAX,IAD,JAX,Washington,Jacksonville,Medium,UA,United Airlines,2718,630.0,125.1,78.11,0.88,9.05,41.0,-1.59,96.5,25799,14142
STL-CMH,STL,CMH,St. Louis,Columbus,Medium,WN,Southwest Airlines,2717,409.0,80.1,79.9,1.18,5.13,34.0,-5.01,59.6,10831,14795
FLL-SEA,FLL,SEA,Fort Lauderdale,Seattle,Large,AS,Alaska Airlines,2715,2717.0,402.8,67.85,3.06,7.66,45.0,-5.46,362.5,25246,13301
SEA-FLL,SEA,FLL,Seattle,Fort Lauderdale,Large,AS,Alaska Airlines,2715,2717.0,350.8,77.24,2.25,1.16,31.2,-5.75,313.1,21436,3947
DEN-LNK,DEN,LNK,Denver,Lincoln,Large,OO,SkyWest Airlines,2713,423.0,92.2,72.47,1.11,19.22,71.1,-2.84,60.7,41822,26776
ONT-SLC,ONT,SLC,Ontario,Salt Lake City,Medium,OO,SkyWest Airlines,2712,558.0,108.7,91.96,0.44,-3.22,9.0,-4.12,83.4,14983,0
ORD-MEM,ORD,MEM,Chicago,Memphis,Large,OO,SkyWest Airlines,2712,491.0,116.4,76.44,1.77,8.3,46.0,-3.13,81.2,22873,15004
LNK-DEN,LNK,DEN,Lincoln,Denver,Non-hub,OO,SkyWest Airlines,2712,423.0,111.6,75.41,1.18,10.25,62.0,-5.07,72.5,41244,14000
BHM-MDW,BHM,MDW,Birmingham,Chicago,Small,WN,Southwest Airlines,2711,570.0,108.7,79.12,1.25,6.18,33.7,-5.43,87.4,11274,18408
IAH-PIB,IAH,PIB,Houston,Hattiesburg/Laurel,Large,OO,SkyWest Airlines,2711,372.0,87.2,79.71,2.18,6.55,51.0,-6.16,57.9,32879,11043
CHA-ORD,CHA,ORD,Chattanooga,Chicago,Small,OO,SkyWest Airlines,2711,501.0,125.1,74.11,2.36,15.12,55.0,-2.78,87.7,42714,16589
ORD-CHA,ORD,CHA,Chicago,Chattanooga,Large,OO,SkyWest Airlines,2711,501.0,108.1,73.74,2.03,9.99,49.0,-2.41,72.5,29302,13750
SLC-ONT,SLC,ONT,Salt Lake City,Ontario,Large,OO,SkyWest Airlines,2711,558.0,112.9,90.82,0.3,-2.11,12.0,-4.6,85.7,11983,0
BTR-ATL,BTR,ATL,Baton Rouge,Atlanta,Small,9E,Endeavor Air,2709,448.0,95.7,89.04,0.96,-3.23,14.0,-7.77,64.5,11191,9002
SFB-TYS,SFB,TYS,Sanford,Knoxville,Small,G4,Allegiant Air,2709,511.0,94.7,66.15,1.66,17.43,67.1,0.34,74.1,27183,30459
LGB-HOU,LGB,HOU,Long Beach,Houston,Small,WN,Southwest Airlines,2709,1374.0,187.7,81.25,1.26,3.13,27.0,-6.28,165.1,11124,11270
ATL-BTR,ATL,BTR,Atlanta,Baton Rouge,Large,9E,Endeavor Air,2709,448.0,97.1,90.03,0.89,-3.23,13.0,-5.37,71.8,10877,3427
ORD-DTW,ORD,DTW,Chicago,Detroit,Large,MQ,Envoy Air,2708,235.0,85.6,77.99,2.29,4.09,42.0,-5.16,47.8,15312,13629
TYS-SFB,TYS,SFB,Knoxville,Sanford,Small,G4,Allegiant Air,2707,511.0,93.8,72.66,1.55,13.81,61.0,-0.45,73.8,27609,25292
DTW-ORD,DTW,ORD,Detroit,Chicago,Large,MQ,Envoy Air,2706,235.0,88.7,79.53,2.73,1.0,38.2,-5.52,49.2,19327,12102
ATL-PWM,ATL,PWM,Atlanta,Portland,Large,DL,Delta Air Lines,2704,1027.0,154.2,79.92,1.07,5.44,33.0,-4.1,127.0,23830,5478
PWM-ATL,PWM,ATL,Portland,Atlanta,Small,DL,Delta Air Lines,2703,1027.0,178.5,78.51,1.15,7.94,37.0,-9.22,144.5,38091,4946
DTW-PIT,DTW,PIT,Detroit,Pittsburgh,Large,OO,SkyWest Airlines,2702,201.0,67.4,78.42,0.81,9.66,47.0,-3.77,37.5,40403,0
MDW-BHM,MDW,BHM,Chicago,Birmingham,Large,WN,Southwest Airlines,2701,570.0,100.4,73.23,1.78,7.97,41.0,-5.25,78.8,16456,16347
DEN-STL,DEN,STL,Denver,St. Louis,Large,OO,SkyWest Airlines,2701,770.0,128.4,76.16,1.52,8.72,44.0,-3.38,98.8,27089,8538
PIT-DTW,PIT,DTW,Pittsburgh,Detroit,Medium,OO,SkyWest Airlines,2701,201.0,70.4,82.12,1.0,6.85,39.9,-5.23,40.3,39482,0
SFO-SBA,SFO,SBA,San Francisco,Santa Barbara,Large,UA,United Airlines,2701,262.0,76.2,81.86,1.07,3.42,32.0,-6.24,46.2,14699,16881
TPA-EWR,TPA,EWR,Tampa,Newark,Large,B6,JetBlue Airways,2699,997.0,165.2,67.47,3.11,17.43,82.0,-4.87,134.0,35632,29130
HNL-SEA,HNL,SEA,Honolulu,Seattle,Medium,HA,Hawaiian Airlines,2698,2677.0,344.0,66.35,0.48,13.64,40.0,-3.32,312.7,37131,6722
DCA-JAX,DCA,JAX,Washington,Jacksonville,Large,OH,PSA Airlines,2698,634.0,129.5,78.69,2.56,4.88,42.0,-3.87,97.2,20034,15733
EWR-TPA,EWR,TPA,Newark,Tampa,Large,B6,JetBlue Airways,2697,997.0,176.6,68.82,2.86,15.02,75.6,-3.76,142.9,37797,21856
SBA-SFO,SBA,SFO,Santa Barbara,San Francisco,Small,UA,United Airlines,2697,262.0,71.7,71.75,1.48,14.22,57.4,-2.41,46.1,35251,19491
DFW-IDA,DFW,IDA,Dallas-Fort Worth,Idaho Falls,Large,OO,SkyWest Airlines,2696,1095.0,187.8,73.74,1.74,10.84,54.0,-3.7,152.4,32676,15194
FLL-MSY,FLL,MSY,Fort Lauderdale,New Orleans,Large,WN,Southwest Airlines,2695,674.0,128.7,72.43,2.41,8.43,46.0,-6.3,99.7,17993,19905
PDX-SFO,PDX,SFO,Portland,San Francisco,Medium,OO,SkyWest Airlines,2695,550.0,110.2,79.85,1.0,5.94,41.0,-1.52,86.8,20002,11401
IDA-DFW,IDA,DFW,Idaho Falls,Dallas-Fort Worth,Small,OO,SkyWest Airlines,2694,1095.0,175.4,77.13,1.45,13.61,60.0,-6.03,138.2,50869,14292
SEA-HNL,SEA,HNL,Seattle,Honolulu,Large,HA,Hawaiian Airlines,2693,2677.0,370.3,66.43,1.04,21.54,50.0,-4.58,335.5,65476,4618
PHX-GEG,PHX,GEG,Phoenix,Spokane,Large,AA,American Airlines,2692,1020.0,165.1,79.35,0.26,7.83,45.0,-5.2,136.6,18862,20988
CMH-STL,CMH,STL,Columbus,St. Louis,Medium,WN,Southwest Airlines,2692,409.0,87.4,81.87,1.86,2.33,29.0,-5.71,65.4,6756,16416
JAX-DCA,JAX,DCA,Jacksonville,Washington,Medium,OH,PSA Airlines,2692,634.0,115.6,74.26,2.49,12.95,51.0,-1.07,89.1,28429,25214
GEG-PHX,GEG,PHX,Spokane,Phoenix,Medium,AA,American Airlines,2691,1020.0,161.0,82.65,0.45,11.32,36.0,-4.96,132.2,33838,21588
DCA-PVD,DCA,PVD,Washington,Providence,Large,WN,Southwest Airlines,2691,356.0,82.3,76.33,1.52,8.29,42.0,-6.13,56.2,15736,20969
SAV-JFK,SAV,JFK,Savannah,New York,Medium,B6,JetBlue Airways,2691,718.0,123.1,66.52,3.75,21.02,81.0,-3.13,97.2,32372,37291
PVD-DCA,PVD,DCA,Providence,Washington,Small,WN,Southwest Airlines,2691,356.0,94.9,81.94,1.93,0.82,31.0,-8.66,69.6,14727,12914
JFK-SLC,JFK,SLC,New York,Salt Lake City,Large,B6,JetBlue Airways,2691,1990.0,322.3,64.92,1.64,12.21,77.0,-10.4,276.9,42540,15740
SLC-JFK,SLC,JFK,Salt Lake City,New York,Large,B6,JetBlue Airways,2690,1990.0,263.5,59.48,1.75,29.81,98.0,-4.06,233.1,46623,45334
JFK-SAV,JFK,SAV,New York,Savannah,Large,B6,JetBlue Airways,2690,718.0,142.0,70.15,3.27,12.75,63.5,-3.34,107.9,38324,13879
PDX-ANC,PDX,ANC,Portland,Anchorage,Medium,AS,Alaska Airlines,2689,1542.0,228.3,78.65,1.15,1.57,29.0,-3.39,203.0,15721,6412
JFK-BQN,JFK,BQN,New York,Aguadilla,Large,B6,JetBlue Airways,2688,1576.0,231.3,61.9,2.12,18.52,79.0,-5.39,195.3,45228,19421
PHX-FAT,PHX,FAT,Phoenix,Fresno,Large,AA,American Airlines,2688,493.0,103.6,79.54,0.33,9.38,41.0,-4.4,77.2,18837,21614
FAT-PHX,FAT,PHX,Fresno,Phoenix,Small,AA,American Airlines,2688,493.0,100.0,80.1,0.37,14.23,46.0,-4.54,74.9,25416,29677
BUF-ORD,BUF,ORD,Buffalo,Chicago,Medium,MQ,Envoy Air,2685,474.0,117.5,78.21,2.57,4.25,39.0,-4.82,80.2,20014,13997
IAD-MDW,IAD,MDW,Washington,Chicago,Medium,WN,Southwest Airlines,2685,577.0,116.6,81.86,2.64,-0.01,27.0,-7.81,90.3,10372,12062
BQN-JFK,BQN,JFK,Aguadilla,New York,Non-hub,B6,JetBlue Airways,2685,1576.0,235.1,74.41,2.2,9.21,51.3,-4.55,207.4,20868,26250
MYR-LGA,MYR,LGA,Myrtle Beach,New York,Small,NK,Spirit Airlines,2684,563.0,105.9,80.74,3.09,2.85,38.0,-6.04,81.0,26173,8690
MDW-IAD,MDW,IAD,Chicago,Washington,Large,WN,Southwest Airlines,2684,577.0,101.6,73.25,2.24,8.66,40.0,-5.94,78.2,18344,15261
FLL-CMH,FLL,CMH,Fort Lauderdale,Columbus,Large,NK,Spirit Airlines,2682,973.0,157.6,70.21,1.34,13.75,63.0,-3.9,130.1,36925,12769
ORD-BUF,ORD,BUF,Chicago,Buffalo,Large,MQ,Envoy Air,2682,474.0,97.7,77.63,2.35,6.28,37.0,-2.84,67.0,18513,12625
AUS-FLL,AUS,FLL,Austin,Fort Lauderdale,Large,WN,Southwest Airlines,2682,1105.0,160.0,75.43,1.42,6.54,40.0,-7.18,135.4,18079,13187
FLL-AUS,FLL,AUS,Fort Lauderdale,Austin,Large,WN,Southwest Airlines,2682,1105.0,185.8,71.29,1.98,9.05,47.0,-5.48,155.7,20225,17612
ANC-PDX,ANC,PDX,Anchorage,Portland,Medium,AS,Alaska Airlines,2681,1542.0,213.3,85.34,1.12,0.07,21.0,-2.36,190.4,14628,4273
SMF-IAH,SMF,IAH,Sacramento,Houston,Medium,UA,United Airlines,2681,1609.0,220.8,87.06,1.01,-0.8,19.0,-4.52,193.2,15057,5925
JFK-DEN,JFK,DEN,New York,Denver,Large,B6,JetBlue Airways,2680,1626.0,274.1,65.04,1.68,15.23,81.0,-8.87,227.0,44716,17171
DEN-JFK,DEN,JFK,Denver,New York,Large,B6,JetBlue Airways,2680,1626.0,225.2,59.78,2.39,30.86,97.0,-5.08,193.5,48680,48180
IAH-SMF,IAH,SMF,Houston,Sacramento,Large,UA,United Airlines,2680,1609.0,251.3,76.6,0.82,8.04,48.0,-7.49,217.1,21663,17115
DCA-JAX,DCA,JAX,Washington,Jacksonville,Large,AA,American Airlines,2679,634.0,127.8,72.86,1.57,11.69,62.5,-4.96,96.3,19912,31935
DTW-IAH,DTW,IAH,Detroit,Houston,Large,OO,SkyWest Airlines,2679,1075.0,192.5,77.57,1.64,5.22,41.0,-7.64,157.2,33716,2450
LGA-MYR,LGA,MYR,New York,Myrtle Beach,Large,NK,Spirit Airlines,2679,563.0,115.0,81.71,3.25,0.09,33.0,-6.6,84.1,20130,10241
CMH-FLL,CMH,FLL,Columbus,Fort Lauderdale,Medium,NK,Spirit Airlines,2679,973.0,158.4,76.22,1.57,7.77,48.0,-6.28,129.9,29834,12015
ORF-MDW,ORF,MDW,Norfolk,Chicago,Medium,WN,Southwest Airlines,2678,704.0,129.5,78.49,1.76,5.4,36.0,-6.99,105.7,14408,15173
LWS-SLC,LWS,SLC,Lewiston,Salt Lake City,Non-hub,OO,SkyWest Airlines,2677,461.0,91.2,90.96,0.19,1.78,13.0,-2.51,69.3,24000,0
CLT-AVP,CLT,AVP,Charlotte,Scranton,Large,OH,PSA Airlines,2677,509.0,109.9,81.73,1.72,2.14,27.0,-2.37,76.1,13276,8807
AVP-CLT,AVP,CLT,Scranton,Charlotte,Non-hub,OH,PSA Airlines,2677,509.0,125.2,86.44,1.83,-4.48,20.0,-10.95,86.6,12764,15947
SFO-AUS,SFO,AUS,San Francisco,Austin,Large,AS,Alaska Airlines,2677,1504.0,213.0,81.7,1.38,1.61,31.0,-2.57,181.3,17513,6289
MEM-ORD,MEM,ORD,Memphis,Chicago,Medium,OO,SkyWest Airlines,2677,491.0,119.8,75.91,1.91,12.55,54.0,-3.85,83.6,29789,22151
AUS-SFO,AUS,SFO,Austin,San Francisco,Large,AS,Alaska Airlines,2677,1504.0,234.2,74.79,1.83,7.52,40.0,-2.35,204.2,20777,13536
AVP-CLT,AVP,CLT,Scranton,Charlotte,Non-hub,AA,American Airlines,2676,509.0,114.3,82.03,1.49,7.52,41.0,-10.05,81.4,26940,26835
CLT-AVP,CLT,AVP,Charlotte,Scranton,Large,AA,American Airlines,2676,509.0,102.1,72.27,1.27,15.33,55.3,-4.93,73.9,30695,23804
BTV-EWR,BTV,EWR,Burlington,Newark,Small,YX,Republic Airways,2676,266.0,92.9,74.22,5.57,5.63,52.7,-5.11,53.0,31006,13621
SLC-LWS,SLC,LWS,Salt Lake City,Lewiston,Large,OO,SkyWest Airlines,2676,461.0,99.4,90.66,0.15,-2.33,13.0,-4.35,71.3,13733,0
FLL-SJU,FLL,SJU,Fort Lauderdale,San Juan,Large,NK,Spirit Airlines,2672,1046.0,153.1,72.6,1.2,11.33,54.0,-6.66,126.9,31692,11204
JAX-DCA,JAX,DCA,Jacksonville,Washington,Medium,AA,American Airlines,2671,634.0,111.8,72.74,1.68,16.89,58.0,-1.37,89.3,33392,27506
SJU-FLL,SJU,FLL,San Juan,Fort Lauderdale,Medium,NK,Spirit Airlines,2671,1046.0,168.7,72.89,1.5,12.18,57.0,-4.92,140.4,22832,28069
DCA-PHL,DCA,PHL,Washington,Philadelphia,Large,YX,Republic Airways,2670,119.0,64.4,85.13,1.39,-2.09,24.0,-5.87,31.8,10692,9252
CHS-MDW,CHS,MDW,Charleston,Chicago,Medium,WN,Southwest Airlines,2668,745.0,132.7,81.37,2.17,2.33,28.0,-6.44,109.0,9087,13851
ATL-HPN,ATL,HPN,Atlanta,White Plains,Large,9E,Endeavor Air,2668,780.0,137.4,86.02,0.64,1.14,21.0,-2.18,112.0,14358,3939
HPN-ATL,HPN,ATL,White Plains,Atlanta,Small,9E,Endeavor Air,2668,780.0,146.7,84.0,0.75,1.21,29.0,-8.81,113.2,19582,14923
PHL-DCA,PHL,DCA,Philadelphia,Washington,Large,YX,Republic Airways,2667,119.0,68.5,86.09,1.57,-3.97,22.0,-5.98,32.6,11898,6901
XNA-ORD,XNA,ORD,Bentonville,Chicago,Small,OO,SkyWest Airlines,2667,522.0,117.8,86.61,1.05,-0.79,22.0,-5.33,80.6,20483,7339
HNL-DEN,HNL,DEN,Honolulu,Denver,Medium,UA,United Airlines,2663,3365.0,403.3,83.93,1.69,-0.36,23.0,-9.35,366.0,14667,9130
DEN-HNL,DEN,HNL,Denver,Honolulu,Large,UA,United Airlines,2663,3365.0,444.2,72.02,1.35,12.97,55.0,-9.87,408.2,34295,18825
MDW-ORF,MDW,ORF,Chicago,Norfolk,Large,WN,Southwest Airlines,2663,704.0,118.7,68.19,1.5,13.23,50.0,-5.16,95.8,22260,18828
DSM-CLT,DSM,CLT,Des Moines,Charlotte,Small,AA,American Airlines,2661,815.0,140.4,76.93,1.77,16.16,47.0,-4.25,106.8,42611,19465
CLT-DSM,CLT,DSM,Charlotte,Des Moines,Large,AA,American Airlines,2660,815.0,149.2,71.13,1.62,13.28,58.0,-5.82,117.7,26747,25087
DEN-MTJ,DEN,MTJ,Denver,Montrose CO,Large,WN,Southwest Airlines,2659,196.0,63.1,79.5,2.44,0.38,28.0,-9.23,35.4,12875,8582
MTJ-DEN,MTJ,DEN,Montrose CO,Denver,Non-hub,WN,Southwest Airlines,2659,196.0,66.2,78.41,2.9,1.82,35.0,-7.84,36.1,13702,15665
ORD-XNA,ORD,XNA,Chicago,Bentonville,Large,OO,SkyWest Airlines,2658,522.0,121.0,80.14,1.39,2.92,36.0,-5.76,83.0,19835,10048
MCO-PHX,MCO,PHX,Orlando,Phoenix,Large,WN,Southwest Airlines,2656,1849.0,283.6,74.25,0.83,8.05,41.0,-7.77,252.5,23501,12864
SAV-EWR,SAV,EWR,Savannah,Newark,Medium,YX,Republic Airways,2656,708.0,134.3,73.46,5.2,6.67,45.4,-3.03,100.8,28729,10471
EWR-SAV,EWR,SAV,Newark,Savannah,Large,YX,Republic Airways,2655,708.0,144.2,77.33,5.01,3.41,37.1,-4.14,107.4,19227,12359
IAH-MFE,IAH,MFE,Houston,Mcallen,Large,UA,United Airlines,2654,316.0,79.7,76.56,1.17,9.21,48.0,-5.37,51.7,21137,18950
HDN-DEN,HDN,DEN,Hayden,Denver,Non-hub,WN,Southwest Airlines,2654,141.0,59.9,74.6,3.5,5.58,46.1,-6.42,30.4,13511,25451
DEN-HDN,DEN,HDN,Denver,Hayden,Large,WN,Southwest Airlines,2653,141.0,55.9,75.95,3.09,4.32,37.0,-8.63,29.7,19730,8835
MFE-IAH,MFE,IAH,Mcallen,Houston,Small,UA,United Airlines,2653,316.0,77.7,86.51,1.43,0.62,20.0,-3.69,52.9,20977,6534
STL-DEN,STL,DEN,St. Louis,Denver,Medium,OO,SkyWest Airlines,2652,770.0,151.4,80.43,1.4,4.91,36.0,-3.63,120.5,23667,9140
MSY-FLL,MSY,FLL,New Orleans,Fort Lauderdale,Medium,WN,Southwest Airlines,2652,674.0,113.4,77.07,2.71,6.45,35.0,-7.3,90.2,13394,17208
DCA-CVG,DCA,CVG,Washington,Cincinnati,Large,OH,PSA Airlines,2652,411.0,104.8,68.67,2.64,16.91,79.0,-1.43,69.7,30857,30511
TUS-ORD,TUS,ORD,Tucson,Chicago,Medium,AA,American Airlines,2651,1437.0,208.4,81.06,1.4,8.64,38.4,-6.91,173.9,27497,20565
SMF-MSP,SMF,MSP,Sacramento,Minneapolis,Medium,DL,Delta Air Lines,2651,1517.0,206.9,88.31,0.68,-0.74,16.5,-6.42,179.1,17392,5202
ORD-TUS,ORD,TUS,Chicago,Tucson,Large,AA,American Airlines,2651,1437.0,231.5,74.12,1.4,7.28,52.4,-8.98,197.7,24477,19263
CHS-ORD,CHS,ORD,Charleston,Chicago,Medium,UA,United Airlines,2650,760.0,147.5,85.74,1.81,0.43,20.0,-6.07,113.1,18599,8603
MSP-SMF,MSP,SMF,Minneapolis,Sacramento,Large,DL,Delta Air Lines,2650,1517.0,235.1,83.02,0.6,-1.36,27.0,-9.8,203.0,21125,4291
EWR-LAS,EWR,LAS,Newark,Las Vegas,Large,NK,Spirit Airlines,2650,2227.0,334.5,67.81,3.28,13.44,76.0,-8.26,297.9,46444,11509
PHX-SFO,PHX,SFO,Phoenix,San Francisco,Large,OO,SkyWest Airlines,2649,651.0,130.8,79.58,0.57,6.47,35.0,-0.59,103.8,19400,10008
SFO-PHX,SFO,PHX,San Francisco,Phoenix,Large,OO,SkyWest Airlines,2646,651.0,123.6,87.23,0.38,-0.82,19.0,-3.21,94.4,10938,6139
GRR-ORD,GRR,ORD,Grand Rapids,Chicago,Medium,YX,Republic Airways,2645,137.0,72.5,82.19,1.51,0.7,26.0,-2.31,33.7,18491,9020
LAS-EWR,LAS,EWR,Las Vegas,Newark,Large,NK,Spirit Airlines,2645,2227.0,291.4,71.76,2.87,9.07,58.0,-4.75,258.2,38684,4438
ORD-GRR,ORD,GRR,Chicago,Grand Rapids,Large,YX,Republic Airways,2645,137.0,66.9,82.91,1.63,-0.93,28.0,-5.81,29.3,14643,10130
CVG-DCA,CVG,DCA,Cincinnati,Washington,Medium,OH,PSA Airlines,2644,411.0,95.3,70.16,3.56,16.52,71.0,-1.45,64.0,37551,23259
RNO-LAS,RNO,LAS,Reno,Las Vegas,Medium,NK,Spirit Airlines,2643,345.0,87.3,79.34,2.23,2.48,39.0,-6.69,55.8,23999,9721
JFK-CLE,JFK,CLE,New York,Cleveland,Large,9E,Endeavor Air,2642,425.0,119.6,82.02,4.16,-0.86,28.0,-7.77,75.6,18024,9724
IAH-JAX,IAH,JAX,Houston,Jacksonville,Large,UA,United Airlines,2641,817.0,131.4,73.84,0.98,10.07,53.3,-4.8,99.8,23480,18071
CYS-DEN,CYS,DEN,Cheyenne,Denver,Non-hub,OO,SkyWest Airlines,2641,90.0,55.4,83.15,2.54,6.26,31.9,-6.73,21.9,37765,11558
DEN-CYS,DEN,CYS,Denver,Cheyenne,Large,OO,SkyWest Airlines,2641,90.0,50.3,79.78,2.54,11.66,40.0,-6.98,21.1,40009,17157
CLE-JFK,CLE,JFK,Cleveland,New York,Medium,9E,Endeavor Air,2639,425.0,108.8,80.56,4.36,0.87,32.0,-9.26,70.8,22593,12267
SRQ-MDW,SRQ,MDW,Sarasota,Chicago,Small,WN,Southwest Airlines,2638,1035.0,169.4,75.97,2.08,6.6,40.0,-6.05,144.2,14173,18544
MFE-DFW,MFE,DFW,Mcallen,Dallas-Fort Worth,Small,MQ,Envoy Air,2637,469.0,99.2,80.93,2.35,5.85,35.2,-1.23,74.4,18573,14024
DFW-MFE,DFW,MFE,Dallas-Fort Worth,Mcallen,Large,MQ,Envoy Air,2636,469.0,97.6,80.77,2.24,2.55,31.0,-3.87,71.4,12328,10881
LAS-RNO,LAS,RNO,Las Vegas,Reno,Large,NK,Spirit Airlines,2635,345.0,88.6,81.1,1.71,2.34,36.0,-6.06,59.9,21449,5958
JFK-SYR,JFK,SYR,New York,Syracuse,Large,B6,JetBlue Airways,2634,209.0,77.6,64.84,3.49,15.88,73.4,-4.49,44.4,34366,20613
SYR-JFK,SYR,JFK,Syracuse,New York,Small,B6,JetBlue Airways,2634,209.0,74.4,74.6,3.91,10.22,49.0,-1.32,47.4,29280,15691
DFW-IAH,DFW,IAH,Dallas-Fort Worth,Houston,Large,YV,Mesa Airlines,2633,224.0,76.0,78.66,4.14,7.94,46.0,-6.47,44.2,35767,9001
SAT-EWR,SAT,EWR,San Antonio,Newark,Medium,UA,United Airlines,2629,1569.0,224.8,79.92,1.41,6.17,39.4,-4.6,194.5,31878,8514
EWR-SAT,EWR,SAT,Newark,San Antonio,Large,UA,United Airlines,2629,1569.0,252.7,81.78,1.29,0.29,32.0,-8.51,217.9,18506,12331
PHX-MCO,PHX,MCO,Phoenix,Orlando,Large,WN,Southwest Airlines,2629,1849.0,244.1,68.43,0.99,11.42,49.7,-7.4,216.5,24017,14840
FLL-DCA,FLL,DCA,Fort Lauderdale,Washington,Large,WN,Southwest Airlines,2629,899.0,155.1,69.3,1.94,12.42,57.0,-9.27,123.0,22415,25177
DCA-FLL,DCA,FLL,Washington,Fort Lauderdale,Large,WN,Southwest Airlines,2628,899.0,160.1,77.78,2.05,2.38,35.0,-10.05,129.6,18180,10961
PDX-MDW,PDX,MDW,Portland,Chicago,Medium,WN,Southwest Airlines,2627,1751.0,235.4,85.92,0.95,-1.17,20.0,-8.51,210.9,7701,5847
ORD-CLE,ORD,CLE,Chicago,Cleveland,Large,MQ,Envoy Air,2626,316.0,83.9,74.6,2.51,7.26,45.0,-1.92,49.6,19195,13916
LGA-ORD,LGA,ORD,New York,Chicago,Large,OO,SkyWest Airlines,2626,733.0,170.8,77.34,4.0,6.5,50.0,-11.89,121.1,34888,16552
RDU-ORD,RDU,ORD,Raleigh-durham,Chicago,Medium,YX,Republic Airways,2625,646.0,150.9,75.16,2.13,6.6,49.0,-3.03,108.5,22847,15993
IAH-DTW,IAH,DTW,Houston,Detroit,Large,OO,SkyWest Airlines,2625,1075.0,168.5,77.22,1.37,13.26,42.0,-2.87,138.6,39065,7866
CLE-ORD,CLE,ORD,Cleveland,Chicago,Medium,MQ,Envoy Air,2624,316.0,96.7,76.94,2.78,4.39,43.0,-6.06,59.4,20462,15511
DFW-GSO,DFW,GSO,Dallas-Fort Worth,Greensboro,Large,AA,American Airlines,2623,999.0,149.2,61.65,2.74,22.07,82.0,-3.41,121.6,28406,37365
GSO-DFW,GSO,DFW,Greensboro,Dallas-Fort Worth,Small,AA,American Airlines,2622,999.0,188.2,74.52,2.75,12.23,56.6,-7.62,149.3,31223,25958
CLT-BNA,CLT,BNA,Charlotte,Nashville,Large,WN,Southwest Airlines,2620,328.0,91.1,77.21,0.99,5.53,39.1,-10.05,57.5,12174,19893
JFK-ORD,JFK,ORD,New York,Chicago,Large,B6,JetBlue Airways,2619,740.0,168.2,71.63,2.18,11.63,69.0,-7.41,120.5,40221,12638
JAX-IAH,JAX,IAH,Jacksonville,Houston,Medium,UA,United Airlines,2618,817.0,150.0,87.43,1.26,0.08,18.0,-5.89,123.1,18715,7257
ORD-JFK,ORD,JFK,Chicago,New York,Large,B6,JetBlue Airways,2616,740.0,138.9,72.86,2.79,14.85,74.0,-5.57,102.1,34098,30021
MDW-CHS,MDW,CHS,Chicago,Charleston,Large,WN,Southwest Airlines,2615,745.0,121.5,72.93,2.03,8.87,42.0,-5.75,96.6,16590,15992
PIT-IAH,PIT,IAH,Pittsburgh,Houston,Medium,UA,United Airlines,2613,1117.0,190.3,82.47,1.45,1.55,25.0,-4.6,160.5,20140,8624
PBI-ORD,PBI,ORD,West Palm Beach,Chicago,Medium,AA,American Airlines,2612,1144.0,200.9,72.78,1.95,14.79,69.0,-5.24,164.4,29216,30638
ORD-PBI,ORD,PBI,Chicago,West Palm Beach,Large,AA,American Airlines,2611,1144.0,181.2,73.46,1.95,8.35,62.0,-6.21,150.3,25034,20158
LBB-DFW,LBB,DFW,Lubbock,Dallas-Fort Worth,Small,YV,Mesa Airlines,2611,282.0,76.9,70.28,4.56,18.92,73.6,0.24,48.8,28491,31716
MDW-PDX,MDW,PDX,Chicago,Portland,Large,WN,Southwest Airlines,2611,1751.0,260.8,67.94,1.23,11.26,52.0,-7.25,235.6,25120,15499
IAH-PIT,IAH,PIT,Houston,Pittsburgh,Large,UA,United Airlines,2610,1117.0,165.7,76.78,1.23,9.3,48.4,-4.25,135.5,18664,19867
SFO-MRY,SFO,MRY,San Francisco,Monterey,Large,OO,SkyWest Airlines,2610,77.0,56.4,80.96,1.72,9.1,34.9,-4.93,24.9,30949,12864
DFW-LBB,DFW,LBB,Dallas-Fort Worth,Lubbock,Large,YV,Mesa Airlines,2608,282.0,74.2,71.86,4.06,16.31,69.7,-5.33,46.7,30331,27715
ORD-CHS,ORD,CHS,Chicago,Charleston,Large,UA,United Airlines,2607,760.0,136.8,79.67,1.27,5.71,39.0,-4.21,100.4,14684,17014
IAH-MEI,IAH,MEI,Houston,Meridian,Large,OO,SkyWest Airlines,2607,422.0,95.0,79.63,2.11,9.52,48.0,-8.46,62.8,37072,14988
MRY-SFO,MRY,SFO,Monterey,San Francisco,Small,OO,SkyWest Airlines,2605,77.0,52.8,81.92,1.77,3.05,31.0,-5.8,20.3,26060,10128
FLG-DFW,FLG,DFW,Flagstaff,Dallas-Fort Worth,Non-hub,OO,SkyWest Airlines,2604,853.0,145.7,76.77,2.38,14.28,67.3,-4.07,110.4,43674,16654
DFW-FLG,DFW,FLG,Dallas-Fort Worth,Flagstaff,Large,OO,SkyWest Airlines,2604,853.0,157.4,75.19,2.5,8.86,56.0,-5.39,121.4,27925,15740
MCO-PVD,MCO,PVD,Orlando,Providence,Large,B6,JetBlue Airways,2603,1072.0,167.5,69.34,1.69,17.58,82.0,-2.75,138.3,36835,22913
PVD-MCO,PVD,MCO,Providence,Orlando,Small,B6,JetBlue Airways,2603,1072.0,183.6,69.77,1.96,14.08,76.0,-4.06,153.4,24390,35222
IAD-SAT,IAD,SAT,Washington,San Antonio,Medium,UA,United Airlines,2603,1362.0,220.8,82.37,1.19,4.01,34.0,-7.4,189.8,20805,13951
SAT-IAD,SAT,IAD,San Antonio,Washington,Medium,UA,United Airlines,2602,1362.0,194.4,89.43,1.38,-2.4,12.0,-5.07,168.9,10553,7320
PHL-ATL,PHL,ATL,Philadelphia,Atlanta,Large,AA,American Airlines,2600,666.0,136.2,73.04,1.38,9.97,63.1,-5.87,98.7,24062,22081
MRY-DEN,MRY,DEN,Monterey,Denver,Small,OO,SkyWest Airlines,2599,959.0,160.5,84.99,0.69,3.38,27.2,-6.07,129.4,23971,12743
JFK-DTW,JFK,DTW,New York,Detroit,Large,B6,JetBlue Airways,2598,509.0,125.7,65.17,3.16,19.91,89.0,-5.14,85.7,44284,21237
ORD-LGA,ORD,LGA,Chicago,New York,Large,OO,SkyWest Airlines,2597,733.0,140.6,76.82,3.62,3.29,42.0,-7.45,100.5,26239,7100
ATL-PHL,ATL,PHL,Atlanta,Philadelphia,Large,AA,American Airlines,2596,666.0,126.3,79.39,1.31,11.85,56.0,-6.14,94.3,27552,26830
DTW-JFK,DTW,JFK,Detroit,New York,Large,B6,JetBlue Airways,2596,509.0,106.0,68.57,3.66,19.61,75.0,-2.44,77.5,37574,27549
DEN-MRY,DEN,MRY,Denver,Monterey,Large,OO,SkyWest Airlines,2594,959.0,172.2,76.99,0.85,6.2,47.0,-6.76,137.4,25185,11307
MDW-SRQ,MDW,SRQ,Chicago,Sarasota,Large,WN,Southwest Airlines,2594,1035.0,157.9,72.4,2.08,8.42,44.0,-5.75,134.8,20465,13256
DTW-PHX,DTW,PHX,Detroit,Phoenix,Large,AA,American Airlines,2591,1671.0,264.6,82.98,1.12,3.71,31.0,-9.55,229.8,25924,16770
JAX-IAD,JAX,IAD,Jacksonville,Washington,Medium,UA,United Airlines,2591,630.0,109.3,80.24,1.2,8.6,37.7,-2.32,86.3,23497,16071
PHX-DTW,PHX,DTW,Phoenix,Detroit,Large,AA,American Airlines,2591,1671.0,231.9,79.47,0.96,5.39,37.5,-7.81,196.3,17917,16563
AUS-HRL,AUS,HRL,Austin,Harlingen,Large,WN,Southwest Airlines,2587,273.0,67.5,81.21,1.51,2.43,31.0,-6.75,45.8,8244,14013
HRL-AUS,HRL,AUS,Harlingen,Austin,Small,WN,Southwest Airlines,2587,273.0,68.9,80.6,1.62,3.51,30.0,-4.88,48.1,9234,14197
IAD-MSY,IAD,MSY,Washington,New Orleans,Medium,UA,United Airlines,2587,955.0,165.2,80.17,1.39,5.28,35.0,-5.19,135.3,17527,15516
BNA-CLT,BNA,CLT,Nashville,Charlotte,Large,WN,Southwest Airlines,2585,328.0,83.3,78.22,0.77,4.85,36.0,-7.82,51.4,10151,16482
MSN-ORD,MSN,ORD,Madison,Chicago,Small,UA,United Airlines,2584,108.0,64.0,78.64,1.7,8.34,37.0,-0.05,29.7,28182,9694
MFR-DEN,MFR,DEN,Medford,Denver,Small,UA,United Airlines,2583,964.0,152.8,84.86,0.89,4.21,22.0,-6.07,122.2,23171,11132
DEN-MFR,DEN,MFR,Denver,Medford,Large,UA,United Airlines,2582,964.0,164.7,70.76,0.58,14.21,53.0,-4.12,132.9,22790,22610
AZO-DTW,AZO,DTW,Kalamazoo,Detroit,Non-hub,9E,Endeavor Air,2581,113.0,59.2,87.95,1.01,0.7,18.0,-5.86,27.1,15227,12551
ORD-MSN,ORD,MSN,Chicago,Madison,Large,UA,United Airlines,2580,108.0,60.9,73.45,1.51,10.4,56.1,-6.97,27.1,19433,23557
DTW-AZO,DTW,AZO,Detroit,Kalamazoo,Large,9E,Endeavor Air,2580,113.0,53.2,87.83,1.01,1.26,17.0,-4.38,27.2,19087,4292
DEN-RDM,DEN,RDM,Denver,Redmond-Bend,Large,UA,United Airlines,2579,898.0,157.4,73.79,0.78,10.71,50.0,-7.42,124.8,21835,21922
ORD-RDU,ORD,RDU,Chicago,Raleigh-durham,Large,YX,Republic Airways,2578,646.0,129.4,82.58,1.12,0.33,31.0,-4.99,91.2,13758,11639
PDX-SEA,PDX,SEA,Portland,Seattle,Medium,DL,Delta Air Lines,2576,129.0,62.7,89.87,1.13,0.25,12.6,-5.11,31.1,15703,8397
SEA-PDX,SEA,PDX,Seattle,Portland,Large,DL,Delta Air Lines,2576,129.0,56.7,79.31,1.09,7.02,32.0,-3.74,29.1,24042,6721
PDX-BOI,PDX,BOI,Portland,Boise,Medium,OO,SkyWest Airlines,2575,344.0,71.8,84.12,0.74,4.34,26.0,0.84,54.2,10354,11251
ORD-HSV,ORD,HSV,Chicago,Huntsville,Large,OO,SkyWest Airlines,2574,510.0,112.1,68.26,1.63,18.34,79.0,-3.37,74.2,42769,19873
RDM-DEN,RDM,DEN,Redmond-Bend,Denver,Small,UA,United Airlines,2574,898.0,145.9,80.57,1.09,8.48,34.0,-5.32,115.4,27062,12705
MEM-ATL,MEM,ATL,Memphis,Atlanta,Medium,WN,Southwest Airlines,2573,332.0,78.8,78.08,1.94,3.64,34.0,-7.64,51.2,12704,14470
HSV-ORD,HSV,ORD,Huntsville,Chicago,Small,OO,SkyWest Airlines,2573,510.0,128.9,69.45,1.55,22.27,75.0,0.48,96.8,52888,15287
CLE-EWR,CLE,EWR,Cleveland,Newark,Medium,YX,Republic Airways,2570,404.0,103.6,73.66,6.03,6.15,48.0,-4.73,66.4,30114,9079
RDU-PHL,RDU,PHL,Raleigh-durham,Philadelphia,Medium,F9,Frontier Airlines,2569,337.0,89.6,71.43,2.37,17.35,69.0,-4.45,56.2,20773,43268
PHL-RDU,PHL,RDU,Philadelphia,Raleigh-durham,Large,F9,Frontier Airlines,2569,337.0,92.8,74.89,1.79,8.46,57.0,-4.82,58.7,22932,21892
DCA-RDU,DCA,RDU,Washington,Raleigh-durham,Large,OH,PSA Airlines,2568,227.0,79.3,74.14,2.73,8.45,52.0,-3.16,44.9,20845,19878
ORD-MCO,ORD,MCO,Chicago,Orlando,Large,WN,Southwest Airlines,2568,1005.0,161.5,66.9,2.49,12.35,52.5,-4.08,129.7,22887,21091
CLE-LAS,CLE,LAS,Cleveland,Las Vegas,Medium,F9,Frontier Airlines,2567,1824.0,283.1,67.98,1.95,15.42,68.0,-9.16,245.8,31372,29432
FLL-BNA,FLL,BNA,Fort Lauderdale,Nashville,Large,NK,Spirit Airlines,2567,793.0,143.1,69.96,2.06,12.41,64.0,-4.91,113.3,35613,11020
LAS-CLE,LAS,CLE,Las Vegas,Cleveland,Large,F9,Frontier Airlines,2567,1824.0,247.2,71.99,1.32,9.8,50.0,-6.46,210.5,27517,16205
MDW-SMF,MDW,SMF,Chicago,Sacramento,Large,WN,Southwest Airlines,2566,1790.0,267.8,70.03,1.29,8.85,47.0,-8.98,240.1,21359,15002
DSM-ORD,DSM,ORD,Des Moines,Chicago,Small,MQ,Envoy Air,2566,299.0,88.3,79.23,1.79,4.68,42.7,-3.05,54.5,23119,11318
EWR-BTV,EWR,BTV,Newark,Burlington,Large,YX,Republic Airways,2566,266.0,82.6,79.07,4.44,1.24,33.0,-4.03,48.8,16509,9504
ORD-DSM,ORD,DSM,Chicago,Des Moines,Large,MQ,Envoy Air,2565,299.0,85.0,76.88,1.64,5.33,40.0,-3.64,52.1,19122,11189
RDU-DCA,RDU,DCA,Raleigh-durham,Washington,Medium,OH,PSA Airlines,2565,227.0,75.5,68.23,2.96,19.53,66.0,-0.24,43.8,33882,31148
ATL-DFW,ATL,DFW,Atlanta,Dallas-Fort Worth,Large,NK,Spirit Airlines,2565,731.0,145.7,70.21,1.79,13.52,60.0,-3.75,113.5,30579,15771
BNA-SFO,BNA,SFO,Nashville,San Francisco,Large,UA,United Airlines,2564,1969.0,295.2,73.67,1.87,10.01,47.0,-7.45,262.4,29425,12245
SFO-BNA,SFO,BNA,San Francisco,Nashville,Large,UA,United Airlines,2564,1969.0,264.5,77.77,1.64,3.1,32.0,-5.2,225.9,13021,10492
ANC-OME,ANC,OME,Anchorage,Nome,Medium,AS,Alaska Airlines,2563,539.0,94.5,79.05,3.55,1.82,27.0,-0.06,76.0,10402,7599
SEA-BWI,SEA,BWI,Seattle,Baltimore,Large,AS,Alaska Airlines,2563,2335.0,303.6,78.7,2.18,0.66,27.0,-5.57,268.6,13958,5111
BWI-SEA,BWI,SEA,Baltimore,Seattle,Large,AS,Alaska Airlines,2562,2335.0,350.5,70.92,2.69,5.89,42.4,-5.96,314.9,20774,12199
PHL-CLT,PHL,CLT,Philadelphia,Charlotte,Large,F9,Frontier Airlines,2561,449.0,113.1,69.11,2.58,13.99,83.0,-3.6,74.9,31062,25023
CLT-PHL,CLT,PHL,Charlotte,Philadelphia,Large,F9,Frontier Airlines,2561,449.0,105.6,64.08,3.16,28.58,94.0,-1.65,68.8,38174,46613
LGA-SYR,LGA,SYR,New York,Syracuse,Large,9E,Endeavor Air,2561,198.0,79.8,80.44,4.45,-1.61,33.0,-9.42,40.5,13368,14510
OTZ-ANC,OTZ,ANC,Kotzebue,Anchorage,Non-hub,AS,Alaska Airlines,2561,548.0,88.7,84.46,5.23,-3.77,16.0,0.52,75.4,2747,12325
OGG-DFW,OGG,DFW,Kahului,Dallas-Fort Worth,Medium,AA,American Airlines,2560,3711.0,423.1,87.62,0.63,4.32,22.0,-11.85,390.0,31454,18025
DFW-OGG,DFW,OGG,Dallas-Fort Worth,Kahului,Large,AA,American Airlines,2560,3711.0,490.1,77.3,0.39,8.2,63.0,-9.35,451.1,36302,14348
BNA-FLL,BNA,FLL,Nashville,Fort Lauderdale,Large,NK,Spirit Airlines,2559,793.0,136.1,71.9,2.31,13.05,63.5,-4.17,108.1,31605,17460
HYS-DEN,HYS,DEN,Hays,Denver,Non-hub,OO,SkyWest Airlines,2558,298.0,83.0,81.82,2.58,8.43,42.0,-2.92,56.4,27920,18154
DTW-DEN,DTW,DEN,Detroit,Denver,Large,WN,Southwest Airlines,2558,1123.0,188.9,77.91,1.09,2.92,34.0,-8.38,159.6,14844,10717
SYR-LGA,SYR,LGA,Syracuse,New York,Small,9E,Endeavor Air,2557,198.0,78.1,80.02,4.18,1.42,37.0,-7.54,42.3,23981,11126
TPA-BUF,TPA,BUF,Tampa,Buffalo,Large,WN,Southwest Airlines,2556,1053.0,158.8,82.43,2.27,3.96,28.0,-4.94,136.9,10579,12361
MSY-IAD,MSY,IAD,New Orleans,Washington,Medium,UA,United Airlines,2555,955.0,147.3,87.83,1.57,-2.31,17.0,-5.58,122.7,14276,5794
DFW-TLH,DFW,TLH,Dallas-Fort Worth,Tallahassee,Large,MQ,Envoy Air,2555,767.0,128.7,77.85,1.6,5.53,38.0,-2.09,99.1,17516,11585
DFW-ATL,DFW,ATL,Dallas-Fort Worth,Atlanta,Large,NK,Spirit Airlines,2555,731.0,130.6,71.51,1.68,11.47,57.0,-4.36,95.5,31265,13584
SFO-PDX,SFO,PDX,San Francisco,Portland,Large,OO,SkyWest Airlines,2555,550.0,110.1,79.73,0.94,4.88,38.0,-4.1,81.6,13117,15113
TLH-DFW,TLH,DFW,Tallahassee,Dallas-Fort Worth,Small,MQ,Envoy Air,2554,767.0,150.8,77.06,1.61,8.36,40.5,-2.46,121.5,21451,13478
PHX-BFL,PHX,BFL,Phoenix,Bakersfield,Large,OO,SkyWest Airlines,2553,425.0,94.8,86.37,0.67,0.79,24.0,-4.83,65.2,14689,8771
DEN-DTW,DEN,DTW,Denver,Detroit,Large,WN,Southwest Airlines,2550,1123.0,163.1,62.35,1.18,16.96,54.9,-5.6,135.1,25706,20669
MBS-DTW,MBS,DTW,Saginaw,Detroit,Non-hub,9E,Endeavor Air,2550,98.0,54.4,89.69,0.51,-2.33,14.0,-5.13,23.9,13360,6882
SDF-DCA,SDF,DCA,Louisville,Washington,Medium,YX,Republic Airways,2550,474.0,98.9,84.27,1.33,-0.37,22.0,-1.57,71.1,16448,4010
BFL-PHX,BFL,PHX,Bakersfield,Phoenix,Non-hub,OO,SkyWest Airlines,2549,425.0,97.8,87.33,0.67,1.4,19.0,-2.6,70.1,17971,8561
DTW-MBS,DTW,MBS,Detroit,Saginaw,Large,9E,Endeavor Air,2549,98.0,52.9,89.6,0.51,-2.48,14.0,-5.17,25.7,12485,2824
BNA-TPA,BNA,TPA,Nashville,Tampa,Large,MQ,Envoy Air,2548,612.0,108.9,75.86,2.24,9.1,47.0,-1.61,87.2,15874,19931
DCA-SDF,DCA,SDF,Washington,Louisville,Large,YX,Republic Airways,2548,474.0,116.0,80.57,2.98,1.12,37.0,-6.13,80.0,14375,16094
MCO-ORD,MCO,ORD,Orlando,Chicago,Large,WN,Southwest Airlines,2547,1005.0,182.2,69.22,2.0,12.96,55.0,-1.86,148.0,30684,12669
TPA-BNA,TPA,BNA,Tampa,Nashville,Large,MQ,Envoy Air,2545,612.0,116.7,72.77,2.2,12.28,54.1,-0.57,92.2,16537,27173
ATL-BQK,ATL,BQK,Atlanta,Brunswick,Large,9E,Endeavor Air,2544,238.0,69.4,88.56,0.31,0.76,15.0,-3.94,43.4,17469,3878
ORD-BZN,ORD,BZN,Chicago,Bozeman,Large,UA,United Airlines,2544,1185.0,204.8,77.16,1.14,6.53,45.0,-7.63,166.4,17492,18522
BQK-ATL,BQK,ATL,Brunswick,Atlanta,Non-hub,9E,Endeavor Air,2544,238.0,73.8,87.07,0.39,2.77,23.0,-4.86,44.9,19384,11161
BUF-TPA,BUF,TPA,Buffalo,Tampa,Medium,WN,Southwest Airlines,2544,1053.0,165.3,75.71,2.0,7.45,43.0,-5.98,143.0,14437,19213
BZN-ORD,BZN,ORD,Bozeman,Chicago,Small,UA,United Airlines,2544,1185.0,181.8,82.0,1.49,3.41,33.0,-6.65,144.9,20331,15316
ATL-MEM,ATL,MEM,Atlanta,Memphis,Large,WN,Southwest Airlines,2541,332.0,83.5,77.1,1.38,6.35,38.0,-8.51,56.5,12772,17933
RDM-PHX,RDM,PHX,Redmond-Bend,Phoenix,Small,OO,SkyWest Airlines,2541,893.0,150.8,86.62,0.55,5.97,22.0,-5.11,119.4,36487,8874
JFK-BWI,JFK,BWI,New York,Baltimore,Large,9E,Endeavor Air,2541,184.0,82.2,80.44,4.64,-0.54,30.0,-9.51,39.0,18066,11334
BWI-JFK,BWI,JFK,Baltimore,New York,Large,9E,Endeavor Air,2541,184.0,84.0,79.77,4.64,2.97,38.0,-8.54,42.1,26206,10348
SMF-MDW,SMF,MDW,Sacramento,Chicago,Medium,WN,Southwest Airlines,2541,1790.0,236.7,83.43,0.91,0.75,22.0,-8.58,211.8,9050,6220
DFW-SJT,DFW,SJT,Dallas-Fort Worth,San Angelo,Large,OO,SkyWest Airlines,2540,229.0,74.6,78.31,3.54,7.36,46.0,-3.7,42.6,27025,9882
PHX-RDM,PHX,RDM,Phoenix,Redmond-Bend,Large,OO,SkyWest Airlines,2540,893.0,158.0,86.46,0.35,0.74,20.9,-5.05,127.7,13422,10444
SJT-DFW,SJT,DFW,San Angelo,Dallas-Fort Worth,Non-hub,OO,SkyWest Airlines,2539,229.0,71.5,77.67,4.02,9.96,45.0,-0.94,42.8,33712,8071
PHL-BNA,PHL,BNA,Philadelphia,Nashville,Large,YX,Republic Airways,2537,675.0,140.2,84.04,1.42,-1.97,23.0,-2.91,105.1,12836,6701
JAX-DTW,JAX,DTW,Jacksonville,Detroit,Medium,DL,Delta Air Lines,2535,813.0,139.2,82.88,1.18,1.7,30.0,-7.21,111.1,11096,16204
BNA-PHL,BNA,PHL,Nashville,Philadelphia,Large,YX,Republic Airways,2534,675.0,125.0,85.28,1.46,0.96,22.0,-3.7,98.2,10776,11352
DTW-JAX,DTW,JAX,Detroit,Jacksonville,Large,DL,Delta Air Lines,2534,813.0,137.9,81.57,1.18,1.86,34.0,-5.26,110.5,19123,5098
DFW-IAH,DFW,IAH,Dallas-Fort Worth,Houston,Large,MQ,Envoy Air,2533,224.0,76.5,80.26,3.08,2.37,28.0,-3.3,44.4,14156,7676
IAH-DFW,IAH,DFW,Houston,Dallas-Fort Worth,Large,MQ,Envoy Air,2531,224.0,85.5,76.57,3.16,6.19,45.0,-5.79,46.1,20102,18175
JFK-ORD,JFK,ORD,New York,Chicago,Large,YX,Republic Airways,2530,740.0,173.6,78.93,3.6,2.52,42.0,-8.36,122.0,25955,8993
ICT-ORD,ICT,ORD,Wichita,Chicago,Small,MQ,Envoy Air,2530,588.0,119.8,80.79,1.86,4.13,38.0,-5.46,86.0,22085,12384
ORD-JFK,ORD,JFK,Chicago,New York,Large,YX,Republic Airways,2530,740.0,142.3,77.71,2.06,7.3,42.0,-4.28,103.5,29058,8577
ORD-ICT,ORD,ICT,Chicago,Wichita,Large,MQ,Envoy Air,2530,588.0,124.2,76.96,1.7,4.14,42.0,-3.84,91.2,18267,11573
PWM-DCA,PWM,DCA,Portland,Washington,Small,OH,PSA Airlines,2527,482.0,115.1,73.53,4.87,14.18,56.0,-5.07,83.1,28091,28825
DCA-PWM,DCA,PWM,Washington,Portland,Large,OH,PSA Airlines,2527,482.0,101.2,71.75,4.43,10.98,51.0,-3.32,70.7,20961,20992
SJU-PHL,SJU,PHL,San Juan,Philadelphia,Medium,AA,American Airlines,2526,1576.0,245.6,80.76,0.59,8.37,34.0,-5.86,215.0,27853,19541
PHL-SJU,PHL,SJU,Philadelphia,San Juan,Large,AA,American Airlines,2525,1576.0,236.5,75.68,0.48,9.13,52.0,-5.57,200.1,33916,13588
LAX-KOA,LAX,KOA,Los Angeles,Kona,Large,UA,United Airlines,2524,2504.0,348.8,88.27,0.28,-7.36,17.0,-11.08,312.2,8404,6137
MCI-LGA,MCI,LGA,Kansas City,New York,Medium,WN,Southwest Airlines,2523,1107.0,164.9,77.53,2.93,4.98,35.0,-6.37,138.8,19807,8562
KOA-LAX,KOA,LAX,Kona,Los Angeles,Small,UA,United Airlines,2523,2504.0,323.0,88.47,0.75,-2.39,16.0,-7.82,291.2,14187,8307
BOS-ORD,BOS,ORD,Boston,Chicago,Large,B6,JetBlue Airways,2523,867.0,180.5,73.92,1.31,7.27,63.0,-8.3,134.6,33713,11718
ORD-BOS,ORD,BOS,Chicago,Boston,Large,B6,JetBlue Airways,2523,867.0,144.4,72.97,1.74,16.25,74.0,-6.02,108.9,36313,31068
LGA-MCI,LGA,MCI,New York,Kansas City,Large,WN,Southwest Airlines,2522,1107.0,195.9,73.87,2.3,7.11,46.0,-7.69,159.8,15418,21088
CHS-EWR,CHS,EWR,Charleston,Newark,Medium,YX,Republic Airways,2521,628.0,126.7,75.09,5.59,6.45,44.8,-4.32,91.7,28301,10749
BUF-EWR,BUF,EWR,Buffalo,Newark,Medium,YX,Republic Airways,2521,282.0,92.1,76.83,7.02,2.66,35.0,-6.14,54.5,23649,9045
SJU-FLL,SJU,FLL,San Juan,Fort Lauderdale,Medium,WN,Southwest Airlines,2521,1046.0,171.1,84.85,0.63,1.14,23.0,-6.71,142.8,7918,10578
DEN-CLE,DEN,CLE,Denver,Cleveland,Large,WN,Southwest Airlines,2520,1201.0,167.2,61.47,1.47,17.62,54.0,-5.3,141.3,24437,22724
FLL-SJU,FLL,SJU,Fort Lauderdale,San Juan,Large,WN,Southwest Airlines,2519,1046.0,156.6,73.24,0.79,9.72,48.0,-7.98,127.4,15562,21718
ISP-PBI,ISP,PBI,Islip,West Palm Beach,Small,WN,Southwest Airlines,2519,1052.0,175.9,75.31,1.67,6.89,46.0,-7.88,152.6,21441,13837
BUR-SFO,BUR,SFO,Burbank,San Francisco,Medium,UA,United Airlines,2518,326.0,88.0,73.83,1.03,10.78,60.0,-1.59,55.7,30242,14284
SFO-BUR,SFO,BUR,San Francisco,Burbank,Large,UA,United Airlines,2518,326.0,81.2,81.97,0.75,2.12,38.0,-5.74,50.9,10127,16576
PBI-ISP,PBI,ISP,West Palm Beach,Islip,Medium,WN,Southwest Airlines,2517,1052.0,159.9,76.52,1.35,9.04,44.0,-4.49,138.4,11572,22685
SLC-SEA,SLC,SEA,Salt Lake City,Seattle,Large,OO,SkyWest Airlines,2515,689.0,137.7,80.4,0.6,3.91,26.0,0.58,106.8,18671,5753
BFL-DEN,BFL,DEN,Bakersfield,Denver,Non-hub,OO,SkyWest Airlines,2515,845.0,152.8,85.17,0.99,3.45,27.3,-7.41,118.8,33201,4573
DEN-BFL,DEN,BFL,Denver,Bakersfield,Large,OO,SkyWest Airlines,2514,845.0,162.4,77.68,1.27,7.41,42.0,-5.52,128.0,27251,8666
LAS-MCO,LAS,MCO,Las Vegas,Orlando,Large,F9,Frontier Airlines,2514,2039.0,275.7,66.55,1.55,14.96,65.0,-7.98,236.4,33758,20630
LAX-PHX,LAX,PHX,Los Angeles,Phoenix,Large,UA,United Airlines,2514,370.0,87.6,85.36,0.76,0.23,24.0,-4.69,58.1,9920,10529
EWR-BUF,EWR,BUF,Newark,Buffalo,Large,YX,Republic Airways,2513,282.0,87.9,76.96,6.69,2.46,34.0,-4.26,52.3,16252,9032
PHX-LAX,PHX,LAX,Phoenix,Los Angeles,Large,UA,United Airlines,2512,370.0,88.6,89.73,0.8,-1.25,13.0,-3.74,58.7,10829,7658
EWR-RDU,EWR,RDU,Newark,Raleigh-durham,Large,9E,Endeavor Air,2512,416.0,109.4,76.0,3.7,6.25,52.0,-7.63,70.3,16799,24896
RDU-EWR,RDU,EWR,Raleigh-durham,Newark,Medium,9E,Endeavor Air,2512,416.0,105.6,72.61,3.94,8.38,59.3,-5.22,66.9,32210,8371
SJC-SLC,SJC,SLC,San Jose,Salt Lake City,Medium,OO,SkyWest Airlines,2512,584.0,115.7,93.59,0.12,-6.02,6.0,-5.79,88.9,12444,0
SEA-SAT,SEA,SAT,Seattle,San Antonio,Large,AS,Alaska Airlines,2512,1774.0,240.3,75.08,1.07,5.43,34.0,-3.98,210.1,14892,9680
GCK-DFW,GCK,DFW,Garden City,Dallas-Fort Worth,Non-hub,MQ,Envoy Air,2512,404.0,89.8,80.14,2.31,8.51,39.0,-2.63,63.7,23288,13842
LGA-GRR,LGA,GRR,New York,Grand Rapids,Large,9E,Endeavor Air,2511,618.0,138.7,78.57,4.74,-1.94,40.0,-11.48,96.1,16829,14648
SAT-SEA,SAT,SEA,San Antonio,Seattle,Medium,AS,Alaska Airlines,2511,1774.0,266.5,72.52,1.31,6.5,37.0,-2.72,237.7,17222,12970
GRR-LGA,GRR,LGA,Grand Rapids,New York,Medium,9E,Endeavor Air,2511,618.0,118.2,81.56,4.54,-1.01,27.5,-5.47,86.8,17466,6742
PHX-JFK,PHX,JFK,Phoenix,New York,Large,B6,JetBlue Airways,2511,2153.0,282.3,61.25,1.87,28.06,100.0,-6.42,251.8,43115,41807
DFW-GCK,DFW,GCK,Dallas-Fort Worth,Garden City,Large,MQ,Envoy Air,2511,404.0,93.8,79.05,2.07,5.84,36.0,-2.85,66.6,15193,13269
JFK-PHX,JFK,PHX,New York,Phoenix,Large,B6,JetBlue Airways,2510,2153.0,336.4,63.9,1.55,14.76,80.0,-7.92,292.4,43121,16093
MCO-LAS,MCO,LAS,Orlando,Las Vegas,Large,F9,Frontier Airlines,2510,2039.0,310.1,67.57,1.59,15.23,73.5,-7.55,272.4,32585,24278
SGF-CLT,SGF,CLT,Springfield,Charlotte,Small,MQ,Envoy Air,2508,708.0,130.7,87.44,0.76,-1.99,17.0,-4.28,94.4,10605,3174
CLT-SGF,CLT,SGF,Charlotte,Springfield,Large,MQ,Envoy Air,2508,708.0,144.4,73.6,1.12,9.44,48.0,-4.21,108.9,19619,17881
SLC-SJC,SLC,SJC,Salt Lake City,San Jose,Large,OO,SkyWest Airlines,2508,584.0,124.3,92.5,0.12,-6.41,8.8,-8.36,94.1,10807,0
STL-MSP,STL,MSP,St. Louis,Minneapolis,Medium,WN,Southwest Airlines,2506,448.0,90.9,75.3,1.44,7.7,42.0,-5.63,69.9,12714,17555
ORD-TUL,ORD,TUL,Chicago,Tulsa,Large,MQ,Envoy Air,2506,585.0,120.8,77.37,1.08,4.99,42.6,-4.77,88.2,17849,13254
DAL-LGB,DAL,LGB,Dallas,Long Beach,Large,WN,Southwest Airlines,2505,1232.0,196.1,76.45,1.08,6.08,37.5,-7.69,171.7,14051,12989
LGB-DAL,LGB,DAL,Long Beach,Dallas,Small,WN,Southwest Airlines,2505,1232.0,177.3,76.37,1.08,6.63,37.9,-6.31,154.5,17696,11645
CLE-DEN,CLE,DEN,Cleveland,Denver,Medium,WN,Southwest Airlines,2504,1201.0,197.4,80.11,1.12,0.96,31.0,-7.91,170.3,13279,9762
TUL-ORD,TUL,ORD,Tulsa,Chicago,Small,MQ,Envoy Air,2503,585.0,120.3,80.38,1.24,3.88,38.2,-3.6,85.6,19784,11420
IAH-DFW,IAH,DFW,Houston,Dallas-Fort Worth,Large,YV,Mesa Airlines,2502,224.0,80.4,71.74,4.2,15.82,56.0,-3.27,45.4,43621,7042
HOU-OAK,HOU,OAK,Houston,Oakland,Medium,WN,Southwest Airlines,2498,1642.0,247.0,74.3,1.32,6.2,41.0,-9.59,220.0,14203,14929
MIA-DAL,MIA,DAL,Miami,Dallas,Large,WN,Southwest Airlines,2498,1109.0,186.4,66.33,2.36,15.45,61.1,-3.31,158.8,25942,22545
SEA-SLC,SEA,SLC,Seattle,Salt Lake City,Large,OO,SkyWest Airlines,2498,689.0,120.6,80.66,0.44,4.76,30.0,-2.46,94.1,10399,11540
ORD-MCI,ORD,MCI,Chicago,Kansas City,Large,AA,American Airlines,2498,403.0,93.9,66.37,1.56,21.96,76.8,-4.23,64.0,29212,36266
BQN-MCO,BQN,MCO,Aguadilla,Orlando,Non-hub,B6,JetBlue Airways,2497,1129.0,175.8,69.04,1.36,17.57,76.0,-2.56,151.3,16547,42435
DAL-MIA,DAL,MIA,Dallas,Miami,Large,WN,Southwest Airlines,2495,1109.0,163.5,70.14,2.36,12.35,52.0,-6.04,137.0,26755,15669
OAK-HOU,OAK,HOU,Oakland,Houston,Medium,WN,Southwest Airlines,2495,1642.0,223.5,78.16,1.0,4.48,35.0,-7.7,197.6,12297,11426
MCI-ORD,MCI,ORD,Kansas City,Chicago,Medium,AA,American Airlines,2494,403.0,96.5,79.67,1.64,12.78,44.0,-1.71,63.0,30794,20817
JFK-BTV,JFK,BTV,New York,Burlington,Large,9E,Endeavor Air,2493,266.0,89.5,83.43,3.41,-3.12,25.0,-9.21,47.5,16249,9121
MCO-BQN,MCO,BQN,Orlando,Aguadilla,Large,B6,JetBlue Airways,2493,1129.0,164.3,67.35,1.2,20.02,79.0,-3.09,136.7,38814,19776
BTV-JFK,BTV,JFK,Burlington,New York,Small,9E,Endeavor Air,2492,266.0,95.2,84.83,3.13,-0.98,20.8,-9.15,55.6,20912,9296
MCO-CLE,MCO,CLE,Orlando,Cleveland,Large,UA,United Airlines,2491,895.0,148.1,84.66,1.24,-0.29,27.0,-4.59,119.4,12650,13134
CLE-MCO,CLE,MCO,Cleveland,Orlando,Medium,UA,United Airlines,2491,895.0,149.4,88.08,1.32,-4.0,17.0,-6.07,120.6,13487,5240
LGA-ALB,LGA,ALB,New York,Albany,Large,9E,Endeavor Air,2488,136.0,69.8,78.9,4.42,-0.53,39.0,-9.43,30.6,11174,16706
MHT-MCO,MHT,MCO,Manchester NH,Orlando,Small,WN,Southwest Airlines,2486,1142.0,196.2,76.11,1.93,3.66,42.0,-7.78,167.4,15894,14705
ALB-LGA,ALB,LGA,Albany,New York,Small,9E,Endeavor Air,2486,136.0,64.9,81.26,4.02,1.18,34.6,-5.0,32.9,20661,8756
ORD-COS,ORD,COS,Chicago,Colorado Springs,Large,OO,SkyWest Airlines,2485,911.0,177.0,70.99,1.77,8.81,54.0,-7.09,134.9,26577,14622
COS-ORD,COS,ORD,Colorado Springs,Chicago,Small,OO,SkyWest Airlines,2484,911.0,164.8,83.82,1.21,4.64,31.0,-7.4,122.7,29596,8904
ORD-CWA,ORD,CWA,Chicago,Wassau,Large,MQ,Envoy Air,2483,213.0,71.2,79.66,1.81,4.55,37.0,-4.37,40.6,18469,11458
MCO-DFW,MCO,DFW,Orlando,Dallas-Fort Worth,Large,F9,Frontier Airlines,2483,985.0,188.1,69.55,2.09,11.79,64.0,-3.46,147.5,29501,18748
TYS-DTW,TYS,DTW,Knoxville,Detroit,Small,9E,Endeavor Air,2483,443.0,102.9,92.43,0.68,-8.11,5.0,-8.96,70.6,8837,5032
CWA-ORD,CWA,ORD,Wassau,Chicago,Non-hub,MQ,Envoy Air,2483,213.0,84.0,78.45,2.01,7.02,45.0,-2.0,49.4,23061,13721
SEA-FAI,SEA,FAI,Seattle,Fairbanks,Large,DL,Delta Air Lines,2481,1533.0,231.7,80.41,0.85,2.4,33.0,-8.18,199.8,23157,6674
CLT-DCA,CLT,DCA,Charlotte,Washington,Large,OH,PSA Airlines,2481,331.0,94.2,72.27,0.97,14.02,55.0,-0.48,57.6,27727,19454
SFB-AVL,SFB,AVL,Sanford,Asheville,Small,G4,Allegiant Air,2480,465.0,89.9,66.9,2.46,17.75,69.0,-0.03,68.0,29162,25803
DTW-TYS,DTW,TYS,Detroit,Knoxville,Large,9E,Endeavor Air,2480,443.0,95.4,87.66,0.65,-1.15,19.0,-6.14,66.5,14279,5592
SJU-DFW,SJU,DFW,San Juan,Dallas-Fort Worth,Medium,AA,American Airlines,2480,2165.0,321.7,75.16,0.93,12.05,42.0,-6.5,283.1,29252,22280
FAI-SEA,FAI,SEA,Fairbanks,Seattle,Small,DL,Delta Air Lines,2480,1533.0,222.7,78.71,1.17,8.33,39.0,-6.17,189.6,28876,14308
DCA-CLT,DCA,CLT,Washington,Charlotte,Large,OH,PSA Airlines,2478,331.0,97.1,76.43,1.45,11.64,56.3,-5.22,59.4,27267,20329
DFW-MCO,DFW,MCO,Dallas-Fort Worth,Orlando,Large,F9,Frontier Airlines,2478,985.0,168.9,67.51,2.42,20.63,87.0,-8.42,126.3,32212,38171
SFO-PSC,SFO,PSC,San Francisco,Pasco,Large,OO,SkyWest Airlines,2478,620.0,120.9,81.36,0.44,5.97,36.1,-4.85,88.8,23335,8408
DFW-SJU,DFW,SJU,Dallas-Fort Worth,San Juan,Large,AA,American Airlines,2478,2165.0,282.6,70.58,0.85,13.07,59.0,-6.86,249.0,32836,16520
PSC-SFO,PSC,SFO,Pasco,San Francisco,Small,OO,SkyWest Airlines,2477,620.0,126.4,78.44,0.44,9.52,50.0,-2.13,97.9,30953,10758
TPA-MKE,TPA,MKE,Tampa,Milwaukee,Large,WN,Southwest Airlines,2477,1075.0,167.6,74.97,2.26,9.59,43.0,-4.88,145.3,14419,19434
ORD-AVL,ORD,AVL,Chicago,Asheville,Large,OO,SkyWest Airlines,2477,536.0,114.4,73.68,2.66,9.53,52.5,-2.52,77.2,26124,12315
SAF-DEN,SAF,DEN,Santa Fe,Denver,Non-hub,OO,SkyWest Airlines,2476,303.0,91.1,79.28,1.09,4.41,44.8,-4.83,55.5,26243,10752
DEN-SAF,DEN,SAF,Denver,Santa Fe,Large,OO,SkyWest Airlines,2476,303.0,79.9,78.15,1.09,7.75,45.0,-5.06,48.1,26714,10984
MDW-SJC,MDW,SJC,Chicago,San Jose,Large,WN,Southwest Airlines,2476,1838.0,274.5,68.9,1.33,8.63,48.0,-8.64,247.1,22275,14326
AVL-ORD,AVL,ORD,Asheville,Chicago,Small,OO,SkyWest Airlines,2475,536.0,128.8,73.29,2.79,12.92,56.0,-2.53,90.4,37091,13623
CLT-SLC,CLT,SLC,Charlotte,Salt Lake City,Large,AA,American Airlines,2474,1727.0,267.6,71.71,1.46,9.43,52.0,-5.48,235.4,22483,15974
BTV-LGA,BTV,LGA,Burlington,New York,Small,9E,Endeavor Air,2474,258.0,85.6,78.5,5.01,2.24,41.0,-7.66,48.9,21669,12389
MSP-STL,MSP,STL,Minneapolis,St. Louis,Large,WN,Southwest Airlines,2474,448.0,90.8,80.64,1.25,2.13,30.0,-7.07,64.2,9659,13565
SLC-CLT,SLC,CLT,Salt Lake City,Charlotte,Large,AA,American Airlines,2474,1727.0,238.2,79.67,1.41,3.21,34.0,-8.1,202.7,18676,13402
LGA-BTV,LGA,BTV,New York,Burlington,Large,9E,Endeavor Air,2474,258.0,86.8,79.22,4.65,-1.53,36.6,-9.55,45.5,15455,12019
AVL-SFB,AVL,SFB,Asheville,Sanford,Small,G4,Allegiant Air,2474,465.0,88.2,69.52,2.34,17.71,63.0,-0.1,69.4,31637,22365
MDW-MHT,MDW,MHT,Chicago,Manchester NH,Large,WN,Southwest Airlines,2473,838.0,123.9,67.65,1.94,12.2,50.0,-5.24,101.9,19774,17540
JFK-BNA,JFK,BNA,New York,Nashville,Large,B6,JetBlue Airways,2473,765.0,156.6,67.04,3.8,13.47,70.0,-6.25,115.2,39786,12923
BNA-JFK,BNA,JFK,Nashville,New York,Large,B6,JetBlue Airways,2473,765.0,140.0,65.71,4.29,19.37,77.0,-3.32,110.9,30109,30869
MKE-TPA,MKE,TPA,Milwaukee,Tampa,Medium,WN,Southwest Airlines,2473,1075.0,161.2,80.06,1.74,3.56,35.0,-4.65,139.8,13598,10981
MHT-MDW,MHT,MDW,Manchester NH,Chicago,Small,WN,Southwest Airlines,2471,838.0,150.7,81.18,2.06,0.2,31.0,-8.28,125.2,9712,14975
OAJ-ATL,OAJ,ATL,Jacksonville NC,Atlanta,Non-hub,9E,Endeavor Air,2471,399.0,99.8,90.17,0.32,-2.95,12.0,-8.63,68.2,9856,11557
MCO-MHT,MCO,MHT,Orlando,Manchester NH,Large,WN,Southwest Airlines,2471,1142.0,173.3,80.74,1.42,3.24,32.0,-6.8,148.0,13467,10531
ATL-OAJ,ATL,OAJ,Atlanta,Jacksonville NC,Large,9E,Endeavor Air,2470,399.0,84.3,89.19,0.28,-0.32,16.0,-5.09,58.6,13632,5113
RIC-MCO,RIC,MCO,Richmond,Orlando,Medium,B6,JetBlue Airways,2469,667.0,129.8,66.5,2.03,18.47,82.0,-3.85,100.3,22949,37893
JFK-CVG,JFK,CVG,New York,Cincinnati,Large,9E,Endeavor Air,2469,589.0,135.9,77.89,3.36,4.55,42.0,-6.99,94.4,23493,15918
CVG-JFK,CVG,JFK,Cincinnati,New York,Medium,9E,Endeavor Air,2469,589.0,127.6,80.88,3.12,1.78,32.0,-7.06,93.7,22941,6550
MCO-RIC,MCO,RIC,Orlando,Richmond,Large,B6,JetBlue Airways,2467,667.0,120.3,68.59,1.82,16.67,72.0,-0.53,91.9,34452,17870
DEN-TUS,DEN,TUS,Denver,Tucson,Large,UA,United Airlines,2467,639.0,124.4,78.6,0.32,6.3,42.6,-5.76,95.5,16999,14769
BOS-LAS,BOS,LAS,Boston,Las Vegas,Large,DL,Delta Air Lines,2466,2381.0,364.5,80.9,0.97,-2.06,34.0,-12.45,320.2,19700,6469
LAS-BOS,LAS,BOS,Las Vegas,Boston,Large,DL,Delta Air Lines,2466,2381.0,307.9,77.82,0.97,5.91,44.0,-6.34,270.0,24577,11363
SEA-MSO,SEA,MSO,Seattle,Missoula,Large,QX,Horizon Air,2464,389.0,87.5,83.28,1.42,1.87,24.0,-3.46,65.2,10242,5826
BGR-EWR,BGR,EWR,Bangor,Newark,Small,YX,Republic Airways,2464,393.0,113.6,73.13,5.76,4.35,48.0,-3.82,75.3,27595,7234
TUS-DEN,TUS,DEN,Tucson,Denver,Medium,UA,United Airlines,2463,639.0,115.9,84.61,0.57,3.3,29.0,-5.14,88.4,17204,11404
MSO-SEA,MSO,SEA,Missoula,Seattle,Small,QX,Horizon Air,2463,389.0,101.7,79.25,1.99,6.22,31.0,-0.18,78.8,17153,7951
JAX-PHL,JAX,PHL,Jacksonville,Philadelphia,Medium,OH,PSA Airlines,2463,742.0,130.1,82.5,2.64,3.86,38.0,-5.9,102.8,15487,20209
EWR-BGR,EWR,BGR,Newark,Bangor,Large,YX,Republic Airways,2461,393.0,95.1,71.88,7.92,10.18,50.0,-1.61,61.1,23024,14809
PHL-JAX,PHL,JAX,Philadelphia,Jacksonville,Large,OH,PSA Airlines,2459,742.0,144.3,81.54,1.75,3.31,37.0,-5.18,108.0,17356,14763
EWR-RDU,EWR,RDU,Newark,Raleigh-durham,Large,YX,Republic Airways,2458,416.0,108.7,79.54,4.48,0.05,33.0,-5.46,71.9,16562,6097
JAX-JFK,JAX,JFK,Jacksonville,New York,Medium,YX,Republic Airways,2458,828.0,145.6,82.06,3.17,3.31,30.6,-5.17,111.7,23056,4834
PIT-LAS,PIT,LAS,Pittsburgh,Las Vegas,Medium,WN,Southwest Airlines,2458,1910.0,284.9,81.29,0.65,0.2,30.0,-10.04,256.1,12482,9397
DFW-MLI,DFW,MLI,Dallas-Fort Worth,Moline,Large,MQ,Envoy Air,2456,691.0,122.1,81.07,1.26,3.24,32.2,-4.09,94.0,12101,12085
TVC-DTW,TVC,DTW,Traverse City,Detroit,Small,OO,SkyWest Airlines,2456,207.0,70.4,77.89,0.9,13.16,62.8,-5.15,38.4,52767,0
DEN-BDL,DEN,BDL,Denver,Windsor Locks,Large,UA,United Airlines,2456,1671.0,223.7,71.42,1.06,13.36,54.0,-4.31,190.9,23921,20984
BDL-DEN,BDL,DEN,Windsor Locks,Denver,Medium,UA,United Airlines,2456,1671.0,271.5,84.77,1.26,-1.44,23.0,-7.41,235.5,18039,5679
MLI-DFW,MLI,DFW,Moline,Dallas-Fort Worth,Small,MQ,Envoy Air,2454,691.0,141.6,82.36,1.39,-0.76,32.0,-6.21,106.7,16634,9152
CLT-IAH,CLT,IAH,Charlotte,Houston,Large,UA,United Airlines,2454,912.0,167.5,77.3,1.47,8.99,38.0,-2.46,134.1,27541,10733
DTW-TVC,DTW,TVC,Detroit,Traverse City,Large,OO,SkyWest Airlines,2454,207.0,70.4,78.28,0.81,12.18,57.0,-4.8,41.1,44886,0
IAH-CLT,IAH,CLT,Houston,Charlotte,Large,UA,United Airlines,2454,912.0,150.2,72.82,1.18,12.84,58.0,-2.57,115.9,25671,16260
JFK-JAX,JFK,JAX,New York,Jacksonville,Large,YX,Republic Airways,2453,828.0,163.2,78.76,3.18,1.36,38.0,-6.45,123.1,22948,5592
ATL-TPA,ATL,TPA,Atlanta,Tampa,Large,F9,Frontier Airlines,2453,406.0,93.5,62.62,3.3,25.71,94.0,-3.31,63.1,30957,43094
OAK-EUG,OAK,EUG,Oakland,Eugene,Medium,WN,Southwest Airlines,2453,445.0,88.0,75.78,1.51,7.04,40.0,-6.5,65.3,10882,17651
TPA-ORD,TPA,ORD,Tampa,Chicago,Large,NK,Spirit Airlines,2453,1012.0,176.2,75.91,2.36,7.78,49.0,-3.55,142.8,24325,13342
COU-ORD,COU,ORD,Columbia,Chicago,Non-hub,MQ,Envoy Air,2452,315.0,89.0,77.45,1.84,7.48,49.0,-2.7,55.6,23321,15586
LAS-PIT,LAS,PIT,Las Vegas,Pittsburgh,Large,WN,Southwest Airlines,2452,1910.0,247.9,68.31,0.45,11.88,57.0,-8.19,218.2,22250,17601
EUG-OAK,EUG,OAK,Eugene,Oakland,Small,WN,Southwest Airlines,2452,445.0,91.4,84.05,1.31,3.38,25.0,-5.09,67.3,12824,9438
ORD-COU,ORD,COU,Chicago,Columbia,Large,MQ,Envoy Air,2452,315.0,86.2,74.59,1.67,8.04,49.3,-3.99,54.7,19160,17415
TPA-ATL,TPA,ATL,Tampa,Atlanta,Large,F9,Frontier Airlines,2452,406.0,105.3,68.88,2.77,13.66,62.0,-0.11,67.7,23738,24476
MSY-IAH,MSY,IAH,New Orleans,Houston,Medium,WN,Southwest Airlines,2451,305.0,79.7,77.4,5.1,3.1,39.0,-7.27,53.8,10964,13062
DFW-GRI,DFW,GRI,Dallas-Fort Worth,Grand Island,Large,OO,SkyWest Airlines,2450,561.0,116.3,77.59,2.57,8.06,47.0,-4.18,82.1,32458,5875
SLC-PHX,SLC,PHX,Salt Lake City,Phoenix,Large,AA,American Airlines,2449,507.0,101.9,81.14,0.82,11.49,35.0,-4.52,74.1,29108,19709
GRI-DFW,GRI,DFW,Grand Island,Dallas-Fort Worth,Non-hub,OO,SkyWest Airlines,2449,561.0,116.8,75.66,2.45,16.49,64.2,-3.3,84.4,56922,3409
TPA-SJU,TPA,SJU,Tampa,San Juan,Large,B6,JetBlue Airways,2449,1237.0,176.6,77.22,1.59,8.81,49.5,-4.43,151.7,17582,18689
BOS-SAV,BOS,SAV,Boston,Savannah,Large,B6,JetBlue Airways,2448,901.0,163.1,76.55,1.39,5.78,49.0,-4.72,132.7,24892,9389
LGA-OKC,LGA,OKC,New York,Oklahoma City,Large,YX,Republic Airways,2448,1341.0,234.3,69.57,4.78,4.16,52.0,-4.98,197.2,19732,16443
DTW-STL,DTW,STL,Detroit,St. Louis,Large,WN,Southwest Airlines,2447,440.0,96.2,81.86,1.23,2.16,28.0,-7.39,71.3,7746,13885
PHX-SLC,PHX,SLC,Phoenix,Salt Lake City,Large,AA,American Airlines,2447,507.0,101.3,81.9,0.74,5.56,32.0,-3.82,73.0,13813,14750
SJU-TPA,SJU,TPA,San Juan,Tampa,Medium,B6,JetBlue Airways,2446,1237.0,185.7,65.37,1.72,24.24,91.9,-3.33,162.3,34085,34592
LAS-TUL,LAS,TUL,Las Vegas,Tulsa,Large,WN,Southwest Airlines,2446,1076.0,155.3,73.43,0.65,8.91,43.0,-6.08,128.4,16025,15382
DFW-SPS,DFW,SPS,Dallas-Fort Worth,Wichita Falls,Large,MQ,Envoy Air,2446,113.0,59.7,83.73,5.11,0.24,17.0,-1.57,28.8,8706,5804
OKC-LGA,OKC,LGA,Oklahoma City,New York,Medium,YX,Republic Airways,2446,1341.0,201.2,79.89,3.27,4.88,34.0,-4.08,171.9,24292,9754
SAV-BOS,SAV,BOS,Savannah,Boston,Medium,B6,JetBlue Airways,2445,901.0,145.7,68.96,1.92,16.49,76.0,-4.41,118.6,32083,24917
DDC-DEN,DDC,DEN,Dodge City,Denver,Non-hub,OO,SkyWest Airlines,2445,292.0,84.5,77.38,3.68,22.13,58.1,-2.06,53.5,53900,21315
SPS-DFW,SPS,DFW,Wichita Falls,Dallas-Fort Worth,Non-hub,MQ,Envoy Air,2445,113.0,57.6,79.06,5.07,4.46,27.0,-1.47,26.6,16802,9507
OAK-SLC,OAK,SLC,Oakland,Salt Lake City,Medium,DL,Delta Air Lines,2444,588.0,109.2,91.9,0.53,-4.11,7.0,-7.94,82.0,9302,9870
SLC-OAK,SLC,OAK,Salt Lake City,Oakland,Large,DL,Delta Air Lines,2444,588.0,117.8,87.23,0.41,1.41,19.0,-8.07,86.5,23372,4272
ORD-TPA,ORD,TPA,Chicago,Tampa,Large,NK,Spirit Airlines,2444,1012.0,163.0,71.56,2.25,12.48,58.0,-5.88,132.0,32973,13187
DCA-ATL,DCA,ATL,Washington,Atlanta,Large,OH,PSA Airlines,2444,547.0,121.3,72.67,3.93,11.54,58.0,-4.18,84.1,21048,25685
ATL-DCA,ATL,DCA,Atlanta,Washington,Large,OH,PSA Airlines,2442,547.0,117.4,74.32,4.34,15.66,64.0,-4.75,80.8,27323,34104
RSW-BNA,RSW,BNA,Fort Myers,Nashville,Medium,WN,Southwest Airlines,2440,722.0,128.3,79.63,2.46,5.26,32.0,-5.42,104.0,10928,15473
MSP-LGA,MSP,LGA,Minneapolis,New York,Large,YX,Republic Airways,2439,1020.0,165.6,77.65,3.32,2.14,39.0,-4.68,133.8,19380,12433
JAX-PHL,JAX,PHL,Jacksonville,Philadelphia,Medium,AA,American Airlines,2439,742.0,127.3,77.04,1.31,12.79,49.4,-1.77,103.3,24168,22073
MDW-OKC,MDW,OKC,Chicago,Oklahoma City,Large,WN,Southwest Airlines,2439,691.0,125.3,73.1,1.68,7.55,45.0,-7.25,100.4,14363,17383
BTR-DFW,BTR,DFW,Baton Rouge,Dallas-Fort Worth,Small,OO,SkyWest Airlines,2437,383.0,97.0,75.38,3.28,10.0,50.0,-1.62,67.1,27324,14490
MIA-IND,MIA,IND,Miami,Indianapolis,Large,AA,American Airlines,2437,1020.0,172.5,62.95,1.68,21.51,73.0,-2.51,140.2,36357,27246
DFW-BTR,DFW,BTR,Dallas-Fort Worth,Baton Rouge,Large,OO,SkyWest Airlines,2437,383.0,88.7,76.16,3.36,6.6,48.0,-3.87,57.5,19877,12392
SJC-MDW,SJC,MDW,San Jose,Chicago,Medium,WN,Southwest Airlines,2437,1838.0,247.2,83.26,0.7,-0.48,22.0,-8.73,220.7,9997,5284
BNA-RSW,BNA,RSW,Nashville,Fort Myers,Large,WN,Southwest Airlines,2436,722.0,123.0,75.74,2.42,7.29,40.7,-7.56,98.1,13166,17592
SFO-BFL,SFO,BFL,San Francisco,Bakersfield,Large,OO,SkyWest Airlines,2436,238.0,73.8,83.54,0.94,5.25,29.1,-4.28,45.0,22872,7473
MSP-DEN,MSP,DEN,Minneapolis,Denver,Large,F9,Frontier Airlines,2436,680.0,138.4,79.64,1.6,1.65,42.0,-6.24,99.4,18445,13166
LGA-MSP,LGA,MSP,New York,Minneapolis,Large,YX,Republic Airways,2435,1020.0,192.1,85.95,2.42,-8.54,19.0,-10.5,154.8,9239,6587
IAH-MSY,IAH,MSY,Houston,New Orleans,Large,WN,Southwest Airlines,2435,305.0,69.1,76.26,4.93,3.66,41.0,-8.0,45.4,10252,17133
DEN-MSP,DEN,MSP,Denver,Minneapolis,Large,F9,Frontier Airlines,2435,680.0,121.1,75.15,0.99,7.35,51.0,-6.28,90.1,17182,19059
COS-IAH,COS,IAH,Colorado Springs,Houston,Small,OO,SkyWest Airlines,2435,809.0,147.7,81.64,1.31,5.33,40.0,-5.26,112.7,26235,7554
IND-MIA,IND,MIA,Indianapolis,Miami,Medium,AA,American Airlines,2435,1020.0,168.5,77.37,1.81,12.51,43.0,-4.75,135.8,25305,22523
IAH-COS,IAH,COS,Houston,Colorado Springs,Large,OO,SkyWest Airlines,2435,809.0,154.3,77.54,1.68,8.76,47.0,-4.27,120.2,25339,11029
OKC-MDW,OKC,MDW,Oklahoma City,Chicago,Medium,WN,Southwest Airlines,2434,691.0,114.0,84.02,1.68,1.6,23.0,-6.41,92.4,8022,9935
BFL-SFO,BFL,SFO,Bakersfield,San Francisco,Non-hub,OO,SkyWest Airlines,2434,238.0,75.2,80.69,0.49,3.65,41.0,-3.81,45.6,28405,6091
DFW-GRK,DFW,GRK,Dallas-Fort Worth,Killeen,Large,OO,SkyWest Airlines,2433,134.0,61.8,78.63,3.04,7.29,45.0,-2.48,29.8,23815,8426
PHL-JAX,PHL,JAX,Philadelphia,Jacksonville,Large,AA,American Airlines,2432,742.0,138.5,71.83,1.15,13.96,69.9,-2.19,106.6,22978,26354
DFW-BTR,DFW,BTR,Dallas-Fort Worth,Baton Rouge,Large,OH,PSA Airlines,2432,383.0,90.4,72.74,3.21,17.53,71.9,-3.28,58.7,23690,34940
GRK-DFW,GRK,DFW,Killeen,Dallas-Fort Worth,Non-hub,OO,SkyWest Airlines,2431,134.0,65.1,76.26,3.54,10.39,51.0,-0.83,33.8,28905,12412
BTR-DFW,BTR,DFW,Baton Rouge,Dallas-Fort Worth,Small,OH,PSA Airlines,2431,383.0,98.4,72.97,3.25,20.34,81.0,-2.54,66.7,31304,34451
CLT-VPS,CLT,VPS,Charlotte,Valparaiso,Large,OH,PSA Airlines,2430,460.0,113.0,81.11,1.98,2.92,28.0,-2.97,75.0,12825,10308
PIB-IAH,PIB,IAH,Hattiesburg/Laurel,Houston,Non-hub,OO,SkyWest Airlines,2429,372.0,97.6,82.91,2.68,3.72,37.0,-7.62,65.3,25865,17125
VPS-CLT,VPS,CLT,Valparaiso,Charlotte,Small,OH,PSA Airlines,2429,460.0,107.9,81.97,2.59,3.61,33.0,-3.87,68.9,17332,12695
TUL-LAS,TUL,LAS,Tulsa,Las Vegas,Small,WN,Southwest Airlines,2428,1076.0,174.8,83.07,0.45,0.9,29.0,-7.74,149.9,10778,10297
LAX-MCI,LAX,MCI,Los Angeles,Kansas City,Large,WN,Southwest Airlines,2428,1363.0,190.0,80.64,0.74,3.01,30.0,-7.42,164.6,9771,11197
MCI-ORD,MCI,ORD,Kansas City,Chicago,Medium,YX,Republic Airways,2428,403.0,100.8,83.94,2.18,0.05,25.0,-3.64,64.8,13844,9265
MCI-LAX,MCI,LAX,Kansas City,Los Angeles,Medium,WN,Southwest Airlines,2427,1363.0,214.4,74.25,0.7,6.75,43.0,-10.67,184.1,12389,20062
ICT-IAH,ICT,IAH,Wichita,Houston,Small,OO,SkyWest Airlines,2424,542.0,115.8,78.3,1.4,9.1,42.0,-4.36,86.8,25780,17034
ORD-DLH,ORD,DLH,Chicago,Duluth,Large,OO,SkyWest Airlines,2424,397.0,103.4,68.77,2.02,15.84,66.0,-2.14,65.5,33205,17657
DLH-ORD,DLH,ORD,Duluth,Chicago,Non-hub,OO,SkyWest Airlines,2423,397.0,112.8,74.78,2.15,18.15,68.0,-2.04,71.5,41531,17222
DCA-CHS,DCA,CHS,Washington,Charleston,Large,YX,Republic Airways,2421,444.0,108.7,78.73,2.52,2.78,35.0,-3.25,76.0,11766,13595
MIA-BWI,MIA,BWI,Miami,Baltimore,Large,AA,American Airlines,2420,946.0,160.0,67.19,1.82,13.47,62.0,-6.04,126.6,28056,17218
CHS-DCA,CHS,DCA,Charleston,Washington,Medium,YX,Republic Airways,2419,444.0,96.2,82.27,3.06,0.67,26.2,-3.18,67.9,12447,11152
RDU-EWR,RDU,EWR,Raleigh-durham,Newark,Medium,YX,Republic Airways,2419,416.0,108.0,71.77,6.78,7.16,49.1,-3.26,68.1,27194,10090
BWI-MIA,BWI,MIA,Baltimore,Miami,Large,AA,American Airlines,2417,946.0,165.7,80.97,1.74,7.73,34.0,-5.77,132.9,32257,8938
CRW-ATL,CRW,ATL,Charleston,Atlanta,Non-hub,9E,Endeavor Air,2417,363.0,93.4,83.7,0.46,4.57,30.8,-7.4,59.8,24085,11610
ATL-CRW,ATL,CRW,Atlanta,Charleston,Large,9E,Endeavor Air,2416,363.0,82.6,87.87,0.37,0.59,17.0,-4.27,57.6,15509,4063
ORD-PIT,ORD,PIT,Chicago,Pittsburgh,Large,AA,American Airlines,2414,413.0,87.2,66.16,1.86,27.68,92.0,-2.44,59.8,31044,44130
PIT-ORD,PIT,ORD,Pittsburgh,Chicago,Medium,AA,American Airlines,2411,413.0,103.1,76.94,1.91,12.7,52.0,-4.05,68.2,26650,25195
DFW-BHM,DFW,BHM,Dallas-Fort Worth,Birmingham,Large,AA,American Airlines,2411,597.0,102.4,59.15,2.99,30.42,97.0,-2.54,77.3,38691,40842
EWR-PDX,EWR,PDX,Newark,Portland,Large,UA,United Airlines,2411,2434.0,364.6,74.87,1.82,5.0,55.0,-10.82,322.7,24611,13766
BHM-DFW,BHM,DFW,Birmingham,Dallas-Fort Worth,Small,AA,American Airlines,2410,597.0,131.0,68.96,3.11,25.09,82.0,-4.52,97.0,37737,34278
PDX-EWR,PDX,EWR,Portland,Newark,Medium,UA,United Airlines,2410,2434.0,311.3,77.1,1.62,6.66,42.8,-8.61,278.4,22044,16410
DFW-SDF,DFW,SDF,Dallas-Fort Worth,Louisville,Large,MQ,Envoy Air,2408,733.0,131.0,84.34,2.03,0.87,24.6,-3.79,99.0,10555,7590
SDF-DFW,SDF,DFW,Louisville,Dallas-Fort Worth,Medium,MQ,Envoy Air,2407,733.0,147.0,78.77,2.12,3.85,38.0,-5.3,112.3,18423,11970
ORD-BNA,ORD,BNA,Chicago,Nashville,Large,MQ,Envoy Air,2405,409.0,95.8,78.71,1.37,3.94,35.0,-2.67,62.3,14740,9735
DFW-EYW,DFW,EYW,Dallas-Fort Worth,Key West,Large,AA,American Airlines,2405,1089.0,166.8,66.53,3.04,20.99,84.0,-3.54,137.8,34601,29424
EYW-DFW,EYW,DFW,Key West,Dallas-Fort Worth,Small,AA,American Airlines,2404,1089.0,192.2,63.6,3.2,25.63,83.0,-4.89,160.2,36464,36039
BNA-ORD,BNA,ORD,Nashville,Chicago,Large,MQ,Envoy Air,2403,409.0,109.5,75.41,1.66,7.31,47.0,-3.06,75.2,18028,16703
DEN-MLI,DEN,MLI,Denver,Moline,Large,OO,SkyWest Airlines,2401,752.0,130.1,69.22,2.0,13.58,59.4,-3.76,97.2,30199,16565
EYW-EWR,EYW,EWR,Key West,Newark,Small,YX,Republic Airways,2401,1196.0,192.8,66.89,4.58,15.01,64.0,1.05,162.6,34194,16614
PHL-SLC,PHL,SLC,Philadelphia,Salt Lake City,Large,DL,Delta Air Lines,2401,1927.0,303.0,82.01,0.96,0.44,30.0,-10.42,265.5,21966,8385
SLC-PHL,SLC,PHL,Salt Lake City,Philadelphia,Large,DL,Delta Air Lines,2401,1927.0,254.7,82.51,0.75,-0.26,23.0,-5.03,222.5,14430,4220
ORD-FLL,ORD,FLL,Chicago,Fort Lauderdale,Large,AA,American Airlines,2400,1182.0,183.8,75.79,1.5,7.39,50.0,-5.85,153.7,21895,15900
EWR-EYW,EWR,EYW,Newark,Key West,Large,YX,Republic Airways,2400,1196.0,209.9,76.42,2.79,0.88,36.0,-1.83,173.3,19640,4219
FLL-ORD,FLL,ORD,Fort Lauderdale,Chicago,Large,AA,American Airlines,2397,1182.0,207.5,75.8,1.54,14.19,58.0,-7.86,168.0,34737,24533
DFW-FWA,DFW,FWA,Dallas-Fort Worth,Fort Wayne,Large,MQ,Envoy Air,2396,859.0,143.5,79.97,0.88,3.11,33.0,-3.97,111.8,14603,9438
MLI-DEN,MLI,DEN,Moline,Denver,Small,OO,SkyWest Airlines,2396,752.0,150.3,80.01,2.0,6.52,41.0,-5.61,116.9,32518,4582
FWA-DFW,FWA,DFW,Fort Wayne,Dallas-Fort Worth,Small,MQ,Envoy Air,2395,859.0,163.0,78.66,0.92,2.9,38.0,-6.3,127.8,18516,11169
SEA-RDU,SEA,RDU,Seattle,Raleigh-durham,Large,AS,Alaska Airlines,2394,2354.0,306.6,78.49,1.59,0.49,28.1,-6.69,270.2,13605,5093
RDU-SEA,RDU,SEA,Raleigh-durham,Seattle,Medium,AS,Alaska Airlines,2393,2354.0,357.0,76.06,1.96,2.32,35.0,-6.71,318.9,14589,10440
LAS-BLI,LAS,BLI,Las Vegas,Bellingham,Large,G4,Allegiant Air,2393,954.0,164.0,85.08,1.67,-0.17,21.0,-4.06,135.5,16616,9456
TUS-SAN,TUS,SAN,Tucson,San Diego,Medium,WN,Southwest Airlines,2393,368.0,79.3,80.48,0.75,3.77,33.0,-5.1,58.2,9372,14473
SAN-TUS,SAN,TUS,San Diego,Tucson,Large,WN,Southwest Airlines,2392,368.0,81.3,77.76,0.88,6.24,40.0,-6.02,55.6,7817,19199
ATL-LAS,ATL,LAS,Atlanta,Las Vegas,Large,F9,Frontier Airlines,2391,1747.0,277.8,61.1,1.63,25.14,95.0,-8.62,237.9,40464,33973
DTW-CMH,DTW,CMH,Detroit,Columbus,Large,OO,SkyWest Airlines,2391,155.0,62.6,75.87,0.92,17.11,65.0,-3.31,34.7,52407,0
EWR-CHS,EWR,CHS,Newark,Charleston,Large,YX,Republic Airways,2391,628.0,134.3,73.44,5.65,5.79,43.0,-2.95,97.1,20922,10942
BLI-LAS,BLI,LAS,Bellingham,Las Vegas,Non-hub,G4,Allegiant Air,2390,954.0,152.0,90.79,1.59,-2.41,10.0,-1.49,130.2,13799,2925
CMH-DTW,CMH,DTW,Columbus,Detroit,Medium,OO,SkyWest Airlines,2390,155.0,66.9,79.33,0.96,17.06,61.4,-5.15,36.7,58735,0
PHL-BTV,PHL,BTV,Philadelphia,Burlington,Large,OH,PSA Airlines,2389,335.0,90.2,76.89,2.72,10.33,47.0,-3.68,58.2,18560,21503
SFO-TPA,SFO,TPA,San Francisco,Tampa,Large,UA,United Airlines,2388,2393.0,309.4,83.42,1.05,-0.15,25.0,-7.25,273.2,12987,6973
BTV-PHL,BTV,PHL,Burlington,Philadelphia,Small,OH,PSA Airlines,2387,335.0,91.9,80.77,2.35,7.44,38.0,-3.56,63.0,22599,17121
MDW-IAH,MDW,IAH,Chicago,Houston,Large,WN,Southwest Airlines,2387,917.0,162.2,74.07,2.09,4.9,41.0,-10.65,131.6,18651,11234
DEN-AMA,DEN,AMA,Denver,Amarillo,Large,OO,SkyWest Airlines,2386,359.0,87.5,72.88,2.35,13.13,63.2,-4.53,55.3,32176,15593
SEA-IND,SEA,IND,Seattle,Indianapolis,Large,AS,Alaska Airlines,2386,1866.0,250.3,75.36,1.17,4.08,35.0,-6.24,217.2,14825,9090
DEN-LBL,DEN,LBL,Denver,Liberal,Large,OO,SkyWest Airlines,2385,280.0,72.5,79.25,3.02,2.47,34.0,-1.87,47.0,16054,7384
LAS-ATL,LAS,ATL,Las Vegas,Atlanta,Large,F9,Frontier Airlines,2385,1747.0,239.4,67.88,1.17,13.62,55.0,-4.36,201.2,28533,15508
IND-SEA,IND,SEA,Indianapolis,Seattle,Medium,AS,Alaska Airlines,2384,1866.0,289.7,76.89,1.51,3.69,37.0,-6.51,255.4,12964,14045
TPA-SFO,TPA,SFO,Tampa,San Francisco,Large,UA,United Airlines,2383,2393.0,347.9,79.94,1.64,4.27,36.0,-5.08,318.9,19706,9002
SBA-DFW,SBA,DFW,Santa Barbara,Dallas-Fort Worth,Small,AA,American Airlines,2382,1316.0,194.1,73.3,2.23,16.92,53.0,-6.05,160.9,29685,26804
JAN-DFW,JAN,DFW,Jackson,Dallas-Fort Worth,Small,OO,SkyWest Airlines,2382,408.0,101.1,74.39,2.85,14.36,56.1,-2.18,69.5,37955,10070
DFW-JAN,DFW,JAN,Dallas-Fort Worth,Jackson,Large,OO,SkyWest Airlines,2382,408.0,90.2,75.57,2.9,8.72,45.0,-1.81,58.9,26847,7355
DFW-SBA,DFW,SBA,Dallas-Fort Worth,Santa Barbara,Large,AA,American Airlines,2382,1316.0,209.3,67.3,2.06,16.95,72.0,-5.25,179.1,27767,24543
PHX-OMA,PHX,OMA,Phoenix,Omaha,Large,AA,American Airlines,2382,1037.0,157.4,82.62,0.76,2.15,30.0,-5.83,127.7,11197,13925
LFT-DFW,LFT,DFW,Lafayette,Dallas-Fort Worth,Non-hub,OO,SkyWest Airlines,2380,351.0,96.4,76.05,2.65,13.19,52.0,-2.34,62.7,35360,12595
DFW-LFT,DFW,LFT,Dallas-Fort Worth,Lafayette,Large,OO,SkyWest Airlines,2379,351.0,88.9,78.73,2.31,5.56,40.0,-3.1,56.0,22192,8197
OMA-PHX,OMA,PHX,Omaha,Phoenix,Medium,AA,American Airlines,2378,1037.0,175.2,86.96,0.97,0.42,20.0,-7.82,145.8,20272,8772
SBP-LAX,SBP,LAX,San Luis Obispo,Los Angeles,Small,OO,SkyWest Airlines,2378,156.0,74.1,87.55,1.43,3.37,17.0,-3.72,38.1,20418,10105
SLC-IAH,SLC,IAH,Salt Lake City,Houston,Large,OO,SkyWest Airlines,2377,1195.0,191.3,82.96,1.35,3.37,25.0,-3.29,157.7,20018,3218
LAX-SBP,LAX,SBP,Los Angeles,San Luis Obispo,Large,OO,SkyWest Airlines,2377,156.0,64.7,85.07,1.35,7.05,22.0,-6.7,32.5,28628,10400
RDU-BOS,RDU,BOS,Raleigh-durham,Boston,Medium,YX,Republic Airways,2377,612.0,122.0,87.93,2.36,-3.43,14.0,-7.52,89.0,14476,2601
BOS-RDU,BOS,RDU,Boston,Raleigh-durham,Large,YX,Republic Airways,2376,612.0,132.2,84.47,2.31,-1.57,25.0,-6.51,98.8,17824,3483
CLT-BOS,CLT,BOS,Charlotte,Boston,Large,B6,JetBlue Airways,2376,728.0,135.4,76.47,2.44,7.83,57.0,-8.56,99.4,19250,23418
BOS-CLT,BOS,CLT,Boston,Charlotte,Large,B6,JetBlue Airways,2376,728.0,148.7,78.03,1.85,3.79,47.0,-8.64,112.9,24032,10372
STL-DTW,STL,DTW,St. Louis,Detroit,Medium,WN,Southwest Airlines,2373,440.0,88.0,77.62,1.35,7.55,36.1,-5.24,64.5,10842,15431
DEN-LBB,DEN,LBB,Denver,Lubbock,Large,OO,SkyWest Airlines,2373,456.0,98.0,72.4,2.32,14.44,64.0,-4.61,66.5,30311,19939
LBB-DEN,LBB,DEN,Lubbock,Denver,Small,OO,SkyWest Airlines,2372,456.0,103.9,76.18,1.69,11.22,57.0,-0.6,73.6,36081,7753
GSP-BWI,GSP,BWI,Greenville,Baltimore,Small,WN,Southwest Airlines,2369,426.0,88.4,83.88,0.97,1.22,25.8,-6.86,65.2,10300,9761
ELP-DFW,ELP,DFW,El Paso,Dallas-Fort Worth,Small,MQ,Envoy Air,2369,551.0,107.5,79.32,1.39,7.34,37.0,-4.82,77.9,17568,16881
BWI-GSP,BWI,GSP,Baltimore,Greenville,Large,WN,Southwest Airlines,2369,426.0,92.4,76.23,0.84,8.09,41.0,-6.14,68.4,18047,11252
DFW-ELP,DFW,ELP,Dallas-Fort Worth,El Paso,Large,MQ,Envoy Air,2368,551.0,108.4,83.02,1.31,0.26,27.0,-5.32,81.6,9308,8289
ELP-PHX,ELP,PHX,El Paso,Phoenix,Small,OO,SkyWest Airlines,2368,347.0,88.9,86.91,0.46,4.77,24.0,-0.28,58.7,21502,6462
DAL-SMF,DAL,SMF,Dallas,Sacramento,Large,WN,Southwest Airlines,2367,1442.0,223.5,72.12,1.1,8.57,42.0,-8.9,197.6,16147,15311
DTW-CLE,DTW,CLE,Detroit,Cleveland,Large,9E,Endeavor Air,2365,95.0,54.4,87.4,0.51,-0.09,19.0,-4.24,23.3,10944,5938
CLE-FLL,CLE,FLL,Cleveland,Fort Lauderdale,Medium,NK,Spirit Airlines,2364,1062.0,172.7,76.69,2.45,6.19,44.2,-6.15,141.4,23239,12017
CLE-DTW,CLE,DTW,Cleveland,Detroit,Medium,9E,Endeavor Air,2364,95.0,57.0,89.17,0.63,-2.46,15.0,-7.37,25.6,12461,7726
SMF-DAL,SMF,DAL,Sacramento,Dallas,Medium,WN,Southwest Airlines,2359,1442.0,197.5,79.4,1.14,4.67,29.0,-5.94,174.7,11643,8913
XNA-ATL,XNA,ATL,Bentonville,Atlanta,Small,DL,Delta Air Lines,2358,589.0,110.2,89.36,0.72,-2.54,14.0,-7.89,79.8,15171,6181
ATL-XNA,ATL,XNA,Atlanta,Bentonville,Large,DL,Delta Air Lines,2358,589.0,111.9,86.77,0.64,0.03,21.4,-6.15,86.6,16030,4107
PHX-ELP,PHX,ELP,Phoenix,El Paso,Large,OO,SkyWest Airlines,2357,347.0,81.5,85.91,0.47,1.81,26.0,-3.25,52.3,14747,5230
FLL-CLE,FLL,CLE,Fort Lauderdale,Cleveland,Large,NK,Spirit Airlines,2356,1062.0,170.3,65.45,1.7,19.09,79.0,-5.04,140.2,39953,15402
IAH-MDW,IAH,MDW,Houston,Chicago,Large,WN,Southwest Airlines,2356,917.0,148.0,81.2,1.87,3.15,33.0,-9.69,120.0,11085,15279
SAN-ABQ,SAN,ABQ,San Diego,Albuquerque,Large,WN,Southwest Airlines,2355,628.0,106.4,76.77,1.02,6.57,37.0,-4.27,80.6,8689,18342
RDU-STL,RDU,STL,Raleigh-durham,St. Louis,Medium,WN,Southwest Airlines,2354,667.0,128.5,82.41,0.89,1.74,27.0,-6.96,105.9,5949,13072
RST-MSP,RST,MSP,Rochester,Minneapolis,Non-hub,OO,SkyWest Airlines,2353,76.0,56.1,84.79,0.98,3.81,31.1,-6.95,24.8,32922,0
MSP-RST,MSP,RST,Minneapolis,Rochester,Large,OO,SkyWest Airlines,2353,76.0,49.0,82.75,1.02,8.89,36.0,-5.7,20.4,39520,0
ORD-SDF,ORD,SDF,Chicago,Louisville,Large,MQ,Envoy Air,2352,286.0,83.9,80.95,1.74,1.54,31.0,-3.81,50.7,13616,6749
DTW-IND,DTW,IND,Detroit,Indianapolis,Large,9E,Endeavor Air,2352,231.0,72.9,88.52,0.68,-1.75,17.0,-5.45,42.8,9826,5237
ORD-OMA,ORD,OMA,Chicago,Omaha,Large,MQ,Envoy Air,2352,416.0,99.0,78.02,1.62,4.33,37.0,-4.27,67.0,14633,11227
OMA-ORD,OMA,ORD,Omaha,Chicago,Medium,MQ,Envoy Air,2352,416.0,103.2,79.63,1.83,3.07,39.0,-3.64,67.3,16843,10617
LAS-AUS,LAS,AUS,Las Vegas,Austin,Large,AA,American Airlines,2351,1090.0,166.0,75.75,1.45,12.58,52.0,-4.53,133.2,23616,26230
IAH-LGA,IAH,LGA,Houston,New York,Large,YV,Mesa Airlines,2350,1416.0,217.0,77.23,3.28,0.35,46.9,-13.08,178.6,27814,1778
SJU-STT,SJU,STT,San Juan,St. Thomas,Medium,B6,JetBlue Airways,2349,68.0,37.8,75.48,1.4,11.23,54.0,-1.58,17.1,25818,14257
IND-DTW,IND,DTW,Indianapolis,Detroit,Medium,9E,Endeavor Air,2349,231.0,73.4,87.99,0.6,-0.34,18.0,-6.16,42.6,9753,11742
AUS-LAS,AUS,LAS,Austin,Las Vegas,Large,AA,American Airlines,2349,1090.0,176.1,75.69,1.53,12.19,59.0,-3.69,149.1,21309,21954
SDF-ORD,SDF,ORD,Louisville,Chicago,Medium,MQ,Envoy Air,2348,286.0,93.8,79.13,2.09,4.27,39.0,-4.19,58.3,19377,11643
SRQ-ORD,SRQ,ORD,Sarasota,Chicago,Small,UA,United Airlines,2348,1050.0,184.9,74.28,1.32,12.24,53.3,-1.76,150.8,27980,17267
LGA-JAX,LGA,JAX,New York,Jacksonville,Large,YX,Republic Airways,2348,833.0,159.7,79.68,3.75,1.66,38.0,-4.78,122.8,19076,7382
JFK-ORD,JFK,ORD,New York,Chicago,Large,OO,SkyWest Airlines,2347,740.0,175.6,74.44,3.49,11.11,60.0,-7.51,124.4,48017,0
ORD-JFK,ORD,JFK,Chicago,New York,Large,OO,SkyWest Airlines,2347,740.0,145.4,73.75,3.03,13.4,57.8,-4.12,105.4,44901,0
LGA-IAH,LGA,IAH,New York,Houston,Large,YV,Mesa Airlines,2346,1416.0,252.1,79.11,3.67,3.09,44.0,-20.14,202.5,38562,12355
DEN-SDF,DEN,SDF,Denver,Louisville,Large,UA,United Airlines,2346,1024.0,155.8,74.08,0.72,12.38,55.0,-1.77,124.9,21173,18487
ORD-GSP,ORD,GSP,Chicago,Greenville,Large,MQ,Envoy Air,2343,577.0,112.4,76.74,1.41,6.37,43.0,-2.64,80.7,17932,11746
SDF-DEN,SDF,DEN,Louisville,Denver,Medium,UA,United Airlines,2343,1024.0,183.4,81.6,1.11,5.98,36.9,-5.81,150.6,24750,8034
MYR-FLL,MYR,FLL,Myrtle Beach,Fort Lauderdale,Small,NK,Spirit Airlines,2343,529.0,110.8,79.68,1.79,4.97,47.0,-5.66,82.8,19656,14414
FLL-MYR,FLL,MYR,Fort Lauderdale,Myrtle Beach,Large,NK,Spirit Airlines,2343,529.0,105.0,75.67,1.54,10.17,50.0,-3.84,80.1,25390,10168
MEM-DCA,MEM,DCA,Memphis,Washington,Medium,OH,PSA Airlines,2343,762.0,130.9,72.09,4.23,14.63,53.0,-1.92,101.6,29023,20073
ORD-BTV,ORD,BTV,Chicago,Burlington,Large,UA,United Airlines,2342,763.0,130.9,77.58,0.94,8.52,47.0,-4.83,97.2,16353,18569
JAX-LGA,JAX,LGA,Jacksonville,New York,Medium,YX,Republic Airways,2342,833.0,141.7,82.11,3.03,2.53,32.0,-5.16,111.4,21240,5036
BHM-PHL,BHM,PHL,Birmingham,Philadelphia,Small,OH,PSA Airlines,2342,772.0,135.1,78.48,2.13,8.15,47.0,-4.6,106.9,19886,21377
DEN-DDC,DEN,DDC,Denver,Dodge City,Large,OO,SkyWest Airlines,2342,292.0,74.5,80.02,2.6,3.17,38.1,-3.54,47.7,19991,9568
GSP-ORD,GSP,ORD,Greenville,Chicago,Small,MQ,Envoy Air,2342,577.0,129.5,76.39,1.58,6.65,42.0,-2.7,95.2,21963,10597
DCA-MEM,DCA,MEM,Washington,Memphis,Large,OH,PSA Airlines,2341,762.0,150.8,73.0,3.55,6.39,51.0,-5.97,113.8,16895,18868
RNO-OAK,RNO,OAK,Reno,Oakland,Medium,WN,Southwest Airlines,2340,181.0,64.0,87.48,0.9,-2.02,19.0,-7.32,37.8,6318,9833
ORD-SRQ,ORD,SRQ,Chicago,Sarasota,Large,UA,United Airlines,2340,1050.0,169.9,79.4,1.07,4.1,41.0,-3.94,137.4,17778,11727
RSW-PIT,RSW,PIT,Fort Myers,Pittsburgh,Medium,WN,Southwest Airlines,2340,966.0,149.7,78.42,2.05,6.9,39.0,-4.23,127.3,10281,17759
LAX-BZN,LAX,BZN,Los Angeles,Bozeman,Large,OO,SkyWest Airlines,2338,902.0,163.4,85.59,0.43,-0.96,23.0,-5.36,130.9,15074,4378
PHX-CMH,PHX,CMH,Phoenix,Columbus,Large,WN,Southwest Airlines,2337,1670.0,217.1,69.32,0.86,11.94,48.4,-6.95,193.4,19848,15422
BZN-DEN,BZN,DEN,Bozeman,Denver,Small,OO,SkyWest Airlines,2337,524.0,110.7,78.39,1.88,7.76,39.4,-1.66,77.9,27011,7372
BTV-ORD,BTV,ORD,Burlington,Chicago,Small,UA,United Airlines,2337,763.0,154.7,76.17,1.16,10.91,44.0,-0.35,117.1,31896,8555
FLL-LAS,FLL,LAS,Fort Lauderdale,Las Vegas,Large,B6,JetBlue Airways,2336,2173.0,321.2,70.33,1.16,10.3,65.0,-5.35,287.3,27201,14522
DEN-BZN,DEN,BZN,Denver,Bozeman,Large,OO,SkyWest Airlines,2336,524.0,113.0,83.78,1.33,1.16,26.0,-4.45,83.2,13762,4624
PIT-RSW,PIT,RSW,Pittsburgh,Fort Myers,Medium,WN,Southwest Airlines,2335,966.0,154.6,78.16,1.97,5.77,36.4,-5.79,132.7,14679,13142
DEN-ANC,DEN,ANC,Denver,Anchorage,Large,UA,United Airlines,2335,2405.0,341.2,74.65,0.56,7.02,43.0,-8.25,308.9,20491,9999
LAS-FLL,LAS,FLL,Las Vegas,Fort Lauderdale,Large,B6,JetBlue Airways,2335,2173.0,277.6,63.25,1.37,22.06,79.0,-6.51,248.4,31287,31749
RSW-ATL,RSW,ATL,Fort Myers,Atlanta,Medium,WN,Southwest Airlines,2335,515.0,106.9,84.58,2.91,-2.56,21.0,-7.02,80.1,7401,7352
BZN-LAX,BZN,LAX,Bozeman,Los Angeles,Small,OO,SkyWest Airlines,2334,902.0,168.3,84.49,0.64,1.97,28.0,-5.97,135.9,20409,9063
MQT-ORD,MQT,ORD,Gwinn,Chicago,Non-hub,MQ,Envoy Air,2334,303.0,92.1,75.54,2.87,12.35,60.0,-2.95,57.5,32658,13994
DEN-JMS,DEN,JMS,Denver,Jamestown,Large,OO,SkyWest Airlines,2334,573.0,112.3,80.25,3.6,3.75,28.0,-4.86,83.4,22057,4747
ORD-MQT,ORD,MQT,Chicago,Gwinn,Large,MQ,Envoy Air,2334,303.0,83.3,74.08,2.78,14.86,56.0,-3.68,50.0,29312,19508
ANC-DEN,ANC,DEN,Anchorage,Denver,Medium,UA,United Airlines,2334,2405.0,313.8,80.08,0.86,6.61,36.0,-10.18,280.2,21050,15471
STL-RDU,STL,RDU,St. Louis,Raleigh-durham,Medium,WN,Southwest Airlines,2332,667.0,109.2,81.82,0.69,3.26,28.0,-6.15,88.7,8874,10327
ORD-PIA,ORD,PIA,Chicago,Peoria,Large,MQ,Envoy Air,2331,130.0,61.5,79.41,2.57,1.3,32.3,-4.93,29.8,11997,9572
PHL-BHM,PHL,BHM,Philadelphia,Birmingham,Large,OH,PSA Airlines,2330,772.0,147.7,76.05,1.93,8.0,53.5,-3.48,113.4,23014,16476
PIA-ORD,PIA,ORD,Peoria,Chicago,Small,MQ,Envoy Air,2330,130.0,68.1,83.61,2.83,-3.43,26.0,-7.92,32.2,13111,8485
AMA-DEN,AMA,DEN,Amarillo,Denver,Small,OO,SkyWest Airlines,2329,359.0,94.1,71.53,2.02,17.43,71.2,-0.26,61.4,48163,8089
DTW-SEA,DTW,SEA,Detroit,Seattle,Large,AS,Alaska Airlines,2328,1927.0,299.2,77.06,1.55,3.5,33.0,-5.65,263.4,14356,10304
DFW-XNA,DFW,XNA,Dallas-Fort Worth,Bentonville,Large,AA,American Airlines,2328,280.0,73.2,64.26,3.01,26.42,88.2,-3.53,45.9,31678,37304
SEA-DTW,SEA,DTW,Seattle,Detroit,Large,AS,Alaska Airlines,2328,1927.0,259.3,77.92,1.33,2.95,29.0,-4.54,223.0,13529,5305
ATL-AGS,ATL,AGS,Atlanta,Bush Field,Large,OO,SkyWest Airlines,2328,143.0,58.6,77.88,0.82,13.0,60.0,-3.9,31.0,44311,0
AGS-ATL,AGS,ATL,Bush Field,Atlanta,Small,OO,SkyWest Airlines,2327,143.0,67.4,80.32,0.82,11.9,54.3,-8.65,33.2,48185,0
XNA-DFW,XNA,DFW,Bentonville,Dallas-Fort Worth,Small,AA,American Airlines,2327,280.0,82.8,68.8,3.09,25.94,91.3,-2.48,50.5,30465,38585
MCO-MCI,MCO,MCI,Orlando,Kansas City,Large,NK,Spirit Airlines,2325,1072.0,178.9,67.78,2.11,17.06,75.0,-3.25,152.7,39402,10366
BOS-BNA,BOS,BNA,Boston,Nashville,Large,YX,Republic Airways,2325,942.0,179.5,78.11,1.81,4.64,46.0,-5.23,141.8,21488,9847
ABQ-SAN,ABQ,SAN,Albuquerque,San Diego,Medium,WN,Southwest Airlines,2325,628.0,114.1,78.06,0.95,5.2,37.0,-6.47,92.0,9561,14728
MCI-MCO,MCI,MCO,Kansas City,Orlando,Medium,NK,Spirit Airlines,2324,1072.0,166.0,77.93,2.41,8.15,43.0,-4.46,135.8,24505,11325
BNA-BOS,BNA,BOS,Nashville,Boston,Large,YX,Republic Airways,2324,942.0,157.5,85.46,1.42,-0.27,25.0,-5.21,126.0,18361,4178
SAN-STL,SAN,STL,San Diego,St. Louis,Large,WN,Southwest Airlines,2322,1557.0,211.9,80.58,0.65,2.4,31.0,-8.17,182.4,10682,11400
LGA-BHM,LGA,BHM,New York,Birmingham,Large,9E,Endeavor Air,2320,866.0,167.1,77.84,4.35,-1.8,38.0,-10.72,125.8,15386,13534
PHX-SAN,PHX,SAN,Phoenix,San Diego,Large,F9,Frontier Airlines,2320,304.0,76.9,78.06,1.51,7.74,49.0,-1.37,51.9,19740,16164
SAN-PHX,SAN,PHX,San Diego,Phoenix,Large,F9,Frontier Airlines,2319,304.0,84.1,70.76,2.07,15.32,60.0,-1.62,51.9,13731,36199
AUS-MCO,AUS,MCO,Austin,Orlando,Large,AA,American Airlines,2319,994.0,154.9,74.6,1.72,13.22,63.5,-2.79,127.1,25667,21235
BHM-LGA,BHM,LGA,Birmingham,New York,Small,9E,Endeavor Air,2319,866.0,150.0,82.58,4.31,-2.04,26.0,-7.94,115.1,16376,4918
STL-MIA,STL,MIA,St. Louis,Miami,Medium,AA,American Airlines,2318,1068.0,167.5,83.26,1.86,4.98,26.0,-2.36,138.7,19094,9512
MAF-IAH,MAF,IAH,Midland,Houston,Small,OO,SkyWest Airlines,2318,429.0,94.6,84.34,1.29,4.96,32.9,-3.92,65.6,24155,8771
IAH-MAF,IAH,MAF,Houston,Midland,Large,OO,SkyWest Airlines,2318,429.0,97.2,82.01,0.95,6.11,38.0,-3.58,69.3,21645,8647
MCO-AUS,MCO,AUS,Orlando,Austin,Large,AA,American Airlines,2317,994.0,172.2,73.97,1.77,14.7,56.0,-1.98,142.8,26560,24864
MIA-STL,MIA,STL,Miami,St. Louis,Large,AA,American Airlines,2317,1068.0,181.0,67.16,1.86,16.89,67.0,-5.6,146.9,31375,20459
ATL-RSW,ATL,RSW,Atlanta,Fort Myers,Large,WN,Southwest Airlines,2315,515.0,100.4,73.35,2.55,7.63,43.0,-6.88,75.0,14563,13679
IAH-SLC,IAH,SLC,Houston,Salt Lake City,Large,OO,SkyWest Airlines,2315,1195.0,204.3,79.52,1.47,5.7,43.0,-7.1,170.5,20416,10918
AUS-IND,AUS,IND,Austin,Indianapolis,Large,WN,Southwest Airlines,2314,919.0,140.9,76.53,1.12,7.72,38.0,-5.64,118.1,10052,16921
IND-AUS,IND,AUS,Indianapolis,Austin,Medium,WN,Southwest Airlines,2314,919.0,154.6,78.22,0.61,4.35,35.0,-4.99,131.5,11380,12090
TPA-SJU,TPA,SJU,Tampa,San Juan,Large,WN,Southwest Airlines,2312,1237.0,175.2,72.36,1.04,12.09,47.6,-6.4,151.5,13310,20067
SJU-TPA,SJU,TPA,San Juan,Tampa,Medium,WN,Southwest Airlines,2311,1237.0,190.5,83.86,1.13,4.21,25.0,-4.82,164.2,8836,10628
CMH-PHX,CMH,PHX,Columbus,Phoenix,Medium,WN,Southwest Airlines,2308,1670.0,257.3,82.41,1.04,-0.26,28.0,-10.13,229.6,10071,10147
OAK-RNO,OAK,RNO,Oakland,Reno,Medium,WN,Southwest Airlines,2308,181.0,57.5,78.77,0.91,5.58,35.0,-7.21,34.0,8795,16002
IAH-TUL,IAH,TUL,Houston,Tulsa,Large,OO,SkyWest Airlines,2308,429.0,97.9,80.03,0.91,9.29,45.0,-3.35,68.4,23601,11024
BDL-DCA,BDL,DCA,Windsor Locks,Washington,Medium,YX,Republic Airways,2308,313.0,91.2,82.5,2.77,-2.94,25.1,-5.63,61.1,9212,9660
MCO-SAN,MCO,SAN,Orlando,San Diego,Large,AS,Alaska Airlines,2307,2149.0,319.2,70.35,2.3,11.17,57.0,-0.95,288.6,22971,15935
ECP-HOU,ECP,HOU,Panama City,Houston,Small,WN,Southwest Airlines,2307,570.0,111.0,81.27,1.3,3.77,35.0,-5.4,90.3,8068,15501
CLT-MCO,CLT,MCO,Charlotte,Orlando,Large,F9,Frontier Airlines,2306,468.0,111.8,65.0,2.95,21.63,82.0,-4.49,70.5,24710,39519
DCA-BDL,DCA,BDL,Washington,Windsor Locks,Large,YX,Republic Airways,2306,313.0,83.9,80.96,2.52,2.32,30.0,-2.15,54.4,10629,10510
SCK-LAS,SCK,LAS,Stockton,Las Vegas,Non-hub,G4,Allegiant Air,2305,359.0,74.4,60.09,1.78,28.45,80.0,1.86,58.0,35858,33816
SAN-MCO,SAN,MCO,San Diego,Orlando,Large,AS,Alaska Airlines,2305,2149.0,290.8,74.49,1.56,5.13,43.0,-3.59,250.8,23009,7093
LAX-AUS,LAX,AUS,Los Angeles,Austin,Large,OO,SkyWest Airlines,2304,1242.0,186.8,84.33,1.04,-0.91,24.0,-5.02,156.2,9610,7054
DEN-SUN,DEN,SUN,Denver,Hailey,Large,OO,SkyWest Airlines,2303,557.0,123.3,80.76,1.26,3.7,36.0,-6.91,90.5,19906,7492
LAX-RNO,LAX,RNO,Los Angeles,Reno,Large,WN,Southwest Airlines,2303,391.0,84.7,79.2,1.17,3.09,33.0,-9.09,60.0,6469,15808
MCO-CLT,MCO,CLT,Orlando,Charlotte,Large,F9,Frontier Airlines,2303,468.0,110.1,69.69,2.17,13.05,66.0,-2.21,74.3,24369,20463
SFO-LAX,SFO,LAX,San Francisco,Los Angeles,Large,B6,JetBlue Airways,2303,337.0,87.6,72.12,1.35,13.51,55.0,-2.13,55.4,18442,25066
RIC-CLT,RIC,CLT,Richmond,Charlotte,Medium,OH,PSA Airlines,2302,257.0,85.7,84.01,1.61,-0.13,28.0,-6.74,51.7,8730,14689
SUN-DEN,SUN,DEN,Hailey,Denver,Non-hub,OO,SkyWest Airlines,2302,557.0,118.3,80.63,2.04,6.72,46.0,-3.67,81.4,31656,7350
LAX-SFO,LAX,SFO,Los Angeles,San Francisco,Large,B6,JetBlue Airways,2301,337.0,85.0,67.19,1.3,16.66,71.0,-2.93,54.7,33176,17815
CLT-RIC,CLT,RIC,Charlotte,Richmond,Large,OH,PSA Airlines,2301,257.0,78.2,84.44,1.52,-0.24,24.0,-5.48,44.8,10152,8831
DTW-IAH,DTW,IAH,Detroit,Houston,Large,NK,Spirit Airlines,2299,1075.0,188.0,79.82,1.22,1.4,37.0,-8.36,154.2,20293,7561
LAS-SCK,LAS,SCK,Las Vegas,Stockton,Large,G4,Allegiant Air,2299,359.0,82.1,74.73,1.35,8.75,41.0,-0.48,56.8,21448,10734
RSW-DCA,RSW,DCA,Fort Myers,Washington,Medium,AA,American Airlines,2297,892.0,145.1,74.1,2.18,18.95,54.0,-2.07,121.8,28760,28333
CLE-LAX,CLE,LAX,Cleveland,Los Angeles,Medium,UA,United Airlines,2296,2052.0,307.5,89.81,0.74,-7.64,13.0,-10.34,271.1,7303,3506
DCA-RSW,DCA,RSW,Washington,Fort Myers,Large,AA,American Airlines,2296,892.0,163.3,75.96,2.18,6.39,46.0,-4.61,131.2,16656,17301
IAH-DTW,IAH,DTW,Houston,Detroit,Large,NK,Spirit Airlines,2295,1075.0,163.9,76.91,1.31,10.13,48.0,-4.18,134.0,25243,11361
STL-SAN,STL,SAN,St. Louis,San Diego,Medium,WN,Southwest Airlines,2294,1557.0,234.0,73.54,1.0,6.09,39.0,-8.51,210.7,14476,13142
IND-PHL,IND,PHL,Indianapolis,Philadelphia,Medium,AA,American Airlines,2294,588.0,109.5,76.33,1.48,15.63,56.0,-1.31,83.1,27464,21567
PHL-IND,PHL,IND,Philadelphia,Indianapolis,Large,AA,American Airlines,2293,588.0,121.5,75.01,1.26,9.8,56.0,-4.55,88.3,22357,17913
LAX-CLE,LAX,CLE,Los Angeles,Cleveland,Large,UA,United Airlines,2292,2052.0,270.9,88.66,0.74,-6.4,16.0,-9.55,235.9,7654,5934
DFW-GGG,DFW,GGG,Dallas-Fort Worth,Longview,Large,MQ,Envoy Air,2291,140.0,56.2,82.37,3.19,2.92,28.0,-3.43,28.0,14110,7662
GGG-DFW,GGG,DFW,Longview,Dallas-Fort Worth,Non-hub,MQ,Envoy Air,2290,140.0,65.0,80.66,3.45,7.0,30.0,-1.66,36.2,20878,9184
MTJ-DEN,MTJ,DEN,Montrose CO,Denver,Non-hub,UA,United Airlines,2289,196.0,71.8,77.72,1.66,5.93,45.2,-4.83,37.4,20584,15236
RNO-LAX,RNO,LAX,Reno,Los Angeles,Medium,WN,Southwest Airlines,2289,391.0,92.2,82.48,1.35,1.2,28.0,-8.99,62.8,6350,13228
LAX-SAT,LAX,SAT,Los Angeles,San Antonio,Large,OO,SkyWest Airlines,2288,1211.0,178.5,86.1,0.52,-0.67,24.0,-5.83,151.1,10686,8136
ATL-BWI,ATL,BWI,Atlanta,Baltimore,Large,F9,Frontier Airlines,2288,577.0,114.9,61.01,2.8,22.84,87.0,-3.39,81.7,27802,32949
SAT-LAX,SAT,LAX,San Antonio,Los Angeles,Medium,OO,SkyWest Airlines,2288,1211.0,198.2,86.1,0.48,4.02,23.0,-2.21,170.6,19867,7464
DEN-MTJ,DEN,MTJ,Denver,Montrose CO,Large,UA,United Airlines,2287,196.0,64.1,73.94,1.49,10.38,57.0,-5.28,36.1,19500,18045
BWI-ATL,BWI,ATL,Baltimore,Atlanta,Large,F9,Frontier Airlines,2287,577.0,127.0,64.32,3.1,19.63,78.0,-0.68,87.5,28045,30402
HOU-ECP,HOU,ECP,Houston,Panama City,Medium,WN,Southwest Airlines,2286,570.0,97.6,76.9,1.18,6.91,36.0,-5.05,76.9,14080,10165
PSP-DEN,PSP,DEN,Palm Springs,Denver,Small,WN,Southwest Airlines,2284,776.0,126.0,78.77,1.01,5.4,36.0,-6.67,99.0,15730,10062
DEN-PSP,DEN,PSP,Denver,Palm Springs,Large,WN,Southwest Airlines,2283,776.0,134.8,71.79,1.01,8.61,40.0,-6.29,108.7,14364,13662
LBL-DEN,LBL,DEN,Liberal,Denver,Non-hub,OO,SkyWest Airlines,2282,280.0,74.4,80.02,3.46,7.08,42.9,-0.22,48.9,22280,13704
CLE-PHL,CLE,PHL,Cleveland,Philadelphia,Medium,OH,PSA Airlines,2280,363.0,87.8,78.55,2.85,8.91,45.0,-3.46,58.4,19687,19674
MSN-CLT,MSN,CLT,Madison,Charlotte,Small,OH,PSA Airlines,2280,708.0,140.3,82.81,1.4,2.68,33.6,-6.32,100.9,12720,16003
CLT-MSN,CLT,MSN,Charlotte,Madison,Large,OH,PSA Airlines,2280,708.0,140.1,82.46,1.14,1.31,28.0,-3.56,104.1,12127,8305
PHL-CLE,PHL,CLE,Philadelphia,Cleveland,Large,OH,PSA Airlines,2279,363.0,101.1,76.48,2.11,9.56,52.0,-3.21,63.1,20817,19829
DTW-AZO,DTW,AZO,Detroit,Kalamazoo,Large,OO,SkyWest Airlines,2279,113.0,55.2,79.29,1.36,10.13,57.8,-4.69,27.1,40428,0
DCA-EWR,DCA,EWR,Washington,Newark,Large,YX,Republic Airways,2278,199.0,85.5,78.14,3.78,0.29,40.2,-4.32,43.0,20929,5440
SFO-CLE,SFO,CLE,San Francisco,Cleveland,Large,UA,United Airlines,2278,2161.0,283.8,85.03,1.23,-2.23,24.0,-9.96,244.4,9031,9369
AZO-DTW,AZO,DTW,Kalamazoo,Detroit,Non-hub,OO,SkyWest Airlines,2278,113.0,59.6,81.3,1.32,8.31,50.3,-5.09,27.2,40725,0
MSP-BWI,MSP,BWI,Minneapolis,Baltimore,Large,WN,Southwest Airlines,2278,936.0,143.1,76.08,1.49,7.89,39.0,-3.95,118.4,13878,15177
EWR-ORD,EWR,ORD,Newark,Chicago,Large,MQ,Envoy Air,2277,719.0,161.9,67.76,4.3,11.66,68.7,-4.93,118.0,19380,24278
TUL-PHX,TUL,PHX,Tulsa,Phoenix,Small,WN,Southwest Airlines,2277,935.0,158.3,85.38,0.88,-0.12,24.0,-6.76,134.8,6331,10735
EKO-SLC,EKO,SLC,Elko,Salt Lake City,Non-hub,OO,SkyWest Airlines,2276,200.0,64.1,92.4,0.83,-0.48,7.0,-4.58,37.9,27632,0
SLC-EKO,SLC,EKO,Salt Lake City,Elko,Large,OO,SkyWest Airlines,2276,200.0,62.1,91.12,0.83,-0.47,9.0,-5.29,34.6,21470,0
ORD-EWR,ORD,EWR,Chicago,Newark,Large,MQ,Envoy Air,2276,719.0,132.6,70.96,4.0,8.65,56.0,-1.81,96.3,23904,8298
ORD-GSP,ORD,GSP,Chicago,Greenville,Large,OO,SkyWest Airlines,2274,577.0,117.3,78.06,1.54,7.31,46.0,-4.32,82.0,24621,8831
GSP-ORD,GSP,ORD,Greenville,Chicago,Small,OO,SkyWest Airlines,2274,577.0,134.4,79.68,1.45,6.72,40.0,-4.08,96.5,24380,9257
CLE-SFO,CLE,SFO,Cleveland,San Francisco,Medium,UA,United Airlines,2273,2161.0,323.0,87.55,0.97,-6.23,18.0,-10.53,289.3,11647,3651
CLT-MSN,CLT,MSN,Charlotte,Madison,Large,AA,American Airlines,2271,708.0,129.6,68.08,0.92,17.14,69.0,-3.83,102.5,23694,26122
IAH-CMH,IAH,CMH,Houston,Columbus,Large,UA,United Airlines,2271,986.0,155.1,72.57,1.37,14.88,64.5,-2.04,124.0,22358,19661
MDW-RIC,MDW,RIC,Chicago,Richmond,Large,WN,Southwest Airlines,2270,629.0,110.8,76.56,1.1,5.88,33.0,-6.25,86.7,13207,10129
MSN-CLT,MSN,CLT,Madison,Charlotte,Small,AA,American Airlines,2270,708.0,131.1,77.62,1.01,16.32,49.0,-3.15,99.7,30918,19087
FAY-ATL,FAY,ATL,Fayetteville,Atlanta,Non-hub,9E,Endeavor Air,2270,331.0,89.4,89.91,0.26,-0.35,13.0,-8.15,60.3,16426,7479
ATL-FAY,ATL,FAY,Atlanta,Fayetteville,Large,9E,Endeavor Air,2270,331.0,79.1,91.37,0.18,-4.27,10.0,-7.32,51.3,8704,3858
RIC-MDW,RIC,MDW,Richmond,Chicago,Medium,WN,Southwest Airlines,2269,629.0,123.1,78.18,0.88,5.53,37.0,-7.35,97.1,11727,14826
EWR-DCA,EWR,DCA,Newark,Washington,Large,YX,Republic Airways,2269,199.0,83.9,80.96,3.26,-1.4,28.0,-5.47,45.0,13277,6639
FLL-JAX,FLL,JAX,Fort Lauderdale,Jacksonville,Large,B6,JetBlue Airways,2269,319.0,79.0,65.67,2.82,18.19,80.2,-2.24,52.6,33614,18759
GSO-CLT,GSO,CLT,Greensboro,Charlotte,Small,AA,American Airlines,2269,83.0,58.2,73.73,1.54,14.12,65.0,-4.33,26.7,23285,25584
CLT-GSO,CLT,GSO,Charlotte,Greensboro,Large,AA,American Airlines,2268,83.0,52.1,68.47,1.41,18.89,76.0,-4.77,23.4,23689,29088
JAX-FLL,JAX,FLL,Jacksonville,Fort Lauderdale,Medium,B6,JetBlue Airways,2268,319.0,78.3,72.09,3.04,16.69,71.0,-4.17,54.1,24687,28230
RSW-JFK,RSW,JFK,Fort Myers,New York,Medium,DL,Delta Air Lines,2268,1074.0,173.6,79.19,2.69,5.85,46.0,-4.92,140.9,20873,16849
JFK-RSW,JFK,RSW,New York,Fort Myers,Large,DL,Delta Air Lines,2266,1074.0,196.2,84.38,2.56,-3.43,25.0,-10.97,157.3,20968,3144
PHX-ABQ,PHX,ABQ,Phoenix,Albuquerque,Large,OO,SkyWest Airlines,2265,328.0,80.0,87.37,0.53,0.3,21.0,-3.41,49.2,11235,5097
AUS-LAX,AUS,LAX,Austin,Los Angeles,Large,OO,SkyWest Airlines,2265,1242.0,209.7,86.18,1.06,-0.76,21.0,-7.28,174.8,14368,4915
PHX-BOI,PHX,BOI,Phoenix,Boise,Large,OO,SkyWest Airlines,2265,735.0,134.8,82.74,0.35,3.39,31.0,-3.88,107.0,14866,8010
OGG-PHX,OGG,PHX,Kahului,Phoenix,Medium,AA,American Airlines,2264,2845.0,342.1,92.58,0.35,-1.27,7.0,-8.65,315.1,22003,7694
PHX-OGG,PHX,OGG,Phoenix,Kahului,Large,AA,American Airlines,2264,2845.0,396.5,85.87,0.18,-6.18,22.0,-9.75,358.9,9608,6842
BOI-PHX,BOI,PHX,Boise,Phoenix,Medium,OO,SkyWest Airlines,2263,735.0,133.1,82.32,0.4,6.88,34.0,-2.86,105.2,24285,6600
MCI-LAS,MCI,LAS,Kansas City,Las Vegas,Medium,NK,Spirit Airlines,2263,1139.0,182.7,76.01,1.68,8.42,52.0,-4.35,156.6,21888,12526
CMH-IAH,CMH,IAH,Columbus,Houston,Medium,UA,United Airlines,2262,986.0,173.9,74.01,1.72,11.27,46.0,-4.21,143.8,25473,13005
TUS-LAX,TUS,LAX,Tucson,Los Angeles,Medium,WN,Southwest Airlines,2261,451.0,96.4,79.35,1.06,4.69,33.0,-5.59,69.8,6536,16425
ABQ-PHX,ABQ,PHX,Albuquerque,Phoenix,Medium,OO,SkyWest Airlines,2260,328.0,87.9,87.04,0.62,1.39,19.0,-1.78,57.9,17814,3696
LAS-MCI,LAS,MCI,Las Vegas,Kansas City,Large,NK,Spirit Airlines,2260,1139.0,164.6,79.65,1.24,5.57,34.0,-3.02,137.6,18681,6167
DFW-LCH,DFW,LCH,Dallas-Fort Worth,Lake Charles,Large,MQ,Envoy Air,2260,295.0,80.6,83.76,3.23,-1.03,24.0,-5.07,51.1,9663,7502
LCH-DFW,LCH,DFW,Lake Charles,Dallas-Fort Worth,Non-hub,MQ,Envoy Air,2259,295.0,85.0,80.48,3.41,6.16,31.0,-1.25,55.7,19612,9720
ILM-LGA,ILM,LGA,Wilmington,New York,Small,9E,Endeavor Air,2258,500.0,104.4,77.15,3.81,6.98,39.0,-3.17,74.5,24309,9912
LAX-HNL,LAX,HNL,Los Angeles,Honolulu,Large,WN,Southwest Airlines,2258,2556.0,355.2,86.71,0.04,-6.14,20.0,-11.61,324.6,9876,3174
ORD-LIT,ORD,LIT,Chicago,Little Rock,Large,OO,SkyWest Airlines,2258,552.0,121.4,73.07,1.73,8.3,55.0,-6.35,83.0,22050,14746
LGA-ILM,LGA,ILM,New York,Wilmington,Large,9E,Endeavor Air,2258,500.0,121.2,78.12,3.76,-2.07,37.0,-8.47,77.2,14724,10444
PHX-GEG,PHX,GEG,Phoenix,Spokane,Large,WN,Southwest Airlines,2257,1020.0,159.8,76.78,0.66,6.13,35.0,-6.36,137.2,11608,10915
GEG-PHX,GEG,PHX,Spokane,Phoenix,Medium,WN,Southwest Airlines,2257,1020.0,156.3,83.07,0.66,2.02,26.0,-6.5,131.8,10120,8131
STS-SNA,STS,SNA,Santa Rosa,Santa Ana,Small,OO,SkyWest Airlines,2256,433.0,94.2,76.99,0.71,10.44,43.3,0.68,72.7,14446,15698
SNA-STS,SNA,STS,Santa Ana,Santa Rosa,Medium,OO,SkyWest Airlines,2256,433.0,99.4,77.7,0.53,7.58,42.0,-0.06,76.2,13002,15888
PIE-AVL,PIE,AVL,St. Petersburg,Asheville,Small,G4,Allegiant Air,2255,519.0,94.5,69.93,2.48,13.95,66.8,-0.47,72.9,19998,24816
HNL-LAX,HNL,LAX,Honolulu,Los Angeles,Medium,WN,Southwest Airlines,2255,2556.0,331.5,88.16,0.22,-5.17,17.0,-12.03,295.3,8394,3182
MSY-JFK,MSY,JFK,New Orleans,New York,Medium,B6,JetBlue Airways,2254,1182.0,179.9,64.82,2.8,22.65,81.0,-4.92,151.3,32268,31957
AVL-PIE,AVL,PIE,Asheville,St. Petersburg,Small,G4,Allegiant Air,2254,519.0,97.9,68.68,2.4,16.16,64.0,-1.0,78.3,26643,20291
MIA-BNA,MIA,BNA,Miami,Nashville,Large,MQ,Envoy Air,2254,806.0,148.2,82.7,1.11,2.41,26.0,-2.55,117.4,13423,6016
BWI-MSP,BWI,MSP,Baltimore,Minneapolis,Large,WN,Southwest Airlines,2253,936.0,161.3,68.26,1.42,12.27,51.0,-7.18,135.4,19881,16845
ORD-MCI,ORD,MCI,Chicago,Kansas City,Large,YX,Republic Airways,2253,403.0,101.7,81.14,2.13,1.52,34.0,-5.18,65.6,12363,10794
DEN-BUR,DEN,BUR,Denver,Burbank,Large,UA,United Airlines,2252,850.0,152.5,73.45,0.75,9.61,54.0,-5.89,123.0,17601,18183
JFK-MSY,JFK,MSY,New York,New Orleans,Large,B6,JetBlue Airways,2252,1182.0,204.6,68.47,2.44,13.24,77.0,-7.75,165.9,35506,14406
MIA-IAD,MIA,IAD,Miami,Washington,Large,UA,United Airlines,2252,921.0,154.4,81.57,0.98,6.61,35.6,-2.87,125.1,18276,14234
LIT-ORD,LIT,ORD,Little Rock,Chicago,Small,OO,SkyWest Airlines,2252,552.0,120.8,75.53,1.78,15.23,60.6,-4.06,86.7,35514,14814
BNA-MIA,BNA,MIA,Nashville,Miami,Large,MQ,Envoy Air,2252,806.0,138.2,75.84,1.2,7.14,48.0,-3.75,112.4,17024,14068
BUR-DEN,BUR,DEN,Burbank,Denver,Medium,UA,United Airlines,2251,850.0,145.0,80.23,1.24,4.09,37.8,-5.7,110.3,21494,7694
PHX-TUL,PHX,TUL,Phoenix,Tulsa,Large,WN,Southwest Airlines,2251,935.0,134.2,70.72,0.53,11.88,45.0,-4.63,113.7,14547,17324
EWR-JAX,EWR,JAX,Newark,Jacksonville,Large,YX,Republic Airways,2251,820.0,158.5,81.25,2.93,-1.45,27.0,-5.94,122.0,13473,4692
SAN-SAT,SAN,SAT,San Diego,San Antonio,Large,WN,Southwest Airlines,2249,1129.0,160.8,73.01,0.62,9.13,42.8,-4.21,135.8,10334,18829
PDX-ORD,PDX,ORD,Portland,Chicago,Medium,AS,Alaska Airlines,2248,1739.0,243.1,79.27,2.22,1.72,26.0,-1.1,207.0,15609,1713
CMH-DCA,CMH,DCA,Columbus,Washington,Medium,MQ,Envoy Air,2247,323.0,81.2,82.38,1.29,2.29,25.0,-2.02,54.3,13310,6581
HHH-ATL,HHH,ATL,Hilton Head Island,Atlanta,Non-hub,YX,Republic Airways,2247,238.0,77.0,84.87,1.11,3.2,29.6,-5.12,46.2,21437,5812
LAX-TUS,LAX,TUS,Los Angeles,Tucson,Large,WN,Southwest Airlines,2247,451.0,84.7,76.99,0.89,7.31,37.0,-4.01,63.6,8178,17342
DCA-CMH,DCA,CMH,Washington,Columbus,Large,MQ,Envoy Air,2246,323.0,92.0,75.78,3.07,6.48,43.0,-6.04,56.3,12302,17715
ATL-HHH,ATL,HHH,Atlanta,Hilton Head Island,Large,YX,Republic Airways,2246,238.0,73.1,83.57,0.89,5.85,32.6,-4.32,45.8,26109,4214
ORD-BOI,ORD,BOI,Chicago,Boise,Large,OO,SkyWest Airlines,2246,1437.0,244.6,75.11,1.11,4.54,51.0,-9.86,202.6,24427,9789
ATL-MLI,ATL,MLI,Atlanta,Moline,Large,9E,Endeavor Air,2246,633.0,119.3,86.82,0.89,-0.62,20.0,-5.47,91.9,14634,4068
MLI-ATL,MLI,ATL,Moline,Atlanta,Small,9E,Endeavor Air,2245,633.0,121.0,88.15,0.94,-4.93,17.0,-9.46,88.3,10409,7456
ORD-PDX,ORD,PDX,Chicago,Portland,Large,AS,Alaska Airlines,2243,1739.0,271.1,76.46,2.32,4.14,35.0,-4.79,236.2,14958,12203
BOI-ORD,BOI,ORD,Boise,Chicago,Medium,OO,SkyWest Airlines,2243,1437.0,217.8,85.87,0.85,-2.11,20.0,-5.51,179.5,16991,2652
GEG-LAX,GEG,LAX,Spokane,Los Angeles,Medium,OO,SkyWest Airlines,2242,945.0,170.1,87.24,0.4,-1.41,18.8,-4.8,136.4,16931,617
ORD-RSW,ORD,RSW,Chicago,Fort Myers,Large,NK,Spirit Airlines,2241,1120.0,175.4,73.0,2.72,9.4,62.0,-6.43,144.4,29190,9826
MYR-LGA,MYR,LGA,Myrtle Beach,New York,Small,9E,Endeavor Air,2239,563.0,110.0,83.16,3.35,0.07,26.0,-4.86,81.0,15713,9264
LGA-MYR,LGA,MYR,New York,Myrtle Beach,Large,9E,Endeavor Air,2238,563.0,125.4,79.8,3.8,-1.0,39.0,-9.32,85.6,15555,10997
TPA-CVG,TPA,CVG,Tampa,Cincinnati,Large,F9,Frontier Airlines,2238,773.0,139.7,74.84,2.68,9.4,58.0,-4.64,108.3,15733,23012
ABQ-MDW,ABQ,MDW,Albuquerque,Chicago,Medium,WN,Southwest Airlines,2238,1121.0,162.1,83.91,1.3,1.2,22.0,-7.4,138.2,10167,6057
ORD-MCI,ORD,MCI,Chicago,Kansas City,Large,OO,SkyWest Airlines,2236,403.0,103.2,78.0,1.3,7.78,45.0,-3.58,66.8,23956,7750
IAD-MIA,IAD,MIA,Washington,Miami,Medium,UA,United Airlines,2235,921.0,168.9,80.36,0.94,4.33,37.0,-3.49,135.9,19034,8522
LAX-GEG,LAX,GEG,Los Angeles,Spokane,Large,OO,SkyWest Airlines,2234,945.0,157.3,85.5,0.4,-1.57,22.3,-6.2,130.9,16191,848
DFW-MTJ,DFW,MTJ,Dallas-Fort Worth,Montrose CO,Large,AA,American Airlines,2234,722.0,140.5,79.54,1.43,6.16,43.3,-8.67,107.2,17826,16672
MTJ-DFW,MTJ,DFW,Montrose CO,Dallas-Fort Worth,Non-hub,AA,American Airlines,2234,722.0,128.1,75.96,1.48,20.66,60.0,-4.69,96.1,31552,31787
ATL-SGF,ATL,SGF,Atlanta,Springfield,Large,9E,Endeavor Air,2234,563.0,113.7,88.41,0.31,-0.89,16.0,-3.96,87.0,10813,3168
SGF-ATL,SGF,ATL,Springfield,Atlanta,Small,9E,Endeavor Air,2234,563.0,111.3,85.85,0.36,-0.06,23.0,-7.19,77.5,13968,6579
ANC-SCC,ANC,SCC,Anchorage,Deadhorse,Medium,AS,Alaska Airlines,2234,626.0,104.3,85.54,2.01,-0.44,22.0,-0.56,84.6,12919,4406
RSW-ORD,RSW,ORD,Fort Myers,Chicago,Medium,NK,Spirit Airlines,2233,1120.0,189.3,74.52,3.09,9.34,56.0,-5.32,155.5,27746,15207
CVG-TPA,CVG,TPA,Cincinnati,Tampa,Medium,F9,Frontier Airlines,2233,773.0,135.2,73.71,2.24,12.01,56.2,-4.43,107.1,22466,21941
IAH-ORD,IAH,ORD,Houston,Chicago,Large,NK,Spirit Airlines,2233,925.0,160.1,70.0,2.19,12.61,70.0,-5.96,123.2,32848,13812
CLT-LFT,CLT,LFT,Charlotte,Lafayette,Large,OH,PSA Airlines,2232,729.0,143.6,75.63,1.61,8.41,47.0,-3.04,106.7,20469,13705
ORD-DCA,ORD,DCA,Chicago,Washington,Large,OO,SkyWest Airlines,2232,612.0,121.9,80.51,1.93,0.8,34.0,-5.63,86.1,16049,4761
IAH-MCI,IAH,MCI,Houston,Kansas City,Large,YV,Mesa Airlines,2232,643.0,123.0,79.88,2.2,7.37,40.0,-7.27,92.5,28956,4196
SCC-ANC,SCC,ANC,Deadhorse,Anchorage,Non-hub,AS,Alaska Airlines,2232,626.0,102.2,87.77,2.15,-8.03,15.0,0.19,86.2,2651,13082
LGA-CHO,LGA,CHO,New York,Charlottesville VA,Large,YX,Republic Airways,2231,305.0,90.7,81.62,2.78,-1.6,29.0,-3.29,56.7,10787,8817
LFT-CLT,LFT,CLT,Lafayette,Charlotte,Non-hub,OH,PSA Airlines,2231,729.0,137.2,81.71,2.06,9.6,34.0,-3.97,98.3,27488,11448
MCW-ORD,MCW,ORD,Mason City,Chicago,Non-hub,OO,SkyWest Airlines,2231,288.0,92.5,77.23,4.75,10.93,56.0,-8.63,50.3,30412,25401
ORD-IAH,ORD,IAH,Chicago,Houston,Large,NK,Spirit Airlines,2231,925.0,169.9,73.82,1.97,9.79,62.0,-8.14,133.1,33663,9062
CHO-LGA,CHO,LGA,Charlottesville VA,New York,Non-hub,YX,Republic Airways,2230,305.0,87.0,72.06,5.29,8.31,50.0,-1.65,55.2,22759,12289
MRY-SAN,MRY,SAN,Monterey,San Diego,Small,OO,SkyWest Airlines,2230,375.0,82.9,80.81,1.3,5.83,33.0,1.31,61.5,12171,11911
SAN-MRY,SAN,MRY,San Diego,Monterey,Large,OO,SkyWest Airlines,2230,375.0,86.7,77.13,1.12,5.51,40.0,-1.53,59.3,8408,16174
MSY-ATL,MSY,ATL,New Orleans,Atlanta,Medium,NK,Spirit Airlines,2230,425.0,88.9,77.35,1.66,7.52,46.0,-3.25,60.9,15219,16582
EWR-SLC,EWR,SLC,Newark,Salt Lake City,Large,UA,United Airlines,2229,1969.0,314.7,72.81,2.42,7.96,61.0,-8.68,273.6,22050,16367
SLC-EWR,SLC,EWR,Salt Lake City,Newark,Large,UA,United Airlines,2229,1969.0,262.0,70.08,2.29,14.97,66.0,-7.69,226.7,28821,20713
PDX-FAT,PDX,FAT,Portland,Fresno,Medium,OO,SkyWest Airlines,2228,626.0,112.4,84.34,0.49,3.18,28.0,-1.72,90.6,8916,11149
SEA-ABQ,SEA,ABQ,Seattle,Albuquerque,Large,AS,Alaska Airlines,2227,1180.0,175.1,75.84,0.63,5.2,34.0,-2.19,144.6,13407,8554
FAT-PDX,FAT,PDX,Fresno,Portland,Small,OO,SkyWest Airlines,2227,626.0,115.0,87.88,0.45,1.34,18.0,-1.81,93.0,11682,3807
CLT-SLC,CLT,SLC,Charlotte,Salt Lake City,Large,DL,Delta Air Lines,2227,1727.0,276.3,84.01,0.63,1.27,29.0,-10.78,237.6,18134,8892
ABQ-SEA,ABQ,SEA,Albuquerque,Seattle,Medium,AS,Alaska Airlines,2226,1180.0,196.1,78.39,1.17,1.51,34.0,-5.14,163.2,11025,10840
PBI-BDL,PBI,BDL,West Palm Beach,Windsor Locks,Medium,B6,JetBlue Airways,2226,1133.0,172.8,76.33,1.71,9.39,62.0,-3.97,146.0,18644,19494
BDL-PBI,BDL,PBI,Windsor Locks,West Palm Beach,Medium,B6,JetBlue Airways,2226,1133.0,186.7,74.39,1.66,6.44,56.0,-5.02,161.1,24623,12320
SLC-CLT,SLC,CLT,Salt Lake City,Charlotte,Large,DL,Delta Air Lines,2226,1727.0,233.9,85.35,0.63,-0.08,22.0,-6.32,201.9,13504,5420
PNS-DAL,PNS,DAL,Pensacola,Dallas,Small,WN,Southwest Airlines,2226,592.0,111.4,81.49,1.66,3.39,30.0,-4.15,91.2,8814,12468
DAL-PNS,DAL,PNS,Dallas,Pensacola,Large,WN,Southwest Airlines,2224,592.0,99.3,75.4,1.35,8.2,39.0,-4.16,77.9,16068,11318
ATL-MSY,ATL,MSY,Atlanta,New Orleans,Large,NK,Spirit Airlines,2223,425.0,96.6,74.18,1.57,10.96,52.6,-5.37,70.5,22497,13971
DEN-DIK,DEN,DIK,Denver,Dickinson,Large,OO,SkyWest Airlines,2223,488.0,105.2,76.25,4.0,12.36,53.0,-6.67,72.8,35203,10818
DIK-DEN,DIK,DEN,Dickinson,Denver,Non-hub,OO,SkyWest Airlines,2223,488.0,118.1,76.79,3.87,7.04,50.0,-5.77,78.0,36590,7633
GEG-PDX,GEG,PDX,Spokane,Portland,Medium,QX,Horizon Air,2222,279.0,75.8,87.22,1.26,1.63,17.7,-1.07,57.2,9008,5328
SJU-IAD,SJU,IAD,San Juan,Washington,Medium,UA,United Airlines,2222,1571.0,237.8,86.23,1.08,-1.24,20.0,-4.59,211.7,7953,8839
DEN-RIC,DEN,RIC,Denver,Richmond,Large,UA,United Airlines,2221,1482.0,200.6,68.08,0.77,15.82,60.9,-0.29,170.8,23449,17349
RIC-DEN,RIC,DEN,Richmond,Denver,Medium,UA,United Airlines,2220,1482.0,243.7,80.95,0.95,4.74,35.0,-4.26,210.3,20393,5586
ACY-RSW,ACY,RSW,Atlantic City,Fort Myers,Non-hub,NK,Spirit Airlines,2212,982.0,165.4,84.31,2.89,-0.22,23.0,-4.63,142.4,16918,5645
BDL-MIA,BDL,MIA,Windsor Locks,Miami,Medium,AA,American Airlines,2212,1194.0,198.0,82.73,1.72,6.02,24.0,-5.17,166.5,24154,8410
RSW-ACY,RSW,ACY,Fort Myers,Atlantic City,Medium,NK,Spirit Airlines,2211,982.0,147.7,81.41,3.17,3.32,36.2,-3.17,127.1,15638,13263
SFO-HNL,SFO,HNL,San Francisco,Honolulu,Large,HA,Hawaiian Airlines,2210,2398.0,336.4,73.21,2.58,8.08,34.0,-3.04,304.4,28350,638
MIA-BDL,MIA,BDL,Miami,Windsor Locks,Large,AA,American Airlines,2209,1194.0,188.2,68.18,1.72,17.14,62.0,-5.6,154.7,32493,17235
DFW-PDX,DFW,PDX,Dallas-Fort Worth,Portland,Large,AS,Alaska Airlines,2209,1616.0,247.8,71.3,1.54,10.29,50.0,-2.71,217.9,15925,18259
HNL-SFO,HNL,SFO,Honolulu,San Francisco,Medium,HA,Hawaiian Airlines,2208,2398.0,310.3,64.4,2.49,13.48,44.0,-4.43,276.4,30372,4799
OKC-IAH,OKC,IAH,Oklahoma City,Houston,Medium,YV,Mesa Airlines,2208,395.0,94.5,83.29,2.63,-0.36,28.0,-6.53,65.3,20182,3805
PDX-DFW,PDX,DFW,Portland,Dallas-Fort Worth,Medium,AS,Alaska Airlines,2207,1616.0,224.6,75.99,1.13,5.34,33.0,2.04,194.6,18749,2564
PDX-GEG,PDX,GEG,Portland,Spokane,Medium,QX,Horizon Air,2206,279.0,67.0,88.21,1.09,1.2,16.0,-1.57,50.5,7307,4390
SAT-SAN,SAT,SAN,San Antonio,San Diego,Medium,WN,Southwest Airlines,2205,1129.0,176.5,79.5,0.59,4.17,32.0,-5.75,156.3,9023,12645
DEN-ABQ,DEN,ABQ,Denver,Albuquerque,Large,OO,SkyWest Airlines,2205,349.0,87.7,78.96,1.04,7.08,42.0,-3.35,56.1,21148,7904
MIA-LAX,MIA,LAX,Miami,Los Angeles,Large,B6,JetBlue Airways,2204,2342.0,348.9,71.23,0.68,9.83,57.0,-6.32,311.6,27259,16114
DFW-CLL,DFW,CLL,Dallas-Fort Worth,College Station,Large,OO,SkyWest Airlines,2203,164.0,64.9,78.48,3.36,7.19,46.0,-4.44,33.4,25838,7398
SEA-TUS,SEA,TUS,Seattle,Tucson,Large,AS,Alaska Airlines,2203,1216.0,181.1,77.44,0.5,4.72,31.0,-1.75,152.5,12551,6923
LAX-MIA,LAX,MIA,Los Angeles,Miami,Large,B6,JetBlue Airways,2203,2342.0,300.2,76.26,0.54,4.91,44.0,-7.31,266.6,19454,10893
CLL-DFW,CLL,DFW,College Station,Dallas-Fort Worth,Non-hub,OO,SkyWest Airlines,2203,164.0,68.4,75.03,3.54,15.13,64.9,-0.44,39.5,38906,9733
ORD-MCW,ORD,MCW,Chicago,Mason City,Large,OO,SkyWest Airlines,2202,288.0,91.6,78.02,3.86,0.39,33.0,-9.37,53.0,21446,7667
TUS-SEA,TUS,SEA,Tucson,Seattle,Medium,AS,Alaska Airlines,2202,1216.0,198.1,78.52,0.54,5.04,33.0,-1.51,168.7,11755,9665
BOS-SDF,BOS,SDF,Boston,Louisville,Large,YX,Republic Airways,2201,829.0,163.5,87.05,1.23,-6.87,19.2,-8.38,127.8,8190,7334
EWR-MIA,EWR,MIA,Newark,Miami,Large,NK,Spirit Airlines,2201,1085.0,191.0,73.69,3.27,7.1,64.0,-9.62,153.1,32438,9341
HOU-BHM,HOU,BHM,Houston,Birmingham,Medium,WN,Southwest Airlines,2200,570.0,97.1,75.18,1.0,8.23,39.0,-5.42,76.7,12599,13625
MDW-ABQ,MDW,ABQ,Chicago,Albuquerque,Large,WN,Southwest Airlines,2200,1121.0,181.9,78.68,1.0,3.61,32.0,-6.95,156.4,11095,10433
ORD-BOS,ORD,BOS,Chicago,Boston,Large,MQ,Envoy Air,2200,867.0,145.2,83.27,1.95,-1.82,27.0,-7.08,109.8,11137,6028
SDF-BOS,SDF,BOS,Louisville,Boston,Medium,YX,Republic Airways,2200,829.0,144.6,76.68,1.86,7.83,58.0,-0.75,115.9,26257,7223
MYR-MDW,MYR,MDW,Myrtle Beach,Chicago,Small,WN,Southwest Airlines,2199,738.0,131.9,82.04,1.55,1.8,33.0,-8.07,108.1,8475,13184
ABQ-DEN,ABQ,DEN,Albuquerque,Denver,Medium,OO,SkyWest Airlines,2199,349.0,89.2,82.4,1.32,3.64,32.0,-1.41,58.8,20166,4419
PHX-SLC,PHX,SLC,Phoenix,Salt Lake City,Large,F9,Frontier Airlines,2199,507.0,101.8,82.99,1.05,2.29,33.0,-4.46,73.3,10769,14510
DFW-BUF,DFW,BUF,Dallas-Fort Worth,Buffalo,Large,AA,American Airlines,2199,1212.0,177.2,59.85,2.32,25.42,87.0,-4.85,148.0,29076,33932
SEA-PHL,SEA,PHL,Seattle,Philadelphia,Large,AA,American Airlines,2199,2378.0,306.3,76.49,1.41,8.69,39.0,-6.75,272.0,18947,17085
SLC-PHX,SLC,PHX,Salt Lake City,Phoenix,Large,F9,Frontier Airlines,2198,507.0,106.4,76.07,1.36,9.66,53.0,-4.83,74.1,15190,25140
PHL-SEA,PHL,SEA,Philadelphia,Seattle,Large,AA,American Airlines,2198,2378.0,369.8,73.07,1.32,6.83,45.0,-7.41,321.0,27948,9391
IAD-SJU,IAD,SJU,Washington,San Juan,Medium,UA,United Airlines,2198,1571.0,230.3,83.62,0.32,0.12,25.0,-5.47,200.7,13704,5701
BUF-DFW,BUF,DFW,Buffalo,Dallas-Fort Worth,Medium,AA,American Airlines,2197,1212.0,206.1,75.56,2.46,10.52,46.0,-6.45,169.4,26263,14387
MDW-MYR,MDW,MYR,Chicago,Myrtle Beach,Large,WN,Southwest Airlines,2196,738.0,116.9,73.18,1.5,8.39,40.9,-6.01,94.1,14748,11793
CVG-DEN,CVG,DEN,Cincinnati,Denver,Medium,F9,Frontier Airlines,2196,1069.0,189.5,74.41,1.37,10.46,49.9,-6.01,155.0,22959,19663
PHL-PVD,PHL,PVD,Philadelphia,Providence,Large,OH,PSA Airlines,2195,237.0,76.4,82.05,1.64,5.28,38.0,-3.71,45.4,14843,13454
MIA-EWR,MIA,EWR,Miami,Newark,Large,NK,Spirit Airlines,2195,1085.0,187.4,68.88,2.41,12.48,75.0,-7.76,148.9,34583,10811
LAN-ORD,LAN,ORD,Lansing,Chicago,Non-hub,MQ,Envoy Air,2194,179.0,75.8,81.08,1.78,2.31,38.0,-4.94,39.7,19279,8711
ORD-LAN,ORD,LAN,Chicago,Lansing,Large,MQ,Envoy Air,2194,179.0,64.7,79.67,1.73,2.97,36.0,-4.39,33.6,12886,9679
DEN-CVG,DEN,CVG,Denver,Cincinnati,Large,F9,Frontier Airlines,2194,1069.0,162.5,70.92,1.09,13.01,58.0,-3.88,130.6,20423,20395
PVD-PHL,PVD,PHL,Providence,Philadelphia,Small,OH,PSA Airlines,2194,237.0,80.7,84.82,2.32,-0.29,24.0,-3.33,55.3,11851,11081
BHM-HOU,BHM,HOU,Birmingham,Houston,Small,WN,Southwest Airlines,2194,570.0,112.0,80.95,1.28,3.66,30.0,-7.25,88.7,9316,13423
BOS-ORD,BOS,ORD,Boston,Chicago,Large,MQ,Envoy Air,2194,867.0,180.9,77.07,2.78,4.63,46.0,-6.94,137.6,18682,15052
BOS-JFK,BOS,JFK,Boston,New York,Large,DL,Delta Air Lines,2192,187.0,87.2,81.89,1.09,6.73,38.0,-5.46,45.5,25385,7356
AVP-ORD,AVP,ORD,Scranton,Chicago,Non-hub,MQ,Envoy Air,2191,632.0,142.6,77.18,2.37,5.49,43.9,-4.97,104.8,21799,13129
ORD-AVP,ORD,AVP,Chicago,Scranton,Large,MQ,Envoy Air,2191,632.0,116.3,76.22,2.15,5.54,46.0,-3.61,84.7,15694,11097
ORD-DCA,ORD,DCA,Chicago,Washington,Large,YX,Republic Airways,2191,612.0,122.0,79.69,2.65,0.25,41.0,-7.12,83.3,17319,9043
JFK-BOS,JFK,BOS,New York,Boston,Large,DL,Delta Air Lines,2190,187.0,85.7,73.11,0.96,13.9,72.0,-8.44,40.3,29124,20288
ORD-ATL,ORD,ATL,Chicago,Atlanta,Large,YX,Republic Airways,2190,606.0,126.6,79.63,1.42,3.02,36.0,-5.97,88.2,14922,11163
EWR-BNA,EWR,BNA,Newark,Nashville,Large,YX,Republic Airways,2189,748.0,157.5,77.94,5.21,-2.1,31.0,-8.43,114.6,13455,7301
DCA-ORD,DCA,ORD,Washington,Chicago,Large,YX,Republic Airways,2180,612.0,142.2,84.36,2.84,-3.32,25.4,-9.14,101.1,14705,8341
LAX-RDM,LAX,RDM,Los Angeles,Redmond-Bend,Large,OO,SkyWest Airlines,2180,726.0,135.6,85.0,1.24,0.33,23.0,-3.87,105.0,9558,7635
SEA-LAX,SEA,LAX,Seattle,Los Angeles,Large,UA,United Airlines,2179,954.0,164.2,88.85,0.96,2.02,15.0,-4.34,128.7,15074,8317
ORD-DTW,ORD,DTW,Chicago,Detroit,Large,YX,Republic Airways,2179,235.0,86.5,82.1,1.79,2.59,31.1,-4.46,48.5,12907,9154
RDM-LAX,RDM,LAX,Redmond-Bend,Los Angeles,Small,OO,SkyWest Airlines,2179,726.0,137.7,82.29,1.42,7.3,31.0,-2.86,106.2,23758,7782
MSP-JFK,MSP,JFK,Minneapolis,New York,Large,9E,Endeavor Air,2178,1029.0,171.3,80.95,1.79,-0.78,31.0,-6.86,132.8,19457,1791
AUS-ORD,AUS,ORD,Austin,Chicago,Large,WN,Southwest Airlines,2178,977.0,161.7,72.36,1.93,7.81,44.0,-3.75,129.7,16893,11997
JFK-MSP,JFK,MSP,New York,Minneapolis,Large,9E,Endeavor Air,2177,1029.0,200.8,80.85,1.98,-1.29,35.0,-12.0,153.2,20864,7585
ORD-AUS,ORD,AUS,Chicago,Austin,Large,WN,Southwest Airlines,2177,977.0,165.4,67.85,2.39,12.3,54.0,-4.01,135.4,16744,19144
MKE-PHX,MKE,PHX,Milwaukee,Phoenix,Medium,AA,American Airlines,2177,1460.0,233.5,83.56,1.06,8.82,31.0,-9.86,200.7,30351,13733
PHX-MKE,PHX,MKE,Phoenix,Milwaukee,Large,AA,American Airlines,2174,1460.0,203.1,80.68,0.83,2.58,34.0,-6.08,175.1,13526,9663
LAX-SEA,LAX,SEA,Los Angeles,Seattle,Large,UA,United Airlines,2174,954.0,172.3,84.64,0.92,0.36,26.0,-5.19,133.8,8209,10633
DFW-SHV,DFW,SHV,Dallas-Fort Worth,Shreveport,Large,OH,PSA Airlines,2174,190.0,68.0,74.66,3.04,15.9,74.0,-2.81,35.1,23588,25681
SHV-DFW,SHV,DFW,Shreveport,Dallas-Fort Worth,Small,OH,PSA Airlines,2173,190.0,77.1,74.6,3.04,16.32,67.0,-2.69,43.1,26424,23254
IAH-OKC,IAH,OKC,Houston,Oklahoma City,Large,YV,Mesa Airlines,2173,395.0,90.5,76.9,2.53,11.56,51.0,-4.26,62.3,35137,2803
ATL-SRQ,ATL,SRQ,Atlanta,Sarasota,Large,WN,Southwest Airlines,2173,444.0,92.0,78.14,1.56,4.59,37.0,-6.4,67.0,11074,10271
MCI-ORD,MCI,ORD,Kansas City,Chicago,Medium,OO,SkyWest Airlines,2172,403.0,101.8,80.39,1.57,10.27,48.0,-3.55,64.4,22295,19210
MIA-SAN,MIA,SAN,Miami,San Diego,Large,AA,American Airlines,2172,2267.0,332.5,65.56,1.66,17.69,61.0,-4.56,298.8,33524,16403
SAN-MIA,SAN,MIA,San Diego,Miami,Large,AA,American Airlines,2172,2267.0,291.9,84.58,1.7,13.71,22.0,-8.81,254.2,37722,12850
MSP-IAH,MSP,IAH,Minneapolis,Houston,Large,UA,United Airlines,2169,1034.0,176.7,82.71,1.34,0.99,27.0,-2.91,145.0,15284,5686
ORD-ATL,ORD,ATL,Chicago,Atlanta,Large,NK,Spirit Airlines,2168,606.0,123.6,69.28,1.52,14.81,62.0,-5.76,86.1,34343,12092
DTW-ORD,DTW,ORD,Detroit,Chicago,Large,YX,Republic Airways,2167,235.0,90.8,82.19,1.85,1.6,32.0,-6.69,49.1,17748,10403
SAN-HNL,SAN,HNL,San Diego,Honolulu,Large,HA,Hawaiian Airlines,2166,2614.0,371.6,66.16,0.65,17.09,49.0,-3.35,335.0,42782,4440
DAL-MEM,DAL,MEM,Dallas,Memphis,Large,WN,Southwest Airlines,2166,423.0,83.5,72.21,1.25,11.52,48.0,-5.71,60.9,14731,16864
ATL-ORD,ATL,ORD,Atlanta,Chicago,Large,NK,Spirit Airlines,2165,606.0,131.2,71.96,1.85,13.05,60.0,-5.05,94.8,27686,13609
HNL-SAN,HNL,SAN,Honolulu,San Diego,Medium,HA,Hawaiian Airlines,2164,2614.0,328.4,72.6,0.28,10.24,37.1,-3.62,300.0,25308,3500
PHL-ATL,PHL,ATL,Philadelphia,Atlanta,Large,WN,Southwest Airlines,2163,666.0,131.8,81.51,1.16,0.64,27.9,-10.83,100.2,11100,9132
ORD-RST,ORD,RST,Chicago,Rochester,Large,MQ,Envoy Air,2163,268.0,80.0,80.86,2.08,1.47,32.0,-5.35,48.1,12747,7977
RST-ORD,RST,ORD,Rochester,Chicago,Non-hub,MQ,Envoy Air,2162,268.0,83.6,83.49,2.04,0.37,29.0,-4.53,48.9,13838,9185
LAS-BWI,LAS,BWI,Las Vegas,Baltimore,Large,NK,Spirit Airlines,2162,2106.0,270.4,80.57,1.48,4.06,33.0,-5.0,241.5,20769,3886
MEM-DAL,MEM,DAL,Memphis,Dallas,Medium,WN,Southwest Airlines,2162,423.0,89.2,75.3,1.67,9.86,43.0,-4.97,67.2,15075,15129
LGA-MIA,LGA,MIA,New York,Miami,Large,NK,Spirit Airlines,2161,1096.0,195.6,74.04,1.85,5.41,64.0,-9.93,155.0,28016,11552
LAS-TPA,LAS,TPA,Las Vegas,Tampa,Large,NK,Spirit Airlines,2158,1984.0,256.8,76.78,2.04,5.34,37.3,-4.18,229.0,21131,4810
TPA-LAS,TPA,LAS,Tampa,Las Vegas,Large,NK,Spirit Airlines,2157,1984.0,296.6,83.87,2.18,-1.07,25.0,-7.26,266.4,14448,5756
MIA-LGA,MIA,LGA,Miami,New York,Large,NK,Spirit Airlines,2157,1096.0,181.8,69.45,2.78,13.54,76.0,-7.68,147.5,34527,10666
ATL-IAH,ATL,IAH,Atlanta,Houston,Large,YV,Mesa Airlines,2156,689.0,143.8,84.93,2.5,-2.03,24.9,-10.64,107.7,16934,5983
DCA-ORD,DCA,ORD,Washington,Chicago,Large,OO,SkyWest Airlines,2156,612.0,141.0,83.16,2.41,1.22,28.0,-9.06,101.8,18292,8131
BWI-LAS,BWI,LAS,Baltimore,Las Vegas,Large,NK,Spirit Airlines,2156,2106.0,314.1,79.17,1.48,2.21,43.0,-8.81,283.0,19259,6682
ATL-CAE,ATL,CAE,Atlanta,Columbia,Large,9E,Endeavor Air,2156,192.0,61.7,88.08,0.51,0.17,18.0,-3.17,36.1,10685,3347
CAE-ATL,CAE,ATL,Columbia,Atlanta,Small,9E,Endeavor Air,2156,192.0,72.3,89.24,0.56,-2.69,15.0,-6.62,41.4,6077,9138
DEN-FLL,DEN,FLL,Denver,Fort Lauderdale,Large,WN,Southwest Airlines,2155,1703.0,229.1,64.18,2.0,15.31,56.0,-7.55,200.7,26143,12641
MCO-PDX,MCO,PDX,Orlando,Portland,Large,AS,Alaska Airlines,2154,2534.0,369.1,69.73,1.67,10.01,59.0,-4.08,337.5,20433,17023
IAH-MSP,IAH,MSP,Houston,Minneapolis,Large,UA,United Airlines,2154,1034.0,167.5,72.05,1.25,10.97,57.0,-5.3,136.7,18236,16797
IAH-PHL,IAH,PHL,Houston,Philadelphia,Large,AA,American Airlines,2153,1325.0,198.6,77.94,2.46,24.1,56.6,-6.16,167.2,44419,25624
LGA-PVD,LGA,PVD,New York,Providence,Large,9E,Endeavor Air,2152,143.0,69.9,78.9,4.69,-0.18,39.0,-10.43,30.9,10711,14660
TUL-CLT,TUL,CLT,Tulsa,Charlotte,Small,AA,American Airlines,2152,842.0,145.1,87.04,1.3,1.2,19.1,-6.76,108.7,20847,4143
PVD-LGA,PVD,LGA,Providence,New York,Small,9E,Endeavor Air,2152,143.0,71.5,78.02,4.79,8.35,48.0,-2.85,39.6,26646,8705
PDX-MCO,PDX,MCO,Portland,Orlando,Medium,AS,Alaska Airlines,2152,2534.0,327.3,77.23,1.3,3.77,35.0,-1.97,295.4,20469,1840
HNL-PDX,HNL,PDX,Honolulu,Portland,Medium,HA,Hawaiian Airlines,2151,2603.0,331.8,71.04,0.37,13.54,43.0,-4.83,302.3,31904,3864
BOS-MSY,BOS,MSY,Boston,New Orleans,Large,B6,JetBlue Airways,2150,1368.0,227.2,74.14,1.58,4.11,48.0,-6.4,193.2,22915,7779
PHL-IAH,PHL,IAH,Philadelphia,Houston,Large,AA,American Airlines,2150,1325.0,227.1,71.35,2.37,10.42,64.0,-7.47,184.5,24292,18274
CLT-TUL,CLT,TUL,Charlotte,Tulsa,Large,AA,American Airlines,2149,842.0,150.6,71.06,1.26,11.34,62.0,-6.16,121.4,19304,19722
MSY-BOS,MSY,BOS,New Orleans,Boston,Medium,B6,JetBlue Airways,2149,1368.0,199.2,66.17,1.81,19.21,74.6,-7.58,168.8,31844,25119
OKC-MSP,OKC,MSP,Oklahoma City,Minneapolis,Medium,OO,SkyWest Airlines,2147,694.0,131.2,89.94,1.07,-2.02,12.0,-8.05,98.6,21048,0
MSP-OKC,MSP,OKC,Minneapolis,Oklahoma City,Large,OO,SkyWest Airlines,2146,694.0,130.3,78.24,1.12,6.09,42.0,-6.58,98.7,30586,0
SJU-ORD,SJU,ORD,San Juan,Chicago,Medium,UA,United Airlines,2145,2072.0,313.4,82.66,0.56,-1.04,24.0,-4.29,276.0,8773,8068
ORD-SJU,ORD,SJU,Chicago,San Juan,Large,UA,United Airlines,2145,2072.0,284.6,80.89,0.23,3.84,32.0,-5.75,247.0,14779,8793
ATL-PHL,ATL,PHL,Atlanta,Philadelphia,Large,WN,Southwest Airlines,2145,666.0,119.8,77.25,1.03,6.01,38.0,-8.4,91.3,11455,11803
SRQ-ATL,SRQ,ATL,Sarasota,Atlanta,Small,WN,Southwest Airlines,2145,444.0,99.5,83.5,2.28,-0.32,26.0,-8.23,72.4,8221,10406
PDX-HNL,PDX,HNL,Portland,Honolulu,Medium,HA,Hawaiian Airlines,2144,2603.0,358.0,66.42,0.47,21.37,45.0,-2.19,330.7,48915,3895
EUG-SFO,EUG,SFO,Eugene,San Francisco,Small,OO,SkyWest Airlines,2144,451.0,99.6,82.46,1.73,5.85,35.0,-4.42,73.4,20814,10359
FCA-SEA,FCA,SEA,Kalispell,Seattle,Small,QX,Horizon Air,2141,379.0,98.0,81.55,1.17,5.96,26.0,0.46,75.6,11563,8072
SEA-FCA,SEA,FCA,Seattle,Kalispell,Large,QX,Horizon Air,2141,379.0,84.5,84.68,1.12,2.75,22.0,-2.61,63.5,9375,5177
RSW-PHL,RSW,PHL,Fort Myers,Philadelphia,Medium,F9,Frontier Airlines,2140,993.0,165.5,66.12,3.32,21.68,87.0,-4.73,132.3,24060,35691
SFO-EUG,SFO,EUG,San Francisco,Eugene,Large,OO,SkyWest Airlines,2140,451.0,100.5,84.91,1.87,2.19,23.0,-6.47,70.1,15432,6645
FLL-DEN,FLL,DEN,Fort Lauderdale,Denver,Large,WN,Southwest Airlines,2140,1703.0,268.4,74.72,1.4,6.3,45.0,-8.5,234.0,18130,10466
HOU-IND,HOU,IND,Houston,Indianapolis,Medium,WN,Southwest Airlines,2138,861.0,133.7,72.5,1.4,9.55,45.0,-7.09,109.6,15453,14005
BNA-LGA,BNA,LGA,Nashville,New York,Large,9E,Endeavor Air,2138,764.0,141.1,80.45,3.55,9.62,36.0,-2.79,112.7,26452,9201
LGA-BNA,LGA,BNA,New York,Nashville,Large,9E,Endeavor Air,2137,764.0,158.7,81.09,3.65,-4.65,29.7,-10.59,114.5,11234,8077
PHX-BUR,PHX,BUR,Phoenix,Burbank,Large,OO,SkyWest Airlines,2137,369.0,96.4,83.58,0.47,1.75,28.4,-5.7,66.3,14240,8049
SYR-DCA,SYR,DCA,Syracuse,Washington,Small,OH,PSA Airlines,2137,298.0,91.6,69.96,4.4,18.69,68.6,-2.33,61.2,31540,23697
BUR-PHX,BUR,PHX,Burbank,Phoenix,Medium,OO,SkyWest Airlines,2137,369.0,99.5,86.24,0.66,3.35,22.0,-3.2,67.6,21943,5617
PHL-RSW,PHL,RSW,Philadelphia,Fort Myers,Large,F9,Frontier Airlines,2137,993.0,182.5,69.68,3.28,11.02,75.0,-5.96,147.2,27027,15385
IND-HOU,IND,HOU,Indianapolis,Houston,Medium,WN,Southwest Airlines,2135,861.0,154.8,83.56,1.73,-2.73,23.0,-10.07,126.6,7975,7405
DCA-SYR,DCA,SYR,Washington,Syracuse,Large,OH,PSA Airlines,2134,298.0,83.1,69.17,4.08,11.64,59.0,-3.42,51.8,16303,20126
SLC-GEG,SLC,GEG,Salt Lake City,Spokane,Large,OO,SkyWest Airlines,2134,546.0,114.4,90.77,0.05,-4.41,12.0,-6.31,84.7,10081,0
PHL-GSP,PHL,GSP,Philadelphia,Greenville,Large,OH,PSA Airlines,2134,515.0,115.6,74.74,1.69,11.21,66.7,-3.94,81.8,24163,18318
CID-MSP,CID,MSP,Cedar Rapids,Minneapolis,Small,OO,SkyWest Airlines,2133,220.0,78.8,84.34,1.27,-0.75,29.0,-7.7,44.6,23606,0
MSP-CID,MSP,CID,Minneapolis,Cedar Rapids,Large,OO,SkyWest Airlines,2133,220.0,72.9,84.62,1.13,1.67,26.0,-7.65,39.0,23965,0
GEG-SLC,GEG,SLC,Spokane,Salt Lake City,Medium,OO,SkyWest Airlines,2132,546.0,107.8,91.56,0.28,-4.15,10.0,-6.01,79.2,13774,0
IAH-OMA,IAH,OMA,Houston,Omaha,Large,UA,United Airlines,2128,781.0,134.9,69.27,1.5,16.68,68.0,-3.86,105.6,24577,19647
LAW-DFW,LAW,DFW,Lawton,Dallas-Fort Worth,Non-hub,MQ,Envoy Air,2127,140.0,59.5,78.75,4.7,5.67,32.5,-2.97,30.0,18229,9282
FLL-IND,FLL,IND,Fort Lauderdale,Indianapolis,Large,WN,Southwest Airlines,2127,1005.0,167.1,72.26,1.55,11.58,52.0,-4.88,138.9,16018,19220
SJC-LAS,SJC,LAS,San Jose,Las Vegas,Medium,NK,Spirit Airlines,2126,386.0,88.2,80.34,0.66,7.1,43.0,-3.03,63.4,21398,7980
DFW-LAW,DFW,LAW,Dallas-Fort Worth,Lawton,Large,MQ,Envoy Air,2126,140.0,59.5,82.5,4.33,4.69,21.0,-1.92,31.4,13349,7024
DCA-SDF,DCA,SDF,Washington,Louisville,Large,OH,PSA Airlines,2126,474.0,117.5,74.65,3.72,6.1,49.0,-3.7,80.1,15232,15498
SDF-DCA,SDF,DCA,Louisville,Washington,Medium,OH,PSA Airlines,2126,474.0,99.7,75.4,4.61,15.31,58.6,-2.65,70.5,26365,24931
LAS-SJC,LAS,SJC,Las Vegas,San Jose,Large,NK,Spirit Airlines,2125,386.0,89.8,82.07,0.66,1.48,34.0,-5.41,63.3,15532,5211
SMF-PSP,SMF,PSP,Sacramento,Palm Springs,Medium,WN,Southwest Airlines,2125,439.0,88.3,78.78,0.71,6.84,36.0,-4.96,67.8,8266,15267
GSP-PHL,GSP,PHL,Greenville,Philadelphia,Small,OH,PSA Airlines,2124,515.0,108.3,84.98,1.27,0.67,27.0,-6.79,79.0,17938,7621
OMA-IAH,OMA,IAH,Omaha,Houston,Medium,UA,United Airlines,2124,781.0,142.8,84.93,1.88,3.68,22.0,-4.6,113.0,19428,6268
ORF-IAD,ORF,IAD,Norfolk,Washington,Medium,UA,United Airlines,2123,157.0,61.2,81.77,1.74,4.01,29.0,-3.47,35.8,15910,8733
MCO-LAS,MCO,LAS,Orlando,Las Vegas,Large,NK,Spirit Airlines,2123,2039.0,306.4,67.22,1.84,12.58,65.0,-8.82,272.2,30530,8731
PSP-SMF,PSP,SMF,Palm Springs,Sacramento,Small,WN,Southwest Airlines,2123,439.0,91.5,83.84,0.85,1.59,27.0,-5.84,70.5,5640,11633
SMF-AUS,SMF,AUS,Sacramento,Austin,Medium,WN,Southwest Airlines,2122,1481.0,197.0,81.95,0.47,4.33,26.0,-4.37,175.1,8000,8030
CVG-IAH,CVG,IAH,Cincinnati,Houston,Medium,UA,United Airlines,2122,871.0,159.7,82.47,1.41,1.91,28.0,-5.59,129.0,17817,6090
LAS-OGG,LAS,OGG,Las Vegas,Kahului,Large,WN,Southwest Airlines,2122,2695.0,374.5,71.72,0.19,4.95,38.0,-6.17,342.7,18848,4304
OGG-LAS,OGG,LAS,Kahului,Las Vegas,Medium,WN,Southwest Airlines,2122,2695.0,335.8,90.9,0.19,-8.56,12.0,-9.96,308.2,6828,662
MCI-IAH,MCI,IAH,Kansas City,Houston,Medium,YV,Mesa Airlines,2122,643.0,132.1,84.02,2.21,-2.8,24.0,-8.76,100.1,14755,5585
ATL-SHV,ATL,SHV,Atlanta,Shreveport,Large,OO,SkyWest Airlines,2121,551.0,113.0,75.34,1.13,16.23,71.8,-4.14,85.1,47710,0
MGM-DFW,MGM,DFW,MONTGOMERY,Dallas-Fort Worth,Non-hub,MQ,Envoy Air,2121,622.0,134.6,79.21,1.79,5.96,35.0,-3.83,101.7,17356,11345
AUS-SMF,AUS,SMF,Austin,Sacramento,Large,WN,Southwest Airlines,2121,1481.0,227.1,70.16,1.04,10.01,50.0,-7.88,202.2,10414,20467
SHV-ATL,SHV,ATL,Shreveport,Atlanta,Small,OO,SkyWest Airlines,2120,551.0,109.2,80.05,1.13,10.49,51.0,-6.95,76.2,40791,0
DFW-MGM,DFW,MGM,Dallas-Fort Worth,MONTGOMERY,Large,MQ,Envoy Air,2120,622.0,112.5,82.31,1.65,3.38,30.0,-3.69,82.7,14909,7229
MDW-COS,MDW,COS,Chicago,Colorado Springs,Large,WN,Southwest Airlines,2118,917.0,155.7,79.41,1.27,2.82,31.0,-7.0,129.9,11823,9112
PIT-FLL,PIT,FLL,Pittsburgh,Fort Lauderdale,Medium,WN,Southwest Airlines,2118,994.0,160.5,78.19,1.42,3.66,36.1,-7.24,135.8,13287,10247
MIA-IAH,MIA,IAH,Miami,Houston,Large,NK,Spirit Airlines,2118,964.0,175.1,68.41,2.17,15.69,78.2,-4.56,139.6,32664,15389
IAH-CVG,IAH,CVG,Houston,Cincinnati,Large,UA,United Airlines,2118,871.0,143.1,70.82,1.23,13.4,61.0,-4.11,111.4,18901,19643
DEN-OGG,DEN,OGG,Denver,Kahului,Large,UA,United Airlines,2117,3302.0,438.7,73.5,1.42,9.14,45.0,-9.02,401.3,24592,10940
IND-FLL,IND,FLL,Indianapolis,Fort Lauderdale,Medium,WN,Southwest Airlines,2117,1005.0,158.3,80.07,1.32,4.41,32.0,-6.1,134.8,14239,9208
PIT-SEA,PIT,SEA,Pittsburgh,Seattle,Medium,AS,Alaska Airlines,2117,2125.0,321.2,75.72,1.65,2.7,37.0,-5.01,287.6,13846,9693
OGG-DEN,OGG,DEN,Kahului,Denver,Medium,UA,United Airlines,2117,3302.0,388.2,87.72,2.22,-4.8,14.0,-8.42,358.7,8869,6581
SFO-BWI,SFO,BWI,San Francisco,Baltimore,Large,UA,United Airlines,2116,2457.0,316.7,84.97,0.9,-3.51,21.0,-8.78,278.6,7888,4630
IAH-MIA,IAH,MIA,Houston,Miami,Large,NK,Spirit Airlines,2116,964.0,151.5,76.28,2.22,8.51,51.0,-6.22,120.5,29573,6856
BWI-SFO,BWI,SFO,Baltimore,San Francisco,Large,UA,United Airlines,2115,2457.0,360.4,83.31,1.89,-4.23,25.0,-10.04,326.5,12413,6078
AUS-ELP,AUS,ELP,Austin,El Paso,Large,MQ,Envoy Air,2115,528.0,98.4,76.6,1.37,6.62,40.0,-2.82,78.0,9718,15219
PVD-DCA,PVD,DCA,Providence,Washington,Small,YX,Republic Airways,2115,356.0,98.3,82.98,1.84,-0.34,28.0,-3.62,69.9,9525,10012
LAS-MCO,LAS,MCO,Las Vegas,Orlando,Large,NK,Spirit Airlines,2115,2039.0,267.3,72.53,1.94,11.61,48.0,-3.12,236.0,27847,5378
CLT-DEN,CLT,DEN,Charlotte,Denver,Large,UA,United Airlines,2113,1337.0,228.3,80.41,0.9,4.87,41.0,-6.08,191.3,22052,7355
DCA-PVD,DCA,PVD,Washington,Providence,Large,YX,Republic Airways,2113,356.0,88.2,85.09,2.13,-1.23,23.0,-4.59,57.6,7008,8308
EWR-SAV,EWR,SAV,Newark,Savannah,Large,UA,United Airlines,2113,708.0,140.2,71.13,2.51,11.6,64.0,-3.38,104.9,17512,20242
DEN-CLT,DEN,CLT,Denver,Charlotte,Large,UA,United Airlines,2113,1337.0,194.1,72.46,0.52,11.25,50.0,-1.98,158.2,18564,14603
LAX-JAC,LAX,JAC,Los Angeles,Jacksn Hole,Large,OO,SkyWest Airlines,2112,784.0,145.0,79.83,1.33,1.68,32.0,-3.49,115.6,15811,5358
EWR-GSO,EWR,GSO,Newark,Greensboro,Large,YX,Republic Airways,2112,445.0,114.9,78.08,5.68,-3.59,33.2,-10.02,73.1,12176,7262
ELP-AUS,ELP,AUS,El Paso,Austin,Small,MQ,Envoy Air,2111,528.0,98.5,82.47,1.47,1.99,28.0,-2.27,71.9,8833,10076
GSO-EWR,GSO,EWR,Greensboro,Newark,Small,YX,Republic Airways,2111,445.0,111.1,79.25,4.69,-2.0,36.0,-7.17,70.1,17609,6189
JAC-LAX,JAC,LAX,Jacksn Hole,Los Angeles,Small,OO,SkyWest Airlines,2111,784.0,154.1,74.8,1.89,9.61,54.0,-6.9,115.8,32200,12288
COS-MDW,COS,MDW,Colorado Springs,Chicago,Small,WN,Southwest Airlines,2111,917.0,144.0,81.9,1.8,-0.13,25.7,-9.33,116.5,8267,9168
SAV-EWR,SAV,EWR,Savannah,Newark,Medium,UA,United Airlines,2110,708.0,130.3,79.62,2.65,11.93,48.9,-6.15,97.7,36423,8561
ATL-GEG,ATL,GEG,Atlanta,Spokane,Large,DL,Delta Air Lines,2110,1969.0,286.4,84.36,1.04,-2.75,23.7,-7.59,257.6,12136,1795
GEG-ATL,GEG,ATL,Spokane,Atlanta,Medium,DL,Delta Air Lines,2110,1969.0,259.7,83.98,1.09,-0.81,23.0,-8.92,226.7,11244,7224
LAS-SLC,LAS,SLC,Las Vegas,Salt Lake City,Large,F9,Frontier Airlines,2109,368.0,90.2,76.58,1.28,6.75,47.0,-3.06,56.6,18999,13178
SLC-LAS,SLC,LAS,Salt Lake City,Las Vegas,Large,F9,Frontier Airlines,2108,368.0,92.1,72.34,1.47,16.96,65.6,-2.37,59.0,27724,23508
PHX-SBA,PHX,SBA,Phoenix,Santa Barbara,Large,AA,American Airlines,2107,455.0,94.7,74.85,0.9,15.12,55.0,-2.96,70.1,19863,22337
SBA-PHX,SBA,PHX,Santa Barbara,Phoenix,Small,AA,American Airlines,2106,455.0,92.0,80.44,1.04,12.58,41.7,-2.86,67.3,14371,24759
MLI-ORD,MLI,ORD,Moline,Chicago,Small,MQ,Envoy Air,2106,139.0,70.3,84.14,2.18,-3.05,30.0,-7.77,33.5,13518,9316
MSP-MSO,MSP,MSO,Minneapolis,Missoula,Large,DL,Delta Air Lines,2106,1013.0,175.7,82.57,0.76,2.11,34.0,-9.86,144.0,21492,5026
MSO-MSP,MSO,MSP,Missoula,Minneapolis,Small,DL,Delta Air Lines,2106,1013.0,157.7,83.24,0.95,7.02,30.0,-4.87,127.3,24933,5422
BNA-EWR,BNA,EWR,Nashville,Newark,Large,YX,Republic Airways,2106,748.0,141.9,72.13,6.51,4.78,47.0,-4.88,105.3,21374,9110
ORD-MLI,ORD,MLI,Chicago,Moline,Large,MQ,Envoy Air,2105,139.0,60.7,81.05,2.0,1.29,32.0,-4.88,29.6,11292,8551
ORD-MIA,ORD,MIA,Chicago,Miami,Large,NK,Spirit Airlines,2103,1197.0,192.9,69.04,1.9,12.56,66.0,-8.38,156.6,31634,11588
ORD-FOD,ORD,FOD,Chicago,Fort Dodge,Large,OO,SkyWest Airlines,2102,325.0,93.2,78.69,3.28,4.44,46.0,-8.22,57.0,24977,9332
DFW-SPS,DFW,SPS,Dallas-Fort Worth,Wichita Falls,Large,OO,SkyWest Airlines,2102,113.0,66.2,78.97,2.85,7.84,46.0,-4.06,29.7,27823,4770
SPS-DFW,SPS,DFW,Wichita Falls,Dallas-Fort Worth,Non-hub,OO,SkyWest Airlines,2102,113.0,61.8,78.92,2.76,13.23,59.0,-3.88,26.9,41911,5957
FLL-PIT,FLL,PIT,Fort Lauderdale,Pittsburgh,Large,WN,Southwest Airlines,2101,994.0,161.1,71.54,1.33,11.1,48.4,-5.54,132.7,13654,19084
IAH-EWR,IAH,EWR,Houston,Newark,Large,NK,Spirit Airlines,2101,1400.0,207.3,72.63,2.52,10.04,60.9,-3.28,176.7,30281,6233
BOI-ATL,BOI,ATL,Boise,Atlanta,Medium,DL,Delta Air Lines,2100,1838.0,243.3,80.05,0.95,3.58,32.0,-7.82,212.6,16605,7988
PHX-PSP,PHX,PSP,Phoenix,Palm Springs,Large,AA,American Airlines,2100,261.0,72.2,78.19,0.43,9.96,48.0,-3.05,45.8,11043,21284
ATL-BOI,ATL,BOI,Atlanta,Boise,Large,DL,Delta Air Lines,2100,1838.0,271.6,83.33,0.81,-0.75,24.0,-6.7,242.7,11985,3491
MIA-PIT,MIA,PIT,Miami,Pittsburgh,Large,AA,American Airlines,2099,1013.0,169.1,65.84,1.52,19.72,79.0,-6.49,135.0,30504,23212
PSP-PHX,PSP,PHX,Palm Springs,Phoenix,Small,AA,American Airlines,2099,261.0,72.3,80.75,0.48,10.93,43.0,-2.11,45.3,15420,22258
PIT-MIA,PIT,MIA,Pittsburgh,Miami,Medium,AA,American Airlines,2098,1013.0,169.6,81.08,1.57,4.97,37.0,-5.59,136.8,19127,12029
JAX-EWR,JAX,EWR,Jacksonville,Newark,Medium,YX,Republic Airways,2097,820.0,147.2,74.39,4.1,5.38,48.0,-3.39,113.0,23447,7538
MIA-ORD,MIA,ORD,Miami,Chicago,Large,NK,Spirit Airlines,2097,1197.0,207.0,72.58,1.91,9.43,62.0,-5.61,166.0,26688,11712
TPA-MIA,TPA,MIA,Tampa,Miami,Large,MQ,Envoy Air,2097,204.0,64.9,76.2,2.29,12.86,46.0,-3.09,40.9,20467,16483
MIA-TPA,MIA,TPA,Miami,Tampa,Large,MQ,Envoy Air,2096,204.0,68.3,81.44,2.0,2.62,32.0,-3.63,40.7,11905,7020
SYR-DCA,SYR,DCA,Syracuse,Washington,Small,YX,Republic Airways,2095,298.0,89.6,86.68,1.29,-1.6,19.0,-4.93,60.8,10982,7493
DCA-SYR,DCA,SYR,Washington,Syracuse,Large,YX,Republic Airways,2094,298.0,84.5,84.34,2.05,-0.41,24.0,-4.57,52.3,6693,10033
ATL-LAX,ATL,LAX,Atlanta,Los Angeles,Large,AA,American Airlines,2093,1947.0,292.6,78.36,0.48,10.41,45.0,-10.85,255.1,24668,19752
DEN-MEM,DEN,MEM,Denver,Memphis,Large,UA,United Airlines,2092,872.0,138.5,76.15,0.81,9.08,50.0,-5.14,108.3,17249,15073
SCE-ORD,SCE,ORD,State College Pennsylvania,Chicago,Non-hub,OO,SkyWest Airlines,2092,528.0,123.8,77.58,1.58,8.97,54.0,-4.37,89.0,26271,11992
ORD-SCE,ORD,SCE,Chicago,State College Pennsylvania,Large,OO,SkyWest Airlines,2092,528.0,108.9,74.76,1.48,11.02,49.0,-0.84,75.2,23364,10281
MEM-DEN,MEM,DEN,Memphis,Denver,Medium,UA,United Airlines,2092,872.0,160.8,78.78,1.29,8.06,44.0,-3.74,129.6,25228,7186
FLL-LAS,FLL,LAS,Fort Lauderdale,Las Vegas,Large,NK,Spirit Airlines,2091,2173.0,323.1,68.1,0.67,10.99,60.0,-7.92,289.1,29239,7997
OGG-SAN,OGG,SAN,Kahului,San Diego,Medium,AS,Alaska Airlines,2091,2541.0,318.5,74.32,1.67,5.91,39.0,-2.56,294.0,13367,11484
PHX-MSY,PHX,MSY,Phoenix,New Orleans,Large,WN,Southwest Airlines,2091,1300.0,174.9,70.49,1.24,10.8,43.0,-6.48,152.1,14123,15040
LAX-ATL,LAX,ATL,Los Angeles,Atlanta,Large,AA,American Airlines,2090,1947.0,260.2,78.8,0.43,11.31,51.0,-7.38,226.9,21868,17884
SEA-OMA,SEA,OMA,Seattle,Omaha,Large,AS,Alaska Airlines,2090,1368.0,193.2,79.04,1.1,3.86,30.0,-1.93,163.1,12669,5523
OMA-SEA,OMA,SEA,Omaha,Seattle,Medium,AS,Alaska Airlines,2090,1368.0,219.9,81.39,1.24,1.2,27.0,-3.23,190.4,8681,8927
SAN-OGG,SAN,OGG,San Diego,Kahului,Large,AS,Alaska Airlines,2090,2541.0,367.5,77.22,1.39,-0.08,34.0,-7.01,324.8,17286,5389
EWR-IAH,EWR,IAH,Newark,Houston,Large,NK,Spirit Airlines,2090,1400.0,236.4,70.67,3.3,9.96,66.7,-9.55,197.4,29125,14108
IAD-PWM,IAD,PWM,Washington,Portland,Medium,YX,Republic Airways,2089,493.0,106.3,85.06,2.15,0.55,23.0,-6.32,73.3,15328,6056
BWI-ORD,BWI,ORD,Baltimore,Chicago,Large,MQ,Envoy Air,2089,622.0,139.4,78.41,2.11,1.43,39.0,-7.66,101.6,15517,11389
ORD-BWI,ORD,BWI,Chicago,Baltimore,Large,MQ,Envoy Air,2088,622.0,120.4,77.16,1.92,3.66,40.0,-4.67,85.3,13230,9521
DFW-BMI,DFW,BMI,Dallas-Fort Worth,Bloomington,Large,MQ,Envoy Air,2088,690.0,122.6,82.04,1.34,2.54,30.0,-3.89,93.4,9673,9222
CMH-MSP,CMH,MSP,Columbus,Minneapolis,Medium,DL,Delta Air Lines,2087,626.0,125.5,86.34,1.34,-2.86,24.0,-8.45,96.2,13151,7586
MSP-CMH,MSP,CMH,Minneapolis,Columbus,Large,DL,Delta Air Lines,2087,626.0,111.1,79.73,1.15,4.81,41.0,-5.06,82.9,19570,6244
RDU-FLL,RDU,FLL,Raleigh-durham,Fort Lauderdale,Medium,DL,Delta Air Lines,2087,680.0,127.2,84.52,0.48,0.68,29.0,-6.3,99.3,13373,7940
FLL-RDU,FLL,RDU,Fort Lauderdale,Raleigh-durham,Large,DL,Delta Air Lines,2087,680.0,127.7,79.88,0.53,10.58,48.7,-4.6,98.7,21190,19748
LAS-FLL,LAS,FLL,Las Vegas,Fort Lauderdale,Large,NK,Spirit Airlines,2087,2173.0,278.3,73.55,0.67,12.46,51.0,-3.18,247.6,29551,6051
BMI-DFW,BMI,DFW,Bloomington,Dallas-Fort Worth,Non-hub,MQ,Envoy Air,2086,690.0,143.0,82.12,1.39,1.81,31.0,-4.81,109.2,16825,7670
DFW-BPT,DFW,BPT,Dallas-Fort Worth,Beaumont,Large,OO,SkyWest Airlines,2086,270.0,85.8,78.67,4.51,11.9,44.0,-5.34,51.9,37210,4247
BOS-RSW,BOS,RSW,Boston,Fort Myers,Large,DL,Delta Air Lines,2085,1249.0,215.5,77.36,1.68,5.09,39.0,-5.31,182.4,22210,6828
MIA-PHL,MIA,PHL,Miami,Philadelphia,Large,F9,Frontier Airlines,2085,1013.0,176.1,69.83,2.11,19.14,82.2,-6.62,136.8,25797,29273
BPT-DFW,BPT,DFW,Beaumont,Dallas-Fort Worth,Non-hub,OO,SkyWest Airlines,2085,270.0,84.3,79.33,4.12,9.95,48.7,-3.02,52.4,35652,5376
RSW-BOS,RSW,BOS,Fort Myers,Boston,Medium,DL,Delta Air Lines,2085,1249.0,193.7,75.54,1.77,9.16,56.0,-6.0,161.7,23202,16531
OGG-KOA,OGG,KOA,Kahului,Kona,Medium,WN,Southwest Airlines,2082,84.0,38.3,82.95,0.62,2.64,26.2,-2.81,21.2,4725,11067
PHL-MIA,PHL,MIA,Philadelphia,Miami,Large,F9,Frontier Airlines,2082,1013.0,180.0,66.71,2.02,17.23,87.0,-6.92,142.0,29822,24849
SJU-PHL,SJU,PHL,San Juan,Philadelphia,Medium,NK,Spirit Airlines,2082,1576.0,249.1,78.19,2.74,2.38,41.0,-10.99,213.5,19075,9854
KOA-OGG,KOA,OGG,Kona,Kahului,Small,WN,Southwest Airlines,2081,84.0,38.9,82.12,0.96,3.55,29.0,-2.39,19.7,5399,12620
PHL-SJU,PHL,SJU,Philadelphia,San Juan,Large,NK,Spirit Airlines,2080,1576.0,230.3,73.51,2.74,7.1,54.0,-7.85,199.5,25733,6892
FLL-STT,FLL,STT,Fort Lauderdale,St. Thomas,Large,NK,Spirit Airlines,2079,1107.0,158.9,77.78,0.87,5.73,43.2,-5.05,133.9,20037,4907
DCA-STL,DCA,STL,Washington,St. Louis,Large,OH,PSA Airlines,2077,719.0,148.1,71.93,4.38,9.61,62.3,-4.75,113.0,17741,17279
IAH-STL,IAH,STL,Houston,St. Louis,Large,UA,United Airlines,2077,667.0,122.0,71.06,1.4,14.51,63.7,-4.49,92.4,20726,19040
STT-FLL,STT,FLL,St. Thomas,Fort Lauderdale,Small,NK,Spirit Airlines,2077,1107.0,178.4,72.27,1.2,5.88,51.0,-4.33,149.6,14812,14346
STL-IAH,STL,IAH,St. Louis,Houston,Medium,UA,United Airlines,2077,667.0,132.3,77.95,1.93,8.14,43.9,-4.01,102.4,21600,12649
BOS-JAX,BOS,JAX,Boston,Jacksonville,Large,YX,Republic Airways,2076,1010.0,183.6,76.35,1.97,3.3,44.9,-4.95,147.4,17102,8530
JAX-BOS,JAX,BOS,Jacksonville,Boston,Medium,YX,Republic Airways,2075,1010.0,165.1,78.55,1.93,7.72,47.0,-6.17,133.4,27356,6914
STL-DCA,STL,DCA,St. Louis,Washington,Medium,OH,PSA Airlines,2074,719.0,124.8,76.47,4.39,9.4,46.0,-2.69,97.2,19733,16827
FOD-ORD,FOD,ORD,Fort Dodge,Chicago,Non-hub,OO,SkyWest Airlines,2073,325.0,95.5,81.04,3.52,2.34,48.0,-9.67,54.0,21761,16603
TUL-IAH,TUL,IAH,Tulsa,Houston,Small,OO,SkyWest Airlines,2073,429.0,105.2,81.91,1.35,7.36,37.3,-4.43,74.7,21914,12378
ORD-SLC,ORD,SLC,Chicago,Salt Lake City,Large,AA,American Airlines,2070,1250.0,211.6,77.39,1.21,6.09,45.0,-6.44,177.5,15482,13064
SLC-ORD,SLC,ORD,Salt Lake City,Chicago,Large,AA,American Airlines,2069,1250.0,193.8,73.95,1.16,15.56,57.0,-3.43,154.2,28429,18720
DTW-LAN,DTW,LAN,Detroit,Lansing,Large,OO,SkyWest Airlines,2069,74.0,48.5,77.48,0.58,12.91,65.0,-5.34,20.4,42270,0
LAN-DTW,LAN,DTW,Lansing,Detroit,Non-hub,OO,SkyWest Airlines,2069,74.0,51.3,78.78,0.53,12.66,57.0,-3.28,21.7,44475,0
FLL-RDU,FLL,RDU,Fort Lauderdale,Raleigh-durham,Large,B6,JetBlue Airways,2068,680.0,126.5,61.9,1.89,22.99,95.0,-4.37,98.3,30121,26645
LBB-DFW,LBB,DFW,Lubbock,Dallas-Fort Worth,Small,OO,SkyWest Airlines,2067,282.0,81.6,78.81,2.95,10.22,50.0,-1.66,49.7,24728,11073
RDU-FLL,RDU,FLL,Raleigh-durham,Fort Lauderdale,Medium,B6,JetBlue Airways,2067,680.0,129.3,81.66,1.94,1.69,29.0,-6.18,98.1,17551,4967
DFW-LBB,DFW,LBB,Dallas-Fort Worth,Lubbock,Large,OO,SkyWest Airlines,2067,282.0,81.0,78.81,2.66,5.37,44.0,-4.29,47.4,17109,8980
BWI-IAH,BWI,IAH,Baltimore,Houston,Large,NK,Spirit Airlines,2064,1235.0,207.8,75.92,1.74,7.9,51.0,-7.89,174.8,23214,11273
LAS-IAH,LAS,IAH,Las Vegas,Houston,Large,WN,Southwest Airlines,2062,1222.0,179.7,72.41,0.87,9.25,42.0,-7.28,149.5,13658,13979
DEN-LAS,DEN,LAS,Denver,Las Vegas,Large,NK,Spirit Airlines,2061,628.0,117.4,71.18,2.47,13.26,67.0,-3.41,89.8,25752,12145
PWM-JFK,PWM,JFK,Portland,New York,Small,9E,Endeavor Air,2061,273.0,89.5,81.85,3.11,3.16,31.0,-7.79,53.3,17511,11049
LAS-DEN,LAS,DEN,Las Vegas,Denver,Large,NK,Spirit Airlines,2061,628.0,113.8,73.41,2.18,10.22,47.0,-1.84,84.2,22072,8022
PNS-CLT,PNS,CLT,Pensacola,Charlotte,Small,AA,American Airlines,2060,488.0,100.8,78.35,0.87,14.45,49.0,-4.34,70.5,16236,26119
JFK-PWM,JFK,PWM,New York,Portland,Large,9E,Endeavor Air,2060,273.0,91.0,82.82,3.35,-4.19,23.0,-9.19,48.4,12436,5975
DTW-ORD,DTW,ORD,Detroit,Chicago,Large,UA,United Airlines,2059,235.0,85.1,68.77,1.55,13.82,51.0,1.41,48.4,24112,15607
IAH-BWI,IAH,BWI,Houston,Baltimore,Large,NK,Spirit Airlines,2059,1235.0,183.8,77.51,1.51,6.78,48.0,-7.23,154.1,21351,8278
CLT-PNS,CLT,PNS,Charlotte,Pensacola,Large,AA,American Airlines,2059,488.0,104.2,77.03,0.63,8.21,46.0,-4.0,75.3,14989,14278
COU-DFW,COU,DFW,Columbia,Dallas-Fort Worth,Non-hub,OO,SkyWest Airlines,2059,489.0,107.9,70.81,4.32,25.39,80.7,-4.01,75.8,48831,14943
MSY-PHX,MSY,PHX,New Orleans,Phoenix,Medium,WN,Southwest Airlines,2057,1300.0,207.3,74.91,1.56,7.41,35.4,-7.58,182.8,9432,14264
CLE-ORD,CLE,ORD,Cleveland,Chicago,Medium,YX,Republic Airways,2057,315.0,96.2,84.35,1.94,-0.31,26.6,-5.16,60.2,13532,7320
DFW-ATL,DFW,ATL,Dallas-Fort Worth,Atlanta,Large,F9,Frontier Airlines,2056,731.0,138.1,61.72,2.43,24.7,86.0,-0.58,96.2,29058,30991
MSP-PHX,MSP,PHX,Minneapolis,Phoenix,Large,WN,Southwest Airlines,2056,1276.0,207.8,86.72,1.46,-5.16,18.0,-11.23,174.8,7520,4802
ATL-DFW,ATL,DFW,Atlanta,Dallas-Fort Worth,Large,F9,Frontier Airlines,2055,731.0,155.6,58.54,2.82,26.42,97.0,-2.22,115.1,32565,30129
IAH-LAS,IAH,LAS,Houston,Las Vegas,Large,WN,Southwest Airlines,2054,1222.0,193.0,74.88,1.22,8.28,45.0,-5.33,167.9,12801,15178
PHX-MSP,PHX,MSP,Phoenix,Minneapolis,Large,WN,Southwest Airlines,2054,1276.0,179.2,69.13,1.31,12.81,54.5,-6.7,156.3,15222,17858
BOS-CVG,BOS,CVG,Boston,Cincinnati,Large,DL,Delta Air Lines,2054,752.0,147.7,75.85,2.0,9.63,57.0,-5.85,115.9,25171,12675
DFW-COU,DFW,COU,Dallas-Fort Worth,Columbia,Large,OO,SkyWest Airlines,2053,489.0,101.4,72.33,3.99,13.5,59.9,-3.2,70.8,19645,18458
JFK-PDX,JFK,PDX,New York,Portland,Large,DL,Delta Air Lines,2053,2454.0,382.1,75.84,1.8,1.31,47.2,-14.57,328.1,26438,4706
IAH-ICT,IAH,ICT,Houston,Wichita,Large,OO,SkyWest Airlines,2052,542.0,113.9,75.68,1.66,12.02,56.0,-4.01,82.3,26148,11651
PDX-JFK,PDX,JFK,Portland,New York,Medium,DL,Delta Air Lines,2052,2454.0,323.7,84.21,1.8,-2.19,22.0,-10.23,285.2,16002,4066
ATL-BMI,ATL,BMI,Atlanta,Bloomington,Large,9E,Endeavor Air,2051,533.0,104.6,89.27,0.63,0.35,14.0,-4.07,80.0,12676,3841
CVG-BOS,CVG,BOS,Cincinnati,Boston,Medium,DL,Delta Air Lines,2051,752.0,131.0,82.01,2.15,4.23,36.0,-5.1,102.0,14391,12001
LGA-GSP,LGA,GSP,New York,Greenville,Large,YX,Republic Airways,2051,610.0,131.6,77.18,4.49,1.34,40.0,-2.8,96.2,11768,11242
BMI-ATL,BMI,ATL,Bloomington,Atlanta,Non-hub,9E,Endeavor Air,2050,533.0,109.0,89.22,0.73,-3.12,14.0,-8.96,77.4,12450,5923
BWI-SJU,BWI,SJU,Baltimore,San Juan,Large,NK,Spirit Airlines,2049,1565.0,227.7,71.64,2.64,10.44,59.0,-7.46,201.4,23722,12699
GSP-LGA,GSP,LGA,Greenville,New York,Small,YX,Republic Airways,2049,610.0,115.4,78.97,4.2,5.64,39.0,-1.94,88.6,14794,10998
SJU-BWI,SJU,BWI,San Juan,Baltimore,Medium,NK,Spirit Airlines,2049,1565.0,244.2,78.38,2.54,5.48,44.0,-8.7,214.4,20016,9181
CLE-MCO,CLE,MCO,Cleveland,Orlando,Medium,NK,Spirit Airlines,2049,895.0,150.6,68.77,3.07,13.84,62.2,-4.15,119.5,21737,17558
PWM-IAD,PWM,IAD,Portland,Washington,Small,YX,Republic Airways,2048,493.0,115.1,85.55,2.59,-3.88,19.0,-5.59,84.7,8889,6600
MDT-CLT,MDT,CLT,Harrisburg,Charlotte,Small,AA,American Airlines,2046,413.0,100.2,79.37,1.08,12.32,44.3,-4.58,69.1,24660,14871
CLT-MDT,CLT,MDT,Charlotte,Harrisburg,Large,AA,American Airlines,2045,413.0,91.8,77.21,0.98,9.59,51.0,-4.78,62.5,15316,15687
AUS-JFK,AUS,JFK,Austin,New York,Large,B6,JetBlue Airways,2045,1521.0,220.7,65.77,2.54,19.96,73.0,-4.26,191.1,29956,21535
JFK-AUS,JFK,AUS,New York,Austin,Large,B6,JetBlue Airways,2045,1521.0,250.1,62.1,2.2,18.92,86.0,-5.44,212.1,40086,12889
DEN-PDX,DEN,PDX,Denver,Portland,Large,F9,Frontier Airlines,2044,991.0,170.1,76.27,1.32,5.64,42.5,-6.8,137.9,14962,11599
MCO-CLE,MCO,CLE,Orlando,Cleveland,Large,NK,Spirit Airlines,2043,895.0,149.3,64.22,2.64,19.27,73.0,-1.11,119.7,35053,9777
PDX-DEN,PDX,DEN,Portland,Denver,Medium,F9,Frontier Airlines,2043,991.0,155.5,75.28,1.37,10.72,47.7,-2.34,122.5,19187,15374
ALB-DTW,ALB,DTW,Albany,Detroit,Small,9E,Endeavor Air,2042,489.0,110.3,89.18,0.64,-5.18,15.0,-9.32,77.8,8244,7859
SEA-PIT,SEA,PIT,Seattle,Pittsburgh,Large,AS,Alaska Airlines,2041,2125.0,275.5,77.02,0.88,3.06,33.0,-4.04,243.6,11845,6546
DTW-ALB,DTW,ALB,Detroit,Albany,Large,9E,Endeavor Air,2041,489.0,94.6,87.46,0.59,-1.22,19.0,-4.82,66.8,9909,3670
TPA-PVD,TPA,PVD,Tampa,Providence,Large,WN,Southwest Airlines,2041,1136.0,168.9,74.67,1.91,8.93,43.0,-4.75,146.0,12358,13848
ATL-PIT,ATL,PIT,Atlanta,Pittsburgh,Large,WN,Southwest Airlines,2041,526.0,99.4,82.26,0.54,3.25,30.0,-6.92,73.5,7886,10190
OGG-LAX,OGG,LAX,Kahului,Los Angeles,Medium,HA,Hawaiian Airlines,2040,2486.0,313.6,76.37,0.98,7.14,33.0,-6.55,284.5,16492,8518
LAX-OGG,LAX,OGG,Los Angeles,Kahului,Large,HA,Hawaiian Airlines,2040,2486.0,346.2,82.65,1.03,0.86,23.0,-6.04,315.3,14351,3088
ORD-ROA,ORD,ROA,Chicago,Roanoke VA,Large,OO,SkyWest Airlines,2040,531.0,119.9,75.78,1.32,7.85,48.2,-4.15,80.1,18202,11983
OGG-SJC,OGG,SJC,Kahului,San Jose,Medium,WN,Southwest Airlines,2040,2355.0,295.7,84.71,0.34,-0.68,23.0,-7.77,272.4,8245,6635
SDF-ATL,SDF,ATL,Louisville,Atlanta,Medium,WN,Southwest Airlines,2039,321.0,83.9,87.69,0.98,-2.75,17.0,-7.45,56.8,5691,6672
ROA-ORD,ROA,ORD,Roanoke VA,Chicago,Non-hub,OO,SkyWest Airlines,2039,531.0,126.2,75.97,1.72,15.06,59.0,-1.96,89.9,31483,11833
SJC-OGG,SJC,OGG,San Jose,Kahului,Medium,WN,Southwest Airlines,2039,2355.0,327.3,82.05,0.34,-0.78,27.0,-5.93,302.4,10235,5062
RSW-EWR,RSW,EWR,Fort Myers,Newark,Medium,B6,JetBlue Airways,2039,1068.0,174.2,59.93,3.73,27.75,111.2,-3.04,143.8,32762,33773
EWR-RSW,EWR,RSW,Newark,Fort Myers,Large,B6,JetBlue Airways,2038,1068.0,187.5,67.08,3.14,17.18,75.6,-1.63,155.1,33062,14378
BNA-PHX,BNA,PHX,Nashville,Phoenix,Large,AA,American Airlines,2038,1449.0,237.4,82.19,1.13,9.44,31.0,-9.07,202.8,29258,11747
PHX-BNA,PHX,BNA,Phoenix,Nashville,Large,AA,American Airlines,2037,1449.0,203.5,77.37,1.03,7.03,45.0,-8.65,170.0,17064,16220
STT-MCO,STT,MCO,St. Thomas,Orlando,Small,NK,Spirit Airlines,2036,1246.0,206.7,64.83,1.42,13.35,67.0,-6.77,171.2,22539,18883
ATL-SDF,ATL,SDF,Atlanta,Louisville,Large,WN,Southwest Airlines,2036,321.0,80.6,79.03,1.08,4.61,35.0,-7.42,54.0,8503,12963
JAC-DEN,JAC,DEN,Jacksn Hole,Denver,Small,OO,SkyWest Airlines,2036,406.0,103.8,78.54,1.72,4.82,39.0,-4.2,63.5,22741,8012
DEN-JAC,DEN,JAC,Denver,Jacksn Hole,Large,OO,SkyWest Airlines,2036,406.0,99.3,83.79,1.57,0.22,24.0,-4.51,69.1,13109,2575
MCO-STT,MCO,STT,Orlando,St. Thomas,Large,NK,Spirit Airlines,2035,1246.0,176.2,74.64,0.93,11.31,46.0,-2.79,150.2,25343,4886
SAF-PHX,SAF,PHX,Santa Fe,Phoenix,Non-hub,OO,SkyWest Airlines,2033,370.0,89.8,79.34,0.89,8.1,46.0,-2.01,60.3,19962,12088
PIE-TYS,PIE,TYS,St. Petersburg,Knoxville,Small,G4,Allegiant Air,2031,550.0,97.8,66.81,1.67,19.79,68.0,0.84,78.1,22378,25873
DFW-AVL,DFW,AVL,Dallas-Fort Worth,Asheville,Large,MQ,Envoy Air,2030,848.0,138.1,79.85,1.48,8.56,33.5,-3.08,108.9,18302,10195
AEX-DFW,AEX,DFW,Alexandria,Dallas-Fort Worth,Non-hub,MQ,Envoy Air,2030,285.0,83.7,77.19,3.74,6.74,34.0,-1.14,55.1,16423,8491
LGB-MDW,LGB,MDW,Long Beach,Chicago,Small,WN,Southwest Airlines,2030,1741.0,234.1,83.35,1.72,-1.33,23.0,-10.56,207.4,7699,5653
DFW-AEX,DFW,AEX,Dallas-Fort Worth,Alexandria,Large,MQ,Envoy Air,2030,285.0,74.7,83.2,3.5,-1.53,20.0,-4.53,46.6,8807,4600
TYS-PIE,TYS,PIE,Knoxville,St. Petersburg,Small,G4,Allegiant Air,2030,550.0,100.0,73.35,1.63,16.13,62.0,0.24,80.4,27768,15850
MDW-LGB,MDW,LGB,Chicago,Long Beach,Large,WN,Southwest Airlines,2030,1741.0,261.9,75.96,1.48,4.1,34.0,-7.5,235.5,14180,6808
PIT-ATL,PIT,ATL,Pittsburgh,Atlanta,Medium,WN,Southwest Airlines,2029,526.0,105.4,83.59,0.74,0.09,25.0,-7.7,78.8,7395,8615
DEN-PRC,DEN,PRC,Denver,Prescott,Large,OO,SkyWest Airlines,2029,557.0,111.8,77.13,0.94,10.01,47.0,-3.64,84.8,20271,13616
PRC-DEN,PRC,DEN,Prescott,Denver,Non-hub,OO,SkyWest Airlines,2029,557.0,113.2,80.53,1.08,12.66,66.3,-3.31,79.8,34943,8444
PHX-SAF,PHX,SAF,Phoenix,Santa Fe,Large,OO,SkyWest Airlines,2029,370.0,84.6,82.06,0.64,2.63,30.0,-2.84,55.3,9695,8854
MIA-SJU,MIA,SJU,Miami,San Juan,Large,F9,Frontier Airlines,2029,1045.0,160.5,75.85,1.77,10.72,53.0,-5.68,127.3,17568,19584
BOS-AUS,BOS,AUS,Boston,Austin,Large,AA,American Airlines,2028,1698.0,277.2,74.75,2.27,5.61,50.0,-9.77,238.0,17253,17905
SEA-IAD,SEA,IAD,Seattle,Washington,Large,DL,Delta Air Lines,2027,2306.0,300.8,79.58,1.09,5.65,39.0,-7.19,265.5,23740,5718
SJU-MIA,SJU,MIA,San Juan,Miami,Medium,F9,Frontier Airlines,2027,1045.0,173.5,73.9,1.92,12.88,60.0,-5.94,140.6,16557,26682
AVL-DFW,AVL,DFW,Asheville,Dallas-Fort Worth,Small,MQ,Envoy Air,2027,848.0,166.4,80.46,1.58,6.24,33.0,-7.09,130.4,22131,8468
FLL-MCI,FLL,MCI,Fort Lauderdale,Kansas City,Large,WN,Southwest Airlines,2026,1242.0,200.4,74.38,1.43,8.22,45.9,-6.22,171.4,14541,13157
IAD-SEA,IAD,SEA,Washington,Seattle,Medium,DL,Delta Air Lines,2026,2306.0,354.0,77.69,1.28,9.2,48.1,-11.88,313.0,29157,14176
LAX-SLC,LAX,SLC,Los Angeles,Salt Lake City,Large,WN,Southwest Airlines,2025,590.0,109.7,84.94,0.35,0.98,25.0,-7.55,83.3,6896,8329
AUS-BOS,AUS,BOS,Austin,Boston,Large,AA,American Airlines,2025,1698.0,235.1,72.49,2.42,18.61,73.0,-6.91,205.5,27764,25348
ORD-DTW,ORD,DTW,Chicago,Detroit,Large,UA,United Airlines,2023,235.0,82.9,77.85,1.38,7.47,48.0,-5.5,47.9,12594,15254
CMH-SEA,CMH,SEA,Columbus,Seattle,Medium,AS,Alaska Airlines,2023,2016.0,310.7,77.61,1.73,0.88,34.0,-7.79,273.9,11782,7851
SEA-CMH,SEA,CMH,Seattle,Columbus,Large,AS,Alaska Airlines,2023,2016.0,267.4,78.35,1.38,0.84,28.0,-5.58,232.6,9988,5015
PVD-TPA,PVD,TPA,Providence,Tampa,Small,WN,Southwest Airlines,2023,1136.0,188.9,76.96,2.08,6.04,39.0,-6.66,166.2,12151,13169
LAX-BWI,LAX,BWI,Los Angeles,Baltimore,Large,UA,United Airlines,2022,2329.0,301.4,88.97,1.04,-6.85,14.0,-9.18,266.8,5862,3050
BOI-SJC,BOI,SJC,Boise,San Jose,Medium,WN,Southwest Airlines,2022,523.0,105.2,82.74,0.79,1.72,25.0,-6.1,85.1,4570,10595
DFW-SWO,DFW,SWO,Dallas-Fort Worth,Stillwater,Large,OO,SkyWest Airlines,2021,225.0,76.9,82.73,2.82,3.77,33.8,-4.55,42.0,22314,3458
SWO-DFW,SWO,DFW,Stillwater,Dallas-Fort Worth,Non-hub,OO,SkyWest Airlines,2021,225.0,74.4,82.09,2.87,4.79,34.0,-2.96,44.3,29794,1410
MCI-FLL,MCI,FLL,Kansas City,Fort Lauderdale,Medium,WN,Southwest Airlines,2021,1242.0,180.2,74.22,1.43,8.73,44.0,-6.99,155.9,14956,11947
TPA-PHX,TPA,PHX,Tampa,Phoenix,Large,WN,Southwest Airlines,2021,1788.0,274.5,78.72,1.34,4.38,31.2,-8.31,246.4,12641,8660
CRW-ATL,CRW,ATL,Charleston,Atlanta,Non-hub,OO,SkyWest Airlines,2019,363.0,92.7,77.66,1.29,13.39,67.0,-6.85,58.7,45284,0
RIC-FLL,RIC,FLL,Richmond,Fort Lauderdale,Medium,NK,Spirit Airlines,2019,805.0,145.0,72.86,1.78,10.03,54.0,-5.95,116.5,24989,10184
BWI-LAX,BWI,LAX,Baltimore,Los Angeles,Large,UA,United Airlines,2019,2329.0,341.0,87.07,1.29,-3.9,18.0,-9.04,306.1,8861,6067
ATL-CRW,ATL,CRW,Atlanta,Charleston,Large,OO,SkyWest Airlines,2019,363.0,84.6,76.23,1.19,16.88,64.2,-5.13,57.0,47237,0
FLL-RIC,FLL,RIC,Fort Lauderdale,Richmond,Large,NK,Spirit Airlines,2019,805.0,136.0,73.16,2.08,12.33,58.0,-2.76,110.2,27459,7168
CMH-FLL,CMH,FLL,Columbus,Fort Lauderdale,Medium,WN,Southwest Airlines,2018,973.0,155.7,76.46,1.54,6.21,44.0,-6.88,132.2,13910,12746
RDU-LAX,RDU,LAX,Raleigh-durham,Los Angeles,Medium,DL,Delta Air Lines,2018,2239.0,332.2,87.66,0.84,-3.8,17.0,-12.27,293.2,13484,3736
STL-SAT,STL,SAT,St. Louis,San Antonio,Medium,WN,Southwest Airlines,2017,786.0,134.0,77.49,0.69,5.37,37.0,-7.62,111.6,9250,13766
MCO-MIA,MCO,MIA,Orlando,Miami,Large,DL,Delta Air Lines,2017,192.0,69.6,77.94,2.03,9.94,57.0,-3.82,39.9,21329,16168
ATL-LEX,ATL,LEX,Atlanta,Lexington KY,Large,9E,Endeavor Air,2017,304.0,74.8,85.08,0.45,1.66,24.0,-2.36,50.9,12802,2915
MIA-MCO,MIA,MCO,Miami,Orlando,Large,DL,Delta Air Lines,2017,192.0,70.5,74.47,1.98,15.78,75.0,-1.93,36.3,28408,16586
SDF-DTW,SDF,DTW,Louisville,Detroit,Medium,YX,Republic Airways,2016,306.0,87.1,88.64,0.5,-1.99,16.9,-4.55,55.0,13831,1674
LAX-RDU,LAX,RDU,Los Angeles,Raleigh-durham,Large,DL,Delta Air Lines,2016,2239.0,288.9,84.62,1.04,-0.89,22.0,-8.44,257.3,12589,3900
FLL-CMH,FLL,CMH,Fort Lauderdale,Columbus,Large,WN,Southwest Airlines,2016,973.0,158.5,72.07,1.64,11.61,52.0,-4.62,130.5,15803,17048
SNA-LAS,SNA,LAS,Santa Ana,Las Vegas,Medium,F9,Frontier Airlines,2015,226.0,73.1,70.97,2.58,14.94,58.8,-0.41,44.3,18971,20895
LEX-ATL,LEX,ATL,Lexington KY,Atlanta,Small,9E,Endeavor Air,2015,304.0,91.7,86.35,0.5,-0.19,21.0,-5.63,62.5,10597,8551
DFW-MIA,DFW,MIA,Dallas-Fort Worth,Miami,Large,NK,Spirit Airlines,2014,1121.0,174.3,75.57,1.49,8.44,52.0,-6.75,140.3,23773,8784
DTW-SDF,DTW,SDF,Detroit,Louisville,Large,YX,Republic Airways,2014,306.0,84.2,86.35,0.6,0.07,22.0,-3.92,53.6,14110,3225
LAS-SNA,LAS,SNA,Las Vegas,Santa Ana,Large,F9,Frontier Airlines,2014,226.0,71.1,75.82,2.63,6.95,44.0,-1.06,42.2,16679,9600
MIA-DFW,MIA,DFW,Miami,Dallas-Fort Worth,Large,NK,Spirit Airlines,2014,1121.0,199.0,67.73,1.94,13.25,70.0,-4.73,160.6,30081,11956
SJC-BOI,SJC,BOI,San Jose,Boise,Medium,WN,Southwest Airlines,2014,523.0,94.4,82.37,0.74,3.07,26.0,-4.96,73.8,6157,9715
SDF-TPA,SDF,TPA,Louisville,Tampa,Medium,WN,Southwest Airlines,2013,727.0,123.3,80.33,1.89,3.18,30.0,-6.28,100.9,8757,10547
MCO-LAS,MCO,LAS,Orlando,Las Vegas,Large,WN,Southwest Airlines,2012,2039.0,306.4,75.5,0.99,5.17,38.0,-9.23,273.7,16188,7799
DEN-GJT,DEN,GJT,Denver,Grand Junction,Large,UA,United Airlines,2012,212.0,63.9,74.8,0.75,13.29,58.0,-4.4,37.6,16748,19775
FSD-ORD,FSD,ORD,Sioux Falls,Chicago,Small,MQ,Envoy Air,2012,462.0,104.7,76.94,2.58,8.38,42.0,-3.09,69.7,19980,11514
MCI-SAN,MCI,SAN,Kansas City,San Diego,Medium,WN,Southwest Airlines,2012,1334.0,203.8,76.84,0.84,5.09,34.0,-7.17,181.5,9964,11734
LAS-MCO,LAS,MCO,Las Vegas,Orlando,Large,WN,Southwest Airlines,2012,2039.0,268.2,70.58,0.94,9.84,49.6,-9.47,235.0,18592,10652
DFW-YUM,DFW,YUM,Dallas-Fort Worth,Yuma,Large,OO,SkyWest Airlines,2011,1022.0,181.2,77.03,1.84,8.59,44.0,-4.16,144.9,22946,8666
SEA-DEN,SEA,DEN,Seattle,Denver,Large,OO,SkyWest Airlines,2011,1024.0,169.1,83.64,0.75,0.12,26.0,-6.03,133.5,15958,358
GJT-DEN,GJT,DEN,Grand Junction,Denver,Small,UA,United Airlines,2011,212.0,75.3,81.2,0.8,3.19,33.0,-6.97,40.1,19536,9909
BNA-ORD,BNA,ORD,Nashville,Chicago,Large,AA,American Airlines,2011,409.0,112.4,76.13,2.09,13.53,64.5,-6.98,74.1,23004,25147
ORD-BNA,ORD,BNA,Chicago,Nashville,Large,AA,American Airlines,2010,409.0,91.3,70.95,2.09,18.77,70.7,-5.62,61.1,20540,29781
ORD-FSD,ORD,FSD,Chicago,Sioux Falls,Large,MQ,Envoy Air,2009,462.0,106.8,76.46,2.49,5.99,42.0,-2.67,74.9,16352,9102
YUM-DFW,YUM,DFW,Yuma,Dallas-Fort Worth,Non-hub,OO,SkyWest Airlines,2009,1022.0,163.4,83.82,1.44,9.12,27.0,-6.53,129.7,33598,5303
RSW-CVG,RSW,CVG,Fort Myers,Cincinnati,Medium,F9,Frontier Airlines,2008,879.0,152.2,73.56,3.49,9.29,63.0,-4.18,121.5,15816,19644
PHX-TPA,PHX,TPA,Phoenix,Tampa,Large,WN,Southwest Airlines,2008,1788.0,229.4,64.94,0.8,15.51,53.0,-5.87,207.3,21168,14600
JMS-DVL,JMS,DVL,Jamestown,Devils Lake,Non-hub,OO,SkyWest Airlines,2007,83.0,45.6,79.02,6.13,9.96,31.0,-3.18,21.7,24078,14948
PDX-OGG,PDX,OGG,Portland,Kahului,Medium,AS,Alaska Airlines,2006,2562.0,363.2,88.19,1.05,-8.36,15.0,-9.44,326.2,9059,411
DEN-SEA,DEN,SEA,Denver,Seattle,Large,OO,SkyWest Airlines,2006,1024.0,190.1,82.45,0.65,1.69,29.0,-8.45,154.6,20463,335
CVG-RSW,CVG,RSW,Cincinnati,Fort Myers,Medium,F9,Frontier Airlines,2005,879.0,149.3,74.86,3.29,5.61,50.0,-5.41,119.9,17112,13057
DCA-MCI,DCA,MCI,Washington,Kansas City,Large,OH,PSA Airlines,2004,949.0,179.4,72.26,3.64,8.44,58.0,-6.48,139.5,19686,16152
PHL-ATL,PHL,ATL,Philadelphia,Atlanta,Large,YX,Republic Airways,2004,666.0,143.1,87.08,1.35,-5.42,19.0,-7.94,101.9,7675,6849
ORD-BDL,ORD,BDL,Chicago,Windsor Locks,Large,AA,American Airlines,2004,783.0,128.6,65.92,2.05,22.16,81.0,-2.71,98.8,25740,25748
OGG-PDX,OGG,PDX,Kahului,Portland,Medium,AS,Alaska Airlines,2004,2562.0,324.1,73.5,1.4,6.33,46.0,-4.24,299.8,13267,14498
ATL-PHL,ATL,PHL,Atlanta,Philadelphia,Large,YX,Republic Airways,2004,666.0,127.5,85.73,1.4,0.09,24.0,-4.84,97.2,9862,8268
BDL-ORD,BDL,ORD,Windsor Locks,Chicago,Medium,AA,American Airlines,2003,783.0,160.3,74.29,2.0,17.75,58.1,-3.4,122.5,33324,18006
SAT-STL,SAT,STL,San Antonio,St. Louis,Medium,WN,Southwest Airlines,2003,786.0,125.2,86.27,1.1,-0.69,20.0,-6.75,103.0,5119,7289
MCI-DCA,MCI,DCA,Kansas City,Washington,Medium,OH,PSA Airlines,2003,949.0,152.2,74.44,3.89,16.5,53.0,-2.65,121.8,26600,21787
SFO-ATL,SFO,ATL,San Francisco,Atlanta,Large,UA,United Airlines,2000,2139.0,286.8,77.75,0.85,5.16,33.7,-7.07,245.4,14028,9790
ATL-SFO,ATL,SFO,Atlanta,San Francisco,Large,UA,United Airlines,2000,2139.0,320.1,72.5,1.05,12.75,57.0,-8.71,284.7,23411,16195
DEN-FSD,DEN,FSD,Denver,Sioux Falls,Large,UA,United Airlines,1999,483.0,93.7,70.84,1.15,15.57,63.0,-4.38,66.2,18929,22131
MEM-ORD,MEM,ORD,Memphis,Chicago,Medium,YX,Republic Airways,1997,491.0,117.8,79.42,2.85,5.15,35.0,-2.76,83.6,15218,9365
BOS-SEA,BOS,SEA,Boston,Seattle,Large,B6,JetBlue Airways,1996,2496.0,382.8,72.04,0.55,9.65,71.0,-8.75,338.1,31254,8641
SEA-BOS,SEA,BOS,Seattle,Boston,Large,B6,JetBlue Airways,1996,2496.0,318.6,61.77,1.3,26.05,84.0,-7.09,284.9,36090,26566
VPS-CVG,VPS,CVG,Valparaiso,Cincinnati,Small,G4,Allegiant Air,1995,600.0,111.4,67.37,2.86,19.85,72.7,-1.32,87.0,24240,26378
FSD-DEN,FSD,DEN,Sioux Falls,Denver,Small,UA,United Airlines,1995,483.0,109.1,75.29,1.5,7.64,42.8,-0.3,74.2,25849,4693
ORD-MEM,ORD,MEM,Chicago,Memphis,Large,YX,Republic Airways,1994,491.0,113.0,78.28,2.81,3.02,39.0,-5.23,76.8,13483,10274
CVG-VPS,CVG,VPS,Cincinnati,Valparaiso,Medium,G4,Allegiant Air,1991,600.0,109.2,72.07,2.61,13.89,59.7,-1.19,84.7,25770,12248
HNL-SLC,HNL,SLC,Honolulu,Salt Lake City,Medium,DL,Delta Air Lines,1991,2994.0,367.5,87.54,0.95,-0.12,17.0,-8.08,334.2,14758,7292
DEN-MKE,DEN,MKE,Denver,Milwaukee,Large,UA,United Airlines,1991,896.0,141.6,76.95,0.55,9.26,45.0,-2.92,111.6,14454,14325
SEA-PUW,SEA,PUW,Seattle,Pullman,Large,QX,Horizon Air,1990,250.0,67.0,85.58,2.11,0.94,20.0,-2.88,45.6,6275,4592
PUW-SEA,PUW,SEA,Pullman,Seattle,Non-hub,QX,Horizon Air,1990,250.0,75.0,82.51,2.31,5.35,23.9,-1.28,57.4,10410,5780
MSP-ATL,MSP,ATL,Minneapolis,Atlanta,Large,NK,Spirit Airlines,1990,907.0,154.9,74.07,2.21,6.62,42.0,-4.81,118.3,19989,9462
DFW-FWA,DFW,FWA,Dallas-Fort Worth,Fort Wayne,Large,OO,SkyWest Airlines,1990,859.0,142.9,72.26,2.36,12.83,63.5,-2.55,109.7,21085,13984
SLC-HNL,SLC,HNL,Salt Lake City,Honolulu,Large,DL,Delta Air Lines,1990,2994.0,406.6,77.49,1.01,11.36,42.5,-8.59,373.8,36237,3795
BOS-MCI,BOS,MCI,Boston,Kansas City,Large,YX,Republic Airways,1989,1256.0,222.5,79.54,2.51,-1.83,30.0,-6.75,185.5,13719,4276
MKE-DEN,MKE,DEN,Milwaukee,Denver,Medium,UA,United Airlines,1989,896.0,163.2,78.88,0.96,6.09,40.0,-6.51,129.7,21183,6811
LGA-MEM,LGA,MEM,New York,Memphis,Large,9E,Endeavor Air,1989,963.0,185.9,80.04,3.87,-4.07,36.0,-12.37,142.1,12666,9744
MCI-BOS,MCI,BOS,Kansas City,Boston,Medium,YX,Republic Airways,1989,1256.0,184.5,79.94,2.41,2.75,34.0,-3.44,155.1,16840,5336
TPA-SDF,TPA,SDF,Tampa,Louisville,Large,WN,Southwest Airlines,1989,727.0,126.3,81.3,1.66,4.16,30.0,-4.67,102.9,10006,8913
FWA-DFW,FWA,DFW,Fort Wayne,Dallas-Fort Worth,Small,OO,SkyWest Airlines,1989,859.0,161.4,77.07,2.16,11.98,52.0,-5.21,127.7,29224,13172
ATL-ORD,ATL,ORD,Atlanta,Chicago,Large,YX,Republic Airways,1988,606.0,136.3,80.13,2.01,3.74,34.0,-4.83,97.8,13745,10569
MEM-LGA,MEM,LGA,Memphis,New York,Medium,9E,Endeavor Air,1988,963.0,158.6,81.44,3.42,3.86,23.5,-2.75,131.7,16893,4720
SFO-BOS,SFO,BOS,San Francisco,Boston,Large,AS,Alaska Airlines,1987,2704.0,342.1,79.62,1.41,1.14,33.0,-5.44,307.4,16649,3436
ORD-BMI,ORD,BMI,Chicago,Bloomington,Large,MQ,Envoy Air,1987,116.0,57.9,81.78,2.32,0.04,33.0,-6.59,25.8,10065,8228
BMI-ORD,BMI,ORD,Bloomington,Chicago,Non-hub,MQ,Envoy Air,1987,116.0,64.3,85.61,2.32,-4.22,20.0,-5.74,31.8,11170,6135
ORD-CHS,ORD,CHS,Chicago,Charleston,Large,YX,Republic Airways,1987,760.0,142.0,84.0,1.56,-3.43,25.0,-6.28,102.7,9576,6064
MDW-SAV,MDW,SAV,Chicago,Savannah,Large,WN,Southwest Airlines,1987,758.0,123.6,73.68,0.86,7.62,40.0,-4.52,98.9,14278,9643
PIT-DTW,PIT,DTW,Pittsburgh,Detroit,Medium,YX,Republic Airways,1987,201.0,73.3,88.98,1.16,-3.64,14.0,-6.04,42.4,8666,3699
HHH-CLT,HHH,CLT,Hilton Head Island,Charlotte,Non-hub,YX,Republic Airways,1986,207.0,80.2,80.92,2.67,4.09,36.0,-5.59,45.8,9704,15235
DTW-PIT,DTW,PIT,Detroit,Pittsburgh,Large,YX,Republic Airways,1986,201.0,67.0,88.07,0.96,-1.55,16.4,-4.14,37.9,11222,2526
CLT-HHH,CLT,HHH,Charlotte,Hilton Head Island,Large,YX,Republic Airways,1985,207.0,73.2,81.71,2.17,1.05,28.0,-3.01,41.3,10792,7995
MOB-ATL,MOB,ATL,Mobile,Atlanta,Non-hub,DL,Delta Air Lines,1985,302.0,80.0,85.59,1.36,0.04,22.6,-6.26,48.5,15559,5161
ATL-MOB,ATL,MOB,Atlanta,Mobile,Large,DL,Delta Air Lines,1985,302.0,75.1,81.66,1.31,5.33,36.7,-5.41,50.8,18266,5528
ATL-MSP,ATL,MSP,Atlanta,Minneapolis,Large,NK,Spirit Airlines,1985,907.0,159.0,80.35,1.66,4.42,36.0,-6.19,131.9,15048,7140
DFW-BRO,DFW,BRO,Dallas-Fort Worth,Brownsville,Large,OO,SkyWest Airlines,1984,482.0,102.6,76.21,3.28,7.73,46.0,-3.3,71.3,20154,7641
PVD-ORD,PVD,ORD,Providence,Chicago,Small,OO,SkyWest Airlines,1984,849.0,175.3,76.46,2.02,11.72,53.0,-2.35,134.5,29685,10389
BOS-SFO,BOS,SFO,Boston,San Francisco,Large,AS,Alaska Airlines,1984,2704.0,406.0,73.14,1.66,1.01,48.0,-11.69,359.7,12436,15112
ATL-LGA,ATL,LGA,Atlanta,New York,Large,B6,JetBlue Airways,1984,762.0,135.2,69.46,2.32,19.96,81.0,-4.38,102.8,30445,20015
MSP-ORD,MSP,ORD,Minneapolis,Chicago,Large,AA,American Airlines,1984,334.0,100.0,80.9,1.66,7.94,42.0,-6.08,56.3,21652,16655
LGA-ATL,LGA,ATL,New York,Atlanta,Large,B6,JetBlue Airways,1983,762.0,152.5,68.38,2.47,14.26,82.3,-6.75,110.7,30075,15213
IAD-ORF,IAD,ORF,Washington,Norfolk,Medium,UA,United Airlines,1983,157.0,61.1,77.0,1.66,8.48,36.0,-2.67,34.7,17878,7385
ORD-PVD,ORD,PVD,Chicago,Providence,Large,OO,SkyWest Airlines,1983,849.0,146.4,76.25,1.51,9.39,49.0,-3.44,110.3,19832,11192
OMA-DAL,OMA,DAL,Omaha,Dallas,Medium,WN,Southwest Airlines,1983,586.0,108.8,73.02,1.92,8.66,44.0,-6.36,86.3,12259,14676
ORD-MSP,ORD,MSP,Chicago,Minneapolis,Large,AA,American Airlines,1983,334.0,88.9,67.47,1.51,19.28,71.0,-3.37,59.6,25678,20801
BRO-DFW,BRO,DFW,Brownsville,Dallas-Fort Worth,Non-hub,OO,SkyWest Airlines,1982,482.0,103.5,74.57,3.33,19.9,62.0,-0.84,75.6,41479,9572
SAV-MDW,SAV,MDW,Savannah,Chicago,Medium,WN,Southwest Airlines,1981,758.0,136.1,80.16,1.26,4.26,34.0,-9.06,110.0,10783,12208
BNA-BOS,BNA,BOS,Nashville,Boston,Large,DL,Delta Air Lines,1981,942.0,155.8,79.61,1.16,9.35,54.0,-6.02,123.7,22320,17541
BOS-BNA,BOS,BNA,Boston,Nashville,Large,DL,Delta Air Lines,1980,942.0,180.7,78.33,1.01,3.62,50.0,-8.48,141.1,19901,10577
JFK-BTV,JFK,BTV,New York,Burlington,Large,B6,JetBlue Airways,1979,266.0,79.5,65.29,3.99,16.09,73.0,-4.87,46.6,25160,15704
BTV-JFK,BTV,JFK,Burlington,New York,Small,B6,JetBlue Airways,1979,266.0,83.0,76.35,4.3,9.14,49.8,-2.89,55.6,20539,12066
HNL-PHX,HNL,PHX,Honolulu,Phoenix,Medium,WN,Southwest Airlines,1979,2917.0,362.8,86.91,0.45,-4.65,18.0,-8.73,331.3,7585,1527
SYR-ORD,SYR,ORD,Syracuse,Chicago,Small,UA,United Airlines,1978,607.0,135.3,78.92,1.37,8.5,32.0,-0.96,96.3,24468,6357
STL-EWR,STL,EWR,St. Louis,Newark,Medium,YX,Republic Airways,1978,872.0,155.2,77.35,5.41,2.33,40.0,-7.47,117.8,18963,8369
PHX-HNL,PHX,HNL,Phoenix,Honolulu,Large,WN,Southwest Airlines,1978,2917.0,401.6,76.64,0.0,1.37,31.3,-10.25,369.3,16349,2058
ORD-AZO,ORD,AZO,Chicago,Kalamazoo,Large,MQ,Envoy Air,1978,122.0,57.3,80.13,2.88,2.25,34.0,-5.38,26.1,12040,7587
AZO-ORD,AZO,ORD,Kalamazoo,Chicago,Non-hub,MQ,Envoy Air,1977,122.0,69.1,82.55,3.03,-0.8,28.0,-4.48,32.9,13386,7511
EWR-STL,EWR,STL,Newark,St. Louis,Large,YX,Republic Airways,1976,872.0,176.3,82.14,4.61,-6.69,24.0,-12.13,130.8,8988,7078
SFO-PHL,SFO,PHL,San Francisco,Philadelphia,Large,UA,United Airlines,1973,2521.0,325.5,85.76,0.51,-4.64,19.1,-10.21,285.0,6985,4333
PHL-SFO,PHL,SFO,Philadelphia,San Francisco,Large,UA,United Airlines,1973,2521.0,373.6,81.65,0.61,-0.4,33.0,-9.98,337.2,17695,5614
ABQ-LAX,ABQ,LAX,Albuquerque,Los Angeles,Medium,WN,Southwest Airlines,1973,677.0,124.9,76.53,0.66,6.17,36.0,-7.91,96.0,7413,14963
PHL-PWM,PHL,PWM,Philadelphia,Portland,Large,AA,American Airlines,1972,364.0,87.6,72.62,2.13,15.86,68.0,-2.66,58.0,19715,22134
CAE-DFW,CAE,DFW,Columbia,Dallas-Fort Worth,Small,AA,American Airlines,1971,922.0,170.6,70.52,3.09,21.74,76.8,-3.36,138.7,28018,24167
CHS-ORD,CHS,ORD,Charleston,Chicago,Medium,YX,Republic Airways,1971,760.0,155.0,78.18,1.93,3.18,38.5,-3.67,117.4,13697,12179
PWM-PHL,PWM,PHL,Portland,Philadelphia,Small,AA,American Airlines,1971,364.0,95.8,75.9,2.28,17.37,47.0,-2.79,70.1,26894,19258
SLC-LAX,SLC,LAX,Salt Lake City,Los Angeles,Large,WN,Southwest Airlines,1971,590.0,118.4,71.08,0.46,9.42,43.0,-8.91,88.2,8483,19486
DFW-CAE,DFW,CAE,Dallas-Fort Worth,Columbia,Large,AA,American Airlines,1971,922.0,139.0,61.95,2.94,27.92,93.2,-4.63,112.1,30074,31296
ORD-SYR,ORD,SYR,Chicago,Syracuse,Large,UA,United Airlines,1971,607.0,113.9,75.04,1.12,10.74,48.0,-4.79,78.6,15906,15723
CVG-FLL,CVG,FLL,Cincinnati,Fort Lauderdale,Medium,DL,Delta Air Lines,1970,932.0,151.2,82.34,0.81,2.79,29.0,-4.21,126.7,16749,2642
FLL-CVG,FLL,CVG,Fort Lauderdale,Cincinnati,Large,DL,Delta Air Lines,1970,932.0,153.6,76.24,0.81,12.29,51.0,-2.3,126.9,18409,18206
DEN-JAX,DEN,JAX,Denver,Jacksonville,Large,UA,United Airlines,1970,1447.0,201.4,70.86,0.66,12.71,54.7,-3.21,168.7,18669,15951
JAX-DEN,JAX,DEN,Jacksonville,Denver,Medium,UA,United Airlines,1969,1447.0,234.4,85.27,0.86,3.71,24.0,-5.88,202.6,15565,6669
PHX-SEA,PHX,SEA,Phoenix,Seattle,Large,OO,SkyWest Airlines,1967,1107.0,198.1,79.11,0.15,5.55,35.0,-1.95,162.8,18621,3231
IAH-BOS,IAH,BOS,Houston,Boston,Large,B6,JetBlue Airways,1964,1597.0,229.2,61.71,1.99,33.02,88.5,-6.15,195.6,46606,28645
BOS-IAH,BOS,IAH,Boston,Houston,Large,B6,JetBlue Airways,1964,1597.0,264.2,68.38,1.02,9.77,61.8,-6.2,226.6,30886,5960
SNA-DEN,SNA,DEN,Santa Ana,Denver,Medium,F9,Frontier Airlines,1964,846.0,142.6,77.7,2.14,3.06,39.0,-4.86,109.6,9081,12359
SFO-DCA,SFO,DCA,San Francisco,Washington,Large,UA,United Airlines,1964,2442.0,315.0,84.47,0.71,-3.32,24.0,-6.67,278.6,10885,3112
DEN-SNA,DEN,SNA,Denver,Santa Ana,Large,F9,Frontier Airlines,1964,846.0,150.5,80.35,1.58,-0.41,31.0,-6.32,119.9,9727,6542
MCO-SYR,MCO,SYR,Orlando,Syracuse,Large,B6,JetBlue Airways,1964,1053.0,166.3,67.77,1.17,20.84,80.2,-2.0,138.2,32775,18013
DCA-SFO,DCA,SFO,Washington,San Francisco,Large,UA,United Airlines,1963,2442.0,364.9,79.06,1.07,3.58,41.7,-10.61,327.1,21117,8864
DAL-OMA,DAL,OMA,Dallas,Omaha,Large,WN,Southwest Airlines,1963,586.0,104.0,78.66,1.53,5.93,33.9,-5.54,82.1,9588,10156
AUS-MSY,AUS,MSY,Austin,New Orleans,Large,MQ,Envoy Air,1962,444.0,83.3,75.08,1.12,9.91,49.0,-2.0,61.7,11801,16198
SYR-MCO,SYR,MCO,Syracuse,Orlando,Small,B6,JetBlue Airways,1962,1053.0,175.8,68.3,1.38,17.54,77.4,-4.54,145.2,24121,26040
CHS-DCA,CHS,DCA,Charleston,Washington,Medium,AA,American Airlines,1961,444.0,91.2,77.41,1.94,12.61,52.5,-2.31,67.1,18272,20376
MSY-AUS,MSY,AUS,New Orleans,Austin,Medium,MQ,Envoy Air,1961,444.0,96.2,79.76,1.33,5.36,34.0,-0.63,71.1,12212,8987
SEA-PHX,SEA,PHX,Seattle,Phoenix,Large,OO,SkyWest Airlines,1960,1107.0,182.3,85.05,0.1,4.27,26.0,-4.75,146.9,21425,2511
IAH-MAF,IAH,MAF,Houston,Midland,Large,YV,Mesa Airlines,1959,429.0,95.5,83.0,2.5,1.73,32.0,-6.9,67.7,20396,1663
AMA-IAH,AMA,IAH,Amarillo,Houston,Small,OO,SkyWest Airlines,1959,517.0,110.2,80.25,1.43,13.07,54.6,-4.76,79.7,32974,10842
BNA-ORF,BNA,ORF,Nashville,Norfolk,Large,WN,Southwest Airlines,1958,585.0,104.3,82.18,0.72,3.6,25.0,-5.91,81.0,6702,8588
DCA-CHS,DCA,CHS,Washington,Charleston,Large,AA,American Airlines,1957,444.0,108.2,73.17,1.94,9.57,61.0,-5.98,73.1,13937,21701
ONT-SFO,ONT,SFO,Ontario,San Francisco,Medium,UA,United Airlines,1956,363.0,84.6,81.44,0.82,3.29,29.0,-1.55,58.2,14850,4442
MAF-IAH,MAF,IAH,Midland,Houston,Small,YV,Mesa Airlines,1956,429.0,92.9,85.89,2.51,-1.37,20.0,-6.99,65.0,14507,4999
SRQ-JFK,SRQ,JFK,Sarasota,New York,Small,B6,JetBlue Airways,1956,1041.0,168.6,66.62,2.81,19.12,86.0,-4.46,140.2,25493,23897
SFO-ONT,SFO,ONT,San Francisco,Ontario,Large,UA,United Airlines,1956,363.0,85.9,81.08,0.72,4.0,35.0,-3.97,56.9,9432,10595
JFK-SRQ,JFK,SRQ,New York,Sarasota,Large,B6,JetBlue Airways,1955,1041.0,185.4,71.87,2.51,8.94,58.4,-3.06,152.3,25981,6268
BUF-MCO,BUF,MCO,Buffalo,Orlando,Medium,B6,JetBlue Airways,1955,1011.0,165.1,79.44,2.05,4.68,38.0,-4.29,135.0,19083,10601
MYR-DCA,MYR,DCA,Myrtle Beach,Washington,Small,OH,PSA Airlines,1955,372.0,88.7,69.46,3.63,15.88,68.0,0.34,60.8,24182,20906
PHL-DEN,PHL,DEN,Philadelphia,Denver,Large,F9,Frontier Airlines,1955,1558.0,260.3,65.52,2.3,18.48,78.0,-7.12,216.6,30485,21055
LAX-ABQ,LAX,ABQ,Los Angeles,Albuquerque,Large,WN,Southwest Airlines,1954,677.0,110.5,81.06,0.41,4.44,29.0,-4.57,86.5,7147,9721
ORD-SFO,ORD,SFO,Chicago,San Francisco,Large,AS,Alaska Airlines,1954,1846.0,288.3,69.4,1.84,7.84,56.0,-6.84,248.9,19759,13873
DCA-MYR,DCA,MYR,Washington,Myrtle Beach,Large,OH,PSA Airlines,1954,372.0,93.9,76.51,2.87,6.84,50.0,-1.4,63.5,12937,12970
PDX-BOI,PDX,BOI,Portland,Boise,Medium,QX,Horizon Air,1954,344.0,76.3,89.15,0.92,1.81,14.0,-0.87,61.1,8389,2453
LGA-MCI,LGA,MCI,New York,Kansas City,Large,9E,Endeavor Air,1953,1107.0,203.2,78.6,4.35,-3.79,36.2,-10.96,159.3,12812,7592
SFO-ORD,SFO,ORD,San Francisco,Chicago,Large,AS,Alaska Airlines,1953,1846.0,260.4,74.4,1.43,4.69,41.0,-3.58,218.7,15921,7695
MCI-LGA,MCI,LGA,Kansas City,New York,Medium,9E,Endeavor Air,1953,1107.0,173.2,78.19,4.61,3.71,40.0,-8.16,139.3,19541,9474
MSY-ORD,MSY,ORD,New Orleans,Chicago,Medium,AA,American Airlines,1952,837.0,156.9,78.48,1.79,13.61,49.0,-6.87,121.5,21766,21259
ORD-MSY,ORD,MSY,Chicago,New Orleans,Large,AA,American Airlines,1952,837.0,145.4,74.54,1.79,9.96,63.0,-7.57,113.8,19145,16517
MCO-BUF,MCO,BUF,Orlando,Buffalo,Large,B6,JetBlue Airways,1952,1011.0,161.9,63.17,2.0,22.52,91.0,-1.65,133.3,31686,21372
DEN-PHL,DEN,PHL,Denver,Philadelphia,Large,F9,Frontier Airlines,1952,1558.0,214.6,58.4,2.36,26.71,74.0,-3.17,179.7,36933,20617
ORF-BNA,ORF,BNA,Norfolk,Nashville,Medium,WN,Southwest Airlines,1951,585.0,116.8,76.52,1.03,6.54,36.0,-7.25,93.3,8677,13183
MIA-GSO,MIA,GSO,Miami,Greensboro,Large,MQ,Envoy Air,1948,710.0,137.6,77.31,0.72,5.14,47.0,-4.64,103.9,12467,12050
GSO-MIA,GSO,MIA,Greensboro,Miami,Small,MQ,Envoy Air,1947,710.0,128.4,88.85,0.72,-0.92,15.0,-4.45,103.4,12094,3701
EWR-ROC,EWR,ROC,Newark,Rochester,Large,YX,Republic Airways,1946,246.0,85.7,77.85,5.45,1.14,39.0,-7.04,46.5,11349,8761
MIA-GSP,MIA,GSP,Miami,Greenville,Large,MQ,Envoy Air,1946,637.0,122.7,79.55,0.67,3.8,36.0,-3.7,92.3,10219,9567
LAX-BNA,LAX,BNA,Los Angeles,Nashville,Large,AA,American Airlines,1945,1797.0,239.5,73.88,1.44,16.62,60.0,-4.55,209.6,17328,25405
SEA-MKE,SEA,MKE,Seattle,Milwaukee,Large,AS,Alaska Airlines,1945,1694.0,229.3,81.7,1.08,0.77,24.0,-2.32,198.4,8853,3749
MKE-SEA,MKE,SEA,Milwaukee,Seattle,Medium,AS,Alaska Airlines,1944,1694.0,265.2,82.15,1.34,-2.32,26.0,-5.02,233.1,8986,4222
GSP-MIA,GSP,MIA,Greenville,Miami,Small,MQ,Envoy Air,1944,637.0,116.9,86.21,0.62,2.33,20.0,-4.91,91.7,13807,4387
SAV-ORD,SAV,ORD,Savannah,Chicago,Medium,YX,Republic Airways,1943,773.0,154.1,81.83,1.75,0.87,34.0,-5.97,118.2,13231,8821
BNA-LAX,BNA,LAX,Nashville,Los Angeles,Large,AA,American Airlines,1942,1797.0,275.5,79.09,1.34,7.79,46.0,-11.22,238.3,19429,18240
BWI-LAX,BWI,LAX,Baltimore,Los Angeles,Large,NK,Spirit Airlines,1941,2329.0,346.2,73.93,2.16,6.1,49.0,-11.22,309.5,23339,8541
LAX-BWI,LAX,BWI,Los Angeles,Baltimore,Large,NK,Spirit Airlines,1941,2329.0,297.2,74.7,1.91,9.32,43.0,-7.76,267.1,22722,9202
LAX-SLC,LAX,SLC,Los Angeles,Salt Lake City,Large,B6,JetBlue Airways,1940,590.0,111.3,76.96,0.46,9.41,47.2,-4.49,83.4,19345,9279
IAH-MSP,IAH,MSP,Houston,Minneapolis,Large,OO,SkyWest Airlines,1940,1034.0,172.7,83.35,1.29,4.3,30.0,-7.13,141.7,24240,498
FLL-CLE,FLL,CLE,Fort Lauderdale,Cleveland,Large,UA,United Airlines,1940,1062.0,171.2,87.37,1.13,-4.51,20.0,-6.45,139.2,6730,9751
SLC-HOU,SLC,HOU,Salt Lake City,Houston,Large,WN,Southwest Airlines,1940,1214.0,179.7,77.11,1.03,3.93,30.0,-6.44,152.7,9779,8841
SLC-LAX,SLC,LAX,Salt Lake City,Los Angeles,Large,B6,JetBlue Airways,1939,590.0,117.6,75.35,0.83,10.1,51.0,-3.84,87.7,14189,20700
MIA-DTW,MIA,DTW,Miami,Detroit,Large,AA,American Airlines,1939,1145.0,190.7,66.68,1.91,14.26,59.0,-6.14,152.7,22968,14705
HOU-SLC,HOU,SLC,Houston,Salt Lake City,Medium,WN,Southwest Airlines,1937,1214.0,192.6,79.71,0.93,3.3,29.4,-5.73,167.8,10544,5746
CLE-FLL,CLE,FLL,Cleveland,Fort Lauderdale,Medium,UA,United Airlines,1937,1062.0,174.7,88.9,0.93,-7.23,16.0,-8.83,144.4,10889,2652
DTW-MIA,DTW,MIA,Detroit,Miami,Large,AA,American Airlines,1937,1145.0,188.0,84.67,1.86,-1.01,21.0,-4.36,154.3,12757,4279
CMH-DAL,CMH,DAL,Columbus,Dallas,Medium,WN,Southwest Airlines,1936,919.0,156.6,76.55,1.45,5.46,38.0,-6.91,133.0,10552,11281
DFW-LBB,DFW,LBB,Dallas-Fort Worth,Lubbock,Large,AA,American Airlines,1933,282.0,72.4,59.34,3.16,39.31,111.1,-2.94,46.8,43531,37623
LBB-DFW,LBB,DFW,Lubbock,Dallas-Fort Worth,Small,AA,American Airlines,1931,282.0,81.6,72.5,3.31,23.82,74.0,-3.66,48.2,33890,23282
MSY-MIA,MSY,MIA,New Orleans,Miami,Medium,MQ,Envoy Air,1931,675.0,117.2,71.21,1.92,9.77,52.0,-3.33,92.6,13366,16656
MIA-MSY,MIA,MSY,Miami,New Orleans,Large,MQ,Envoy Air,1930,675.0,132.6,79.33,1.66,2.85,36.0,-2.8,104.4,12561,5864
BHM-TPA,BHM,TPA,Birmingham,Tampa,Small,WN,Southwest Airlines,1929,459.0,85.5,78.59,1.45,6.53,35.9,-3.7,66.3,9095,12017
ORD-OMA,ORD,OMA,Chicago,Omaha,Large,YX,Republic Airways,1928,416.0,101.2,81.22,2.23,1.58,32.0,-4.87,67.4,11405,8190
DTW-TVC,DTW,TVC,Detroit,Traverse City,Large,9E,Endeavor Air,1928,207.0,69.7,87.86,0.62,-1.19,18.9,-4.98,42.1,9838,3370
TPA-BHM,TPA,BHM,Tampa,Birmingham,Large,WN,Southwest Airlines,1928,459.0,90.1,76.97,1.4,7.12,38.0,-4.03,69.2,10942,11551
TVC-DTW,TVC,DTW,Traverse City,Detroit,Small,9E,Endeavor Air,1927,207.0,70.5,87.03,0.67,-0.05,21.0,-6.26,38.4,9547,10257
PIE-CVG,PIE,CVG,St. Petersburg,Cincinnati,Small,G4,Allegiant Air,1925,776.0,129.7,65.25,1.87,21.32,84.0,0.51,107.3,25809,25151
OMA-ORD,OMA,ORD,Omaha,Chicago,Medium,YX,Republic Airways,1925,416.0,104.4,83.22,2.65,1.27,24.9,-2.01,67.8,10182,7693
CVG-PIE,CVG,PIE,Cincinnati,St. Petersburg,Medium,G4,Allegiant Air,1925,776.0,127.5,70.39,1.66,16.03,68.0,-0.47,106.7,26391,13698
PBI-BOS,PBI,BOS,West Palm Beach,Boston,Medium,DL,Delta Air Lines,1924,1197.0,193.1,71.47,1.56,14.8,63.0,-7.68,157.9,22918,22075
BOS-PBI,BOS,PBI,Boston,West Palm Beach,Large,DL,Delta Air Lines,1924,1197.0,205.9,74.32,1.3,8.48,55.3,-5.28,171.0,23364,9545
MYR-EWR,MYR,EWR,Myrtle Beach,Newark,Small,YX,Republic Airways,1924,550.0,124.7,71.26,7.64,7.4,58.1,-7.29,86.7,25758,9658
EWR-MYR,EWR,MYR,Newark,Myrtle Beach,Large,YX,Republic Airways,1924,550.0,122.8,77.44,5.35,0.99,35.2,-5.07,85.8,14696,5534
DCA-IAH,DCA,IAH,Washington,Houston,Large,YV,Mesa Airlines,1923,1208.0,212.6,81.85,3.12,-4.4,29.0,-15.25,173.6,18151,5253
DAL-CMH,DAL,CMH,Dallas,Columbus,Large,WN,Southwest Airlines,1923,919.0,138.2,72.49,0.78,12.3,45.3,-5.71,114.7,15234,14780
DTW-RIC,DTW,RIC,Detroit,Richmond,Large,9E,Endeavor Air,1921,456.0,99.6,87.61,0.73,-0.84,17.0,-4.12,69.3,9916,3378
RIC-DTW,RIC,DTW,Richmond,Detroit,Medium,9E,Endeavor Air,1920,456.0,110.8,87.19,0.83,-0.72,21.0,-6.91,78.8,8716,8240
LGA-SRQ,LGA,SRQ,New York,Sarasota,Large,DL,Delta Air Lines,1919,1047.0,192.6,77.12,2.45,3.69,48.8,-7.58,154.5,21306,7163
BOI-PDX,BOI,PDX,Boise,Portland,Medium,QX,Horizon Air,1918,344.0,84.3,85.3,1.09,4.14,19.0,0.28,67.7,7303,6371
KOA-PHX,KOA,PHX,Kona,Phoenix,Small,AA,American Airlines,1918,2860.0,348.5,92.28,0.36,7.0,9.0,-7.9,320.6,31236,11388
SRQ-LGA,SRQ,LGA,Sarasota,New York,Small,DL,Delta Air Lines,1918,1047.0,169.9,72.11,2.71,26.14,80.8,-4.57,140.1,50881,15356
PHX-KOA,PHX,KOA,Phoenix,Kona,Large,AA,American Airlines,1918,2860.0,393.9,82.64,0.1,-2.36,29.0,-7.74,359.2,10793,6300
BUR-PHX,BUR,PHX,Burbank,Phoenix,Medium,AA,American Airlines,1917,369.0,95.1,81.32,0.83,11.97,38.0,-3.74,66.3,18414,20902
CHS-MIA,CHS,MIA,Charleston,Miami,Medium,MQ,Envoy Air,1917,489.0,101.3,83.72,1.3,0.78,27.0,-4.86,77.0,7264,9997
PHX-BUR,PHX,BUR,Phoenix,Burbank,Large,AA,American Airlines,1917,369.0,90.0,78.09,0.47,11.94,47.3,-4.05,65.5,19913,15373
DEN-SEA,DEN,SEA,Denver,Seattle,Large,F9,Frontier Airlines,1916,1024.0,185.4,72.65,1.15,8.82,55.0,-7.65,146.5,16043,15166
MIA-CHS,MIA,CHS,Miami,Charleston,Large,MQ,Envoy Air,1916,489.0,109.1,79.12,1.25,3.37,39.3,-5.53,77.7,9566,10409
RDU-SLC,RDU,SLC,Raleigh-durham,Salt Lake City,Medium,DL,Delta Air Lines,1915,1823.0,283.3,85.27,0.68,-2.85,23.0,-11.79,249.3,8996,7607
SLC-RDU,SLC,RDU,Salt Lake City,Raleigh-durham,Large,DL,Delta Air Lines,1915,1823.0,243.4,85.9,0.63,-1.4,20.7,-7.54,211.8,12407,2732
CVG-RSW,CVG,RSW,Cincinnati,Fort Myers,Medium,DL,Delta Air Lines,1915,879.0,139.5,83.13,0.99,4.64,30.0,-3.32,117.4,13819,7608
RSW-CVG,RSW,CVG,Fort Myers,Cincinnati,Medium,DL,Delta Air Lines,1915,879.0,142.3,81.62,1.25,5.53,42.0,-2.47,119.2,12894,15473
SEA-DEN,SEA,DEN,Seattle,Denver,Large,F9,Frontier Airlines,1914,1024.0,165.5,68.23,1.62,15.66,66.0,-3.26,127.1,17565,21357
OMA-ORD,OMA,ORD,Omaha,Chicago,Medium,OO,SkyWest Airlines,1914,416.0,105.8,78.21,2.51,8.24,44.0,-3.69,67.6,17035,12809
DFW-CID,DFW,CID,Dallas-Fort Worth,Cedar Rapids,Large,AA,American Airlines,1913,685.0,120.1,57.55,3.19,35.94,105.0,-3.64,91.6,33811,39346
SFO-RNO,SFO,RNO,San Francisco,Reno,Large,UA,United Airlines,1913,192.0,67.1,81.02,0.58,5.21,37.0,-5.15,35.7,9303,11771
PNS-HOU,PNS,HOU,Pensacola,Houston,Small,WN,Southwest Airlines,1913,488.0,100.5,81.81,1.25,3.27,29.6,-5.74,79.0,6285,11734
RNO-SFO,RNO,SFO,Reno,San Francisco,Medium,UA,United Airlines,1913,192.0,76.1,78.2,0.68,8.65,46.0,-1.27,47.8,23624,7834
HOU-PNS,HOU,PNS,Houston,Pensacola,Medium,WN,Southwest Airlines,1913,488.0,87.1,72.03,1.41,9.54,39.0,-4.68,66.4,11839,11757
SAN-MCI,SAN,MCI,San Diego,Kansas City,Large,WN,Southwest Airlines,1913,1334.0,186.4,74.44,0.68,9.0,42.0,-5.16,160.3,9064,15245
BDL-TPA,BDL,TPA,Windsor Locks,Tampa,Medium,B6,JetBlue Airways,1912,1111.0,186.8,77.04,1.57,5.35,46.0,-5.93,158.8,17745,10746
CID-DFW,CID,DFW,Cedar Rapids,Dallas-Fort Worth,Small,AA,American Airlines,1912,685.0,137.2,69.14,3.24,31.17,88.0,-4.85,102.3,34118,34679
PIT-SFO,PIT,SFO,Pittsburgh,San Francisco,Medium,UA,United Airlines,1912,2254.0,333.5,82.58,0.78,-0.63,35.0,-9.69,300.7,17500,3732
TPA-BDL,TPA,BDL,Tampa,Windsor Locks,Large,B6,JetBlue Airways,1911,1111.0,168.6,73.16,1.57,14.0,65.4,-2.55,142.7,19946,17743
ORD-OMA,ORD,OMA,Chicago,Omaha,Large,OO,SkyWest Airlines,1911,416.0,103.7,73.73,2.04,11.16,58.4,-3.75,68.5,22086,11336
PHX-ELP,PHX,ELP,Phoenix,El Paso,Large,YV,Mesa Airlines,1911,347.0,79.7,77.03,1.36,14.69,55.9,-6.81,51.1,22449,18547
EYW-DCA,EYW,DCA,Key West,Washington,Small,YX,Republic Airways,1910,1023.0,167.1,71.94,1.73,9.54,42.0,-1.87,139.7,12574,14723
SFO-PIT,SFO,PIT,San Francisco,Pittsburgh,Large,UA,United Airlines,1910,2254.0,292.8,84.45,0.37,-2.41,22.0,-8.26,255.5,7672,5577
LAX-KOA,LAX,KOA,Los Angeles,Kona,Large,AA,American Airlines,1908,2504.0,345.6,83.81,0.0,-1.91,27.7,-8.44,313.2,9983,7024
DAL-VPS,DAL,VPS,Dallas,Valparaiso,Large,WN,Southwest Airlines,1908,630.0,108.7,77.78,1.15,5.98,36.0,-5.02,83.3,13178,9000
DCA-EYW,DCA,EYW,Washington,Key West,Large,YX,Republic Airways,1908,1023.0,186.8,77.94,1.47,0.24,30.0,-0.13,151.4,12570,3289
MCI-LAX,MCI,LAX,Kansas City,Los Angeles,Medium,DL,Delta Air Lines,1908,1363.0,217.2,88.57,1.36,-3.6,15.0,-8.77,182.2,10240,5911
KOA-LAX,KOA,LAX,Kona,Los Angeles,Small,AA,American Airlines,1908,2504.0,321.8,85.17,0.05,2.88,23.0,-7.1,289.4,16937,13048
LAX-MCI,LAX,MCI,Los Angeles,Kansas City,Large,DL,Delta Air Lines,1908,1363.0,192.9,84.54,1.31,1.36,26.0,-7.62,164.1,15377,6103
ELP-LAX,ELP,LAX,El Paso,Los Angeles,Small,WN,Southwest Airlines,1906,715.0,129.8,77.96,0.47,5.25,35.0,-6.56,101.1,6004,14304
PHL-TYS,PHL,TYS,Philadelphia,Knoxville,Large,OH,PSA Airlines,1906,554.0,121.7,72.4,2.31,11.64,74.0,-3.28,85.9,20452,17000
VPS-DAL,VPS,DAL,Valparaiso,Dallas,Small,WN,Southwest Airlines,1906,630.0,123.9,80.22,1.42,3.14,34.0,-7.78,98.3,8530,12161
PHL-PIT,PHL,PIT,Philadelphia,Pittsburgh,Large,YX,Republic Airways,1905,268.0,82.6,85.83,1.63,-2.83,23.7,-6.06,48.7,9942,6552
PIT-DCA,PIT,DCA,Pittsburgh,Washington,Medium,OH,PSA Airlines,1904,204.0,73.0,73.27,3.41,10.06,52.0,-1.88,43.7,16029,18046
ELP-PHX,ELP,PHX,El Paso,Phoenix,Small,YV,Mesa Airlines,1904,347.0,89.4,81.83,1.47,8.43,53.6,-4.36,57.7,16904,15462
DCA-PIT,DCA,PIT,Washington,Pittsburgh,Large,OH,PSA Airlines,1903,204.0,73.0,76.93,3.1,4.52,44.0,-4.23,39.3,10353,13185
PDX-DEN,PDX,DEN,Portland,Denver,Medium,AS,Alaska Airlines,1903,991.0,154.1,77.35,1.52,5.78,39.0,0.13,125.6,17227,4553
LIH-LAX,LIH,LAX,Lihue,Los Angeles,Small,AA,American Airlines,1902,2615.0,333.5,83.44,0.26,6.66,27.0,-5.28,302.0,21645,10899
MSY-SLC,MSY,SLC,New Orleans,Salt Lake City,Medium,DL,Delta Air Lines,1902,1428.0,221.6,85.59,1.52,-1.42,21.0,-8.04,193.8,9323,8058
LAX-LIH,LAX,LIH,Los Angeles,Lihue,Large,AA,American Airlines,1902,2615.0,363.5,84.7,0.16,-3.26,22.0,-8.08,329.5,9665,5437
SLC-MSY,SLC,MSY,Salt Lake City,New Orleans,Large,DL,Delta Air Lines,1902,1428.0,197.9,85.28,1.52,-0.88,22.0,-5.39,168.8,10248,2813
IAH-AMA,IAH,AMA,Houston,Amarillo,Large,OO,SkyWest Airlines,1902,517.0,111.5,77.5,1.47,15.05,56.0,-2.69,80.9,29700,10141
PIT-PHL,PIT,PHL,Pittsburgh,Philadelphia,Medium,YX,Republic Airways,1901,268.0,76.9,88.53,1.0,-5.38,16.0,-5.11,48.0,7192,2787
SLC-AUS,SLC,AUS,Salt Lake City,Austin,Large,WN,Southwest Airlines,1901,1086.0,160.5,74.49,0.74,7.31,34.0,-3.76,135.4,10523,10084
DCA-DSM,DCA,DSM,Washington,Des Moines,Large,OH,PSA Airlines,1901,897.0,172.3,74.22,3.37,6.54,49.1,-7.35,131.3,15495,15354
DEN-PDX,DEN,PDX,Denver,Portland,Large,AS,Alaska Airlines,1901,991.0,166.1,77.43,1.68,6.69,40.0,-1.93,139.3,6906,16778
TYS-PHL,TYS,PHL,Knoxville,Philadelphia,Small,OH,PSA Airlines,1900,554.0,113.5,84.74,1.74,-0.74,23.0,-6.09,82.1,15580,6216
DSM-DCA,DSM,DCA,Des Moines,Washington,Small,OH,PSA Airlines,1900,897.0,145.6,78.53,3.11,5.63,36.2,-2.42,116.2,18223,10070
MSP-SJC,MSP,SJC,Minneapolis,San Jose,Large,DL,Delta Air Lines,1899,1575.0,246.5,77.41,0.79,2.54,38.0,-8.94,215.7,20129,4849
BNA-DEN,BNA,DEN,Nashville,Denver,Large,OO,SkyWest Airlines,1899,1014.0,185.4,83.89,1.95,1.78,27.7,-7.12,150.9,17170,3207
GNV-ATL,GNV,ATL,Gainesville,Atlanta,Non-hub,9E,Endeavor Air,1899,300.0,83.1,89.78,0.21,-3.04,14.0,-9.61,52.5,11949,5861
ATL-GNV,ATL,GNV,Atlanta,Gainesville,Large,9E,Endeavor Air,1898,300.0,74.2,89.99,0.21,-3.02,14.0,-4.84,48.8,7333,2234
SJC-MSP,SJC,MSP,San Jose,Minneapolis,Medium,DL,Delta Air Lines,1897,1575.0,223.9,90.09,0.74,-1.91,13.0,-7.63,191.5,11859,3374
FCA-MSP,FCA,MSP,Kalispell,Minneapolis,Small,DL,Delta Air Lines,1897,1026.0,160.4,84.08,1.0,2.57,25.0,-6.39,129.2,16262,5032
DVL-DEN,DVL,DEN,Devils Lake,Denver,Non-hub,OO,SkyWest Airlines,1897,638.0,132.8,72.64,4.85,19.2,76.5,-4.06,96.3,37830,18831
TPA-RDU,TPA,RDU,Tampa,Raleigh-durham,Large,WN,Southwest Airlines,1897,587.0,106.3,81.55,1.42,3.6,29.0,-4.9,83.6,8662,8403
MSP-FCA,MSP,FCA,Minneapolis,Kalispell,Large,DL,Delta Air Lines,1897,1026.0,178.0,82.24,0.84,0.06,33.0,-8.08,148.0,15490,3321
DEN-BNA,DEN,BNA,Denver,Nashville,Large,OO,SkyWest Airlines,1896,1014.0,160.5,77.58,1.69,8.94,44.0,-4.17,127.3,20174,6725
DFW-BHM,DFW,BHM,Dallas-Fort Worth,Birmingham,Large,OH,PSA Airlines,1896,597.0,110.9,70.57,2.74,20.03,74.0,-2.08,80.1,21976,26677
IAH-HNL,IAH,HNL,Houston,Honolulu,Large,UA,United Airlines,1895,3904.0,510.9,72.35,0.58,12.77,40.0,-8.07,473.0,25737,6924
DEN-LGA,DEN,LGA,Denver,New York,Large,B6,JetBlue Airways,1895,1620.0,224.1,64.59,3.01,26.38,88.2,-3.99,192.2,39964,22601
HNL-IAH,HNL,IAH,Honolulu,Houston,Medium,UA,United Airlines,1895,3904.0,455.8,87.23,0.84,-5.53,17.0,-10.0,417.7,8816,1845
LGA-DEN,LGA,DEN,New York,Denver,Large,B6,JetBlue Airways,1895,1620.0,267.6,75.09,2.32,2.89,47.0,-9.59,224.6,25197,5409
GRR-BWI,GRR,BWI,Grand Rapids,Baltimore,Medium,WN,Southwest Airlines,1894,528.0,96.9,80.94,1.11,2.51,29.0,-5.52,74.2,7256,10412
MSY-DCA,MSY,DCA,New Orleans,Washington,Medium,YX,Republic Airways,1893,969.0,155.3,82.83,2.48,1.8,24.0,-3.48,128.0,7946,9626
AUS-SLC,AUS,SLC,Austin,Salt Lake City,Large,WN,Southwest Airlines,1893,1086.0,173.4,72.0,0.9,9.53,38.0,-4.38,149.4,11287,12500
LAX-ELP,LAX,ELP,Los Angeles,El Paso,Large,WN,Southwest Airlines,1892,715.0,113.9,78.65,0.37,5.46,34.0,-4.45,90.2,6998,11046
BHM-DFW,BHM,DFW,Birmingham,Dallas-Fort Worth,Small,OH,PSA Airlines,1892,597.0,132.9,72.89,3.07,16.51,72.0,-6.12,95.3,21517,26371
DCA-MSY,DCA,MSY,Washington,New Orleans,Large,YX,Republic Airways,1892,969.0,177.2,81.29,2.27,-1.56,26.0,-3.64,143.5,9639,5106
BWI-GRR,BWI,GRR,Baltimore,Grand Rapids,Large,WN,Southwest Airlines,1891,528.0,103.0,80.96,1.11,3.74,26.0,-6.23,79.4,11570,5057
DEN-RDU,DEN,RDU,Denver,Raleigh-durham,Large,F9,Frontier Airlines,1891,1436.0,202.4,75.78,0.63,6.83,45.0,-5.32,170.4,16216,9658
LAS-MSY,LAS,MSY,Las Vegas,New Orleans,Large,NK,Spirit Airlines,1890,1500.0,201.6,78.31,1.8,5.52,36.0,-4.8,173.6,15654,5856
MKE-RSW,MKE,RSW,Milwaukee,Fort Myers,Medium,WN,Southwest Airlines,1889,1183.0,175.9,78.51,2.12,3.26,37.0,-6.31,152.2,12008,8804
ORD-CMH,ORD,CMH,Chicago,Columbus,Large,OO,SkyWest Airlines,1889,296.0,86.5,75.86,2.49,9.58,53.0,-3.27,50.5,21815,7245
ORD-CLE,ORD,CLE,Chicago,Cleveland,Large,OO,SkyWest Airlines,1888,316.0,86.4,68.96,3.13,16.32,71.0,-2.59,49.7,24953,14835
ORD-SUX,ORD,SUX,Chicago,Sioux City,Large,OO,SkyWest Airlines,1888,436.0,106.6,74.74,2.17,16.8,55.8,-5.36,72.0,31092,14176
SLC-GJT,SLC,GJT,Salt Lake City,Grand Junction,Large,OO,SkyWest Airlines,1887,216.0,66.1,91.63,0.21,-3.25,9.0,-7.29,37.7,14327,0
RDU-DEN,RDU,DEN,Raleigh-durham,Denver,Medium,F9,Frontier Airlines,1887,1436.0,242.5,77.48,1.38,6.96,50.4,-8.97,203.1,23391,11139
SFB-GRR,SFB,GRR,Sanford,Grand Rapids,Small,G4,Allegiant Air,1887,1001.0,157.4,67.94,1.32,19.11,70.0,-1.98,133.9,24848,20336
GRR-SFB,GRR,SFB,Grand Rapids,Sanford,Medium,G4,Allegiant Air,1887,1001.0,155.1,72.02,1.43,13.81,59.0,-0.9,130.8,28523,10181
GJT-SLC,GJT,SLC,Grand Junction,Salt Lake City,Small,OO,SkyWest Airlines,1887,216.0,66.3,92.26,0.21,-1.24,10.0,-2.02,42.1,14019,0
SUX-ORD,SUX,ORD,Sioux City,Chicago,Non-hub,OO,SkyWest Airlines,1886,436.0,103.9,77.09,1.96,14.59,60.2,-2.62,67.5,32635,9171
MSY-LAS,MSY,LAS,New Orleans,Las Vegas,Medium,NK,Spirit Airlines,1884,1500.0,232.7,76.75,2.49,5.05,38.5,-7.39,203.5,15986,7509
VPS-DFW,VPS,DFW,Valparaiso,Dallas-Fort Worth,Small,MQ,Envoy Air,1884,641.0,141.0,78.18,2.92,5.49,38.0,-3.86,108.7,12803,10642
DEN-MIA,DEN,MIA,Denver,Miami,Large,F9,Frontier Airlines,1884,1709.0,233.8,63.91,1.17,18.78,69.0,-5.83,199.8,27556,15628
DFW-VPS,DFW,VPS,Dallas-Fort Worth,Valparaiso,Large,MQ,Envoy Air,1883,641.0,118.6,80.51,2.76,2.27,29.0,-2.92,85.7,10793,5465
BUF-MCO,BUF,MCO,Buffalo,Orlando,Medium,F9,Frontier Airlines,1882,1011.0,172.1,66.52,3.03,17.31,80.2,-5.49,135.7,22744,24920
MSY-MSP,MSY,MSP,New Orleans,Minneapolis,Medium,DL,Delta Air Lines,1882,1039.0,170.6,86.34,1.81,-2.51,20.0,-11.16,140.6,10325,8840
MSP-MSY,MSP,MSY,Minneapolis,New Orleans,Large,DL,Delta Air Lines,1881,1039.0,161.8,85.27,1.59,-2.83,22.6,-6.38,132.9,11569,1905
CLE-ORD,CLE,ORD,Cleveland,Chicago,Medium,OO,SkyWest Airlines,1880,316.0,100.0,69.79,3.67,22.5,84.2,-5.52,59.2,33780,23290
MCO-BUF,MCO,BUF,Orlando,Buffalo,Large,F9,Frontier Airlines,1879,1011.0,165.2,71.37,2.71,10.9,64.0,-3.54,132.9,19163,13728
ALB-MCO,ALB,MCO,Albany,Orlando,Small,B6,JetBlue Airways,1879,1073.0,185.1,64.87,1.97,18.62,85.0,-3.4,155.2,24511,24098
BNA-AUS,BNA,AUS,Nashville,Austin,Large,MQ,Envoy Air,1878,756.0,140.8,78.33,1.81,5.44,36.0,-1.52,115.5,11812,9218
MCO-ALB,MCO,ALB,Orlando,Albany,Large,B6,JetBlue Airways,1878,1073.0,167.9,69.91,1.86,14.28,68.0,-1.6,139.9,24274,11918
MIA-DEN,MIA,DEN,Miami,Denver,Large,F9,Frontier Airlines,1878,1709.0,273.3,66.03,1.28,21.02,80.9,-3.02,233.5,28452,22334
RSW-MKE,RSW,MKE,Fort Myers,Milwaukee,Medium,WN,Southwest Airlines,1877,1183.0,182.7,75.44,1.86,8.33,42.1,-5.26,159.7,10105,15296
ORD-HNL,ORD,HNL,Chicago,Honolulu,Large,UA,United Airlines,1877,4243.0,552.1,85.99,0.32,-5.56,22.0,-16.57,503.9,13696,3609
AUS-BNA,AUS,BNA,Austin,Nashville,Large,MQ,Envoy Air,1877,756.0,123.5,77.52,1.65,6.32,38.0,-1.38,99.8,10341,9844
HNL-ORD,HNL,ORD,Honolulu,Chicago,Medium,UA,United Airlines,1877,4243.0,485.7,88.97,0.53,-6.09,15.0,-9.83,447.0,8859,3856
MIA-SAT,MIA,SAT,Miami,San Antonio,Large,AA,American Airlines,1876,1143.0,195.5,65.67,2.35,17.72,61.0,-7.16,161.1,26387,17922
SAT-MIA,SAT,MIA,San Antonio,Miami,Medium,AA,American Airlines,1876,1143.0,169.7,86.19,2.51,2.38,17.0,-3.89,139.1,14287,6605
DFW-TXK,DFW,TXK,Dallas-Fort Worth,Texarkana,Large,OO,SkyWest Airlines,1875,181.0,65.6,80.59,2.83,4.79,37.6,-4.6,34.3,20231,4789
TXK-DFW,TXK,DFW,Texarkana,Dallas-Fort Worth,Non-hub,OO,SkyWest Airlines,1875,181.0,71.0,77.81,3.09,13.72,52.4,-2.31,39.6,30997,10241
RDU-TPA,RDU,TPA,Raleigh-durham,Tampa,Medium,WN,Southwest Airlines,1874,587.0,109.6,78.82,1.81,4.07,33.0,-5.62,88.7,10411,9180
EAU-ORD,EAU,ORD,Eau Claire,Chicago,Non-hub,OO,SkyWest Airlines,1873,269.0,85.2,79.93,3.58,8.4,45.4,-5.44,49.3,22713,12966
DEN-SDF,DEN,SDF,Denver,Louisville,Large,WN,Southwest Airlines,1873,1024.0,148.0,58.46,1.55,20.22,67.0,-4.56,123.8,21179,19394
ORD-EAU,ORD,EAU,Chicago,Eau Claire,Large,OO,SkyWest Airlines,1873,269.0,81.3,75.39,3.52,12.65,54.0,-4.9,49.2,29283,9642
SAN-SBP,SAN,SBP,San Diego,San Luis Obispo,Large,OO,SkyWest Airlines,1871,263.0,73.3,73.17,2.46,8.43,47.0,-1.45,44.3,10281,14173
ACY-TPA,ACY,TPA,Atlantic City,Tampa,Non-hub,NK,Spirit Airlines,1871,913.0,154.6,78.41,2.57,4.94,43.0,-3.92,132.6,17255,9091
BNA-SEA,BNA,SEA,Nashville,Seattle,Large,DL,Delta Air Lines,1870,1978.0,305.6,88.4,0.8,-6.23,16.0,-9.72,267.9,12728,1614
SEA-BNA,SEA,BNA,Seattle,Nashville,Large,DL,Delta Air Lines,1870,1978.0,259.7,82.73,0.75,0.18,30.0,-7.01,227.0,12871,5672
PDX-BOS,PDX,BOS,Portland,Boston,Medium,AS,Alaska Airlines,1869,2537.0,324.3,79.51,0.86,1.31,32.0,-4.39,290.8,14777,2260
SBP-SAN,SBP,SAN,San Luis Obispo,San Diego,Small,OO,SkyWest Airlines,1868,263.0,73.3,78.43,2.3,6.75,35.0,0.72,50.5,11084,11350
FLL-RIC,FLL,RIC,Fort Lauderdale,Richmond,Large,B6,JetBlue Airways,1867,805.0,136.2,62.29,1.71,22.49,95.0,-3.33,109.7,29101,22265
DEN-MEM,DEN,MEM,Denver,Memphis,Large,WN,Southwest Airlines,1867,872.0,132.4,60.15,2.36,18.86,64.0,-6.5,107.2,19579,18694
MIA-SEA,MIA,SEA,Miami,Seattle,Large,AA,American Airlines,1867,2724.0,403.2,67.97,0.8,17.18,67.0,-8.44,357.5,31962,14103
SEA-MIA,SEA,MIA,Seattle,Miami,Large,AA,American Airlines,1866,2724.0,346.4,78.24,0.75,8.48,44.0,-12.06,308.5,20337,13292
PDX-ORD,PDX,ORD,Portland,Chicago,Medium,AA,American Airlines,1866,1739.0,242.9,76.37,1.34,17.11,44.0,-5.75,206.3,25467,20226
TPA-ACY,TPA,ACY,Tampa,Atlantic City,Large,NK,Spirit Airlines,1866,913.0,143.1,77.28,2.68,8.99,52.8,-3.57,120.4,16628,13626
BPT-DFW,BPT,DFW,Beaumont,Dallas-Fort Worth,Non-hub,MQ,Envoy Air,1865,270.0,81.3,81.98,2.52,3.15,27.0,-2.08,52.5,14609,6774
LAS-MAF,LAS,MAF,Las Vegas,Midland,Large,WN,Southwest Airlines,1865,795.0,124.3,69.54,0.91,10.83,47.0,-5.06,99.3,14177,12981
ORD-PDX,ORD,PDX,Chicago,Portland,Large,AA,American Airlines,1865,1739.0,268.0,74.96,1.29,7.12,48.0,-10.16,233.0,16736,12937
BOS-PDX,BOS,PDX,Boston,Portland,Large,AS,Alaska Airlines,1865,2537.0,377.8,77.64,1.5,0.09,38.0,-8.73,338.5,8291,12496
ORD-SAV,ORD,SAV,Chicago,Savannah,Large,YX,Republic Airways,1865,773.0,141.6,79.95,1.45,2.63,34.0,-3.1,103.5,12408,8214
DAY-DFW,DAY,DFW,Dayton,Dallas-Fort Worth,Small,MQ,Envoy Air,1865,861.0,164.7,82.79,1.72,2.58,29.0,-4.71,131.9,12386,7614
DFW-BPT,DFW,BPT,Dallas-Fort Worth,Beaumont,Large,MQ,Envoy Air,1865,270.0,83.2,85.31,2.36,-1.41,20.5,-5.61,52.6,8823,5608
MAF-LAS,MAF,LAS,Midland,Las Vegas,Small,WN,Southwest Airlines,1864,795.0,137.0,83.85,1.07,1.54,28.1,-6.82,113.8,8072,10833
RIC-FLL,RIC,FLL,Richmond,Fort Lauderdale,Medium,B6,JetBlue Airways,1864,805.0,141.8,84.12,1.82,2.05,26.0,-5.66,114.8,17873,4577
JAN-DFW,JAN,DFW,Jackson,Dallas-Fort Worth,Small,OH,PSA Airlines,1864,408.0,104.6,72.75,4.13,20.99,72.7,-2.52,72.0,25133,23904
DFW-DAY,DFW,DAY,Dallas-Fort Worth,Dayton,Large,MQ,Envoy Air,1863,861.0,139.3,83.41,1.61,1.62,25.0,-3.05,111.0,8761,5043
IAH-ATL,IAH,ATL,Houston,Atlanta,Large,YV,Mesa Airlines,1863,689.0,127.2,77.94,2.52,4.96,38.0,-6.67,92.8,21551,850
DCA-MSP,DCA,MSP,Washington,Minneapolis,Large,OH,PSA Airlines,1862,931.0,175.4,71.75,3.28,9.05,58.0,-6.18,138.0,17943,13576
PHL-MEM,PHL,MEM,Philadelphia,Memphis,Large,OH,PSA Airlines,1861,875.0,167.3,73.72,2.58,8.76,57.2,-5.8,128.8,16780,18294
DFW-JAN,DFW,JAN,Dallas-Fort Worth,Jackson,Large,OH,PSA Airlines,1861,408.0,92.7,75.44,3.12,15.41,61.0,-3.69,59.1,19834,21136
FSD-MSP,FSD,MSP,Sioux Falls,Minneapolis,Small,9E,Endeavor Air,1861,196.0,71.4,84.52,0.59,-0.87,27.0,-6.57,38.4,8385,10216
LAX-SFO,LAX,SFO,Los Angeles,San Francisco,Large,AS,Alaska Airlines,1861,337.0,87.4,74.1,2.04,5.89,41.0,0.37,55.6,16324,5711
ORD-MCO,ORD,MCO,Chicago,Orlando,Large,F9,Frontier Airlines,1860,1005.0,175.9,65.38,2.47,21.32,91.0,-9.0,129.3,30000,26141
MSP-DCA,MSP,DCA,Minneapolis,Washington,Large,OH,PSA Airlines,1860,931.0,152.4,67.9,4.89,19.83,63.7,-1.88,121.0,27035,22176
IND-LGA,IND,LGA,Indianapolis,New York,Medium,9E,Endeavor Air,1860,660.0,126.7,82.15,2.8,-0.12,33.0,-6.86,93.7,15824,5056
MSP-FSD,MSP,FSD,Minneapolis,Sioux Falls,Large,9E,Endeavor Air,1860,196.0,73.7,86.72,0.59,-2.83,22.0,-8.4,37.7,12154,3267
MEM-PHL,MEM,PHL,Memphis,Philadelphia,Medium,OH,PSA Airlines,1859,875.0,146.1,81.17,2.15,7.19,39.0,-6.61,116.2,18665,14508
JAX-STL,JAX,STL,Jacksonville,St. Louis,Medium,WN,Southwest Airlines,1858,753.0,131.6,81.75,1.02,4.6,32.0,-7.54,108.3,7058,12791
BOS-AUS,BOS,AUS,Boston,Austin,Large,B6,JetBlue Airways,1857,1698.0,271.5,74.31,0.97,5.04,49.0,-6.0,238.5,22546,4596
ATL-PHL,ATL,PHL,Atlanta,Philadelphia,Large,NK,Spirit Airlines,1857,666.0,120.4,71.94,1.88,11.95,51.0,-3.89,92.6,20027,10434
STL-JAX,STL,JAX,St. Louis,Jacksonville,Medium,WN,Southwest Airlines,1857,753.0,117.2,77.65,1.02,5.64,33.0,-5.03,96.1,8446,9966
MIA-EWR,MIA,EWR,Miami,Newark,Large,B6,JetBlue Airways,1857,1085.0,181.0,58.91,2.32,26.15,91.8,0.16,148.5,31130,23610
AUS-BOS,AUS,BOS,Austin,Boston,Large,B6,JetBlue Airways,1857,1698.0,236.9,65.32,1.62,22.37,76.0,-4.92,206.5,29792,21365
LGA-IND,LGA,IND,New York,Indianapolis,Large,9E,Endeavor Air,1856,660.0,144.1,80.5,3.02,-1.21,35.0,-10.24,100.8,12535,10840
MSP-BIL,MSP,BIL,Minneapolis,Billings,Large,DL,Delta Air Lines,1854,748.0,134.7,79.72,1.24,2.51,40.0,-8.46,106.7,17168,5468
BIL-MSP,BIL,MSP,Billings,Minneapolis,Small,DL,Delta Air Lines,1853,748.0,122.5,86.83,1.3,3.9,20.0,-3.27,96.9,20763,2975
SAN-SLC,SAN,SLC,San Diego,Salt Lake City,Large,WN,Southwest Airlines,1853,626.0,114.9,76.31,0.65,7.08,35.0,-4.65,87.3,8831,11315
PVD-DTW,PVD,DTW,Providence,Detroit,Small,OO,SkyWest Airlines,1853,615.0,128.9,79.22,1.62,14.06,56.3,-5.22,97.0,39031,0
DTW-PVD,DTW,PVD,Detroit,Providence,Large,OO,SkyWest Airlines,1853,615.0,111.0,77.44,1.35,12.38,57.0,-3.71,82.6,32878,0
ATL-MGM,ATL,MGM,Atlanta,MONTGOMERY,Large,OO,SkyWest Airlines,1852,147.0,60.4,77.75,0.65,16.23,61.0,-5.3,32.9,42661,0
SLC-SAN,SLC,SAN,Salt Lake City,San Diego,Large,WN,Southwest Airlines,1852,626.0,113.4,75.7,0.7,7.86,39.0,-5.92,89.8,9790,12815
OAK-HNL,OAK,HNL,Oakland,Honolulu,Medium,HA,Hawaiian Airlines,1852,2409.0,332.7,77.11,2.7,12.3,33.0,-2.83,308.0,33733,134
MGM-ATL,MGM,ATL,MONTGOMERY,Atlanta,Non-hub,OO,SkyWest Airlines,1852,147.0,65.6,76.94,0.65,14.82,65.0,-5.83,31.5,41148,0
ORD-SYR,ORD,SYR,Chicago,Syracuse,Large,YX,Republic Airways,1852,607.0,114.5,78.24,2.38,6.04,42.3,-1.85,80.8,12269,11128
ORD-CLE,ORD,CLE,Chicago,Cleveland,Large,YX,Republic Airways,1851,315.0,86.6,82.33,2.16,0.56,28.0,-4.92,49.8,8020,8200
EWR-MIA,EWR,MIA,Newark,Miami,Large,B6,JetBlue Airways,1851,1085.0,190.0,66.94,2.11,16.58,80.0,-7.43,151.4,35923,10553
HOU-OMA,HOU,OMA,Houston,Omaha,Medium,WN,Southwest Airlines,1850,804.0,130.0,80.22,1.3,4.88,34.0,-6.27,107.6,10267,9103
PHL-ATL,PHL,ATL,Philadelphia,Atlanta,Large,NK,Spirit Airlines,1850,666.0,138.3,75.35,1.78,5.94,46.4,-6.88,100.3,18903,7772
HNL-OAK,HNL,OAK,Honolulu,Oakland,Medium,HA,Hawaiian Airlines,1850,2409.0,314.9,76.38,2.05,4.82,32.0,-5.97,282.7,14859,3145
SAT-LAX,SAT,LAX,San Antonio,Los Angeles,Medium,WN,Southwest Airlines,1849,1211.0,192.5,80.48,0.32,3.88,30.0,-7.48,165.8,6188,11532
MCI-DFW,MCI,DFW,Kansas City,Dallas-Fort Worth,Medium,MQ,Envoy Air,1849,460.0,109.4,81.07,2.54,2.08,32.0,-5.51,75.8,13023,8462
AUS-RDU,AUS,RDU,Austin,Raleigh-durham,Large,WN,Southwest Airlines,1849,1162.0,165.1,71.98,0.97,10.67,47.0,-5.17,143.6,10121,15224
LIH-LAX,LIH,LAX,Lihue,Los Angeles,Small,UA,United Airlines,1848,2615.0,335.5,91.02,0.54,-5.27,11.0,-7.48,304.8,6972,5230
SFO-LAX,SFO,LAX,San Francisco,Los Angeles,Large,AS,Alaska Airlines,1848,337.0,95.0,79.82,1.89,1.07,29.0,-5.11,55.5,11161,5624
LAX-LIH,LAX,LIH,Los Angeles,Lihue,Large,UA,United Airlines,1848,2615.0,364.7,89.12,0.16,-5.6,16.0,-8.58,328.9,6692,3834
RDU-AUS,RDU,AUS,Raleigh-durham,Austin,Medium,WN,Southwest Airlines,1847,1162.0,189.0,80.62,0.65,2.08,30.0,-6.63,165.3,7538,8548
DFW-MCI,DFW,MCI,Dallas-Fort Worth,Kansas City,Large,MQ,Envoy Air,1847,460.0,102.0,84.79,2.38,-2.23,21.0,-6.58,70.3,7470,4583
PHL-MKE,PHL,MKE,Philadelphia,Milwaukee,Large,OH,PSA Airlines,1846,690.0,141.3,82.18,1.35,2.69,38.0,-6.88,106.6,14559,11027
MKE-PHL,MKE,PHL,Milwaukee,Philadelphia,Medium,OH,PSA Airlines,1846,690.0,123.0,83.21,2.17,1.85,31.8,-5.47,93.9,13004,12273
SDF-DEN,SDF,DEN,Louisville,Denver,Medium,WN,Southwest Airlines,1846,1024.0,174.9,79.58,1.63,3.13,34.0,-6.17,148.9,10856,8536
FLL-PVD,FLL,PVD,Fort Lauderdale,Providence,Large,B6,JetBlue Airways,1845,1188.0,180.7,67.48,1.57,14.73,66.6,-3.94,153.1,23937,13725
LAX-SAT,LAX,SAT,Los Angeles,San Antonio,Large,WN,Southwest Airlines,1845,1211.0,167.3,72.57,0.6,9.16,39.1,-4.26,144.4,9553,12754
PVD-FLL,PVD,FLL,Providence,Fort Lauderdale,Small,B6,JetBlue Airways,1845,1188.0,194.6,72.36,1.57,8.42,62.0,-5.49,167.6,18078,15844
MSN-DTW,MSN,DTW,Madison,Detroit,Small,DL,Delta Air Lines,1845,311.0,77.8,90.41,0.54,-2.28,10.0,-6.4,50.1,11683,6442
MEM-DEN,MEM,DEN,Memphis,Denver,Medium,WN,Southwest Airlines,1844,872.0,152.6,76.19,2.11,6.57,42.0,-6.99,126.6,10476,11810
MSP-IAH,MSP,IAH,Minneapolis,Houston,Large,OO,SkyWest Airlines,1844,1034.0,183.0,78.09,1.08,4.56,40.0,-6.11,148.3,21826,708
DTW-FWA,DTW,FWA,Detroit,Fort Wayne,Large,OO,SkyWest Airlines,1843,128.0,58.8,79.82,0.81,8.8,58.0,-7.11,28.5,32595,0
CID-DFW,CID,DFW,Cedar Rapids,Dallas-Fort Worth,Small,MQ,Envoy Air,1843,685.0,139.0,81.82,2.6,0.94,31.2,-6.85,104.8,11982,7677
FWA-DTW,FWA,DTW,Fort Wayne,Detroit,Small,OO,SkyWest Airlines,1843,128.0,59.9,84.26,0.76,3.94,36.0,-4.42,29.7,24154,0
DTW-MSN,DTW,MSN,Detroit,Madison,Large,DL,Delta Air Lines,1843,311.0,77.0,83.4,0.49,2.81,36.0,-6.13,52.2,14693,5133
HSV-ATL,HSV,ATL,Huntsville,Atlanta,Small,9E,Endeavor Air,1842,151.0,61.8,89.09,0.65,-3.75,16.0,-7.76,31.8,8724,5503
SYR-EWR,SYR,EWR,Syracuse,Newark,Small,YX,Republic Airways,1842,195.0,87.6,77.36,4.51,-2.73,40.0,-6.2,42.2,17491,4337
DFW-FSD,DFW,FSD,Dallas-Fort Worth,Sioux Falls,Large,AA,American Airlines,1841,737.0,130.8,61.6,1.63,30.01,107.0,-4.1,100.8,27098,34836
MHK-DFW,MHK,DFW,Manhattan,Dallas-Fort Worth,Non-hub,OO,SkyWest Airlines,1841,431.0,99.1,80.88,2.66,7.57,47.6,-5.8,67.8,20550,11931
ATL-HSV,ATL,HSV,Atlanta,Huntsville,Large,9E,Endeavor Air,1841,151.0,60.8,90.6,0.65,-5.26,11.0,-7.08,34.2,5479,3021
DFW-MHK,DFW,MHK,Dallas-Fort Worth,Manhattan,Large,OO,SkyWest Airlines,1841,431.0,96.4,78.65,2.61,5.55,38.8,-3.37,65.6,12051,10677
DFW-CID,DFW,CID,Dallas-Fort Worth,Cedar Rapids,Large,MQ,Envoy Air,1841,685.0,126.4,84.46,2.28,-0.79,25.9,-6.86,94.1,7554,6989
OMA-HOU,OMA,HOU,Omaha,Houston,Medium,WN,Southwest Airlines,1840,804.0,139.6,83.48,1.68,-0.24,25.0,-8.16,115.5,6722,8032
FSD-DFW,FSD,DFW,Sioux Falls,Dallas-Fort Worth,Small,AA,American Airlines,1840,737.0,140.7,72.34,1.74,18.02,69.7,-7.79,104.9,22463,23436
MSY-PHL,MSY,PHL,New Orleans,Philadelphia,Medium,AA,American Airlines,1838,1089.0,167.6,75.84,0.92,18.12,52.5,-4.51,141.0,22108,22410
MSY-SFO,MSY,SFO,New Orleans,San Francisco,Medium,UA,United Airlines,1838,1911.0,288.5,77.75,0.92,7.95,49.0,-7.84,259.0,20705,9625
SFO-MSY,SFO,MSY,San Francisco,New Orleans,Large,UA,United Airlines,1838,1911.0,255.4,81.34,0.76,1.69,33.0,-9.47,219.7,10846,9355
PHX-LIH,PHX,LIH,Phoenix,Lihue,Large,AA,American Airlines,1837,2979.0,410.8,83.72,0.22,-2.2,27.0,-6.79,376.7,8425,7652
LIH-PHX,LIH,PHX,Lihue,Phoenix,Small,AA,American Airlines,1837,2979.0,362.6,92.32,0.44,1.55,9.0,-8.24,334.5,22891,8964
PHL-MSY,PHL,MSY,Philadelphia,New Orleans,Large,AA,American Airlines,1837,1089.0,185.4,78.93,0.76,5.67,41.0,-5.19,153.6,14816,12078
MCO-MEM,MCO,MEM,Orlando,Memphis,Large,WN,Southwest Airlines,1834,684.0,129.3,72.79,1.74,11.97,55.2,-4.87,103.3,15164,13736
SLC-MIA,SLC,MIA,Salt Lake City,Miami,Large,DL,Delta Air Lines,1834,2088.0,274.5,82.82,0.76,1.06,27.0,-6.89,240.0,12673,3649
MIA-SLC,MIA,SLC,Miami,Salt Lake City,Large,DL,Delta Air Lines,1833,2088.0,316.5,80.2,0.82,6.13,35.0,-9.14,277.6,23591,5908
DEN-HYS,DEN,HYS,Denver,Hays,Large,OO,SkyWest Airlines,1833,298.0,73.2,77.63,2.45,11.65,51.0,-4.38,46.1,25070,12281
MEM-MCO,MEM,MCO,Memphis,Orlando,Medium,WN,Southwest Airlines,1833,684.0,118.9,77.41,1.58,8.33,43.0,-5.72,92.7,13204,12985
SEA-OGG,SEA,OGG,Seattle,Kahului,Large,HA,Hawaiian Airlines,1832,2640.0,371.3,78.11,1.8,9.55,31.0,-3.32,336.1,24535,1553
TPA-ISP,TPA,ISP,Tampa,Islip,Large,F9,Frontier Airlines,1832,1034.0,165.5,78.98,2.46,4.45,42.0,-4.33,136.6,13095,10243
SAT-TPA,SAT,TPA,San Antonio,Tampa,Medium,WN,Southwest Airlines,1832,972.0,141.6,78.82,1.97,5.77,35.0,-4.6,121.6,9072,11129
SDF-ORD,SDF,ORD,Louisville,Chicago,Medium,OO,SkyWest Airlines,1831,286.0,98.0,75.48,1.97,14.64,57.0,-2.96,59.0,23929,16500
EWR-SYR,EWR,SYR,Newark,Syracuse,Large,YX,Republic Airways,1831,195.0,79.3,78.48,6.17,-0.47,32.0,-6.55,40.3,9778,7568
MCO-ORD,MCO,ORD,Orlando,Chicago,Large,F9,Frontier Airlines,1831,1005.0,188.4,68.38,1.47,15.12,74.0,-5.81,146.9,23651,16973
FLL-ALB,FLL,ALB,Fort Lauderdale,Albany,Large,B6,JetBlue Airways,1830,1204.0,183.7,64.15,1.37,20.04,85.0,-4.48,156.2,32187,14394
LAS-AMA,LAS,AMA,Las Vegas,Amarillo,Large,WN,Southwest Airlines,1829,758.0,121.2,79.28,0.71,3.74,32.0,-6.76,93.2,9008,8269
ISP-TPA,ISP,TPA,Islip,Tampa,Small,F9,Frontier Airlines,1829,1034.0,184.8,68.07,3.39,16.03,73.0,-5.19,156.4,19965,24884
LGB-HNL,LGB,HNL,Long Beach,Honolulu,Small,WN,Southwest Airlines,1829,2569.0,355.8,83.27,0.44,-3.17,24.0,-10.18,327.9,10590,3847
HNL-LGB,HNL,LGB,Honolulu,Long Beach,Medium,WN,Southwest Airlines,1828,2569.0,325.5,85.45,0.33,-4.15,21.0,-10.27,293.3,5673,3454
AVL-LGA,AVL,LGA,Asheville,New York,Small,9E,Endeavor Air,1828,599.0,117.7,76.91,3.99,10.19,50.0,-7.32,85.4,22532,14123
AMA-LAS,AMA,LAS,Amarillo,Las Vegas,Small,WN,Southwest Airlines,1828,758.0,133.2,77.68,1.09,5.43,39.0,-6.49,108.4,11094,12714
HNL-SMF,HNL,SMF,Honolulu,Sacramento,Medium,HA,Hawaiian Airlines,1828,2462.0,312.4,70.3,0.16,10.56,37.1,-3.23,283.1,19543,3973
FLL-SLC,FLL,SLC,Fort Lauderdale,Salt Lake City,Large,DL,Delta Air Lines,1828,2084.0,313.6,86.43,0.71,-0.06,22.0,-10.01,277.9,13883,6104
DCA-STL,DCA,STL,Washington,St. Louis,Large,YX,Republic Airways,1828,719.0,149.1,84.96,2.13,-2.82,21.0,-5.43,115.0,7566,4681
SMF-HNL,SMF,HNL,Sacramento,Honolulu,Medium,HA,Hawaiian Airlines,1828,2462.0,340.5,69.47,0.49,19.43,47.0,-0.95,314.2,41094,214
LGA-AVL,LGA,AVL,New York,Asheville,Large,9E,Endeavor Air,1828,599.0,137.2,81.24,3.67,-5.19,31.0,-10.9,92.6,11294,6739
SAN-BOS,SAN,BOS,San Diego,Boston,Large,AS,Alaska Airlines,1827,2588.0,341.5,73.45,0.82,5.39,44.1,-5.27,298.0,19938,5164
ALB-FLL,ALB,FLL,Albany,Fort Lauderdale,Small,B6,JetBlue Airways,1827,1204.0,196.6,69.95,1.64,13.5,73.0,-6.45,168.8,21662,19801
OGG-SEA,OGG,SEA,Kahului,Seattle,Medium,HA,Hawaiian Airlines,1827,2640.0,329.4,62.78,0.82,17.28,44.9,-0.49,308.6,23644,10590
STL-DCA,STL,DCA,St. Louis,Washington,Medium,YX,Republic Airways,1827,719.0,125.5,85.82,2.08,-1.58,18.8,-2.7,99.3,7660,5319
SLC-FLL,SLC,FLL,Salt Lake City,Fort Lauderdale,Large,DL,Delta Air Lines,1827,2084.0,274.7,84.73,0.71,-1.46,22.0,-6.43,242.4,9460,2977
HNL-SMF,HNL,SMF,Honolulu,Sacramento,Medium,WN,Southwest Airlines,1827,2462.0,315.1,82.87,0.11,0.31,24.7,-8.9,284.4,7104,6576
BOS-SAN,BOS,SAN,Boston,San Diego,Large,AS,Alaska Airlines,1826,2588.0,386.0,73.27,1.1,2.57,45.7,-7.2,344.5,13141,12487
SLC-MEM,SLC,MEM,Salt Lake City,Memphis,Large,DL,Delta Air Lines,1826,1262.0,177.5,84.88,1.15,0.1,26.6,-5.99,150.5,11770,3510
SMF-HNL,SMF,HNL,Sacramento,Honolulu,Medium,WN,Southwest Airlines,1826,2462.0,342.0,86.91,0.16,-6.3,19.0,-11.74,312.7,8300,1894
SMF-CLT,SMF,CLT,Sacramento,Charlotte,Medium,AA,American Airlines,1826,2244.0,285.8,83.3,1.86,4.0,25.5,-9.91,254.7,18507,8768
HNL-GUM,HNL,GUM,Honolulu,Agana,Medium,UA,United Airlines,1826,3801.0,466.4,82.75,0.99,-0.69,26.0,-12.31,429.9,7658,6608
GUM-HNL,GUM,HNL,Agana,Honolulu,Non-hub,UA,United Airlines,1826,3801.0,433.9,89.43,1.26,-3.75,13.0,-9.99,402.3,10304,3311
MEM-SLC,MEM,SLC,Memphis,Salt Lake City,Medium,DL,Delta Air Lines,1826,1262.0,208.8,90.2,1.1,-4.29,11.0,-10.05,176.8,15091,1449
CLT-SMF,CLT,SMF,Charlotte,Sacramento,Large,AA,American Airlines,1826,2244.0,327.2,67.14,1.7,15.25,66.2,-7.84,295.5,22546,16039
CLT-AVL,CLT,AVL,Charlotte,Asheville,Large,AA,American Airlines,1824,91.0,49.8,67.38,1.64,26.21,77.5,-1.28,24.4,30392,23249
DCA-DEN,DCA,DEN,Washington,Denver,Large,UA,United Airlines,1823,1476.0,246.3,74.6,0.55,15.72,65.0,-5.21,210.2,23843,16741
AVL-CLT,AVL,CLT,Asheville,Charlotte,Small,AA,American Airlines,1823,91.0,62.0,70.38,1.76,18.2,55.0,-3.58,27.0,24269,18759
CIU-MSP,CIU,MSP,Sault Ste Marie,Minneapolis,Non-hub,OO,SkyWest Airlines,1823,435.0,111.1,82.78,1.59,8.58,52.0,-12.26,72.2,42436,0
MSP-CIU,MSP,CIU,Minneapolis,Sault Ste Marie,Large,OO,SkyWest Airlines,1822,435.0,91.4,82.27,0.88,3.33,30.0,-5.17,62.9,21374,0
DEN-DCA,DEN,DCA,Denver,Washington,Large,UA,United Airlines,1822,1476.0,200.1,82.11,0.55,2.94,30.0,-6.02,170.6,10987,6889
SLC-DCA,SLC,DCA,Salt Lake City,Washington,Large,DL,Delta Air Lines,1822,1851.0,247.2,81.45,1.15,1.24,24.0,-5.31,215.7,14359,1798
DCA-SLC,DCA,SLC,Washington,Salt Lake City,Large,DL,Delta Air Lines,1822,1851.0,291.2,78.7,1.15,10.77,39.0,-7.9,256.2,22081,12946
DSM-ORD,DSM,ORD,Des Moines,Chicago,Small,YX,Republic Airways,1821,299.0,91.8,81.0,2.09,4.25,35.0,-0.54,54.8,15455,5806
STL-DEN,STL,DEN,St. Louis,Denver,Medium,F9,Frontier Airlines,1821,770.0,148.6,74.03,1.92,13.21,55.5,-3.56,115.2,21598,16549
SLC-SMF,SLC,SMF,Salt Lake City,Sacramento,Large,WN,Southwest Airlines,1821,532.0,104.0,76.66,0.82,7.24,37.0,-6.78,79.3,7317,14407
IAH-MKE,IAH,MKE,Houston,Milwaukee,Large,OO,SkyWest Airlines,1821,984.0,163.4,76.99,1.37,10.62,46.0,-3.13,131.6,15799,11934
DCA-LAX,DCA,LAX,Washington,Los Angeles,Large,DL,Delta Air Lines,1821,2311.0,349.2,78.2,1.26,10.45,46.7,-11.77,306.6,31754,9717
DEN-STL,DEN,STL,Denver,St. Louis,Large,F9,Frontier Airlines,1821,770.0,127.5,80.34,1.15,3.44,36.0,-4.73,95.6,11135,9963
LAX-DCA,LAX,DCA,Los Angeles,Washington,Large,DL,Delta Air Lines,1821,2311.0,300.2,86.44,1.21,-6.87,18.0,-12.49,264.1,13412,944
SMF-SLC,SMF,SLC,Sacramento,Salt Lake City,Medium,WN,Southwest Airlines,1821,532.0,96.0,83.03,0.88,2.61,26.0,-4.98,73.7,5596,6594
ORD-DSM,ORD,DSM,Chicago,Des Moines,Large,YX,Republic Airways,1820,299.0,88.9,80.0,2.31,3.47,37.5,-3.25,53.0,12361,8612
OGG-SMF,OGG,SMF,Kahului,Sacramento,Medium,HA,Hawaiian Airlines,1819,2404.0,307.3,79.44,0.33,3.8,30.0,-8.18,281.3,10572,6547
BOS-PHX,BOS,PHX,Boston,Phoenix,Large,B6,JetBlue Airways,1819,2300.0,353.1,68.39,0.99,8.95,72.0,-9.93,313.2,26085,10036
SMF-OGG,SMF,OGG,Sacramento,Kahului,Medium,HA,Hawaiian Airlines,1819,2404.0,330.6,85.32,0.66,1.22,20.0,-4.93,306.3,15619,0
LAX-DCA,LAX,DCA,Los Angeles,Washington,Large,AS,Alaska Airlines,1819,2311.0,297.4,72.84,0.93,7.4,46.0,-2.77,268.0,17360,8964
MKE-IAH,MKE,IAH,Milwaukee,Houston,Medium,OO,SkyWest Airlines,1819,984.0,182.4,78.23,1.37,5.83,45.0,-5.39,149.6,20543,7205
PHX-BOS,PHX,BOS,Phoenix,Boston,Large,B6,JetBlue Airways,1818,2300.0,288.3,66.72,1.49,23.24,83.4,-7.37,259.9,26698,27930
STL-PHL,STL,PHL,St. Louis,Philadelphia,Medium,AA,American Airlines,1818,814.0,131.7,79.04,2.2,18.95,45.0,-1.46,108.4,24502,21097
DTW-ORF,DTW,ORF,Detroit,Norfolk,Large,9E,Endeavor Air,1818,529.0,107.0,86.58,0.66,1.65,20.9,-4.03,78.5,14730,2844
MSP-MSN,MSP,MSN,Minneapolis,Madison,Large,DL,Delta Air Lines,1818,228.0,62.1,79.54,0.44,5.37,40.0,-4.28,38.4,15944,6826
ORF-DTW,ORF,DTW,Norfolk,Detroit,Medium,9E,Endeavor Air,1818,529.0,117.4,87.51,0.72,2.26,20.9,-7.0,86.9,10906,11149
CVG-MSP,CVG,MSP,Cincinnati,Minneapolis,Medium,DL,Delta Air Lines,1818,596.0,122.0,83.99,0.99,2.91,33.0,-8.11,93.6,16742,9526
DCA-LAX,DCA,LAX,Washington,Los Angeles,Large,AS,Alaska Airlines,1817,2311.0,346.9,78.81,1.16,-0.3,30.0,-7.78,306.5,15843,2932
TPA-SLC,TPA,SLC,Tampa,Salt Lake City,Large,DL,Delta Air Lines,1817,1888.0,289.0,87.62,1.38,-4.33,17.0,-11.16,255.3,8542,5426
FLL-IND,FLL,IND,Fort Lauderdale,Indianapolis,Large,NK,Spirit Airlines,1817,1005.0,166.4,70.67,1.82,12.14,59.8,-4.75,138.7,22681,8540
DFW-HOU,DFW,HOU,Dallas-Fort Worth,Houston,Large,OO,SkyWest Airlines,1817,247.0,80.3,75.23,2.7,8.13,55.0,-2.12,48.1,22435,4607
MSN-MSP,MSN,MSP,Madison,Minneapolis,Small,DL,Delta Air Lines,1817,228.0,71.6,92.9,0.55,-4.33,5.0,-7.26,44.4,11327,3036
PHL-STL,PHL,STL,Philadelphia,St. Louis,Large,AA,American Airlines,1817,814.0,154.4,70.72,2.04,14.48,67.0,-4.87,116.9,21093,18190
HOU-DFW,HOU,DFW,Houston,Dallas-Fort Worth,Medium,OO,SkyWest Airlines,1817,247.0,81.9,72.04,3.08,13.17,67.0,-2.22,48.6,28286,8881
MSP-CVG,MSP,CVG,Minneapolis,Cincinnati,Large,DL,Delta Air Lines,1817,596.0,108.0,77.55,0.94,5.75,41.1,-3.65,80.3,17640,5517
IND-FLL,IND,FLL,Indianapolis,Fort Lauderdale,Medium,NK,Spirit Airlines,1816,1005.0,160.2,71.48,2.53,14.37,62.0,-4.03,133.2,23069,13099
SLC-TPA,SLC,TPA,Salt Lake City,Tampa,Large,DL,Delta Air Lines,1816,1888.0,247.9,85.79,1.32,-1.84,19.0,-4.45,220.1,9192,2161
DEN-BHM,DEN,BHM,Denver,Birmingham,Large,WN,Southwest Airlines,1816,1083.0,151.3,61.18,1.82,18.57,68.0,-5.4,127.8,18250,18847
ATL-FLL,ATL,FLL,Atlanta,Fort Lauderdale,Large,F9,Frontier Airlines,1815,581.0,119.6,58.13,2.7,28.02,99.0,-4.3,86.1,28869,28955
TPA-BDL,TPA,BDL,Tampa,Windsor Locks,Large,WN,Southwest Airlines,1814,1111.0,164.8,81.42,1.6,4.68,29.0,-4.82,142.0,8895,6790
SNA-DAL,SNA,DAL,Santa Ana,Dallas,Medium,WN,Southwest Airlines,1814,1216.0,176.0,73.43,1.65,7.11,39.0,-6.81,151.6,11656,9257
DAL-SNA,DAL,SNA,Dallas,Santa Ana,Large,WN,Southwest Airlines,1814,1216.0,196.0,74.2,1.43,7.98,38.7,-7.26,170.7,11176,10959
CLT-GSP,CLT,GSP,Charlotte,Greenville,Large,AA,American Airlines,1813,75.0,46.7,68.84,1.32,22.24,75.0,-3.17,20.1,21197,25878
BRW-ANC,BRW,ANC,Barrow,Anchorage,Non-hub,AS,Alaska Airlines,1813,725.0,109.4,62.71,4.69,15.67,53.0,1.21,96.1,12529,18142
HNL-SAN,HNL,SAN,Honolulu,San Diego,Medium,AS,Alaska Airlines,1813,2614.0,337.7,77.33,2.15,4.66,34.0,-4.77,303.0,8709,12753
GSP-CLT,GSP,CLT,Greenville,Charlotte,Small,AA,American Airlines,1813,75.0,59.6,71.59,1.38,14.93,60.0,-3.67,25.8,16205,21790
FLL-ATL,FLL,ATL,Fort Lauderdale,Atlanta,Large,F9,Frontier Airlines,1812,581.0,126.1,56.57,3.48,30.23,105.0,-0.25,86.3,29329,32208
BDL-TPA,BDL,TPA,Windsor Locks,Tampa,Medium,WN,Southwest Airlines,1812,1111.0,182.9,70.92,1.6,10.97,47.0,-5.51,160.4,15617,12212
PRC-LAX,PRC,LAX,Prescott,Los Angeles,Non-hub,OO,SkyWest Airlines,1811,346.0,89.1,75.1,0.99,19.5,65.0,-2.49,57.9,29338,18544
CVG-SFB,CVG,SFB,Cincinnati,Sanford,Medium,G4,Allegiant Air,1811,735.0,122.0,70.35,1.44,20.67,71.0,0.27,101.5,31345,13495
SFB-CVG,SFB,CVG,Sanford,Cincinnati,Small,G4,Allegiant Air,1811,735.0,127.4,63.78,1.55,24.53,87.0,-0.11,103.9,28228,23575
LAX-PRC,LAX,PRC,Los Angeles,Prescott,Large,OO,SkyWest Airlines,1811,346.0,81.8,81.34,1.05,21.07,50.0,-3.63,57.4,25749,25918
ATL-HNL,ATL,HNL,Atlanta,Honolulu,Large,DL,Delta Air Lines,1810,4502.0,588.7,77.79,0.44,3.36,34.0,-8.31,554.2,21367,307
CDV-YAK,CDV,YAK,Cordova,Yakutat,Non-hub,AS,Alaska Airlines,1810,213.0,52.9,81.93,1.55,-3.7,27.0,-0.02,36.9,3146,9762
HNL-PHX,HNL,PHX,Honolulu,Phoenix,Medium,HA,Hawaiian Airlines,1810,2917.0,356.2,75.52,0.06,9.76,36.7,-4.5,325.3,21733,4567
MCI-MSP,MCI,MSP,Kansas City,Minneapolis,Medium,OO,SkyWest Airlines,1810,393.0,89.2,83.04,1.6,5.29,31.0,-3.71,63.2,21943,0
CDV-ANC,CDV,ANC,Cordova,Anchorage,Non-hub,AS,Alaska Airlines,1810,160.0,52.2,77.18,3.87,2.42,35.2,0.92,35.5,6343,9999
YAK-CDV,YAK,CDV,Yakutat,Cordova,Non-hub,AS,Alaska Airlines,1810,213.0,53.5,79.17,4.31,-2.23,27.0,0.73,37.6,4005,9417
ANC-BRW,ANC,BRW,Anchorage,Barrow,Medium,AS,Alaska Airlines,1810,725.0,116.7,70.39,3.7,10.01,42.0,-0.72,97.0,13803,8583
PSG-JNU,PSG,JNU,Petersburg,Juneau,Non-hub,AS,Alaska Airlines,1810,123.0,43.4,83.87,2.43,-1.1,25.0,-0.2,27.9,3653,11995
WRG-KTN,WRG,KTN,Wrangell,Ketchikan,Non-hub,AS,Alaska Airlines,1810,82.0,36.2,83.26,2.1,-1.66,25.3,-0.92,22.5,4575,11238
JNU-YAK,JNU,YAK,Juneau,Yakutat,Small,AS,Alaska Airlines,1810,198.0,60.0,76.74,1.99,2.08,29.0,0.08,38.7,6488,9135
PSG-WRG,PSG,WRG,Petersburg,Wrangell,Non-hub,AS,Alaska Airlines,1810,31.0,25.6,80.94,2.32,0.51,31.0,-0.24,10.2,3984,12650
WRG-PSG,WRG,PSG,Wrangell,Petersburg,Non-hub,AS,Alaska Airlines,1810,31.0,24.3,81.77,1.66,0.59,28.4,-0.64,11.4,4356,12237
PHX-HNL,PHX,HNL,Phoenix,Honolulu,Large,HA,Hawaiian Airlines,1810,2917.0,401.7,82.27,0.06,8.3,26.0,-4.01,371.2,26709,958
JNU-PSG,JNU,PSG,Juneau,Petersburg,Small,AS,Alaska Airlines,1810,123.0,46.2,79.72,0.99,2.71,34.0,-0.98,27.3,8347,9479
YAK-JNU,YAK,JNU,Yakutat,Juneau,Non-hub,AS,Alaska Airlines,1810,198.0,51.3,80.5,3.87,-3.54,29.0,-0.6,35.3,5109,9109
KTN-WRG,KTN,WRG,Ketchikan,Wrangell,Non-hub,AS,Alaska Airlines,1809,82.0,43.7,78.61,1.16,3.01,33.0,-2.56,23.1,6246,12133
DEN-SLN,DEN,SLN,Denver,Salina,Large,OO,SkyWest Airlines,1809,383.0,84.8,75.79,1.82,12.19,51.8,-4.19,56.5,23970,12502
EUG-LAX,EUG,LAX,Eugene,Los Angeles,Small,OO,SkyWest Airlines,1809,748.0,137.0,83.64,1.0,4.57,27.0,-3.33,106.9,10140,8291
ANC-CDV,ANC,CDV,Anchorage,Cordova,Medium,AS,Alaska Airlines,1809,160.0,54.0,78.72,0.28,4.43,35.0,-0.5,33.6,9550,7770
LAX-EUG,LAX,EUG,Los Angeles,Eugene,Large,OO,SkyWest Airlines,1809,748.0,138.9,84.25,0.55,1.14,25.0,-3.54,109.7,7470,7133
SAN-HNL,SAN,HNL,San Diego,Honolulu,Large,AS,Alaska Airlines,1808,2614.0,377.7,74.12,1.27,4.22,42.0,-5.79,335.2,16096,5274
BUR-AUS,BUR,AUS,Burbank,Austin,Medium,WN,Southwest Airlines,1808,1241.0,175.6,81.86,1.16,3.25,25.0,-3.53,150.6,7787,6644
MFE-LAS,MFE,LAS,Mcallen,Las Vegas,Small,G4,Allegiant Air,1808,1210.0,187.9,76.16,0.77,11.76,55.8,-3.35,165.6,18472,16018
AUS-BUR,AUS,BUR,Austin,Burbank,Large,WN,Southwest Airlines,1808,1241.0,195.7,72.12,0.72,9.27,38.0,-4.85,175.5,9583,12545
MSP-MCI,MSP,MCI,Minneapolis,Kansas City,Large,OO,SkyWest Airlines,1808,393.0,95.6,82.63,1.22,4.02,33.0,-6.47,64.2,20739,0
DAL-SEA,DAL,SEA,Dallas,Seattle,Large,AS,Alaska Airlines,1808,1670.0,261.5,73.67,2.32,4.21,40.0,-3.94,230.4,11860,9146
VEL-DEN,VEL,DEN,Vernal,Denver,Non-hub,OO,SkyWest Airlines,1807,259.0,75.5,79.63,4.43,9.46,44.0,-1.46,46.2,21130,10040
ORF-ORD,ORF,ORD,Norfolk,Chicago,Medium,YX,Republic Airways,1807,717.0,149.7,80.85,2.05,1.06,32.7,-6.25,111.8,14032,8707
DEN-VEL,DEN,VEL,Denver,Vernal,Large,OO,SkyWest Airlines,1807,259.0,70.1,79.86,3.76,3.62,35.0,-2.48,45.3,14992,4984
PHX-CLE,PHX,CLE,Phoenix,Cleveland,Large,F9,Frontier Airlines,1806,1737.0,236.9,77.41,1.27,7.65,47.3,-6.15,203.3,16690,11441
SEA-DAL,SEA,DAL,Seattle,Dallas,Large,AS,Alaska Airlines,1806,1670.0,235.7,75.03,1.77,4.87,37.0,-0.94,205.3,14355,3741
LAS-MFE,LAS,MFE,Las Vegas,Mcallen,Large,G4,Allegiant Air,1805,1210.0,177.3,79.94,0.55,5.04,33.1,-1.51,148.6,16185,4578
HNL-SJC,HNL,SJC,Honolulu,San Jose,Medium,HA,Hawaiian Airlines,1805,2417.0,316.5,76.68,0.33,4.75,32.0,-6.9,286.3,11660,6184
CLE-PHX,CLE,PHX,Cleveland,Phoenix,Medium,F9,Frontier Airlines,1805,1737.0,270.9,67.04,1.88,19.15,71.0,-7.23,237.9,23393,23769
BOI-SAN,BOI,SAN,Boise,San Diego,Medium,OO,SkyWest Airlines,1804,749.0,140.4,82.93,0.44,3.58,29.0,-0.15,116.1,10300,5829
DLH-MSP,DLH,MSP,Duluth,Minneapolis,Non-hub,9E,Endeavor Air,1804,144.0,65.1,87.47,0.44,-3.3,20.0,-7.58,34.1,7649,8741
LGA-STL,LGA,STL,New York,St. Louis,Large,AA,American Airlines,1803,888.0,171.2,73.49,3.55,8.88,66.0,-7.79,132.7,13602,22742
HNL-ATL,HNL,ATL,Honolulu,Atlanta,Medium,DL,Delta Air Lines,1803,4502.0,516.4,80.81,0.72,4.5,28.0,-7.55,481.4,10385,11475
STL-LGA,STL,LGA,St. Louis,New York,Medium,AA,American Airlines,1803,888.0,139.9,77.26,3.49,11.15,50.0,-2.84,116.5,21597,14025
SJC-HNL,SJC,HNL,San Jose,Honolulu,Medium,HA,Hawaiian Airlines,1802,2417.0,338.3,86.79,0.39,-1.45,19.0,-6.43,310.3,14899,785
MSP-DLH,MSP,DLH,Minneapolis,Duluth,Large,9E,Endeavor Air,1802,144.0,56.2,85.79,0.44,1.77,25.1,-4.14,29.8,13639,2966
BHM-DEN,BHM,DEN,Birmingham,Denver,Small,WN,Southwest Airlines,1801,1083.0,180.4,76.9,1.67,5.98,43.0,-6.83,155.0,9938,11704
SYR-ORD,SYR,ORD,Syracuse,Chicago,Small,YX,Republic Airways,1801,607.0,139.9,77.73,2.44,4.48,40.9,-3.17,99.4,14393,9677
MSP-BNA,MSP,BNA,Minneapolis,Nashville,Large,WN,Southwest Airlines,1800,695.0,120.2,81.11,1.17,2.14,28.0,-6.7,92.9,7903,8788
TPA-CVG,TPA,CVG,Tampa,Cincinnati,Large,DL,Delta Air Lines,1800,773.0,131.4,77.78,1.11,9.94,52.0,-4.16,106.2,14626,16740
BZN-ATL,BZN,ATL,Bozeman,Atlanta,Small,DL,Delta Air Lines,1799,1640.0,225.1,81.43,0.78,4.72,33.0,-8.27,192.8,19544,7346
ATL-BZN,ATL,BZN,Atlanta,Bozeman,Large,DL,Delta Air Lines,1799,1640.0,247.2,83.27,0.33,1.63,25.0,-3.41,222.6,11580,2337
IAD-JST,IAD,JST,Washington,Johnstown,Medium,OO,SkyWest Airlines,1799,120.0,61.3,79.93,2.83,10.74,51.8,-7.34,26.7,26723,12237
JST-IAD,JST,IAD,Johnstown,Washington,Non-hub,OO,SkyWest Airlines,1799,120.0,74.2,82.21,2.95,-2.93,42.5,-19.27,29.3,23918,13204
LGB-HNL,LGB,HNL,Long Beach,Honolulu,Small,HA,Hawaiian Airlines,1799,2569.0,356.7,85.33,0.83,-0.19,22.0,-6.19,328.9,15300,261
CVG-TPA,CVG,TPA,Cincinnati,Tampa,Medium,DL,Delta Air Lines,1799,773.0,127.1,81.43,0.89,6.1,39.0,-4.45,104.9,15201,8020
HNL-LGB,HNL,LGB,Honolulu,Long Beach,Medium,HA,Hawaiian Airlines,1799,2569.0,326.0,78.1,0.72,3.01,28.0,-5.98,296.2,10450,3535
BNA-MSP,BNA,MSP,Nashville,Minneapolis,Large,WN,Southwest Airlines,1798,695.0,128.4,79.87,0.89,4.29,33.0,-8.2,103.1,6775,11247
AUS-MCO,AUS,MCO,Austin,Orlando,Large,NK,Spirit Airlines,1797,994.0,155.7,69.23,3.06,16.41,60.0,-2.91,124.7,27663,9524
MCO-AUS,MCO,AUS,Orlando,Austin,Large,NK,Spirit Airlines,1797,994.0,173.5,71.51,2.5,12.18,56.0,-3.81,142.4,24766,5906
ACV-LAX,ACV,LAX,Arcata CA,Los Angeles,Non-hub,OO,SkyWest Airlines,1796,577.0,114.1,85.69,1.89,8.07,22.0,-3.37,86.5,21985,7433
AUS-FLL,AUS,FLL,Austin,Fort Lauderdale,Large,NK,Spirit Airlines,1796,1105.0,163.1,66.37,2.34,19.55,70.8,-2.45,134.3,25570,16896
CHS-IAD,CHS,IAD,Charleston,Washington,Medium,UA,United Airlines,1796,441.0,90.3,85.58,1.06,2.79,21.0,-3.16,65.3,9551,10150
LAX-ACV,LAX,ACV,Los Angeles,Arcata CA,Large,OO,SkyWest Airlines,1795,577.0,119.6,84.35,1.23,1.32,24.0,-3.13,89.1,11867,3692
TPA-SAT,TPA,SAT,Tampa,San Antonio,Large,WN,Southwest Airlines,1795,972.0,164.0,74.09,1.5,8.67,41.0,-5.16,141.8,10867,13230
JFK-SEA,JFK,SEA,New York,Seattle,Large,B6,JetBlue Airways,1794,2422.0,383.9,70.96,1.84,7.54,68.3,-12.28,329.7,31033,5640
SEA-JFK,SEA,JFK,Seattle,New York,Large,B6,JetBlue Airways,1794,2422.0,314.8,58.86,2.4,31.33,87.0,-6.73,280.4,40795,23918
FLL-AUS,FLL,AUS,Fort Lauderdale,Austin,Large,NK,Spirit Airlines,1793,1105.0,188.1,68.21,1.84,13.2,64.0,-4.74,156.1,27354,6779
ATL-EWR,ATL,EWR,Atlanta,Newark,Large,YX,Republic Airways,1793,746.0,141.2,76.41,4.74,7.36,40.9,-3.66,103.6,19882,7530
EWR-ATL,EWR,ATL,Newark,Atlanta,Large,YX,Republic Airways,1793,746.0,156.2,77.91,4.96,-1.13,35.0,-8.98,113.4,12149,5031
STL-MCO,STL,MCO,St. Louis,Orlando,Medium,F9,Frontier Airlines,1792,882.0,151.8,68.19,1.79,18.22,75.0,-6.56,115.8,22764,24905
MSN-PHX,MSN,PHX,Madison,Phoenix,Small,AA,American Airlines,1792,1396.0,226.1,79.69,0.5,13.82,52.0,-9.6,192.0,22577,19444
PHL-ATL,PHL,ATL,Philadelphia,Atlanta,Large,OH,PSA Airlines,1791,666.0,139.4,77.67,1.84,6.26,48.0,-5.95,103.0,13065,14493
DEN-CLT,DEN,CLT,Denver,Charlotte,Large,F9,Frontier Airlines,1791,1337.0,194.8,76.21,1.4,5.62,40.0,-5.06,158.9,12222,10439
MCO-STL,MCO,STL,Orlando,St. Louis,Large,F9,Frontier Airlines,1791,882.0,158.4,70.74,1.34,16.91,77.0,-4.81,126.8,25646,16236
PHX-MSN,PHX,MSN,Phoenix,Madison,Large,AA,American Airlines,1791,1396.0,197.1,77.95,0.28,8.49,49.0,-7.92,166.6,13042,18011
PGD-CVG,PGD,CVG,Punta Gorda,Cincinnati,Small,G4,Allegiant Air,1791,850.0,138.5,69.85,1.73,15.06,67.0,-0.58,116.4,17119,19742
ATL-PHL,ATL,PHL,Atlanta,Philadelphia,Large,OH,PSA Airlines,1791,666.0,127.2,77.78,2.23,8.08,48.0,-7.28,92.8,15434,18090
JAC-ORD,JAC,ORD,Jacksn Hole,Chicago,Small,UA,United Airlines,1790,1162.0,182.4,79.61,1.4,5.64,42.1,-7.19,144.5,14806,12818
CVG-PGD,CVG,PGD,Cincinnati,Punta Gorda,Medium,G4,Allegiant Air,1789,850.0,136.2,71.77,1.57,14.36,58.0,1.11,115.4,24239,10111
ORD-JAC,ORD,JAC,Chicago,Jacksn Hole,Large,UA,United Airlines,1789,1162.0,196.7,77.53,1.12,5.07,42.0,-5.7,161.7,11192,10731
SFO-IND,SFO,IND,San Francisco,Indianapolis,Large,UA,United Airlines,1789,1943.0,260.9,81.33,0.89,2.33,32.0,-7.59,223.2,9073,7942
CMH-ORD,CMH,ORD,Columbus,Chicago,Medium,OO,SkyWest Airlines,1788,296.0,92.5,74.94,2.35,13.77,69.0,-4.54,55.7,27600,10575
IND-SFO,IND,SFO,Indianapolis,San Francisco,Medium,UA,United Airlines,1788,1943.0,294.9,81.38,1.4,1.65,31.0,-10.44,261.7,14569,6407
CLT-DEN,CLT,DEN,Charlotte,Denver,Large,F9,Frontier Airlines,1787,1337.0,229.3,71.12,2.13,11.58,60.0,-7.26,189.2,20697,15070
RDU-AUS,RDU,AUS,Raleigh-durham,Austin,Medium,MQ,Envoy Air,1786,1162.0,200.8,80.8,1.68,-0.02,26.0,-3.33,169.1,9522,4957
SAN-BOI,SAN,BOI,San Diego,Boise,Large,OO,SkyWest Airlines,1786,749.0,137.3,79.45,0.73,6.19,35.0,-0.89,109.2,9648,9631
LAX-MSY,LAX,MSY,Los Angeles,New Orleans,Large,NK,Spirit Airlines,1785,1670.0,219.6,83.53,1.96,1.42,25.0,-7.33,192.6,10687,7730
IAH-DCA,IAH,DCA,Houston,Washington,Large,YV,Mesa Airlines,1785,1208.0,184.0,79.72,2.8,0.97,37.0,-8.76,152.5,17758,1079
DEN-KOA,DEN,KOA,Denver,Kona,Large,UA,United Airlines,1785,3329.0,444.6,79.33,0.56,3.69,36.0,-11.53,408.9,15734,9176
KOA-DEN,KOA,DEN,Kona,Denver,Small,UA,United Airlines,1785,3329.0,400.7,89.24,1.85,-5.95,11.0,-9.63,369.0,11743,5608
AUS-RDU,AUS,RDU,Austin,Raleigh-durham,Large,MQ,Envoy Air,1784,1162.0,171.1,77.69,1.51,6.53,44.0,-4.64,145.7,10178,12154
MSY-LAX,MSY,LAX,New Orleans,Los Angeles,Medium,NK,Spirit Airlines,1784,1670.0,256.7,81.05,1.68,3.24,34.0,-8.79,227.5,13343,6639
MSP-IMT,MSP,IMT,Minneapolis,Iron Mountain,Large,OO,SkyWest Airlines,1783,257.0,71.6,82.22,1.46,5.15,39.0,-6.15,43.1,26058,0
SEA-RDU,SEA,RDU,Seattle,Raleigh-durham,Large,DL,Delta Air Lines,1783,2354.0,299.8,83.17,1.51,-1.35,26.0,-8.62,265.7,12003,3065
DFW-ORD,DFW,ORD,Dallas-Fort Worth,Chicago,Large,NK,Spirit Airlines,1783,802.0,145.1,69.32,2.13,14.26,67.6,-4.18,107.9,27883,8229
IMT-MSP,IMT,MSP,Iron Mountain,Minneapolis,Non-hub,OO,SkyWest Airlines,1783,257.0,75.0,82.5,1.46,6.72,44.0,-5.7,48.6,32692,0
DTW-CIU,DTW,CIU,Detroit,Sault Ste Marie,Large,OO,SkyWest Airlines,1783,284.0,78.8,81.27,1.57,9.9,47.9,-8.09,49.7,34848,0
RDU-SEA,RDU,SEA,Raleigh-durham,Seattle,Medium,DL,Delta Air Lines,1782,2354.0,360.7,87.37,1.46,-6.3,18.0,-14.65,318.6,14718,1615
LAX-OAK,LAX,OAK,Los Angeles,Oakland,Large,NK,Spirit Airlines,1782,337.0,81.5,80.47,1.46,5.51,39.5,-4.73,54.6,12742,9274
CIU-DTW,CIU,DTW,Sault Ste Marie,Detroit,Non-hub,OO,SkyWest Airlines,1782,284.0,80.4,82.72,1.4,11.0,47.7,-6.06,47.7,36195,0
DCA-MSY,DCA,MSY,Washington,New Orleans,Large,OH,PSA Airlines,1781,969.0,177.8,72.38,3.54,6.28,54.0,-6.26,140.5,14760,12950
SPN-GUM,SPN,GUM,Saipan,Agana,Non-hub,UA,United Airlines,1781,129.0,43.2,93.49,0.56,-5.27,6.0,-1.41,27.1,3822,5967
MKE-CLT,MKE,CLT,Milwaukee,Charlotte,Medium,OH,PSA Airlines,1781,651.0,134.5,80.24,1.91,3.95,34.0,-4.25,96.1,11670,12099
JNU-KTN,JNU,KTN,Juneau,Ketchikan,Small,AS,Alaska Airlines,1781,234.0,60.9,84.9,2.98,-0.43,18.0,-0.84,40.7,14230,820
OGG-ITO,OGG,ITO,Kahului,Hilo,Medium,HA,Hawaiian Airlines,1781,121.0,38.5,80.24,0.34,7.02,30.0,0.43,25.3,3904,11518
CHS-LGA,CHS,LGA,Charleston,New York,Medium,YX,Republic Airways,1781,641.0,120.6,78.83,3.2,7.97,40.3,-4.31,89.9,21579,5865
ROC-EWR,ROC,EWR,Rochester,Newark,Small,YX,Republic Airways,1781,246.0,86.9,76.87,6.51,0.94,38.0,-5.87,49.2,14144,6600
OAK-LAX,OAK,LAX,Oakland,Los Angeles,Medium,NK,Spirit Airlines,1781,337.0,85.3,85.51,1.18,1.78,20.0,-3.88,56.2,11676,2404
GUM-SPN,GUM,SPN,Agana,Saipan,Non-hub,UA,United Airlines,1781,129.0,45.9,95.0,0.56,-7.14,3.0,-2.87,25.4,3072,2900
MIA-STL,MIA,STL,Miami,St. Louis,Large,WN,Southwest Airlines,1781,1068.0,173.9,66.87,1.18,15.43,61.0,-4.1,146.7,14612,19684
CID-MSP,CID,MSP,Cedar Rapids,Minneapolis,Small,9E,Endeavor Air,1781,220.0,76.8,87.59,0.56,-0.74,20.0,-6.47,44.6,9953,6551
KTN-JNU,KTN,JNU,Ketchikan,Juneau,Non-hub,AS,Alaska Airlines,1781,234.0,60.2,83.49,3.2,-5.73,22.0,-1.16,42.0,3217,9330
ATL-SGF,ATL,SGF,Atlanta,Springfield,Large,DL,Delta Air Lines,1780,563.0,109.6,84.1,0.62,1.49,28.0,-5.18,83.6,12219,3582
LAX-TUL,LAX,TUL,Los Angeles,Tulsa,Large,OO,SkyWest Airlines,1780,1283.0,188.1,88.71,0.34,-3.49,16.0,-6.03,159.9,7304,4395
LGA-CHS,LGA,CHS,New York,Charleston,Large,YX,Republic Airways,1780,641.0,138.6,75.28,3.37,6.31,50.0,-4.56,99.1,19462,8674
MSP-CID,MSP,CID,Minneapolis,Cedar Rapids,Large,9E,Endeavor Air,1780,220.0,72.4,86.57,0.56,-0.89,21.6,-5.99,38.9,12674,3247
SGF-ATL,SGF,ATL,Springfield,Atlanta,Small,DL,Delta Air Lines,1780,563.0,110.6,85.17,0.62,2.51,25.0,-9.82,78.4,15967,6348
DAL-CLT,DAL,CLT,Dallas,Charlotte,Large,WN,Southwest Airlines,1779,926.0,144.2,71.89,1.12,11.42,47.0,-6.34,115.9,14576,12312
GSP-DFW,GSP,DFW,Greenville,Dallas-Fort Worth,Small,MQ,Envoy Air,1779,862.0,167.3,79.93,2.02,3.99,32.0,-6.72,133.4,12344,9052
MSY-DCA,MSY,DCA,New Orleans,Washington,Medium,OH,PSA Airlines,1779,969.0,155.8,69.42,4.55,14.79,65.0,-3.57,125.7,18076,19800
AUS-PDX,AUS,PDX,Austin,Portland,Large,AS,Alaska Airlines,1779,1715.0,257.1,76.84,1.91,4.23,32.0,-4.36,229.1,8428,9479
CLT-MKE,CLT,MKE,Charlotte,Milwaukee,Large,OH,PSA Airlines,1779,651.0,134.1,82.18,1.57,1.0,29.0,-3.57,99.7,9170,5795
DFW-GSP,DFW,GSP,Dallas-Fort Worth,Greenville,Large,MQ,Envoy Air,1778,862.0,140.0,80.82,1.86,2.08,31.0,-3.0,111.7,10227,5024
CLT-DAL,CLT,DAL,Charlotte,Dallas,Large,WN,Southwest Airlines,1778,926.0,166.8,75.14,1.52,5.9,41.0,-8.25,135.5,10442,11027
JFK-BNA,JFK,BNA,New York,Nashville,Large,9E,Endeavor Air,1778,765.0,160.1,79.3,3.09,0.29,40.0,-8.75,114.6,15319,6968
TUL-LAX,TUL,LAX,Tulsa,Los Angeles,Small,OO,SkyWest Airlines,1778,1283.0,211.7,84.25,0.39,4.17,26.0,-5.08,182.1,17606,6116
ORD-DFW,ORD,DFW,Chicago,Dallas-Fort Worth,Large,NK,Spirit Airlines,1778,802.0,153.8,67.15,2.08,11.96,61.0,-5.73,117.0,25059,9455
DFW-BIS,DFW,BIS,Dallas-Fort Worth,Bismarck,Large,MQ,Envoy Air,1777,977.0,162.4,78.33,0.56,5.44,39.0,-3.87,135.9,11345,10010
BNA-JFK,BNA,JFK,Nashville,New York,Large,9E,Endeavor Air,1777,765.0,146.8,78.78,3.38,5.61,44.9,-5.5,114.0,15965,9376
LAS-LBB,LAS,LBB,Las Vegas,Lubbock,Large,WN,Southwest Airlines,1777,775.0,121.7,80.64,0.45,2.48,28.0,-6.54,95.0,8135,6316
DFW-SRQ,DFW,SRQ,Dallas-Fort Worth,Sarasota,Large,AA,American Airlines,1777,945.0,150.2,68.32,3.1,14.48,66.0,-3.24,123.5,18883,15381
LBB-LAS,LBB,LAS,Lubbock,Las Vegas,Small,WN,Southwest Airlines,1776,775.0,134.5,78.15,0.56,3.93,38.8,-6.71,110.5,9030,10771
PDX-AUS,PDX,AUS,Portland,Austin,Medium,AS,Alaska Airlines,1776,1715.0,232.1,76.8,1.46,7.16,36.0,0.91,205.6,12381,7169
BIS-DFW,BIS,DFW,Bismarck,Dallas-Fort Worth,Small,MQ,Envoy Air,1776,977.0,163.8,77.03,0.68,5.74,44.0,-4.65,133.1,15574,9511
ORD-ORF,ORD,ORF,Chicago,Norfolk,Large,YX,Republic Airways,1774,717.0,136.7,80.27,1.52,3.43,40.0,-4.46,100.8,10788,9411
MSP-GRB,MSP,GRB,Minneapolis,Green Bay,Large,9E,Endeavor Air,1773,252.0,70.3,87.99,0.34,-1.35,18.8,-4.61,42.9,11335,1987
GRB-MSP,GRB,MSP,Green Bay,Minneapolis,Small,9E,Endeavor Air,1772,252.0,79.4,92.78,0.34,-9.92,5.0,-10.04,47.4,5670,4642
STL-MIA,STL,MIA,St. Louis,Miami,Medium,WN,Southwest Airlines,1772,1068.0,162.1,74.15,1.58,8.57,42.0,-4.38,138.9,15008,7760
SRQ-DFW,SRQ,DFW,Sarasota,Dallas-Fort Worth,Small,AA,American Airlines,1772,945.0,175.0,63.54,3.22,26.93,88.0,-2.94,141.4,31113,26148
FSM-DFW,FSM,DFW,Fort Smith,Dallas-Fort Worth,Non-hub,OO,SkyWest Airlines,1771,227.0,74.0,75.55,4.35,13.81,46.8,-1.74,43.4,27954,9789
DFW-FSM,DFW,FSM,Dallas-Fort Worth,Fort Smith,Large,OO,SkyWest Airlines,1771,227.0,72.4,79.22,4.35,7.41,37.0,-5.32,40.7,18914,8437
PBI-ORD,PBI,ORD,West Palm Beach,Chicago,Medium,UA,United Airlines,1769,1144.0,200.4,74.73,1.13,11.64,49.0,-1.27,164.9,17543,14838
AUS-ORD,AUS,ORD,Austin,Chicago,Large,MQ,Envoy Air,1768,977.0,165.3,78.22,1.41,6.84,43.0,-6.62,132.2,13815,11977
ORD-AUS,ORD,AUS,Chicago,Austin,Large,MQ,Envoy Air,1768,977.0,177.6,76.87,1.3,0.44,35.0,-4.19,140.9,13044,4281
CLT-PDX,CLT,PDX,Charlotte,Portland,Large,AA,American Airlines,1768,2282.0,332.0,68.16,1.02,15.3,61.9,-7.2,301.5,23464,14594
ORD-PBI,ORD,PBI,Chicago,West Palm Beach,Large,UA,United Airlines,1768,1144.0,186.8,79.3,1.02,4.26,45.5,-4.46,153.2,16383,7030
DTW-MEM,DTW,MEM,Detroit,Memphis,Large,DL,Delta Air Lines,1768,610.0,119.7,82.69,0.68,2.17,34.6,-8.82,91.5,16166,6507
JFK-CLT,JFK,CLT,New York,Charlotte,Large,YX,Republic Airways,1768,541.0,134.1,81.5,2.04,-0.85,35.0,-8.75,88.4,15718,5111
JMS-DEN,JMS,DEN,Jamestown,Denver,Non-hub,OO,SkyWest Airlines,1767,573.0,118.6,78.32,5.15,10.25,58.0,-4.28,88.1,24783,11276
ITO-OGG,ITO,OGG,Hilo,Kahului,Small,HA,Hawaiian Airlines,1767,121.0,40.3,90.38,0.62,2.15,13.0,0.52,24.8,4881,3155
PDX-CLT,PDX,CLT,Portland,Charlotte,Medium,AA,American Airlines,1766,2282.0,293.6,84.48,1.13,5.07,25.0,-11.01,261.3,20366,8664
CLT-JFK,CLT,JFK,Charlotte,New York,Large,YX,Republic Airways,1766,541.0,127.6,77.86,3.23,5.88,42.0,-5.04,81.9,19719,5058
MEM-DTW,MEM,DTW,Memphis,Detroit,Medium,DL,Delta Air Lines,1766,610.0,113.2,90.26,0.85,-1.25,9.0,-6.85,84.7,13215,3808
STL-ORD,STL,ORD,St. Louis,Chicago,Medium,YX,Republic Airways,1765,258.0,85.9,81.36,1.98,5.01,34.0,-3.09,50.9,14685,9995
STL-PIT,STL,PIT,St. Louis,Pittsburgh,Medium,WN,Southwest Airlines,1765,554.0,93.9,80.96,0.4,5.33,32.8,-5.53,73.0,7729,9637
TPA-HPN,TPA,HPN,Tampa,White Plains,Large,B6,JetBlue Airways,1764,1032.0,169.2,68.65,2.15,16.94,77.0,-3.72,143.2,23338,17236
GEG-SJC,GEG,SJC,Spokane,San Jose,Medium,WN,Southwest Airlines,1764,742.0,128.4,83.96,0.68,1.34,25.0,-5.9,107.8,4389,7782
SNA-AUS,SNA,AUS,Santa Ana,Austin,Medium,WN,Southwest Airlines,1764,1209.0,168.2,76.93,0.91,7.47,36.0,-5.67,144.4,10050,8570
KOA-LAX,KOA,LAX,Kona,Los Angeles,Small,DL,Delta Air Lines,1764,2504.0,316.0,82.14,1.02,4.97,27.8,-5.45,286.1,15771,6883
AUS-SNA,AUS,SNA,Austin,Santa Ana,Large,WN,Southwest Airlines,1764,1209.0,190.1,66.72,1.13,12.48,46.1,-4.74,167.0,10842,14963
LAX-KOA,LAX,KOA,Los Angeles,Kona,Large,DL,Delta Air Lines,1764,2504.0,344.8,82.94,0.23,0.7,33.0,-12.42,312.4,16009,4461
ORD-BDL,ORD,BDL,Chicago,Windsor Locks,Large,YX,Republic Airways,1763,783.0,135.6,80.09,2.1,3.99,34.7,-3.96,101.1,11528,10395
SJU-DCA,SJU,DCA,San Juan,Washington,Medium,B6,JetBlue Airways,1763,1554.0,237.0,59.16,1.59,27.91,91.5,-3.85,211.0,32434,24284
DCA-SJU,DCA,SJU,Washington,San Juan,Large,B6,JetBlue Airways,1763,1554.0,229.2,74.82,1.76,8.76,51.0,-5.05,197.5,28962,2865
BDL-ORD,BDL,ORD,Windsor Locks,Chicago,Medium,YX,Republic Airways,1763,783.0,165.7,80.88,2.16,0.42,35.0,-5.14,126.6,13214,8004
FLL-TYS,FLL,TYS,Fort Lauderdale,Knoxville,Large,G4,Allegiant Air,1763,709.0,122.6,62.85,1.08,25.89,88.1,0.58,98.5,23798,27152
SLN-ORD,SLN,ORD,Salina,Chicago,Non-hub,OO,SkyWest Airlines,1763,559.0,116.4,78.05,2.33,14.24,58.0,-3.63,81.7,25926,14832
TYS-FLL,TYS,FLL,Knoxville,Fort Lauderdale,Small,G4,Allegiant Air,1762,709.0,123.5,67.08,1.25,17.26,79.0,-0.54,100.5,20446,19029
PBI-DTW,PBI,DTW,West Palm Beach,Detroit,Medium,DL,Delta Air Lines,1761,1086.0,177.1,74.05,1.08,13.27,58.0,-4.29,146.3,15670,17504
LAX-IAD,LAX,IAD,Los Angeles,Washington,Large,AS,Alaska Airlines,1761,2288.0,298.7,77.8,1.65,3.7,34.0,-3.68,265.5,11306,6761
DTW-PBI,DTW,PBI,Detroit,West Palm Beach,Large,DL,Delta Air Lines,1761,1086.0,176.4,78.25,1.08,7.63,43.0,-1.53,150.2,20359,2731
DEN-ATW,DEN,ATW,Denver,Appleton,Large,OO,SkyWest Airlines,1760,883.0,148.2,68.81,2.22,11.5,58.0,-2.75,115.7,21077,8674
HPN-TPA,HPN,TPA,White Plains,Tampa,Small,B6,JetBlue Airways,1760,1032.0,176.3,81.31,2.1,0.27,38.0,-8.09,147.7,13553,9000
IAH-LAX,IAH,LAX,Houston,Los Angeles,Large,OO,SkyWest Airlines,1760,1379.0,227.5,83.35,0.63,-0.79,29.0,-7.61,192.3,14501,4225
ATW-MSP,ATW,MSP,Appleton,Minneapolis,Small,9E,Endeavor Air,1760,236.0,78.3,88.35,0.45,-2.09,20.0,-7.71,46.0,10595,7126
DFW-LRD,DFW,LRD,Dallas-Fort Worth,Laredo,Large,OO,SkyWest Airlines,1759,396.0,91.5,78.79,2.79,7.88,39.0,-3.99,60.3,19066,7181
MSP-ATW,MSP,ATW,Minneapolis,Appleton,Large,9E,Endeavor Air,1759,236.0,70.1,85.33,0.4,1.97,23.0,-3.55,42.2,14014,3936
SEA-TPA,SEA,TPA,Seattle,Tampa,Large,DL,Delta Air Lines,1759,2520.0,325.9,81.58,1.42,-1.65,28.0,-10.05,289.0,14148,3091
MSY-TPA,MSY,TPA,New Orleans,Tampa,Medium,NK,Spirit Airlines,1759,488.0,92.2,79.42,3.52,6.74,40.7,-2.91,70.9,12935,8961
SLC-BWI,SLC,BWI,Salt Lake City,Baltimore,Large,DL,Delta Air Lines,1759,1865.0,247.1,82.49,0.97,0.1,26.0,-2.88,214.1,10307,2414
LAX-IAH,LAX,IAH,Los Angeles,Houston,Large,OO,SkyWest Airlines,1759,1379.0,201.7,85.28,0.51,-0.7,24.0,-5.11,171.5,9625,3776
IAH-JFK,IAH,JFK,Houston,New York,Large,B6,JetBlue Airways,1759,1417.0,215.4,65.04,2.16,24.26,79.0,-7.52,180.2,30795,22923
SEA-OGG,SEA,OGG,Seattle,Kahului,Large,DL,Delta Air Lines,1759,2640.0,374.8,83.34,0.74,-2.86,27.0,-13.54,335.3,14554,4094
BWI-SLC,BWI,SLC,Baltimore,Salt Lake City,Large,DL,Delta Air Lines,1759,1865.0,292.0,84.99,0.97,-2.14,22.0,-11.43,257.8,12765,3948
LRD-DFW,LRD,DFW,Laredo,Dallas-Fort Worth,Non-hub,OO,SkyWest Airlines,1759,396.0,91.2,78.85,3.07,17.34,61.0,-1.77,62.2,31940,11472
JFK-IAH,JFK,IAH,New York,Houston,Large,B6,JetBlue Airways,1759,1417.0,242.7,69.53,1.53,8.88,58.0,-8.04,201.1,26899,4435
OGG-SEA,OGG,SEA,Kahului,Seattle,Medium,DL,Delta Air Lines,1759,2640.0,342.5,90.05,1.25,-2.74,12.0,-11.31,309.7,16391,3767
IAD-LAX,IAD,LAX,Washington,Los Angeles,Medium,AS,Alaska Airlines,1758,2288.0,341.5,71.16,2.16,8.21,52.0,-8.31,301.0,14909,13369
DAL-SAV,DAL,SAV,Dallas,Savannah,Large,WN,Southwest Airlines,1758,914.0,134.7,74.57,0.91,8.29,43.6,-3.28,111.2,13293,9463
SAV-DAL,SAV,DAL,Savannah,Dallas,Medium,WN,Southwest Airlines,1758,914.0,160.2,74.57,1.14,7.72,43.0,-8.05,134.8,10970,12589
LAS-DCA,LAS,DCA,Las Vegas,Washington,Large,AA,American Airlines,1758,2089.0,274.7,74.57,1.02,12.35,48.0,-6.87,239.4,22090,15270
AUS-DCA,AUS,DCA,Austin,Washington,Large,WN,Southwest Airlines,1758,1315.0,187.2,75.03,1.76,5.29,33.0,-5.46,161.5,12051,5153
DEN-LIT,DEN,LIT,Denver,Little Rock,Large,WN,Southwest Airlines,1758,771.0,120.5,70.65,0.8,9.79,45.0,-7.62,94.6,13542,10576
DCA-AUS,DCA,AUS,Washington,Austin,Large,WN,Southwest Airlines,1758,1315.0,217.7,60.75,1.71,17.37,65.0,-8.27,185.3,19734,17803
OAK-AUS,OAK,AUS,Oakland,Austin,Medium,WN,Southwest Airlines,1758,1497.0,203.8,80.32,0.63,4.8,29.0,-5.14,180.4,9135,4955
OGG-SFO,OGG,SFO,Kahului,San Francisco,Medium,HA,Hawaiian Airlines,1758,2338.0,302.7,79.58,2.22,4.1,28.0,-6.87,275.8,10976,3830
TPA-SEA,TPA,SEA,Tampa,Seattle,Large,DL,Delta Air Lines,1757,2520.0,372.1,83.78,1.25,-3.06,26.0,-12.43,334.1,11882,7434
DCA-LAS,DCA,LAS,Washington,Las Vegas,Large,AA,American Airlines,1757,2089.0,316.5,86.4,0.85,-6.54,20.0,-9.6,278.8,8736,4557
MKE-DAL,MKE,DAL,Milwaukee,Dallas,Medium,WN,Southwest Airlines,1757,850.0,147.6,78.54,1.59,1.99,32.0,-7.51,122.7,8005,8212
LBE-MCO,LBE,MCO,Latrobe,Orlando,Non-hub,NK,Spirit Airlines,1757,823.0,145.7,74.45,3.53,7.79,51.1,-4.12,114.2,19965,10254
SFO-OGG,SFO,OGG,San Francisco,Kahului,Large,HA,Hawaiian Airlines,1757,2338.0,329.4,84.52,2.62,-2.36,21.0,-7.38,298.3,11647,1802
ATW-DEN,ATW,DEN,Appleton,Denver,Small,OO,SkyWest Airlines,1756,883.0,173.0,75.11,1.59,13.74,59.0,-2.28,136.3,33625,993
LAS-SLC,LAS,SLC,Las Vegas,Salt Lake City,Large,NK,Spirit Airlines,1755,368.0,84.4,70.71,1.14,10.97,52.0,-2.06,55.9,19735,7312
DAL-MKE,DAL,MKE,Dallas,Milwaukee,Large,WN,Southwest Airlines,1755,850.0,136.6,70.66,1.71,9.78,42.0,-6.96,112.1,10627,13025
TPA-MSY,TPA,MSY,Tampa,New Orleans,Large,NK,Spirit Airlines,1755,488.0,101.7,82.91,2.79,0.68,27.0,-3.44,78.4,8007,6433
SLC-LAS,SLC,LAS,Salt Lake City,Las Vegas,Large,NK,Spirit Airlines,1755,368.0,88.1,66.89,1.31,18.72,74.0,-1.73,59.3,28108,13357
LGA-PHL,LGA,PHL,New York,Philadelphia,Large,YX,Republic Airways,1754,96.0,72.5,82.78,2.57,-3.41,25.4,-4.58,35.7,9039,4738
MCO-LBE,MCO,LBE,Orlando,Latrobe,Large,NK,Spirit Airlines,1754,823.0,139.8,73.6,2.91,9.02,49.0,-1.62,113.2,17905,6306
MSY-DCA,MSY,DCA,New Orleans,Washington,Medium,AA,American Airlines,1754,969.0,150.0,73.26,1.54,15.25,57.4,-3.83,125.8,17748,19429
RDU-ORD,RDU,ORD,Raleigh-durham,Chicago,Medium,MQ,Envoy Air,1754,646.0,147.3,74.34,1.31,8.74,45.0,-3.45,108.6,16897,11371
IAH-ELP,IAH,ELP,Houston,El Paso,Large,YV,Mesa Airlines,1754,667.0,123.4,78.51,3.14,8.76,37.0,-7.24,95.0,25851,1849
SLC-IAD,SLC,IAD,Salt Lake City,Washington,Large,DL,Delta Air Lines,1754,1828.0,236.9,83.12,1.08,4.12,34.0,-7.19,208.3,17877,4272
CPR-SLC,CPR,SLC,Casper,Salt Lake City,Non-hub,OO,SkyWest Airlines,1754,320.0,83.6,90.31,0.46,-0.46,13.0,-4.97,56.9,16549,0
IAD-SLC,IAD,SLC,Washington,Salt Lake City,Medium,DL,Delta Air Lines,1753,1828.0,283.9,87.68,1.03,-2.1,16.0,-9.04,251.5,15843,609
SLC-CPR,SLC,CPR,Salt Lake City,Casper,Large,OO,SkyWest Airlines,1753,320.0,73.9,91.56,0.34,0.16,9.0,-6.06,47.8,17907,0
DTW-DFW,DTW,DFW,Detroit,Dallas-Fort Worth,Large,NK,Spirit Airlines,1753,986.0,178.6,73.7,1.43,6.37,48.0,-7.79,142.6,20663,7289
ELP-IAH,ELP,IAH,El Paso,Houston,Small,YV,Mesa Airlines,1752,667.0,119.5,86.59,3.08,0.62,15.0,-7.27,91.1,15319,2567
DEN-MIA,DEN,MIA,Denver,Miami,Large,WN,Southwest Airlines,1752,1709.0,229.7,63.3,2.91,16.33,64.0,-6.62,201.2,21421,11958
DCA-MSY,DCA,MSY,Washington,New Orleans,Large,AA,American Airlines,1752,969.0,173.1,76.66,1.54,4.16,46.0,-6.8,138.7,11927,12754
ORD-RDU,ORD,RDU,Chicago,Raleigh-durham,Large,MQ,Envoy Air,1751,646.0,123.8,81.84,1.14,0.64,28.0,-5.16,89.4,9004,6140
JFK-HNL,JFK,HNL,New York,Honolulu,Large,HA,Hawaiian Airlines,1751,4983.0,662.2,69.9,0.57,13.31,46.9,-5.99,621.3,27988,7952
FNT-ORD,FNT,ORD,Flint,Chicago,Non-hub,MQ,Envoy Air,1751,223.0,82.8,84.01,2.11,-2.14,26.0,-5.16,46.3,10022,4563
RST-MSP,RST,MSP,Rochester,Minneapolis,Non-hub,9E,Endeavor Air,1751,76.0,58.1,89.55,0.46,-5.86,14.8,-10.39,24.8,6609,9064
ORD-FNT,ORD,FNT,Chicago,Flint,Large,MQ,Envoy Air,1751,223.0,69.7,81.84,2.11,0.42,25.0,-3.38,38.4,8405,5364
PIT-STL,PIT,STL,Pittsburgh,St. Louis,Medium,WN,Southwest Airlines,1751,554.0,106.4,84.12,0.8,1.24,26.0,-6.95,83.3,6472,7607
TPA-ATL,TPA,ATL,Tampa,Atlanta,Large,NK,Spirit Airlines,1750,406.0,97.3,75.94,1.94,9.3,51.0,-2.42,67.2,17406,9977
PHL-LGA,PHL,LGA,Philadelphia,New York,Large,YX,Republic Airways,1750,96.0,62.2,83.43,2.51,0.96,26.5,-2.97,27.4,11858,5026
MSP-RST,MSP,RST,Minneapolis,Rochester,Large,9E,Endeavor Air,1750,76.0,49.9,85.6,0.4,-0.42,23.0,-6.25,20.6,13023,2983
IAH-MAF,IAH,MAF,Houston,Midland,Large,UA,United Airlines,1748,429.0,92.2,77.57,1.32,6.52,49.0,-4.8,65.2,11087,12350
MAF-IAH,MAF,IAH,Midland,Houston,Small,UA,United Airlines,1748,429.0,88.8,84.55,1.6,3.99,25.0,-0.68,64.7,12377,5111
DEN-LIH,DEN,LIH,Denver,Lihue,Large,UA,United Airlines,1746,3414.0,462.5,78.47,0.52,4.68,42.0,-11.19,427.0,17941,6912
ATL-TPA,ATL,TPA,Atlanta,Tampa,Large,NK,Spirit Airlines,1746,406.0,87.0,73.37,2.06,11.53,57.0,-4.35,62.6,17910,9645
BNA-BDL,BNA,BDL,Nashville,Windsor Locks,Large,WN,Southwest Airlines,1746,852.0,136.0,84.31,0.63,2.02,23.1,-7.89,110.8,4411,8085
LIH-DEN,LIH,DEN,Lihue,Denver,Small,UA,United Airlines,1746,3414.0,412.2,92.73,1.03,-11.92,3.0,-10.28,383.2,7339,3480
HNL-JFK,HNL,JFK,Honolulu,New York,Medium,HA,Hawaiian Airlines,1746,4983.0,579.5,64.55,0.17,11.77,44.0,-2.67,543.8,22778,3820
MDW-JAX,MDW,JAX,Chicago,Jacksonville,Large,WN,Southwest Airlines,1745,849.0,133.6,74.84,1.83,7.51,37.7,-5.7,109.7,10422,9548
CVG-LAS,CVG,LAS,Cincinnati,Las Vegas,Medium,DL,Delta Air Lines,1745,1678.0,254.3,84.47,0.63,0.24,25.0,-9.09,224.1,13211,4323
MIA-DEN,MIA,DEN,Miami,Denver,Large,WN,Southwest Airlines,1745,1709.0,265.4,64.07,2.35,15.28,66.3,-4.29,234.8,19982,14778
LAS-CVG,LAS,CVG,Las Vegas,Cincinnati,Large,DL,Delta Air Lines,1745,1678.0,219.5,87.79,0.63,-1.46,18.7,-4.74,193.5,8912,4140
ORD-CHO,ORD,CHO,Chicago,Charlottesville VA,Large,OO,SkyWest Airlines,1744,566.0,122.6,69.21,1.78,13.25,52.0,-0.41,82.9,20034,11755
CHO-ORD,CHO,ORD,Charlottesville VA,Chicago,Non-hub,OO,SkyWest Airlines,1743,566.0,125.7,71.08,2.18,22.7,77.0,1.64,93.6,35887,11286
PHX-DFW,PHX,DFW,Phoenix,Dallas-Fort Worth,Large,F9,Frontier Airlines,1743,868.0,148.7,77.45,1.38,9.12,52.0,-4.45,111.6,17859,12635
ESC-DTW,ESC,DTW,Escanaba,Detroit,Non-hub,OO,SkyWest Airlines,1743,306.0,79.2,81.81,2.41,11.26,35.0,-5.76,49.1,38934,0
BLV-VPS,BLV,VPS,Belleville,Valparaiso,Non-hub,G4,Allegiant Air,1743,587.0,103.4,73.38,2.47,11.87,57.0,-2.54,79.9,15204,23105
DFW-DTW,DFW,DTW,Dallas-Fort Worth,Detroit,Large,NK,Spirit Airlines,1743,986.0,158.4,74.24,1.38,12.65,53.0,-5.12,125.7,20337,10900
OAK-MCI,OAK,MCI,Oakland,Kansas City,Medium,WN,Southwest Airlines,1743,1489.0,199.8,82.04,0.69,2.2,23.0,-6.39,176.3,8023,4087
DTW-ESC,DTW,ESC,Detroit,Escanaba,Large,OO,SkyWest Airlines,1743,306.0,84.3,81.53,1.84,5.6,37.0,-8.77,54.2,27756,0
FCA-SLC,FCA,SLC,Kalispell,Salt Lake City,Small,DL,Delta Air Lines,1742,531.0,106.6,88.46,0.8,4.96,17.0,-4.87,73.0,19826,4961
DAL-BUR,DAL,BUR,Dallas,Burbank,Large,WN,Southwest Airlines,1742,1243.0,203.5,70.38,1.49,10.24,51.5,-8.52,179.6,11952,15041
SLC-FCA,SLC,FCA,Salt Lake City,Kalispell,Large,DL,Delta Air Lines,1742,531.0,103.4,81.17,0.57,6.99,28.0,-5.0,75.8,21435,3451
DEN-FAT,DEN,FAT,Denver,Fresno,Large,UA,United Airlines,1742,844.0,144.2,74.51,0.52,13.54,58.0,-5.46,115.6,15619,15871
DFW-PHX,DFW,PHX,Dallas-Fort Worth,Phoenix,Large,F9,Frontier Airlines,1742,868.0,164.8,66.7,1.55,18.08,67.0,-2.4,128.7,18200,23103
IAH-MEM,IAH,MEM,Houston,Memphis,Large,UA,United Airlines,1741,468.0,97.6,70.88,1.84,12.8,57.3,-5.55,65.6,14968,14672
MDW-TUL,MDW,TUL,Chicago,Tulsa,Large,WN,Southwest Airlines,1740,583.0,110.7,79.08,1.78,3.73,33.0,-7.58,85.8,7887,9724
MEM-IAH,MEM,IAH,Memphis,Houston,Medium,UA,United Airlines,1740,468.0,108.3,78.05,1.9,5.61,30.0,-2.99,77.6,20172,2069
DEN-DRO,DEN,DRO,Denver,Durango,Large,UA,United Airlines,1740,251.0,72.0,72.64,0.75,13.06,63.6,-4.2,45.5,12714,17851
FAT-DEN,FAT,DEN,Fresno,Denver,Small,UA,United Airlines,1740,844.0,136.3,83.74,0.98,6.89,31.0,-4.47,110.9,15996,6096
DRO-DEN,DRO,DEN,Durango,Denver,Small,UA,United Airlines,1739,251.0,84.0,81.02,1.15,1.77,34.5,-8.18,46.6,15451,5796
LIT-DFW,LIT,DFW,Little Rock,Dallas-Fort Worth,Small,AA,American Airlines,1739,304.0,86.0,69.93,3.05,21.7,67.0,-3.14,52.8,20036,23456
DFW-LIT,DFW,LIT,Dallas-Fort Worth,Little Rock,Large,AA,American Airlines,1739,304.0,73.4,64.69,2.82,27.17,90.0,-3.31,47.6,25724,26169
PHL-PWM,PHL,PWM,Philadelphia,Portland,Large,OH,PSA Airlines,1739,364.0,91.7,80.91,3.16,4.34,33.0,-3.63,59.4,13484,6451
AUS-OAK,AUS,OAK,Austin,Oakland,Large,WN,Southwest Airlines,1738,1497.0,228.8,72.67,0.4,9.62,43.0,-8.87,201.6,9574,13568
SJC-GEG,SJC,GEG,San Jose,Spokane,Medium,WN,Southwest Airlines,1738,742.0,124.8,81.93,0.4,1.8,28.0,-8.06,100.9,5440,8350
VPS-BLV,VPS,BLV,Valparaiso,Belleville,Small,G4,Allegiant Air,1738,587.0,105.2,78.31,2.13,8.51,44.0,-0.83,83.5,20803,7295
PWM-PHL,PWM,PHL,Portland,Philadelphia,Small,OH,PSA Airlines,1738,364.0,99.0,81.59,2.82,6.94,37.0,-4.07,71.7,13202,14519
TUL-MDW,TUL,MDW,Tulsa,Chicago,Small,WN,Southwest Airlines,1738,583.0,105.4,85.27,1.73,-3.24,20.6,-9.27,80.5,4248,6682
PHX-PAE,PHX,PAE,Phoenix,Everett,Large,AS,Alaska Airlines,1735,1133.0,188.6,85.59,0.98,-0.65,21.0,-3.51,160.1,4327,7158
LIT-DEN,LIT,DEN,Little Rock,Denver,Small,WN,Southwest Airlines,1734,771.0,136.9,81.66,1.21,2.82,36.0,-7.02,111.6,9550,8541
ABY-ATL,ABY,ATL,Albany,Atlanta,Non-hub,OO,SkyWest Airlines,1732,145.0,67.9,80.48,1.44,11.13,65.0,-5.03,36.5,36894,0
ATL-ABY,ATL,ABY,Atlanta,Albany,Large,OO,SkyWest Airlines,1732,145.0,58.2,76.67,1.5,17.23,66.0,-3.66,30.6,40778,0
BNA-AUS,BNA,AUS,Nashville,Austin,Large,OO,SkyWest Airlines,1732,756.0,147.7,77.02,0.29,9.73,53.0,0.72,118.2,28107,0
PAE-PHX,PAE,PHX,Everett,Phoenix,Non-hub,AS,Alaska Airlines,1731,1133.0,172.4,83.07,1.79,-0.7,25.0,-3.35,146.5,7158,5376
LEX-DTW,LEX,DTW,Lexington KY,Detroit,Small,9E,Endeavor Air,1731,296.0,83.7,86.94,0.81,1.23,18.4,-4.15,53.0,10431,7072
PIE-GRR,PIE,GRR,St. Petersburg,Grand Rapids,Small,G4,Allegiant Air,1731,1044.0,158.9,71.46,1.85,13.35,64.0,-1.25,136.7,14632,18524
AUS-BNA,AUS,BNA,Austin,Nashville,Large,OO,SkyWest Airlines,1730,756.0,134.2,75.2,0.29,13.5,62.0,-2.49,103.2,35772,506
GRR-PIE,GRR,PIE,Grand Rapids,St. Petersburg,Medium,G4,Allegiant Air,1730,1044.0,161.7,72.89,1.85,10.15,51.1,-0.52,137.8,23357,6810
DTW-LEX,DTW,LEX,Detroit,Lexington KY,Large,9E,Endeavor Air,1729,296.0,79.9,87.33,0.87,-1.55,18.0,-5.06,50.2,10442,2431
PWM-DCA,PWM,DCA,Portland,Washington,Small,AA,American Airlines,1729,482.0,108.0,73.51,1.62,21.69,61.7,-1.42,84.7,22865,22864
BDL-BNA,BDL,BNA,Windsor Locks,Nashville,Medium,WN,Southwest Airlines,1729,852.0,152.7,81.03,0.98,1.31,31.0,-9.72,125.6,6480,9828
PVD-EWR,PVD,EWR,Providence,Newark,Small,YX,Republic Airways,1728,160.0,86.5,76.5,6.19,2.37,36.0,-2.75,46.5,15430,5555
BUR-DAL,BUR,DAL,Burbank,Dallas,Medium,WN,Southwest Airlines,1728,1243.0,181.4,81.37,1.56,1.68,26.0,-5.37,156.2,7760,5065
DCA-PWM,DCA,PWM,Washington,Portland,Large,AA,American Airlines,1728,482.0,99.7,72.16,1.45,13.57,61.0,-4.8,69.2,12639,22293
EWR-PVD,EWR,PVD,Newark,Providence,Large,YX,Republic Airways,1727,160.0,69.3,76.09,5.79,3.16,39.0,-5.48,34.1,10850,7666
MCO-DTW,MCO,DTW,Orlando,Detroit,Large,F9,Frontier Airlines,1727,957.0,168.2,76.84,2.03,7.02,47.0,-4.81,131.2,17330,9143
DTW-MCO,DTW,MCO,Detroit,Orlando,Large,F9,Frontier Airlines,1726,957.0,168.9,68.08,2.67,20.21,83.0,-7.42,130.4,21693,28306
LAX-OMA,LAX,OMA,Los Angeles,Omaha,Large,OO,SkyWest Airlines,1725,1330.0,194.6,87.01,0.29,-1.98,20.0,-4.26,167.7,8439,3608
RIC-ORD,RIC,ORD,Richmond,Chicago,Medium,UA,United Airlines,1724,642.0,135.5,85.61,1.28,0.79,21.0,-3.29,101.4,14263,1460
BUR-RNO,BUR,RNO,Burbank,Reno,Medium,WN,Southwest Airlines,1724,374.0,81.6,78.6,0.93,4.99,40.0,-6.57,57.1,6252,12930
AUS-MFE,AUS,MFE,Austin,Mcallen,Large,OO,SkyWest Airlines,1723,279.0,83.6,78.99,0.46,10.21,48.0,-8.27,50.8,32263,0
MIA-CHS,MIA,CHS,Miami,Charleston,Large,AA,American Airlines,1723,489.0,105.5,65.06,1.92,22.29,74.0,-3.17,75.6,22257,23558
ORD-RIC,ORD,RIC,Chicago,Richmond,Large,UA,United Airlines,1723,642.0,127.2,71.85,0.81,14.26,61.0,-3.25,88.4,15866,16404
JAX-LGA,JAX,LGA,Jacksonville,New York,Medium,B6,JetBlue Airways,1723,833.0,135.0,66.92,3.48,18.42,78.0,-2.09,109.3,24751,16761
OMA-LAX,OMA,LAX,Omaha,Los Angeles,Medium,OO,SkyWest Airlines,1723,1330.0,217.9,83.4,0.29,3.34,25.5,-5.71,186.9,17656,5118
MFE-AUS,MFE,AUS,Mcallen,Austin,Small,OO,SkyWest Airlines,1722,279.0,86.4,78.98,0.52,11.12,57.0,-3.34,52.5,35082,0
SEA-PSP,SEA,PSP,Seattle,Palm Springs,Large,OO,SkyWest Airlines,1722,987.0,169.1,86.3,0.29,1.18,22.0,-4.03,141.3,6367,6701
AUS-SAN,AUS,SAN,Austin,San Diego,Large,AS,Alaska Airlines,1722,1164.0,185.0,77.18,2.15,5.94,31.1,1.35,159.2,9138,8440
DFW-BOS,DFW,BOS,Dallas-Fort Worth,Boston,Large,B6,JetBlue Airways,1722,1562.0,224.6,63.53,1.8,29.68,94.0,-6.31,189.6,40623,22446
CLT-SRQ,CLT,SRQ,Charlotte,Sarasota,Large,OH,PSA Airlines,1721,547.0,118.9,82.74,1.57,1.34,25.0,-3.24,85.2,9157,5830
SAN-AUS,SAN,AUS,San Diego,Austin,Large,AS,Alaska Airlines,1721,1164.0,174.4,75.25,2.44,7.01,35.8,3.34,141.8,13893,5816
MQT-DTW,MQT,DTW,Gwinn,Detroit,Non-hub,OO,SkyWest Airlines,1721,349.0,85.1,80.71,2.21,13.98,58.0,-6.92,53.5,40539,0
BOS-DFW,BOS,DFW,Boston,Dallas-Fort Worth,Large,B6,JetBlue Airways,1721,1562.0,261.7,71.99,1.34,5.98,52.0,-7.94,221.9,23813,5252
SRQ-CLT,SRQ,CLT,Sarasota,Charlotte,Small,OH,PSA Airlines,1721,547.0,118.5,81.87,1.98,4.94,29.7,-2.61,82.8,9989,12303
LGA-JAX,LGA,JAX,New York,Jacksonville,Large,B6,JetBlue Airways,1720,833.0,157.2,61.8,3.49,19.81,93.0,-4.93,121.1,26891,18642
CHS-MIA,CHS,MIA,Charleston,Miami,Medium,AA,American Airlines,1720,489.0,104.1,77.03,1.98,14.83,62.0,-4.04,75.4,16849,21748
DFW-STL,DFW,STL,Dallas-Fort Worth,St. Louis,Large,MQ,Envoy Air,1720,550.0,110.9,83.95,2.15,-0.73,25.0,-5.99,78.7,6336,5322
JAX-MDW,JAX,MDW,Jacksonville,Chicago,Medium,WN,Southwest Airlines,1720,849.0,147.1,79.24,1.4,3.36,32.0,-8.38,122.6,6534,10227
DEN-ORF,DEN,ORF,Denver,Norfolk,Large,UA,United Airlines,1719,1553.0,207.3,63.53,1.8,20.92,67.2,-1.26,178.5,25210,15686
PSP-SEA,PSP,SEA,Palm Springs,Seattle,Small,OO,SkyWest Airlines,1719,987.0,175.2,86.79,0.29,-0.34,18.0,-2.14,149.1,9184,2461
DTW-MQT,DTW,MQT,Detroit,Gwinn,Large,OO,SkyWest Airlines,1719,349.0,87.5,77.84,2.33,18.04,59.0,-4.52,61.0,41711,0
MCI-OAK,MCI,OAK,Kansas City,Oakland,Medium,WN,Southwest Airlines,1719,1489.0,226.9,74.35,0.52,5.52,36.0,-9.54,200.6,8692,10747
STL-DFW,STL,DFW,St. Louis,Dallas-Fort Worth,Medium,MQ,Envoy Air,1718,550.0,119.2,78.93,2.44,6.24,39.0,-3.04,87.7,13059,9538
CHS-SEA,CHS,SEA,Charleston,Seattle,Medium,AS,Alaska Airlines,1718,2415.0,361.0,76.54,1.75,1.52,33.9,-6.14,324.6,10879,6344
ORF-DEN,ORF,DEN,Norfolk,Denver,Medium,UA,United Airlines,1718,1553.0,249.1,82.54,1.8,3.1,25.0,-4.1,217.7,14308,3004
DTW-SBN,DTW,SBN,Detroit,South Bend,Large,OO,SkyWest Airlines,1717,157.0,61.0,70.7,1.11,21.16,85.0,-3.62,32.5,44835,0
SEA-CHS,SEA,CHS,Seattle,Charleston,Large,AS,Alaska Airlines,1717,2415.0,311.7,81.3,1.46,-1.98,24.0,-6.25,276.2,8733,2685
SFO-MIA,SFO,MIA,San Francisco,Miami,Large,UA,United Airlines,1717,2585.0,335.1,81.36,1.28,-1.61,29.0,-7.5,293.1,11018,3613
SBN-DTW,SBN,DTW,South Bend,Detroit,Small,OO,SkyWest Airlines,1717,157.0,67.3,81.6,1.22,9.06,55.0,-7.52,32.3,34200,0
SEA-KOA,SEA,KOA,Seattle,Kona,Large,DL,Delta Air Lines,1716,2688.0,377.0,82.4,0.47,-1.16,31.0,-13.06,339.0,16060,3645
KOA-SEA,KOA,SEA,Kona,Seattle,Small,DL,Delta Air Lines,1716,2688.0,351.6,87.0,1.17,-3.39,17.0,-10.08,318.6,11361,4730
DAL-ONT,DAL,ONT,Dallas,Ontario,Large,WN,Southwest Airlines,1716,1200.0,191.0,71.39,1.11,10.76,47.8,-8.19,165.8,10713,13911
MDW-ATL,MDW,ATL,Chicago,Atlanta,Large,F9,Frontier Airlines,1715,591.0,122.7,66.88,2.22,17.26,64.7,-0.29,85.0,20620,19094
ATL-ATW,ATL,ATW,Atlanta,Appleton,Large,DL,Delta Air Lines,1715,765.0,131.5,85.66,0.64,0.92,23.0,-5.06,106.1,12986,2487
DAL-RDU,DAL,RDU,Dallas,Raleigh-durham,Large,WN,Southwest Airlines,1714,1052.0,153.6,72.46,1.52,9.72,41.0,-4.9,131.3,11861,9779
MIA-SFO,MIA,SFO,Miami,San Francisco,Large,UA,United Airlines,1714,2585.0,383.6,72.46,1.58,9.18,54.0,-9.83,343.3,20402,8627
OAK-BLI,OAK,BLI,Oakland,Bellingham,Medium,WN,Southwest Airlines,1714,764.0,130.5,79.7,1.23,0.42,32.0,-11.8,103.3,6577,8333
ATW-ATL,ATW,ATL,Appleton,Atlanta,Small,DL,Delta Air Lines,1714,765.0,137.9,86.99,0.76,4.06,20.0,-7.86,105.3,25315,443
RNO-BUR,RNO,BUR,Reno,Burbank,Medium,WN,Southwest Airlines,1713,374.0,80.4,84.88,1.46,-0.55,28.0,-8.56,57.4,5566,7961
BLI-OAK,BLI,OAK,Bellingham,Oakland,Non-hub,WN,Southwest Airlines,1713,764.0,132.7,80.56,1.52,1.91,32.0,-10.83,104.5,8900,9404
ATL-MDW,ATL,MDW,Atlanta,Chicago,Large,F9,Frontier Airlines,1713,591.0,120.0,59.78,2.34,26.92,93.0,-4.57,89.1,20681,31751
MSP-STL,MSP,STL,Minneapolis,St. Louis,Large,OO,SkyWest Airlines,1712,448.0,97.1,79.67,0.76,6.17,36.0,-5.31,66.0,21891,0
ORD-ALO,ORD,ALO,Chicago,Waterloo,Large,MQ,Envoy Air,1712,234.0,74.8,83.12,2.8,-2.35,24.0,-7.09,43.5,8218,6742
TUS-HOU,TUS,HOU,Tucson,Houston,Medium,WN,Southwest Airlines,1712,945.0,139.8,83.0,1.4,0.61,24.0,-6.68,116.8,5169,7703
HOU-TUS,HOU,TUS,Houston,Tucson,Medium,WN,Southwest Airlines,1712,945.0,153.9,77.86,1.11,5.16,33.1,-6.44,132.0,9250,8593
STL-MSP,STL,MSP,St. Louis,Minneapolis,Medium,OO,SkyWest Airlines,1711,448.0,98.0,82.47,0.76,8.23,38.7,-4.35,72.7,27136,0
MIA-RIC,MIA,RIC,Miami,Richmond,Large,AA,American Airlines,1711,825.0,149.3,65.52,1.4,18.21,72.0,-7.69,112.8,23601,16807
ALO-ORD,ALO,ORD,Waterloo,Chicago,Non-hub,MQ,Envoy Air,1711,234.0,76.8,80.48,2.98,2.16,37.2,-2.93,44.5,13464,7168
RIC-MIA,RIC,MIA,Richmond,Miami,Medium,AA,American Airlines,1710,825.0,151.0,85.09,1.4,1.02,22.9,-7.18,117.8,16016,3737
DCA-CAK,DCA,CAK,Washington,Akron,Large,OH,PSA Airlines,1710,274.0,81.2,65.96,3.63,21.75,96.0,-1.92,51.0,21241,24993
SDF-IAD,SDF,IAD,Louisville,Washington,Medium,YX,Republic Airways,1710,451.0,97.1,90.35,1.05,-2.82,11.0,-2.99,69.3,7549,1757
LIH-LAX,LIH,LAX,Lihue,Los Angeles,Small,HA,Hawaiian Airlines,1710,2615.0,336.7,75.5,0.7,6.55,30.7,-7.0,308.2,11132,6855
CHS-LGA,CHS,LGA,Charleston,New York,Medium,B6,JetBlue Airways,1710,641.0,115.7,65.38,4.33,16.2,73.6,-2.74,88.1,23197,16448
DTW-RIC,DTW,RIC,Detroit,Richmond,Large,OO,SkyWest Airlines,1710,456.0,101.3,77.84,0.94,12.8,56.0,-3.42,69.6,31310,0
RIC-DTW,RIC,DTW,Richmond,Detroit,Medium,OO,SkyWest Airlines,1710,456.0,112.0,79.06,1.05,13.7,53.0,-5.91,80.0,35040,0
LAX-LIH,LAX,LIH,Los Angeles,Lihue,Large,HA,Hawaiian Airlines,1709,2615.0,360.4,88.12,0.7,-4.22,17.0,-8.44,329.9,8704,1349
CHS-DAL,CHS,DAL,Charleston,Dallas,Medium,WN,Southwest Airlines,1709,977.0,164.5,73.03,1.52,8.71,42.0,-5.67,141.1,9534,12701
DAL-CHS,DAL,CHS,Dallas,Charleston,Large,WN,Southwest Airlines,1709,977.0,143.2,71.62,1.05,11.21,43.0,-4.24,118.9,13770,10993
LGA-CHS,LGA,CHS,New York,Charleston,Large,B6,JetBlue Airways,1709,641.0,134.5,67.52,4.21,10.42,66.0,-5.0,97.5,20012,12368
OGG-SJC,OGG,SJC,Kahului,San Jose,Medium,HA,Hawaiian Airlines,1708,2355.0,301.7,80.8,0.76,3.59,27.0,-6.58,279.5,10436,4496
ONT-DAL,ONT,DAL,Ontario,Dallas,Medium,WN,Southwest Airlines,1708,1200.0,171.3,78.75,1.29,5.46,29.1,-4.74,149.9,8936,6355
IAD-CHS,IAD,CHS,Washington,Charleston,Medium,UA,United Airlines,1708,441.0,103.7,85.07,1.23,3.1,24.0,-2.9,75.2,11319,5803
MSN-ORD,MSN,ORD,Madison,Chicago,Small,YX,Republic Airways,1708,108.0,67.8,82.08,1.7,0.29,27.0,-3.03,29.6,11873,5431
CAK-DCA,CAK,DCA,Akron,Washington,Non-hub,OH,PSA Airlines,1708,274.0,79.7,84.43,1.81,0.8,23.8,-2.46,49.6,13807,3931
CID-DEN,CID,DEN,Cedar Rapids,Denver,Small,OO,SkyWest Airlines,1708,692.0,141.5,77.63,2.22,8.2,37.7,-7.0,108.0,22770,7262
SJC-OGG,SJC,OGG,San Jose,Kahului,Medium,HA,Hawaiian Airlines,1708,2355.0,329.3,89.87,0.82,-5.9,13.0,-5.71,302.3,8444,0
JFK-DTW,JFK,DTW,New York,Detroit,Large,DL,Delta Air Lines,1708,509.0,133.6,75.64,1.52,12.4,67.0,-10.05,85.2,26127,15145
ORD-MSN,ORD,MSN,Chicago,Madison,Large,YX,Republic Airways,1708,108.0,64.1,86.65,1.29,-1.51,22.0,-5.25,29.0,7766,5523
SEA-OKC,SEA,OKC,Seattle,Oklahoma City,Large,AS,Alaska Airlines,1706,1519.0,215.1,82.12,1.11,0.75,22.0,-3.0,182.4,8472,2034
CMH-HOU,CMH,HOU,Columbus,Houston,Medium,WN,Southwest Airlines,1706,1000.0,171.3,84.41,1.47,-4.17,21.0,-9.66,145.0,5237,5132
OKC-SEA,OKC,SEA,Oklahoma City,Seattle,Medium,AS,Alaska Airlines,1706,1519.0,238.0,81.07,1.35,-0.55,26.0,-4.34,208.7,6219,5225
ATL-GRB,ATL,GRB,Atlanta,Green Bay,Large,DL,Delta Air Lines,1706,774.0,130.3,79.84,0.64,5.81,31.0,-4.13,105.8,15842,4518
GRB-ATL,GRB,ATL,Green Bay,Atlanta,Small,DL,Delta Air Lines,1706,774.0,138.4,86.28,0.82,3.33,26.0,-6.33,105.5,21030,2704
IND-LAX,IND,LAX,Indianapolis,Los Angeles,Medium,AA,American Airlines,1705,1814.0,275.2,77.77,1.41,11.41,47.0,-9.86,241.3,19543,16423
ATL-PBI,ATL,PBI,Atlanta,West Palm Beach,Large,WN,Southwest Airlines,1705,545.0,107.9,77.07,1.0,6.6,40.0,-5.93,83.0,11918,7377
EWR-LAX,EWR,LAX,Newark,Los Angeles,Large,NK,Spirit Airlines,1705,2454.0,371.5,73.96,2.11,5.18,54.1,-12.19,328.1,22214,6149
LAX-IND,LAX,IND,Los Angeles,Indianapolis,Large,AA,American Airlines,1705,1814.0,243.5,77.18,1.35,12.78,47.4,-5.07,212.6,16908,15866
DTW-JFK,DTW,JFK,Detroit,New York,Large,DL,Delta Air Lines,1705,509.0,118.3,72.43,1.58,13.46,65.5,-8.26,77.3,31567,5902
PBI-ATL,PBI,ATL,West Palm Beach,Atlanta,Medium,WN,Southwest Airlines,1705,545.0,108.6,80.65,1.29,3.28,35.3,-5.75,82.5,7455,11268
DEN-CID,DEN,CID,Denver,Cedar Rapids,Large,OO,SkyWest Airlines,1703,692.0,123.5,78.63,1.82,5.67,35.0,-5.89,90.6,17527,5264
LAX-EWR,LAX,EWR,Los Angeles,Newark,Large,NK,Spirit Airlines,1703,2454.0,324.0,80.39,2.06,-2.31,35.0,-12.66,285.0,16224,2615
CLT-LIT,CLT,LIT,Charlotte,Little Rock,Large,MQ,Envoy Air,1701,640.0,134.5,68.84,1.35,14.74,60.0,-2.32,97.9,16230,15751
LIT-CLT,LIT,CLT,Little Rock,Charlotte,Small,MQ,Envoy Air,1701,640.0,126.2,81.6,0.94,4.69,26.0,-3.5,89.5,9629,5047
IAD-CHS,IAD,CHS,Washington,Charleston,Medium,YX,Republic Airways,1701,441.0,112.2,83.07,1.7,-0.96,27.0,-4.17,78.3,9861,3754
ATL-ROA,ATL,ROA,Atlanta,Roanoke VA,Large,DL,Delta Air Lines,1700,357.0,83.6,80.59,1.35,5.12,33.0,-5.09,56.9,15871,5698
ROA-ATL,ROA,ATL,Roanoke VA,Atlanta,Non-hub,DL,Delta Air Lines,1699,357.0,89.6,85.58,1.35,2.6,21.0,-7.46,57.5,20790,3
RDU-DAL,RDU,DAL,Raleigh-durham,Dallas,Medium,WN,Southwest Airlines,1699,1052.0,175.0,75.52,1.53,5.78,39.0,-6.79,151.7,8875,10158
SEA-RDM,SEA,RDM,Seattle,Redmond-Bend,Large,AS,Alaska Airlines,1698,228.0,68.6,73.44,2.0,7.49,38.0,-1.74,40.0,10777,7985
CRW-DCA,CRW,DCA,Charleston,Washington,Non-hub,OH,PSA Airlines,1698,249.0,75.3,84.86,3.83,2.72,20.0,-4.77,43.3,22598,3142
SEA-CVG,SEA,CVG,Seattle,Cincinnati,Large,DL,Delta Air Lines,1698,1965.0,259.4,84.75,1.0,-0.38,25.6,-7.41,225.2,13302,3227
CVG-SEA,CVG,SEA,Cincinnati,Seattle,Medium,DL,Delta Air Lines,1697,1965.0,299.2,84.09,1.06,-3.14,24.0,-10.17,264.6,9705,5213
MSP-SBN,MSP,SBN,Minneapolis,South Bend,Large,OO,SkyWest Airlines,1697,411.0,91.8,79.91,0.94,8.58,45.4,-8.25,58.1,31678,0
SUX-DEN,SUX,DEN,Sioux City,Denver,Non-hub,OO,SkyWest Airlines,1697,466.0,113.3,77.37,1.3,8.8,60.4,-8.77,77.0,27118,8736
DEN-FAT,DEN,FAT,Denver,Fresno,Large,WN,Southwest Airlines,1697,844.0,144.0,78.49,0.88,4.04,32.0,-7.9,117.0,10170,5656
SBN-MSP,SBN,MSP,South Bend,Minneapolis,Small,OO,SkyWest Airlines,1697,411.0,108.8,87.63,0.94,-3.78,18.0,-14.76,68.8,24143,0
DEN-SUX,DEN,SUX,Denver,Sioux City,Large,OO,SkyWest Airlines,1696,466.0,99.1,79.25,2.12,3.74,39.0,-7.65,67.4,15432,7586
FCA-DEN,FCA,DEN,Kalispell,Denver,Small,OO,SkyWest Airlines,1696,752.0,138.8,80.07,1.3,10.67,42.0,-4.51,105.0,25957,7219
FAT-DEN,FAT,DEN,Fresno,Denver,Small,WN,Southwest Airlines,1696,844.0,135.3,75.29,1.47,7.16,43.0,-7.05,110.3,11091,10342
RDM-SEA,RDM,SEA,Redmond-Bend,Seattle,Small,AS,Alaska Airlines,1696,228.0,74.7,77.54,1.65,7.43,34.0,0.87,45.1,11652,6533
BNA-MSP,BNA,MSP,Nashville,Minneapolis,Large,OO,SkyWest Airlines,1696,695.0,136.3,81.66,1.42,5.77,33.5,-7.02,106.1,24391,0
DEN-FCA,DEN,FCA,Denver,Kalispell,Large,OO,SkyWest Airlines,1695,752.0,142.4,84.54,0.77,2.25,25.0,-4.43,112.8,12648,2633
MSP-BNA,MSP,BNA,Minneapolis,Nashville,Large,OO,SkyWest Airlines,1695,695.0,129.7,79.71,1.42,3.86,42.2,-6.94,95.0,19401,0
OAK-OGG,OAK,OGG,Oakland,Kahului,Medium,HA,Hawaiian Airlines,1695,2349.0,322.6,90.03,1.83,-5.48,12.0,-5.46,299.8,8274,0
TPA-LAS,TPA,LAS,Tampa,Las Vegas,Large,WN,Southwest Airlines,1694,1984.0,297.0,78.45,1.0,4.01,34.6,-8.82,268.2,11324,6439
LAS-TPA,LAS,TPA,Las Vegas,Tampa,Large,WN,Southwest Airlines,1694,1984.0,256.2,65.58,0.71,14.55,56.6,-7.46,227.5,18952,10798
DCA-CRW,DCA,CRW,Washington,Charleston,Large,OH,PSA Airlines,1694,249.0,74.2,67.47,5.96,16.57,70.5,-2.84,45.1,18791,18678
MCI-MIA,MCI,MIA,Kansas City,Miami,Medium,AA,American Airlines,1693,1251.0,188.4,83.23,2.42,6.02,27.0,-3.65,156.9,19251,4633
MIA-MEM,MIA,MEM,Miami,Memphis,Large,AA,American Airlines,1692,859.0,154.8,61.35,1.71,26.24,78.0,-3.31,123.9,31826,19115
SEA-BIL,SEA,BIL,Seattle,Billings,Large,QX,Horizon Air,1691,664.0,121.2,84.21,1.24,2.52,22.0,-2.82,99.7,7637,3261
MEM-MIA,MEM,MIA,Memphis,Miami,Medium,AA,American Airlines,1691,859.0,144.4,81.79,1.77,12.07,37.4,-4.44,113.7,22288,10626
LAX-RDD,LAX,RDD,Los Angeles,Redding,Large,OO,SkyWest Airlines,1691,501.0,104.7,86.58,0.41,4.27,23.0,-1.65,77.9,13131,4411
OGG-OAK,OGG,OAK,Kahului,Oakland,Medium,HA,Hawaiian Airlines,1691,2349.0,301.7,74.16,1.48,9.07,35.0,-5.31,277.8,13901,8027
MCO-MYR,MCO,MYR,Orlando,Myrtle Beach,Large,NK,Spirit Airlines,1691,388.0,87.7,71.44,2.01,13.97,61.0,-1.44,61.0,25105,6045
BIL-SEA,BIL,SEA,Billings,Seattle,Small,QX,Horizon Air,1691,664.0,145.2,82.2,1.54,2.87,27.3,-3.22,120.1,11241,5510
RDD-LAX,RDD,LAX,Redding,Los Angeles,Non-hub,OO,SkyWest Airlines,1691,501.0,106.2,89.65,0.3,2.05,14.6,-2.44,76.7,10225,7662
PIT-ORD,PIT,ORD,Pittsburgh,Chicago,Medium,MQ,Envoy Air,1691,413.0,107.4,80.78,2.01,0.98,33.0,-6.83,71.2,9161,8722
MIA-MCI,MIA,MCI,Miami,Kansas City,Large,AA,American Airlines,1691,1251.0,208.1,64.7,2.31,18.44,68.0,-6.55,172.4,25897,14739
MYR-MCO,MYR,MCO,Myrtle Beach,Orlando,Small,NK,Spirit Airlines,1691,388.0,92.2,74.51,2.6,10.68,64.0,-3.01,62.7,16950,14380
ATL-MIA,ATL,MIA,Atlanta,Miami,Large,MQ,Envoy Air,1689,594.0,118.8,78.86,1.36,3.85,38.0,-5.82,89.5,8957,9733
SBA-OAK,SBA,OAK,Santa Barbara,Oakland,Small,WN,Southwest Airlines,1689,263.0,70.1,78.92,1.07,3.1,38.0,-7.9,45.6,3376,14573
MIA-ATL,MIA,ATL,Miami,Atlanta,Large,MQ,Envoy Air,1689,594.0,121.4,80.4,1.12,2.83,33.0,-3.39,89.4,11290,4336
OAK-SBA,OAK,SBA,Oakland,Santa Barbara,Medium,WN,Southwest Airlines,1689,263.0,70.6,88.28,0.53,-3.59,16.6,-8.86,46.3,5064,3722
ORD-PIT,ORD,PIT,Chicago,Pittsburgh,Large,MQ,Envoy Air,1688,413.0,92.2,78.2,1.9,4.22,35.0,-2.01,60.1,10653,5215
ORD-TVC,ORD,TVC,Chicago,Traverse City,Large,UA,United Airlines,1688,224.0,73.3,67.65,1.54,19.67,71.0,-4.85,39.7,19434,20887
LAX-ANC,LAX,ANC,Los Angeles,Anchorage,Large,AS,Alaska Airlines,1687,2345.0,334.2,79.91,0.95,-1.66,28.8,-6.35,300.4,9373,4381
MSP-EWR,MSP,EWR,Minneapolis,Newark,Large,YX,Republic Airways,1686,1008.0,170.3,77.88,4.09,4.8,42.0,-7.43,130.5,22090,5531
ORD-MDT,ORD,MDT,Chicago,Harrisburg,Large,OO,SkyWest Airlines,1686,594.0,116.7,77.46,1.9,7.79,43.0,-3.29,80.5,15796,7746
MDT-ORD,MDT,ORD,Harrisburg,Chicago,Small,OO,SkyWest Airlines,1686,594.0,134.8,76.51,2.61,10.23,50.0,-5.35,97.6,20512,12017
KTN-SIT,KTN,SIT,Ketchikan,Sitka,Non-hub,AS,Alaska Airlines,1685,183.0,54.0,71.16,2.43,8.31,44.0,0.55,36.8,6377,13995
TVC-ORD,TVC,ORD,Traverse City,Chicago,Small,UA,United Airlines,1685,224.0,80.3,77.8,1.66,11.11,33.0,-0.69,45.5,21397,5839
CLT-LGA,CLT,LGA,Charlotte,New York,Large,NK,Spirit Airlines,1684,544.0,110.8,64.67,2.49,20.65,87.0,-4.38,78.8,30721,12421
SIT-KTN,SIT,KTN,Sitka,Ketchikan,Non-hub,AS,Alaska Airlines,1684,183.0,52.4,84.5,2.08,-2.85,20.8,-0.05,35.2,3184,9094
ORD-SDF,ORD,SDF,Chicago,Louisville,Large,OO,SkyWest Airlines,1683,286.0,89.1,76.65,1.72,8.18,50.0,-5.49,49.9,17649,9767
LGA-CLT,LGA,CLT,New York,Charlotte,Large,NK,Spirit Airlines,1682,544.0,126.0,75.92,2.85,6.36,57.0,-7.35,88.2,18164,9278
LAS-STL,LAS,STL,Las Vegas,St. Louis,Large,F9,Frontier Airlines,1680,1371.0,194.5,74.76,1.61,7.28,47.0,-4.69,162.1,14943,8656
EWR-MSP,EWR,MSP,Newark,Minneapolis,Large,YX,Republic Airways,1679,1008.0,193.2,80.29,3.81,-3.56,31.0,-7.95,154.6,9861,4026
STL-LAS,STL,LAS,St. Louis,Las Vegas,Medium,F9,Frontier Airlines,1678,1371.0,222.1,71.1,2.21,14.37,60.0,-8.23,187.9,18371,19943
LAS-LAX,LAS,LAX,Las Vegas,Los Angeles,Large,B6,JetBlue Airways,1676,236.0,74.5,62.95,2.74,21.58,77.0,-1.44,42.6,17275,26161
ANC-LAX,ANC,LAX,Anchorage,Los Angeles,Medium,AS,Alaska Airlines,1676,2345.0,317.3,79.18,0.72,0.17,26.0,-5.13,283.4,10648,3219
LAX-LAS,LAX,LAS,Los Angeles,Las Vegas,Large,B6,JetBlue Airways,1676,236.0,73.8,62.05,2.09,22.02,75.0,0.59,44.3,27911,13957
MKE-ATL,MKE,ATL,Milwaukee,Atlanta,Medium,WN,Southwest Airlines,1675,669.0,123.4,84.54,0.9,-1.46,26.0,-9.53,94.2,6251,6989
HRL-DFW,HRL,DFW,Harlingen,Dallas-Fort Worth,Small,OO,SkyWest Airlines,1675,461.0,104.1,78.63,3.76,10.35,42.0,-2.95,73.6,20313,9902
KOA-LIH,KOA,LIH,Kona,Lihue,Small,HA,Hawaiian Airlines,1675,263.0,55.2,92.24,0.36,0.52,11.0,0.73,40.3,1582,3548
DFW-HRL,DFW,HRL,Dallas-Fort Worth,Harlingen,Large,OO,SkyWest Airlines,1675,461.0,100.2,78.45,3.1,3.98,38.0,-6.43,67.9,11033,9126
EYW-LGA,EYW,LGA,Key West,New York,Small,YX,Republic Airways,1675,1207.0,188.8,64.0,2.51,20.35,74.6,-2.37,161.6,25945,14787
EWR-BOS,EWR,BOS,Newark,Boston,Large,B6,JetBlue Airways,1674,200.0,77.1,76.76,4.06,6.74,59.6,-6.85,40.8,14157,13090
LGA-EYW,LGA,EYW,New York,Key West,Large,YX,Republic Airways,1674,1207.0,216.9,76.46,2.09,3.19,41.0,-0.75,178.7,16102,3354
DTW-SYR,DTW,SYR,Detroit,Syracuse,Large,OO,SkyWest Airlines,1674,374.0,85.0,78.73,0.84,9.57,50.0,-4.97,54.6,26863,0
LIH-KOA,LIH,KOA,Lihue,Kona,Small,HA,Hawaiian Airlines,1674,263.0,52.8,80.17,0.24,6.31,30.0,0.27,39.7,2572,10530
SYR-DTW,SYR,DTW,Syracuse,Detroit,Small,OO,SkyWest Airlines,1674,374.0,96.7,79.99,1.14,9.24,48.0,-7.72,62.8,31914,0
SEA-CVG,SEA,CVG,Seattle,Cincinnati,Large,AS,Alaska Airlines,1673,1965.0,263.5,77.05,1.43,3.46,31.0,-4.25,229.5,10748,5108
CVG-SEA,CVG,SEA,Cincinnati,Seattle,Medium,AS,Alaska Airlines,1673,1965.0,301.5,76.81,1.85,2.44,37.0,-6.16,268.8,9657,9247
DCA-OMA,DCA,OMA,Washington,Omaha,Large,WN,Southwest Airlines,1672,1012.0,171.9,69.92,1.67,11.69,52.1,-6.8,145.6,13404,13796
MCO-PSE,MCO,PSE,Orlando,Ponce,Large,B6,JetBlue Airways,1672,1179.0,172.1,70.22,1.32,13.92,69.0,-4.58,144.7,18983,13548
OMA-DCA,OMA,DCA,Omaha,Washington,Medium,WN,Southwest Airlines,1672,1012.0,146.9,78.17,1.79,2.63,30.0,-5.78,124.9,7488,7510
GRB-DTW,GRB,DTW,Green Bay,Detroit,Small,9E,Endeavor Air,1672,287.0,79.2,91.69,0.54,-6.48,9.0,-7.99,46.5,6741,4212
DCA-PDX,DCA,PDX,Washington,Portland,Large,AS,Alaska Airlines,1671,2350.0,352.0,78.1,1.02,1.54,41.0,-8.42,317.4,10233,12238
PDX-DCA,PDX,DCA,Portland,Washington,Medium,AS,Alaska Airlines,1671,2350.0,298.6,78.16,0.78,3.76,30.0,-1.09,270.6,14490,2017
BOS-EWR,BOS,EWR,Boston,Newark,Large,B6,JetBlue Airways,1670,200.0,93.3,75.03,3.59,3.79,61.0,-10.67,50.9,21507,6126
PSE-MCO,PSE,MCO,Ponce,Orlando,Non-hub,B6,JetBlue Airways,1670,1179.0,185.4,75.57,1.56,7.53,51.8,-1.94,160.7,6478,21622
OAK-LIH,OAK,LIH,Oakland,Lihue,Medium,WN,Southwest Airlines,1670,2457.0,338.5,79.22,0.0,0.54,33.0,-10.4,309.1,11808,4654
DTW-GRB,DTW,GRB,Detroit,Green Bay,Large,9E,Endeavor Air,1670,287.0,82.9,90.72,0.54,-6.62,11.0,-9.13,51.2,7762,1826
LIH-OAK,LIH,OAK,Lihue,Oakland,Small,WN,Southwest Airlines,1670,2457.0,313.0,93.29,0.12,-8.8,10.0,-9.74,286.2,3753,547
RDU-LAS,RDU,LAS,Raleigh-durham,Las Vegas,Medium,DL,Delta Air Lines,1670,2026.0,302.6,89.94,0.48,-8.73,14.0,-13.26,267.3,7096,2099
LAS-RDU,LAS,RDU,Las Vegas,Raleigh-durham,Large,DL,Delta Air Lines,1668,2026.0,259.0,90.05,0.48,-5.13,13.0,-7.03,229.3,7694,2693
DEN-EAR,DEN,EAR,Denver,Kearney,Large,OO,SkyWest Airlines,1666,305.0,73.3,78.45,2.16,8.53,41.9,-3.42,47.1,18664,7109
DEN-ELP,DEN,ELP,Denver,El Paso,Large,UA,United Airlines,1665,563.0,110.5,75.74,0.6,9.33,50.0,-6.03,81.5,11092,15146
ROC-CLT,ROC,CLT,Rochester,Charlotte,Small,OH,PSA Airlines,1665,573.0,125.3,84.26,0.78,3.17,24.0,-3.55,92.3,8838,8080
ELP-DEN,ELP,DEN,El Paso,Denver,Small,UA,United Airlines,1664,563.0,114.2,82.15,0.78,6.78,40.0,-4.75,84.8,17473,7139
CLT-ROC,CLT,ROC,Charlotte,Rochester,Large,OH,PSA Airlines,1663,573.0,117.9,83.46,0.54,2.49,26.0,-3.15,80.8,8352,5717
EAR-DEN,EAR,DEN,Kearney,Denver,Non-hub,OO,SkyWest Airlines,1663,305.0,86.1,84.49,1.62,10.03,28.3,-5.25,53.7,25759,9637
AVL-DCA,AVL,DCA,Asheville,Washington,Small,OH,PSA Airlines,1663,384.0,94.5,72.46,3.67,9.15,55.6,-3.95,64.1,14043,15366
DCA-AVL,DCA,AVL,Washington,Asheville,Large,OH,PSA Airlines,1663,384.0,95.2,76.49,2.35,6.0,43.0,-1.64,63.8,11021,10644
SJC-HOU,SJC,HOU,San Jose,Houston,Medium,WN,Southwest Airlines,1662,1621.0,220.9,84.72,0.78,0.87,21.0,-5.91,196.7,7565,2122
HOU-SJC,HOU,SJC,Houston,San Jose,Medium,WN,Southwest Airlines,1662,1621.0,244.6,80.08,0.9,2.75,27.0,-8.57,219.2,8941,5422
OGG-LGB,OGG,LGB,Kahului,Long Beach,Medium,HA,Hawaiian Airlines,1662,2498.0,314.9,87.18,0.96,-3.79,17.0,-10.47,287.9,6193,1780
HOU-CMH,HOU,CMH,Houston,Columbus,Medium,WN,Southwest Airlines,1660,1000.0,147.2,69.34,0.96,12.38,46.0,-5.22,125.4,13779,11299
LGB-OGG,LGB,OGG,Long Beach,Kahului,Small,HA,Hawaiian Airlines,1660,2498.0,348.1,89.34,1.39,-7.4,12.0,-7.95,318.6,8156,238
LAX-MSY,LAX,MSY,Los Angeles,New Orleans,Large,WN,Southwest Airlines,1660,1670.0,218.6,77.05,1.2,5.17,29.0,-6.15,192.7,9208,6330
ATL-MKE,ATL,MKE,Atlanta,Milwaukee,Large,WN,Southwest Airlines,1659,669.0,122.2,79.51,1.08,4.26,34.0,-7.72,95.4,7488,9258
CLE-MIA,CLE,MIA,Cleveland,Miami,Medium,AA,American Airlines,1659,1080.0,179.6,84.33,1.93,-0.02,21.0,-6.9,144.9,14404,2856
IAD-BTV,IAD,BTV,Washington,Burlington,Medium,YX,Republic Airways,1657,441.0,97.7,83.71,2.29,2.37,27.0,-3.85,67.6,11692,5537
ABQ-IAH,ABQ,IAH,Albuquerque,Houston,Medium,UA,United Airlines,1657,744.0,127.0,86.66,1.33,1.57,19.0,-3.22,99.7,14222,2540
MIA-CLE,MIA,CLE,Miami,Cleveland,Large,AA,American Airlines,1657,1080.0,179.2,68.2,1.75,12.05,59.7,-5.47,142.7,18160,12139
IAH-ABQ,IAH,ABQ,Houston,Albuquerque,Large,UA,United Airlines,1656,744.0,139.3,73.49,0.97,11.23,55.0,-4.95,107.6,13936,12032
AMA-DFW,AMA,DFW,Amarillo,Dallas-Fort Worth,Small,YV,Mesa Airlines,1655,312.0,77.7,71.3,3.69,17.67,68.0,0.11,50.0,19039,17809
MSP-FWA,MSP,FWA,Minneapolis,Fort Wayne,Large,OO,SkyWest Airlines,1655,488.0,101.9,76.07,1.09,13.18,62.0,-6.67,67.8,36293,0
ORD-STL,ORD,STL,Chicago,St. Louis,Large,UA,United Airlines,1655,258.0,81.7,81.21,0.73,5.6,37.0,-5.2,46.5,10475,9122
FWA-MSP,FWA,MSP,Fort Wayne,Minneapolis,Small,OO,SkyWest Airlines,1654,488.0,116.8,82.04,0.79,6.13,52.4,-10.54,80.2,31468,0
RSW-CLE,RSW,CLE,Fort Myers,Cleveland,Medium,UA,United Airlines,1654,1025.0,160.6,85.55,1.45,-1.18,25.0,-5.01,133.9,7229,11311
CLT-STL,CLT,STL,Charlotte,St. Louis,Large,WN,Southwest Airlines,1654,575.0,122.2,80.77,1.33,2.15,30.0,-9.31,91.5,5828,8835
DFW-AMA,DFW,AMA,Dallas-Fort Worth,Amarillo,Large,YV,Mesa Airlines,1654,312.0,78.9,72.25,3.51,16.71,66.0,-4.07,51.5,17595,18896
CLE-RSW,CLE,RSW,Cleveland,Fort Myers,Medium,UA,United Airlines,1653,1025.0,166.7,86.39,1.27,-3.45,21.2,-6.12,139.9,9618,5190
CID-CLT,CID,CLT,Cedar Rapids,Charlotte,Small,OH,PSA Airlines,1650,742.0,138.6,84.42,1.64,2.44,23.0,-5.23,100.1,10126,9553
STL-CLT,STL,CLT,St. Louis,Charlotte,Medium,WN,Southwest Airlines,1649,575.0,105.2,75.14,1.21,7.44,37.0,-7.06,79.5,7999,12221
IND-CLT,IND,CLT,Indianapolis,Charlotte,Medium,YX,Republic Airways,1649,427.0,108.0,90.48,0.3,-2.57,13.0,-4.15,72.0,5902,2056
CLT-CID,CLT,CID,Charlotte,Cedar Rapids,Large,OH,PSA Airlines,1649,742.0,144.8,84.11,1.46,0.82,24.0,-3.94,107.8,7658,5315
CLT-IND,CLT,IND,Charlotte,Indianapolis,Large,YX,Republic Airways,1648,427.0,103.0,84.16,0.42,3.82,26.0,-2.76,69.4,8574,10088
DCA-SFO,DCA,SFO,Washington,San Francisco,Large,AS,Alaska Airlines,1648,2442.0,365.6,74.7,1.21,5.81,52.0,-7.43,327.8,13362,14025
EYW-PHL,EYW,PHL,Key West,Philadelphia,Small,AA,American Airlines,1647,1121.0,180.9,62.23,2.37,37.58,93.0,-5.54,152.7,33568,34101
SFO-DCA,SFO,DCA,San Francisco,Washington,Large,AS,Alaska Airlines,1647,2442.0,309.9,81.3,0.97,0.49,29.0,-4.27,280.5,12814,3109
JFK-PDX,JFK,PDX,New York,Portland,Large,AS,Alaska Airlines,1647,2454.0,374.8,76.68,2.25,1.23,46.0,-6.84,332.4,14908,8877
IAH-PNS,IAH,PNS,Houston,Pensacola,Large,UA,United Airlines,1647,489.0,95.7,68.91,1.76,20.32,68.6,-6.4,65.3,22990,17689
PHL-EYW,PHL,EYW,Philadelphia,Key West,Large,AA,American Airlines,1646,1121.0,191.6,79.16,1.82,4.03,39.0,-3.51,156.4,13219,9280
PNS-IAH,PNS,IAH,Pensacola,Houston,Small,UA,United Airlines,1646,489.0,106.1,87.91,1.88,1.02,15.0,-6.38,79.6,11788,8216
DTW-MDT,DTW,MDT,Detroit,Harrisburg,Large,OO,SkyWest Airlines,1646,371.0,85.2,79.1,0.97,10.12,44.0,-4.93,56.1,28089,0
ACY-MYR,ACY,MYR,Atlantic City,Myrtle Beach,Non-hub,NK,Spirit Airlines,1645,466.0,88.8,82.61,1.82,2.77,35.0,-2.9,69.4,12176,6972
MYR-ACY,MYR,ACY,Myrtle Beach,Atlantic City,Small,NK,Spirit Airlines,1645,466.0,84.9,81.64,1.88,1.79,35.0,-4.34,65.2,10020,9418
PDX-JFK,PDX,JFK,Portland,New York,Medium,AS,Alaska Airlines,1645,2454.0,317.8,70.94,1.76,8.8,47.0,-0.18,287.2,20142,4012
ATL-FLL,ATL,FLL,Atlanta,Fort Lauderdale,Large,B6,JetBlue Airways,1645,581.0,111.5,75.87,2.31,10.93,46.0,-2.94,85.2,18534,7236
HOU-JAX,HOU,JAX,Houston,Jacksonville,Medium,WN,Southwest Airlines,1645,816.0,124.0,72.58,1.28,10.01,43.0,-6.42,100.2,10902,10769
JFK-SNA,JFK,SNA,New York,Santa Ana,Large,AA,American Airlines,1644,2454.0,378.2,84.25,0.97,-6.01,23.0,-9.44,330.7,12295,2367
MDT-DTW,MDT,DTW,Harrisburg,Detroit,Small,OO,SkyWest Airlines,1644,371.0,97.1,82.54,0.97,9.97,44.0,-8.22,64.5,32683,0
EWR-BQN,EWR,BQN,Newark,Aguadilla,Large,UA,United Airlines,1644,1585.0,236.5,61.86,2.25,21.36,68.0,-4.76,197.8,28736,13538
FLL-ATL,FLL,ATL,Fort Lauderdale,Atlanta,Large,B6,JetBlue Airways,1644,581.0,114.1,58.94,2.31,23.41,84.7,-1.68,85.5,28664,14529
DFW-ECP,DFW,ECP,Dallas-Fort Worth,Panama City,Large,MQ,Envoy Air,1644,685.0,119.6,76.09,1.7,5.93,36.0,-1.66,92.1,10507,7945
SNA-JFK,SNA,JFK,Santa Ana,New York,Medium,AA,American Airlines,1644,2454.0,327.9,72.32,1.34,16.84,60.0,-9.05,289.4,34139,13054
JFK-BUR,JFK,BUR,New York,Burbank,Large,B6,JetBlue Airways,1644,2465.0,378.5,62.29,2.74,12.04,82.4,-12.15,333.2,27786,9568
DFW-MDT,DFW,MDT,Dallas-Fort Worth,Harrisburg,Large,AA,American Airlines,1643,1231.0,178.1,58.19,2.68,34.71,97.0,-4.33,147.7,27940,31911
ECP-DFW,ECP,DFW,Panama City,Dallas-Fort Worth,Small,MQ,Envoy Air,1643,685.0,141.8,78.76,1.89,5.19,39.0,-4.89,108.7,10576,10914
OMA-DEN,OMA,DEN,Omaha,Denver,Medium,OO,SkyWest Airlines,1643,472.0,111.3,82.59,1.58,1.78,26.0,-4.5,77.1,12729,5411
BQN-EWR,BQN,EWR,Aguadilla,Newark,Non-hub,UA,United Airlines,1643,1585.0,237.9,69.93,2.8,14.31,56.0,-9.25,208.0,9725,29391
DEN-OMA,DEN,OMA,Denver,Omaha,Large,OO,SkyWest Airlines,1641,472.0,94.5,82.69,1.28,4.02,30.0,-3.69,65.7,11808,3928
MDT-DFW,MDT,DFW,Harrisburg,Dallas-Fort Worth,Small,AA,American Airlines,1640,1231.0,213.8,82.5,2.74,7.72,25.0,-7.76,175.5,21213,8961
LIT-DCA,LIT,DCA,Little Rock,Washington,Small,MQ,Envoy Air,1640,888.0,144.6,86.59,0.73,-2.66,18.0,-3.36,118.6,7549,208
DCA-LIT,DCA,LIT,Washington,Little Rock,Large,MQ,Envoy Air,1640,888.0,163.9,68.41,2.01,15.81,65.0,-1.92,130.7,20758,13876
OKC-ORD,OKC,ORD,Oklahoma City,Chicago,Medium,MQ,Envoy Air,1639,693.0,129.5,78.46,0.98,5.23,41.5,-3.77,96.5,13102,9123
DTW-MYR,DTW,MYR,Detroit,Myrtle Beach,Large,DL,Delta Air Lines,1638,636.0,115.4,85.59,1.28,-1.11,21.8,-6.38,88.5,10399,2478
ORD-SJU,ORD,SJU,Chicago,San Juan,Large,AA,American Airlines,1638,2072.0,279.6,80.1,1.04,2.17,39.0,-8.29,246.0,14040,5867
AUS-MIA,AUS,MIA,Austin,Miami,Large,WN,Southwest Airlines,1638,1103.0,160.8,70.39,1.47,10.93,45.0,-4.71,135.8,17631,7616
MYR-DTW,MYR,DTW,Myrtle Beach,Detroit,Small,DL,Delta Air Lines,1638,636.0,116.8,88.58,1.53,-3.76,14.0,-5.74,91.3,3950,8538
MIA-AUS,MIA,AUS,Miami,Austin,Large,WN,Southwest Airlines,1637,1103.0,186.7,68.78,1.34,13.16,56.8,-3.71,157.4,15530,13534
ORD-OKC,ORD,OKC,Chicago,Oklahoma City,Large,MQ,Envoy Air,1637,693.0,139.3,77.95,0.98,4.57,43.0,-5.52,104.9,12791,7744
SJU-ORD,SJU,ORD,San Juan,Chicago,Medium,AA,American Airlines,1635,2072.0,319.9,75.41,1.1,16.14,47.0,-8.43,277.7,26138,17977
PSP-PHX,PSP,PHX,Palm Springs,Phoenix,Small,WN,Southwest Airlines,1635,261.0,66.5,82.14,1.1,2.5,26.0,-4.41,44.7,5561,7327
PDX-HNL,PDX,HNL,Portland,Honolulu,Medium,AS,Alaska Airlines,1634,2603.0,364.7,82.56,1.35,-4.54,22.0,-8.22,330.7,8214,1102
HNL-PDX,HNL,PDX,Honolulu,Portland,Medium,AS,Alaska Airlines,1634,2603.0,336.0,70.01,1.77,7.98,46.0,-5.4,302.8,9837,13153
MCO-RIC,MCO,RIC,Orlando,Richmond,Large,NK,Spirit Airlines,1633,667.0,119.0,74.59,2.2,10.69,48.0,-1.07,91.6,18436,5132
PHX-BOI,PHX,BOI,Phoenix,Boise,Large,AA,American Airlines,1632,735.0,129.1,78.8,1.04,12.95,43.0,-4.96,103.3,13497,18173
RIC-MCO,RIC,MCO,Richmond,Orlando,Medium,NK,Spirit Airlines,1632,667.0,131.9,68.44,2.63,18.42,83.0,-4.36,99.4,26415,12062
PHX-PSP,PHX,PSP,Phoenix,Palm Springs,Large,WN,Southwest Airlines,1632,261.0,66.7,82.41,0.98,1.39,25.0,-5.53,44.5,7142,3797
BUR-JFK,BUR,JFK,Burbank,New York,Medium,B6,JetBlue Airways,1632,2465.0,323.7,51.41,3.55,34.05,101.0,-4.95,287.8,32823,25861
PHL-FLL,PHL,FLL,Philadelphia,Fort Lauderdale,Large,F9,Frontier Airlines,1632,992.0,178.4,69.12,1.96,16.17,77.0,-4.66,143.1,24487,15033
BOS-MEM,BOS,MEM,Boston,Memphis,Large,YX,Republic Airways,1632,1139.0,205.5,74.69,3.55,2.92,53.0,-6.75,169.8,12496,10923
JAX-HOU,JAX,HOU,Jacksonville,Houston,Medium,WN,Southwest Airlines,1631,816.0,147.0,82.71,1.66,1.47,26.0,-9.41,121.3,7390,7656
BOI-PHX,BOI,PHX,Boise,Phoenix,Medium,AA,American Airlines,1631,735.0,127.9,82.22,1.16,13.28,33.0,-4.64,100.6,17089,16341
MEM-BOS,MEM,BOS,Memphis,Boston,Medium,YX,Republic Airways,1631,1139.0,179.3,90.07,0.92,-5.12,11.0,-7.99,146.9,10297,1947
FLL-PHL,FLL,PHL,Fort Lauderdale,Philadelphia,Large,F9,Frontier Airlines,1629,992.0,171.5,65.19,3.38,23.56,91.0,-5.97,133.8,19055,29156
LAX-LIH,LAX,LIH,Los Angeles,Lihue,Large,DL,Delta Air Lines,1629,2615.0,361.9,85.88,0.37,-2.83,26.0,-13.05,328.2,12463,3502
LIH-LAX,LIH,LAX,Lihue,Los Angeles,Small,DL,Delta Air Lines,1629,2615.0,328.7,89.26,1.41,-4.36,13.0,-8.16,298.4,7798,5361
DEN-GRR,DEN,GRR,Denver,Grand Rapids,Large,WN,Southwest Airlines,1629,1015.0,144.3,66.54,1.84,14.16,49.0,-4.37,120.5,15736,9623
ILM-DFW,ILM,DFW,Wilmington,Dallas-Fort Worth,Small,MQ,Envoy Air,1629,1106.0,200.6,82.93,1.1,-0.07,27.0,-5.99,166.4,8882,6448
GRR-DEN,GRR,DEN,Grand Rapids,Denver,Medium,WN,Southwest Airlines,1629,1015.0,171.0,75.14,1.9,4.32,35.0,-5.39,145.0,9639,7798
SAN-AUS,SAN,AUS,San Diego,Austin,Large,OO,SkyWest Airlines,1629,1164.0,176.7,75.75,1.04,8.55,43.0,-1.27,145.8,9804,12185
LAS-SFO,LAS,SFO,Las Vegas,San Francisco,Large,OO,SkyWest Airlines,1627,414.0,96.4,74.43,0.55,11.21,51.0,1.0,70.8,14691,9551
DFW-ILM,DFW,ILM,Dallas-Fort Worth,Wilmington,Large,MQ,Envoy Air,1627,1106.0,166.8,80.33,1.11,3.69,34.0,-5.19,135.3,10473,8096
DCA-MCI,DCA,MCI,Washington,Kansas City,Large,YX,Republic Airways,1626,949.0,174.3,79.03,2.28,2.13,28.0,-3.9,140.6,9020,6920
JFK-BNA,JFK,BNA,New York,Nashville,Large,OO,SkyWest Airlines,1624,765.0,161.7,72.04,2.83,13.25,68.0,-4.75,117.5,34627,0
LAS-EUG,LAS,EUG,Las Vegas,Eugene,Large,WN,Southwest Airlines,1624,700.0,131.9,77.52,0.74,4.77,34.0,-7.6,103.0,7548,8658
MCI-DCA,MCI,DCA,Kansas City,Washington,Medium,YX,Republic Airways,1624,949.0,151.0,83.93,2.16,-0.16,21.0,-1.63,124.4,8083,4106
BNA-JFK,BNA,JFK,Nashville,New York,Large,OO,SkyWest Airlines,1624,765.0,153.5,75.86,1.97,11.17,55.0,-3.72,118.2,29346,0
MEM-DTW,MEM,DTW,Memphis,Detroit,Medium,OO,SkyWest Airlines,1624,610.0,115.8,82.2,1.79,7.79,41.0,-5.68,85.3,24572,0
SAN-SLC,SAN,SLC,San Diego,Salt Lake City,Large,OO,SkyWest Airlines,1624,626.0,123.7,79.25,0.62,5.95,39.0,-1.46,91.9,9577,9151
OAK-ABQ,OAK,ABQ,Oakland,Albuquerque,Medium,WN,Southwest Airlines,1624,889.0,135.0,73.58,0.49,8.91,40.0,-6.37,111.5,8845,11441
EUG-LAS,EUG,LAS,Eugene,Las Vegas,Small,WN,Southwest Airlines,1623,700.0,120.7,75.91,1.29,7.77,39.3,-5.69,96.1,11898,7632
ABQ-SFO,ABQ,SFO,Albuquerque,San Francisco,Medium,OO,SkyWest Airlines,1623,896.0,166.8,79.05,0.68,6.09,37.0,-6.53,133.9,19677,5073
IND-LAS,IND,LAS,Indianapolis,Las Vegas,Medium,NK,Spirit Airlines,1623,1590.0,244.1,76.71,1.97,5.87,45.0,-7.81,214.7,16514,7920
ORD-ATL,ORD,ATL,Chicago,Atlanta,Large,MQ,Envoy Air,1622,606.0,123.4,79.22,1.48,1.57,34.0,-5.48,87.4,10689,5462
DTW-MEM,DTW,MEM,Detroit,Memphis,Large,OO,SkyWest Airlines,1622,610.0,123.3,77.31,1.73,9.35,55.0,-6.89,91.6,26082,0
SBP-DFW,SBP,DFW,San Luis Obispo,Dallas-Fort Worth,Small,AA,American Airlines,1622,1360.0,202.1,67.69,1.54,30.33,81.5,-6.01,167.8,33569,24177
HNL-MSP,HNL,MSP,Honolulu,Minneapolis,Medium,DL,Delta Air Lines,1621,3972.0,468.5,85.5,0.99,-2.29,20.1,-8.66,435.9,7620,7601
SFO-MCO,SFO,MCO,San Francisco,Orlando,Large,AS,Alaska Airlines,1621,2446.0,321.3,76.74,2.16,2.75,40.0,-2.99,284.4,16580,2458
MSP-HNL,MSP,HNL,Minneapolis,Honolulu,Large,DL,Delta Air Lines,1621,3972.0,528.3,83.34,0.74,-1.91,28.0,-12.51,491.2,18385,1106
DFW-SBP,DFW,SBP,Dallas-Fort Worth,San Luis Obispo,Large,AA,American Airlines,1621,1360.0,216.6,67.74,1.36,20.36,77.4,-5.18,185.8,22230,19963
ATL-ORD,ATL,ORD,Atlanta,Chicago,Large,MQ,Envoy Air,1620,606.0,135.1,75.8,1.54,8.69,48.0,-5.18,97.7,16731,10662
IMT-DTW,IMT,DTW,Iron Mountain,Detroit,Non-hub,OO,SkyWest Airlines,1620,344.0,83.3,81.6,1.6,8.12,46.0,-7.86,53.9,33923,0
DTW-IMT,DTW,IMT,Detroit,Iron Mountain,Large,OO,SkyWest Airlines,1620,344.0,89.1,81.17,0.86,7.41,41.0,-6.67,59.4,27005,0
SLC-SAN,SLC,SAN,Salt Lake City,San Diego,Large,OO,SkyWest Airlines,1620,626.0,121.6,80.86,0.56,4.17,31.0,-1.29,94.3,8934,7777
KOA-SAN,KOA,SAN,Kona,San Diego,Small,AS,Alaska Airlines,1619,2556.0,322.0,74.43,1.61,5.46,37.0,-2.33,296.3,8709,10950
DTW-TVC,DTW,TVC,Detroit,Traverse City,Large,DL,Delta Air Lines,1619,207.0,64.9,80.17,1.05,8.09,43.0,-4.71,38.9,16914,7034
PDX-OGG,PDX,OGG,Portland,Kahului,Medium,HA,Hawaiian Airlines,1619,2562.0,357.7,82.83,0.8,5.52,25.5,-3.56,329.4,21923,0
ORD-PWM,ORD,PWM,Chicago,Portland,Large,UA,United Airlines,1618,900.0,143.7,80.04,1.36,4.35,36.9,-6.38,109.9,9457,9628
BNA-LAS,BNA,LAS,Nashville,Las Vegas,Large,NK,Spirit Airlines,1618,1587.0,242.5,72.19,1.92,12.3,54.0,-5.87,214.2,18000,12086
SFO-ABQ,SFO,ABQ,San Francisco,Albuquerque,Large,OO,SkyWest Airlines,1618,896.0,152.5,83.31,0.49,4.17,33.0,-5.38,118.3,14141,5532
TVC-DTW,TVC,DTW,Traverse City,Detroit,Small,DL,Delta Air Lines,1618,207.0,68.4,85.54,1.11,2.56,23.0,-3.96,36.1,15138,2919
MCO-SFO,MCO,SFO,Orlando,San Francisco,Large,AS,Alaska Airlines,1617,2446.0,361.5,64.69,2.54,14.45,71.7,-4.48,326.3,15398,19180
PWM-ORD,PWM,ORD,Portland,Chicago,Small,UA,United Airlines,1617,900.0,169.7,76.93,1.92,9.72,38.0,-1.83,132.6,20104,6402
OGG-PDX,OGG,PDX,Kahului,Portland,Medium,HA,Hawaiian Airlines,1617,2562.0,326.1,75.76,0.19,5.3,36.0,-6.88,301.8,13148,4307
MSP-AUS,MSP,AUS,Minneapolis,Austin,Large,WN,Southwest Airlines,1617,1042.0,164.8,80.33,0.93,2.3,29.0,-5.54,138.2,7679,6887
SAN-KOA,SAN,KOA,San Diego,Kona,Large,AS,Alaska Airlines,1616,2556.0,364.3,75.74,1.24,4.1,37.0,-2.14,324.8,15368,3352
LAS-BNA,LAS,BNA,Las Vegas,Nashville,Large,NK,Spirit Airlines,1616,1587.0,214.2,78.53,1.86,6.48,38.5,-2.68,185.5,16909,2334
LAS-IND,LAS,IND,Las Vegas,Indianapolis,Large,NK,Spirit Airlines,1616,1590.0,213.1,78.59,1.55,5.4,35.0,-3.39,185.2,13516,4720
SEA-CLE,SEA,CLE,Seattle,Cleveland,Large,AS,Alaska Airlines,1616,2021.0,269.2,75.06,0.87,3.79,31.0,-4.17,232.2,10164,4723
ORD-ANC,ORD,ANC,Chicago,Anchorage,Large,UA,United Airlines,1615,2846.0,404.6,82.35,0.5,-0.66,31.7,-10.57,364.3,9425,7082
ANC-ORD,ANC,ORD,Anchorage,Chicago,Medium,UA,United Airlines,1615,2846.0,370.5,80.56,1.11,3.61,31.0,-9.52,332.7,11569,9308
OKC-DFW,OKC,DFW,Oklahoma City,Dallas-Fort Worth,Medium,OO,SkyWest Airlines,1614,175.0,69.1,71.19,2.17,16.8,58.0,1.24,36.9,24841,9289
LIH-SEA,LIH,SEA,Lihue,Seattle,Small,DL,Delta Air Lines,1613,2701.0,347.0,90.2,1.55,-11.16,8.0,-12.97,312.6,4764,4016
DFW-OKC,DFW,OKC,Dallas-Fort Worth,Oklahoma City,Large,OO,SkyWest Airlines,1613,175.0,71.8,77.62,2.23,7.62,45.0,-5.38,36.6,15642,7269
MYR-BDL,MYR,BDL,Myrtle Beach,Windsor Locks,Small,NK,Spirit Airlines,1613,664.0,110.0,86.42,2.67,-2.24,18.0,-3.83,89.0,5869,5793
SEA-LIH,SEA,LIH,Seattle,Lihue,Large,DL,Delta Air Lines,1613,2701.0,375.4,81.71,0.74,0.64,31.0,-11.87,338.5,13405,5660
BNA-ORD,BNA,ORD,Nashville,Chicago,Large,YX,Republic Airways,1612,409.0,115.2,80.83,2.17,3.23,32.6,-4.18,76.5,10690,9172
BDL-MYR,BDL,MYR,Windsor Locks,Myrtle Beach,Medium,NK,Spirit Airlines,1612,664.0,118.3,81.58,2.61,2.03,33.0,-2.33,96.3,10681,6434
DFW-BFL,DFW,BFL,Dallas-Fort Worth,Bakersfield,Large,AA,American Airlines,1612,1271.0,205.6,60.67,1.92,29.5,95.0,-6.52,174.3,26128,28371
BFL-DFW,BFL,DFW,Bakersfield,Dallas-Fort Worth,Non-hub,AA,American Airlines,1611,1271.0,189.7,77.41,1.99,13.99,49.0,-6.3,156.6,19676,15503
EWR-STT,EWR,STT,Newark,St. Thomas,Large,UA,United Airlines,1610,1634.0,240.5,82.48,0.75,-1.12,29.7,-5.78,206.1,10370,3731
IAH-TUS,IAH,TUS,Houston,Tucson,Large,OO,SkyWest Airlines,1610,936.0,162.8,76.34,1.74,9.8,54.0,-4.14,133.9,16455,7873
CHS-FLL,CHS,FLL,Charleston,Fort Lauderdale,Medium,B6,JetBlue Airways,1609,470.0,98.3,76.44,2.05,11.63,53.5,-3.87,73.7,16794,13814
AUS-MSP,AUS,MSP,Austin,Minneapolis,Large,WN,Southwest Airlines,1609,1042.0,158.5,74.46,0.93,7.32,38.0,-5.98,135.8,7806,11315
LAS-OGG,LAS,OGG,Las Vegas,Kahului,Large,HA,Hawaiian Airlines,1608,2695.0,367.9,78.3,0.5,13.53,32.0,-4.4,341.5,30717,2553
OGG-LAS,OGG,LAS,Kahului,Las Vegas,Medium,HA,Hawaiian Airlines,1608,2695.0,335.0,78.42,0.31,5.25,31.0,-4.88,309.9,12120,4869
FLL-CHS,FLL,CHS,Fort Lauderdale,Charleston,Large,B6,JetBlue Airways,1607,470.0,99.6,70.01,2.18,14.72,71.0,-1.4,73.7,21500,10842
TUS-IAH,TUS,IAH,Tucson,Houston,Medium,OO,SkyWest Airlines,1607,936.0,150.9,87.43,1.06,2.01,17.0,-2.5,124.8,11477,2071
ANC-DFW,ANC,DFW,Anchorage,Dallas-Fort Worth,Medium,AA,American Airlines,1606,3043.0,389.0,68.56,0.68,28.02,61.1,-10.16,352.0,33613,21940
MAF-DFW,MAF,DFW,Midland,Dallas-Fort Worth,Small,OO,SkyWest Airlines,1606,309.0,83.7,76.15,2.12,12.06,56.3,-0.91,51.7,25547,3587
DFW-ANC,DFW,ANC,Dallas-Fort Worth,Anchorage,Large,AA,American Airlines,1606,3043.0,413.2,66.0,0.56,19.38,62.0,-5.99,382.8,25593,13493
LGB-STL,LGB,STL,Long Beach,St. Louis,Small,WN,Southwest Airlines,1605,1581.0,210.3,85.3,0.37,-0.65,20.0,-8.7,185.7,5512,4403
DFW-MAF,DFW,MAF,Dallas-Fort Worth,Midland,Large,OO,SkyWest Airlines,1605,309.0,85.3,78.19,2.06,7.27,48.1,-4.13,51.4,20174,3859
SJC-PDX,SJC,PDX,San Jose,Portland,Medium,AS,Alaska Airlines,1605,569.0,107.1,89.1,2.24,-4.32,13.0,-1.85,85.4,3029,4329
MSY-LAX,MSY,LAX,New Orleans,Los Angeles,Medium,WN,Southwest Airlines,1605,1670.0,253.8,69.47,1.06,10.91,44.7,-9.84,224.6,10600,12512
STL-LGB,STL,LGB,St. Louis,Long Beach,Medium,WN,Southwest Airlines,1605,1581.0,237.9,76.82,0.62,4.58,36.0,-7.83,215.1,8458,9203
LGA-TPA,LGA,TPA,New York,Tampa,Large,WN,Southwest Airlines,1605,1010.0,182.9,68.54,3.36,12.13,69.0,-10.2,146.8,15687,15396
EWR-MEM,EWR,MEM,Newark,Memphis,Large,YX,Republic Airways,1604,946.0,184.6,73.13,5.3,2.1,49.0,-9.55,141.0,12128,10459
DFW-ABQ,DFW,ABQ,Dallas-Fort Worth,Albuquerque,Large,MQ,Envoy Air,1604,569.0,115.8,81.23,1.81,2.41,30.0,-3.35,87.4,7810,5802
ABQ-DFW,ABQ,DFW,Albuquerque,Dallas-Fort Worth,Medium,MQ,Envoy Air,1604,569.0,110.0,78.49,1.93,5.02,42.0,-2.81,81.3,10916,8516
MEM-EWR,MEM,EWR,Memphis,Newark,Medium,YX,Republic Airways,1603,946.0,165.1,73.36,4.12,9.0,57.0,-5.35,127.8,25891,4412
MYR-DTW,MYR,DTW,Myrtle Beach,Detroit,Small,NK,Spirit Airlines,1603,636.0,118.4,83.03,2.0,1.83,33.1,-5.73,91.8,10413,8030
IAD-SDF,IAD,SDF,Washington,Louisville,Medium,YX,Republic Airways,1603,451.0,110.6,83.78,0.94,1.24,32.0,-6.58,75.4,11913,6718
STL-ORD,STL,ORD,St. Louis,Chicago,Medium,UA,United Airlines,1603,258.0,81.1,67.06,0.75,21.36,68.1,2.64,49.4,27548,11067
DEN-FLL,DEN,FLL,Denver,Fort Lauderdale,Large,NK,Spirit Airlines,1602,1703.0,228.3,68.73,2.87,14.43,63.0,-3.01,200.1,21830,8027
SBA-PHX,SBA,PHX,Santa Barbara,Phoenix,Small,OO,SkyWest Airlines,1601,455.0,96.3,84.32,0.75,6.02,30.0,-1.38,68.9,14880,6928
DTW-MYR,DTW,MYR,Detroit,Myrtle Beach,Large,NK,Spirit Airlines,1601,636.0,112.3,84.32,1.0,2.35,26.0,-4.95,88.6,10715,4767
PHX-SBA,PHX,SBA,Phoenix,Santa Barbara,Large,OO,SkyWest Airlines,1601,455.0,100.3,83.45,0.62,3.72,29.0,-1.33,72.5,11907,3339
FLL-DEN,FLL,DEN,Fort Lauderdale,Denver,Large,NK,Spirit Airlines,1601,1703.0,265.5,66.4,2.06,12.61,61.0,-7.31,231.9,21827,6546
SBA-DEN,SBA,DEN,Santa Barbara,Denver,Small,WN,Southwest Airlines,1601,916.0,145.1,80.45,1.81,0.65,32.0,-8.39,117.1,8616,5205
HDN-DEN,HDN,DEN,Hayden,Denver,Non-hub,UA,United Airlines,1598,141.0,70.7,70.15,2.38,10.59,64.2,-3.91,31.2,20498,13792
DEN-SBA,DEN,SBA,Denver,Santa Barbara,Large,WN,Southwest Airlines,1598,916.0,155.6,74.22,1.44,5.47,41.0,-8.07,129.0,8829,8308
DEN-HDN,DEN,HDN,Denver,Hayden,Large,UA,United Airlines,1598,141.0,58.5,68.9,2.07,16.28,58.0,-3.17,31.9,21110,12149
TPA-LGA,TPA,LGA,Tampa,New York,Large,WN,Southwest Airlines,1597,1010.0,161.4,75.77,3.38,7.09,43.6,-6.53,133.3,13446,6338
PDX-SJC,PDX,SJC,Portland,San Jose,Medium,AS,Alaska Airlines,1597,569.0,106.9,85.91,2.32,-1.04,19.0,-1.13,85.8,6620,2844
CAE-DFW,CAE,DFW,Columbia,Dallas-Fort Worth,Small,MQ,Envoy Air,1597,922.0,175.1,80.28,1.94,3.69,29.0,-5.58,142.9,9775,6937
DFW-CAE,DFW,CAE,Dallas-Fort Worth,Columbia,Large,MQ,Envoy Air,1597,922.0,140.4,81.53,1.82,4.04,29.0,-1.76,113.9,8842,4721
MDW-DFW,MDW,DFW,Chicago,Dallas-Fort Worth,Large,F9,Frontier Airlines,1594,797.0,153.6,66.0,2.63,17.92,81.5,-2.03,116.7,20063,20865
DFW-GGG,DFW,GGG,Dallas-Fort Worth,Longview,Large,OO,SkyWest Airlines,1594,140.0,60.2,80.24,2.76,6.33,39.0,-4.24,28.9,18845,4004
MIA-RDU,MIA,RDU,Miami,Raleigh-durham,Large,MQ,Envoy Air,1594,700.0,132.6,83.81,0.56,2.64,28.0,-3.15,103.8,9681,4224
CHS-IAD,CHS,IAD,Charleston,Washington,Medium,YX,Republic Airways,1594,441.0,97.5,83.44,1.88,1.05,24.0,-2.25,67.9,7586,7075
DFW-MDW,DFW,MDW,Dallas-Fort Worth,Chicago,Large,F9,Frontier Airlines,1594,797.0,139.8,66.75,2.7,21.2,80.8,-4.94,106.6,17588,24959
GGG-DFW,GGG,DFW,Longview,Dallas-Fort Worth,Non-hub,OO,SkyWest Airlines,1594,140.0,69.3,79.11,2.45,12.31,53.0,-3.23,36.0,28330,4902
RDU-MIA,RDU,MIA,Raleigh-durham,Miami,Medium,MQ,Envoy Air,1593,700.0,131.3,78.22,0.82,5.17,39.0,-3.64,105.4,10608,8088
MSY-SAT,MSY,SAT,New Orleans,San Antonio,Medium,WN,Southwest Airlines,1593,494.0,97.6,76.77,0.69,9.16,41.0,-5.42,77.3,6316,14400
MSN-DCA,MSN,DCA,Madison,Washington,Small,OH,PSA Airlines,1593,707.0,127.6,76.21,2.01,11.1,53.0,-1.37,97.7,16374,15652
DTW-ATW,DTW,ATW,Detroit,Appleton,Large,9E,Endeavor Air,1591,296.0,84.7,87.24,0.75,-0.88,17.0,-2.8,57.2,8477,1628
STT-EWR,STT,EWR,St. Thomas,Newark,Small,UA,United Airlines,1591,1634.0,265.0,77.94,1.82,0.06,31.4,-4.93,231.9,10202,7556
DCA-MSN,DCA,MSN,Washington,Madison,Large,OH,PSA Airlines,1591,707.0,140.2,72.47,2.26,12.35,66.8,-4.4,105.5,15248,18150
ATW-DTW,ATW,DTW,Appleton,Detroit,Small,9E,Endeavor Air,1591,296.0,82.0,84.54,0.63,2.62,28.0,-5.91,48.2,13481,6130
PBI-PVD,PBI,PVD,West Palm Beach,Providence,Medium,B6,JetBlue Airways,1591,1148.0,172.9,78.76,1.19,7.38,50.0,-3.98,148.3,12262,12096
ATL-FSD,ATL,FSD,Atlanta,Sioux Falls,Large,DL,Delta Air Lines,1590,954.0,159.0,74.84,1.45,10.21,48.0,-3.44,133.1,21418,4239
BUF-DEN,BUF,DEN,Buffalo,Denver,Medium,WN,Southwest Airlines,1590,1359.0,216.9,78.11,1.95,1.94,30.0,-8.22,189.8,8569,6231
SAT-MSY,SAT,MSY,San Antonio,New Orleans,Medium,WN,Southwest Airlines,1590,494.0,85.3,84.59,0.69,0.66,21.0,-5.6,64.9,4166,6347
PVD-PBI,PVD,PBI,Providence,West Palm Beach,Small,B6,JetBlue Airways,1590,1148.0,188.8,69.37,1.51,12.98,67.0,-3.03,164.8,19175,14612
FSD-ATL,FSD,ATL,Sioux Falls,Atlanta,Small,DL,Delta Air Lines,1589,954.0,152.5,79.74,1.57,9.95,30.0,-4.18,120.1,24281,1933
BGR-JFK,BGR,JFK,Bangor,New York,Small,9E,Endeavor Air,1589,382.0,103.0,81.37,4.59,2.29,30.0,-6.86,66.2,16121,7770
JFK-BGR,JFK,BGR,New York,Bangor,Large,9E,Endeavor Air,1589,382.0,97.2,79.23,4.85,2.2,29.1,-5.79,59.2,13220,5642
SFO-HNL,SFO,HNL,San Francisco,Honolulu,Large,AS,Alaska Airlines,1589,2398.0,341.2,75.77,0.76,3.0,35.0,-4.26,302.9,12026,4353
BNA-DEN,BNA,DEN,Nashville,Denver,Large,F9,Frontier Airlines,1589,1014.0,182.1,75.39,1.95,6.49,49.4,-3.87,145.8,14512,10244
AUS-SAN,AUS,SAN,Austin,San Diego,Large,OO,SkyWest Airlines,1589,1164.0,189.1,77.78,1.32,9.26,32.0,0.03,164.7,10593,8800
IAH-LIT,IAH,LIT,Houston,Little Rock,Large,OO,SkyWest Airlines,1588,374.0,91.1,76.95,2.02,11.62,56.8,-3.85,58.6,19045,8614
DFW-GJT,DFW,GJT,Dallas-Fort Worth,Grand Junction,Large,OO,SkyWest Airlines,1588,773.0,148.5,78.34,2.02,6.25,35.9,-3.57,112.8,16495,4709
HNL-SFO,HNL,SFO,Honolulu,San Francisco,Medium,AS,Alaska Airlines,1588,2398.0,312.9,76.45,1.13,6.13,42.0,-5.08,278.5,7798,12511
DEN-BNA,DEN,BNA,Denver,Nashville,Large,F9,Frontier Airlines,1588,1014.0,157.6,74.81,1.39,7.04,52.5,-5.13,124.5,11635,11072
SLC-BIL,SLC,BIL,Salt Lake City,Billings,Large,DL,Delta Air Lines,1587,387.0,83.0,84.25,0.69,3.47,26.0,-5.57,55.7,15482,3531
CVG-DCA,CVG,DCA,Cincinnati,Washington,Medium,MQ,Envoy Air,1586,411.0,90.1,76.67,1.89,6.29,34.0,-2.52,64.0,10004,7625
BIL-SLC,BIL,SLC,Billings,Salt Lake City,Small,DL,Delta Air Lines,1586,387.0,84.1,90.42,0.82,0.1,10.0,-3.79,58.2,18367,1136
DCA-CLE,DCA,CLE,Washington,Cleveland,Large,YX,Republic Airways,1586,310.0,91.5,79.7,1.95,1.71,38.0,-3.02,56.7,9433,7046
PHX-MRY,PHX,MRY,Phoenix,Monterey,Large,YV,Mesa Airlines,1585,598.0,117.1,73.69,1.96,12.73,59.0,-3.3,91.3,15509,13936
MSP-FSD,MSP,FSD,Minneapolis,Sioux Falls,Large,DL,Delta Air Lines,1585,196.0,63.1,75.71,1.32,10.18,46.0,-4.01,36.2,21447,6086
MRY-PHX,MRY,PHX,Monterey,Phoenix,Small,YV,Mesa Airlines,1585,598.0,112.0,80.76,2.08,9.12,47.0,-3.75,84.7,9611,17631
ECP-STL,ECP,STL,Panama City,St. Louis,Small,WN,Southwest Airlines,1585,634.0,108.8,81.77,0.63,3.64,31.0,-4.18,90.0,5881,8506
STL-ECP,STL,ECP,St. Louis,Panama City,Medium,WN,Southwest Airlines,1585,634.0,105.0,79.31,0.82,4.7,30.0,-3.26,86.5,6981,7224
DCA-CVG,DCA,CVG,Washington,Cincinnati,Large,MQ,Envoy Air,1585,411.0,106.5,82.78,1.39,0.74,27.8,-7.89,70.1,5501,7658
CLE-DCA,CLE,DCA,Cleveland,Washington,Medium,YX,Republic Airways,1584,310.0,85.1,84.6,1.83,-0.55,26.7,-5.27,54.7,7036,8110
DFW-CMH,DFW,CMH,Dallas-Fort Worth,Columbus,Large,MQ,Envoy Air,1584,926.0,151.1,77.15,0.82,8.04,49.0,-3.66,118.4,10142,11292
FSD-MSP,FSD,MSP,Sioux Falls,Minneapolis,Small,DL,Delta Air Lines,1584,196.0,66.7,85.1,1.39,9.45,25.9,-4.97,35.4,25902,1442
DFW-LGA,DFW,LGA,Dallas-Fort Worth,New York,Large,NK,Spirit Airlines,1584,1389.0,204.7,78.91,1.52,3.31,40.0,-8.16,172.8,16579,3120
SNA-OAK,SNA,OAK,Santa Ana,Oakland,Medium,NK,Spirit Airlines,1583,371.0,81.9,86.92,1.33,-0.56,19.0,-2.91,62.0,4885,5952
MCI-MSY,MCI,MSY,Kansas City,New Orleans,Medium,WN,Southwest Airlines,1583,689.0,112.2,80.1,0.76,4.42,29.4,-4.45,91.7,5432,9052
GJT-DFW,GJT,DFW,Grand Junction,Dallas-Fort Worth,Small,OO,SkyWest Airlines,1583,773.0,135.1,76.82,2.27,11.47,47.3,-1.5,101.9,25114,5444
PHL-BDL,PHL,BDL,Philadelphia,Windsor Locks,Large,OH,PSA Airlines,1583,196.0,72.6,81.74,2.91,4.49,34.0,-4.17,40.8,7478,11196
LGA-DFW,LGA,DFW,New York,Dallas-Fort Worth,Large,NK,Spirit Airlines,1583,1389.0,240.5,75.74,2.27,3.63,48.0,-10.39,196.9,18392,6798
SAN-EWR,SAN,EWR,San Diego,Newark,Large,AS,Alaska Airlines,1582,2425.0,326.7,68.71,1.77,12.64,56.0,-2.2,284.6,28051,2721
OAK-SNA,OAK,SNA,Oakland,Santa Ana,Medium,NK,Spirit Airlines,1582,371.0,86.0,85.46,1.45,0.01,21.0,-3.08,66.0,5001,6406
ORD-STL,ORD,STL,Chicago,St. Louis,Large,YX,Republic Airways,1581,258.0,84.6,82.48,1.9,2.85,33.0,-5.17,48.1,8520,9381
CHS-DEN,CHS,DEN,Charleston,Denver,Medium,WN,Southwest Airlines,1581,1449.0,231.6,72.23,1.96,7.01,45.0,-6.96,204.0,12500,9380
PHX-ANC,PHX,ANC,Phoenix,Anchorage,Large,AS,Alaska Airlines,1581,2552.0,357.1,74.19,0.57,2.49,42.0,-6.63,327.0,11067,8225
CMH-DFW,CMH,DFW,Columbus,Dallas-Fort Worth,Medium,MQ,Envoy Air,1580,926.0,175.6,83.73,0.76,1.71,25.0,-5.5,138.9,14347,4619
EWR-SAN,EWR,SAN,Newark,San Diego,Large,AS,Alaska Airlines,1580,2425.0,367.4,66.84,2.47,13.39,76.0,-8.2,322.6,15420,21350
PWM-ORD,PWM,ORD,Portland,Chicago,Small,YX,Republic Airways,1580,900.0,177.8,81.71,2.47,2.16,33.0,-5.52,137.1,13401,6733
OGG-PHX,OGG,PHX,Kahului,Phoenix,Medium,WN,Southwest Airlines,1579,2845.0,348.9,89.55,0.13,-7.62,14.0,-9.33,322.2,5039,1405
BDL-PHL,BDL,PHL,Windsor Locks,Philadelphia,Medium,OH,PSA Airlines,1579,196.0,77.8,84.23,2.66,3.53,28.0,-3.47,51.5,10111,11349
ANC-PHX,ANC,PHX,Anchorage,Phoenix,Medium,AS,Alaska Airlines,1579,2552.0,328.1,82.84,0.95,-0.62,24.0,-2.3,302.7,7909,2349
PHX-OGG,PHX,OGG,Phoenix,Kahului,Large,WN,Southwest Airlines,1579,2845.0,392.2,74.86,0.19,3.05,34.0,-6.87,360.4,14747,1394
DEN-CHS,DEN,CHS,Denver,Charleston,Large,WN,Southwest Airlines,1578,1449.0,193.3,66.48,1.9,13.34,46.8,-4.84,166.5,14828,8215
DFW-TRI,DFW,TRI,Dallas-Fort Worth,BRISTOL,Large,MQ,Envoy Air,1578,868.0,142.2,83.27,0.95,-0.07,27.0,-4.48,110.8,6739,5414
TRI-DFW,TRI,DFW,BRISTOL,Dallas-Fort Worth,Non-hub,MQ,Envoy Air,1577,868.0,164.8,83.58,0.95,0.97,30.0,-6.06,131.7,9806,6900
ATL-MIA,ATL,MIA,Atlanta,Miami,Large,NK,Spirit Airlines,1576,594.0,117.0,69.86,1.27,17.2,74.0,-5.09,87.7,24612,11104
PHX-IAH,PHX,IAH,Phoenix,Houston,Large,AA,American Airlines,1576,1009.0,160.7,78.55,0.89,9.86,48.0,-5.11,127.1,13657,12890
OAK-LIH,OAK,LIH,Oakland,Lihue,Medium,HA,Hawaiian Airlines,1575,2457.0,333.5,88.44,1.4,-3.89,15.0,-3.34,309.9,8458,0
LIH-OAK,LIH,OAK,Lihue,Oakland,Small,HA,Hawaiian Airlines,1575,2457.0,316.1,81.08,0.63,2.31,24.0,-6.87,290.8,8171,4137
MIA-ATL,MIA,ATL,Miami,Atlanta,Large,NK,Spirit Airlines,1575,594.0,118.7,74.79,1.59,12.81,61.0,-1.59,87.1,20466,8044
PHX-SFO,PHX,SFO,Phoenix,San Francisco,Large,F9,Frontier Airlines,1574,651.0,131.7,72.49,1.46,10.76,62.0,-4.51,100.2,18131,11361
SFO-PHX,SFO,PHX,San Francisco,Phoenix,Large,F9,Frontier Airlines,1574,651.0,124.9,63.91,1.65,21.4,86.0,-6.24,91.5,10839,33073
ELP-DEN,ELP,DEN,El Paso,Denver,Small,OO,SkyWest Airlines,1574,563.0,119.9,80.69,2.03,10.96,41.6,-3.28,89.2,22546,6595
IAH-PHX,IAH,PHX,Houston,Phoenix,Large,AA,American Airlines,1574,1009.0,176.7,81.96,0.95,16.43,44.0,-8.76,140.8,25896,16484
MIA-GNV,MIA,GNV,Miami,Gainesville,Large,MQ,Envoy Air,1574,294.0,76.6,79.92,1.78,3.64,31.0,-2.53,50.4,8385,6564
DTW-IND,DTW,IND,Detroit,Indianapolis,Large,DL,Delta Air Lines,1573,231.0,68.9,80.1,0.64,4.39,37.0,-4.67,42.1,11772,5420
PHX-RDU,PHX,RDU,Phoenix,Raleigh-durham,Large,AA,American Airlines,1573,1891.0,249.6,77.5,0.7,8.11,44.2,-6.25,220.7,11667,13104
BDL-MCO,BDL,MCO,Windsor Locks,Orlando,Medium,NK,Spirit Airlines,1573,1050.0,178.9,71.9,2.92,10.82,54.0,-1.4,148.1,17326,9220
PHL-LAS,PHL,LAS,Philadelphia,Las Vegas,Large,NK,Spirit Airlines,1572,2176.0,330.2,73.85,2.99,3.92,51.0,-10.79,293.3,18808,4420
IND-DTW,IND,DTW,Indianapolis,Detroit,Medium,DL,Delta Air Lines,1572,231.0,71.8,91.48,0.64,-3.96,10.0,-4.96,41.1,6906,2175
DEN-BUF,DEN,BUF,Denver,Buffalo,Large,WN,Southwest Airlines,1572,1359.0,182.1,56.42,2.1,20.84,68.0,-4.93,157.4,16118,18511
LAS-PHL,LAS,PHL,Las Vegas,Philadelphia,Large,NK,Spirit Airlines,1572,2176.0,283.2,76.84,2.54,2.83,35.0,-6.89,247.3,13217,3158
RDU-PHX,RDU,PHX,Raleigh-durham,Phoenix,Medium,AA,American Airlines,1571,1891.0,294.7,84.6,0.83,2.21,23.0,-7.64,260.3,10867,7556
ORF-MIA,ORF,MIA,Norfolk,Miami,Medium,AA,American Airlines,1571,802.0,146.2,82.62,2.42,10.48,32.3,-6.39,113.9,19956,12870
MIA-ORF,MIA,ORF,Miami,Norfolk,Large,AA,American Airlines,1571,802.0,144.9,70.21,2.23,19.49,56.0,-8.66,108.8,26410,13676
GNV-MIA,GNV,MIA,Gainesville,Miami,Non-hub,MQ,Envoy Air,1571,294.0,71.9,85.23,2.04,3.43,20.0,-1.37,52.6,7690,6713
MCO-BDL,MCO,BDL,Orlando,Windsor Locks,Large,NK,Spirit Airlines,1571,1050.0,162.4,68.3,3.06,15.55,67.0,-1.28,136.0,21418,7710
ATL-FWA,ATL,FWA,Atlanta,Fort Wayne,Large,9E,Endeavor Air,1571,508.0,105.1,90.9,0.83,-3.64,11.0,-6.69,74.6,6833,2237
FWA-ATL,FWA,ATL,Fort Wayne,Atlanta,Small,9E,Endeavor Air,1571,508.0,116.0,87.27,0.83,-3.56,20.0,-11.46,81.3,12012,4531
DEN-ACV,DEN,ACV,Denver,Arcata CA,Large,OO,SkyWest Airlines,1570,1026.0,180.3,76.94,0.51,7.78,36.0,-0.16,150.5,13724,3940
DEN-AUS,DEN,AUS,Denver,Austin,Large,F9,Frontier Airlines,1570,775.0,134.7,75.48,1.59,5.52,51.0,-5.43,102.5,12248,8984
LAX-HNL,LAX,HNL,Los Angeles,Honolulu,Large,AS,Alaska Airlines,1570,2556.0,369.8,83.57,1.15,-5.43,23.4,-9.54,325.4,9948,1466
ONT-MDW,ONT,MDW,Ontario,Chicago,Medium,WN,Southwest Airlines,1569,1706.0,228.5,87.25,0.89,-2.56,17.0,-8.87,203.7,5602,2098
LIT-IAH,LIT,IAH,Little Rock,Houston,Small,OO,SkyWest Airlines,1568,374.0,100.9,74.87,2.3,12.66,45.0,-0.74,69.0,22777,6432
PHL-CMH,PHL,CMH,Philadelphia,Columbus,Large,AA,American Airlines,1568,406.0,99.6,75.83,2.23,12.47,61.8,-2.84,65.5,13052,16711
AUS-DEN,AUS,DEN,Austin,Denver,Large,F9,Frontier Airlines,1568,775.0,143.5,78.7,1.79,5.93,42.0,-5.21,109.7,13113,9273
CMH-PHL,CMH,PHL,Columbus,Philadelphia,Medium,AA,American Airlines,1568,406.0,90.2,73.28,2.49,18.44,64.0,-0.34,63.9,16351,20619
ACV-DEN,ACV,DEN,Arcata CA,Denver,Non-hub,OO,SkyWest Airlines,1567,1026.0,161.9,76.2,1.08,19.26,60.0,-2.0,135.9,29113,11398
LGA-IAD,LGA,IAD,New York,Washington,Large,YV,Mesa Airlines,1566,229.0,87.7,73.75,4.41,12.11,64.0,-7.63,50.2,17366,14783
HNL-LAX,HNL,LAX,Honolulu,Los Angeles,Medium,AS,Alaska Airlines,1566,2556.0,334.4,70.95,1.34,8.65,44.0,-5.93,295.6,8404,13986
ABQ-OAK,ABQ,OAK,Albuquerque,Oakland,Medium,WN,Southwest Airlines,1566,889.0,151.5,91.51,0.45,-4.29,11.0,-8.75,124.9,4622,1848
ELP-DFW,ELP,DFW,El Paso,Dallas-Fort Worth,Small,YV,Mesa Airlines,1565,551.0,106.2,77.51,2.81,10.1,52.0,-2.42,77.1,18135,8551
GPT-ATL,GPT,ATL,Gulfport,Atlanta,Non-hub,9E,Endeavor Air,1564,352.0,83.0,89.71,0.45,-1.85,14.0,-7.36,53.8,8277,5275
SFO-ASE,SFO,ASE,San Francisco,Aspen,Large,OO,SkyWest Airlines,1564,848.0,147.1,63.75,4.73,25.17,82.4,-5.03,111.9,36362,9587
IAH-BNA,IAH,BNA,Houston,Nashville,Large,YV,Mesa Airlines,1563,657.0,121.4,81.77,2.43,1.55,30.0,-5.37,89.2,14177,1231
IAD-LGA,IAD,LGA,Washington,New York,Medium,YV,Mesa Airlines,1563,229.0,85.6,69.1,4.29,15.81,67.0,-5.75,47.4,33243,2698
ASE-SFO,ASE,SFO,Aspen,San Francisco,Small,OO,SkyWest Airlines,1563,848.0,160.6,62.76,7.93,20.53,90.8,-9.21,121.2,32980,14259
ATL-GPT,ATL,GPT,Atlanta,Gulfport,Large,9E,Endeavor Air,1563,352.0,82.5,89.0,0.45,-1.52,15.0,-4.08,59.0,7394,1734
ORD-CAE,ORD,CAE,Chicago,Columbia,Large,OO,SkyWest Airlines,1562,666.0,127.4,76.38,1.34,7.65,48.0,-2.53,91.5,15482,6442
ATL-CID,ATL,CID,Atlanta,Cedar Rapids,Large,DL,Delta Air Lines,1562,694.0,125.6,80.86,0.83,5.78,32.0,-4.11,98.7,16184,3681
BOS-BWI,BOS,BWI,Boston,Baltimore,Large,B6,JetBlue Airways,1562,369.0,95.6,77.27,1.41,6.64,51.0,-4.88,66.3,15086,8242
BWI-BOS,BWI,BOS,Baltimore,Boston,Large,B6,JetBlue Airways,1562,369.0,87.7,76.89,1.73,9.1,48.6,-1.8,60.7,11857,15183
STL-SRQ,STL,SRQ,St. Louis,Sarasota,Medium,WN,Southwest Airlines,1561,903.0,138.2,75.4,1.86,7.31,37.0,-5.32,117.8,9286,9307
ORD-LEX,ORD,LEX,Chicago,Lexington KY,Large,MQ,Envoy Air,1561,323.0,85.2,77.07,1.35,5.81,44.0,-5.39,51.7,13710,7554
CID-ATL,CID,ATL,Cedar Rapids,Atlanta,Small,DL,Delta Air Lines,1561,694.0,126.4,86.16,1.02,2.14,22.0,-7.46,92.4,17732,1154
SFO-FLL,SFO,FLL,San Francisco,Fort Lauderdale,Large,UA,United Airlines,1561,2584.0,331.0,80.72,1.28,0.39,30.0,-8.52,291.9,9715,4260
PHX-TUS,PHX,TUS,Phoenix,Tucson,Large,YV,Mesa Airlines,1561,110.0,54.3,76.87,2.88,11.86,58.6,-6.98,24.5,13377,15511
OME-ANC,OME,ANC,Nome,Anchorage,Non-hub,AS,Alaska Airlines,1560,539.0,88.4,81.47,4.17,-0.81,25.0,2.32,75.1,3974,7018
CAE-ORD,CAE,ORD,Columbia,Chicago,Small,OO,SkyWest Airlines,1560,666.0,146.0,79.68,1.47,7.53,34.0,-1.67,108.5,16844,5412
LEX-ORD,LEX,ORD,Lexington KY,Chicago,Small,MQ,Envoy Air,1560,323.0,94.8,81.28,1.67,2.6,34.0,-4.35,60.2,12155,7292
TUS-PHX,TUS,PHX,Tucson,Phoenix,Medium,YV,Mesa Airlines,1560,110.0,56.4,79.81,2.88,12.35,49.6,-4.41,27.7,13177,15399
SAN-GEG,SAN,GEG,San Diego,Spokane,Large,AS,Alaska Airlines,1559,1027.0,166.7,76.27,1.28,5.46,41.0,-2.65,136.0,9736,7694
OGG-SAN,OGG,SAN,Kahului,San Diego,Medium,HA,Hawaiian Airlines,1559,2541.0,319.8,75.05,0.13,7.1,33.0,-6.8,295.9,11434,5643
SAN-OGG,SAN,OGG,San Diego,Kahului,Large,HA,Hawaiian Airlines,1558,2541.0,361.8,80.49,0.32,5.45,31.0,-4.19,326.2,19491,432
ORD-MDT,ORD,MDT,Chicago,Harrisburg,Large,UA,United Airlines,1558,594.0,114.6,73.23,0.77,12.79,56.6,-4.26,78.1,12697,14701
ANC-OTZ,ANC,OTZ,Anchorage,Kotzebue,Medium,AS,Alaska Airlines,1557,548.0,95.7,82.4,4.82,-0.04,20.0,-0.22,76.6,8242,2422
LAS-PDX,LAS,PDX,Las Vegas,Portland,Large,F9,Frontier Airlines,1557,763.0,147.1,75.59,1.41,5.66,41.8,-4.32,114.4,10842,9805
FLL-SFO,FLL,SFO,Fort Lauderdale,San Francisco,Large,UA,United Airlines,1557,2584.0,380.4,80.03,1.03,3.08,40.1,-9.09,344.0,14625,6683
GEG-SAN,GEG,SAN,Spokane,San Diego,Medium,AS,Alaska Airlines,1557,1027.0,167.9,88.38,1.16,-3.15,15.0,-2.48,139.5,8822,82
FAR-AZA,FAR,AZA,Fargo,Mesa,Small,G4,Allegiant Air,1557,1220.0,190.2,79.64,0.64,2.44,37.0,-4.99,163.6,11259,8653
BTV-IAD,BTV,IAD,Burlington,Washington,Small,YX,Republic Airways,1557,441.0,107.4,86.64,2.06,-2.38,18.9,-6.39,76.9,6803,7721
MSY-MCI,MSY,MCI,New Orleans,Kansas City,Medium,WN,Southwest Airlines,1557,689.0,118.0,81.76,0.9,4.66,31.0,-5.8,96.7,5401,9345
MDT-ORD,MDT,ORD,Harrisburg,Chicago,Small,UA,United Airlines,1557,594.0,128.4,85.42,0.83,1.54,21.0,-4.03,94.8,12901,1935
DFW-ELP,DFW,ELP,Dallas-Fort Worth,El Paso,Large,YV,Mesa Airlines,1556,551.0,107.0,68.32,3.98,23.88,84.0,-4.84,80.3,23822,19719
SFO-MFR,SFO,MFR,San Francisco,Medford,Large,UA,United Airlines,1556,329.0,85.3,83.68,0.32,-0.33,28.0,-6.96,52.4,6476,5494
AZA-FAR,AZA,FAR,Mesa,Fargo,Small,G4,Allegiant Air,1556,1220.0,175.8,85.8,0.51,-2.69,21.0,-4.04,151.8,9118,2083
FLL-CVG,FLL,CVG,Fort Lauderdale,Cincinnati,Large,G4,Allegiant Air,1555,932.0,154.5,62.57,2.7,23.69,87.0,0.6,127.7,21314,20969
AZA-FSD,AZA,FSD,Mesa,Sioux Falls,Small,G4,Allegiant Air,1555,1072.0,158.3,83.15,1.22,-0.49,27.0,-2.65,134.0,10780,2177
FLL-LAX,FLL,LAX,Fort Lauderdale,Los Angeles,Large,DL,Delta Air Lines,1555,2343.0,339.0,78.33,1.22,7.04,37.0,-5.88,304.4,11913,8609
BHM-ORD,BHM,ORD,Birmingham,Chicago,Small,MQ,Envoy Air,1555,584.0,136.5,76.91,1.09,7.53,44.0,-4.9,100.2,13965,10082
LAX-FLL,LAX,FLL,Los Angeles,Fort Lauderdale,Large,DL,Delta Air Lines,1554,2343.0,293.9,74.58,1.16,6.64,38.0,-4.63,264.7,14849,4276
PDX-LAS,PDX,LAS,Portland,Las Vegas,Medium,F9,Frontier Airlines,1554,763.0,136.7,72.78,2.06,12.63,60.0,-3.77,105.3,11865,17378
FSD-AZA,FSD,AZA,Sioux Falls,Mesa,Small,G4,Allegiant Air,1554,1072.0,172.6,74.32,1.22,11.23,47.2,-3.99,147.1,15880,13675
MFR-SFO,MFR,SFO,Medford,San Francisco,Small,UA,United Airlines,1554,329.0,85.3,78.51,0.9,7.76,38.0,-3.95,58.0,15713,6182
ORD-BHM,ORD,BHM,Chicago,Birmingham,Large,MQ,Envoy Air,1553,584.0,117.4,82.1,0.97,-0.68,29.0,-5.86,83.9,9208,4333
SFO-LAS,SFO,LAS,San Francisco,Las Vegas,Large,OO,SkyWest Airlines,1552,414.0,94.3,83.12,0.45,4.55,32.0,-0.11,69.1,7541,6536
DEN-ICT,DEN,ICT,Denver,Wichita,Large,UA,United Airlines,1552,420.0,85.8,70.17,1.1,18.69,72.7,-2.58,57.7,17996,17426
MDW-ONT,MDW,ONT,Chicago,Ontario,Large,WN,Southwest Airlines,1552,1706.0,256.2,76.55,1.48,4.83,35.0,-9.29,228.1,11040,7075
DCA-XNA,DCA,XNA,Washington,Bentonville,Large,MQ,Envoy Air,1551,963.0,174.6,68.54,3.09,17.81,65.0,-4.88,141.2,17681,19562
RDU-ATL,RDU,ATL,Raleigh-durham,Atlanta,Medium,F9,Frontier Airlines,1551,356.0,97.2,64.99,3.8,18.25,71.0,0.3,59.6,16230,20689
BOS-SRQ,BOS,SRQ,Boston,Sarasota,Large,B6,JetBlue Airways,1550,1220.0,212.3,75.1,1.68,5.64,48.0,-5.64,180.9,18090,5746
PIT-PHX,PIT,PHX,Pittsburgh,Phoenix,Medium,WN,Southwest Airlines,1550,1814.0,275.0,75.61,0.65,3.81,34.0,-10.14,247.1,7728,9363
CVG-FLL,CVG,FLL,Cincinnati,Fort Lauderdale,Medium,G4,Allegiant Air,1549,932.0,150.5,69.27,2.26,14.54,66.0,-0.75,126.8,21069,9592
CMH-LAS,CMH,LAS,Columbus,Las Vegas,Medium,NK,Spirit Airlines,1549,1771.0,267.4,68.11,2.19,15.21,68.0,-7.42,239.1,23043,11066
ATL-RDU,ATL,RDU,Atlanta,Raleigh-durham,Large,F9,Frontier Airlines,1549,356.0,90.4,67.85,2.45,16.33,76.0,-4.01,58.1,13396,20728
ORD-ATL,ORD,ATL,Chicago,Atlanta,Large,F9,Frontier Airlines,1549,606.0,132.4,58.88,3.03,33.76,94.0,-3.31,86.0,30687,28979
LAS-CMH,LAS,CMH,Las Vegas,Columbus,Large,NK,Spirit Airlines,1548,1771.0,233.6,76.36,1.74,6.38,42.0,-4.93,203.9,14852,4700
IAD-CLT,IAD,CLT,Washington,Charlotte,Medium,YV,Mesa Airlines,1548,322.0,95.5,79.2,1.87,7.77,36.5,-7.28,57.0,21595,2353
SRQ-BOS,SRQ,BOS,Sarasota,Boston,Small,B6,JetBlue Airways,1548,1220.0,189.5,70.22,2.07,18.26,69.8,-5.54,159.0,24875,14840
XNA-DCA,XNA,DCA,Bentonville,Washington,Small,MQ,Envoy Air,1548,963.0,153.2,87.21,0.78,-4.18,17.0,-3.94,125.6,7008,195
DEN-ELP,DEN,ELP,Denver,El Paso,Large,OO,SkyWest Airlines,1548,563.0,117.0,79.39,1.74,6.72,44.0,-5.27,86.2,15417,5239
ICT-DEN,ICT,DEN,Wichita,Denver,Small,UA,United Airlines,1546,420.0,96.0,81.05,1.23,3.28,27.0,0.65,67.2,13137,2549
CLT-XNA,CLT,XNA,Charlotte,Bentonville,Large,AA,American Airlines,1545,754.0,140.1,74.3,1.17,14.53,59.0,-4.74,109.7,16324,16317
LAS-SAT,LAS,SAT,Las Vegas,San Antonio,Large,NK,Spirit Airlines,1545,1069.0,156.6,82.01,0.78,2.62,31.0,-4.81,129.6,11699,4348
ATL-ORD,ATL,ORD,Atlanta,Chicago,Large,F9,Frontier Airlines,1545,606.0,137.0,62.33,3.17,26.0,91.7,-4.46,94.8,25040,23697
XNA-CLT,XNA,CLT,Bentonville,Charlotte,Small,AA,American Airlines,1545,754.0,130.1,77.02,1.23,17.22,49.0,-2.92,98.1,21467,14758
MCI-LAX,MCI,LAX,Kansas City,Los Angeles,Medium,NK,Spirit Airlines,1544,1363.0,217.1,76.49,1.94,5.59,42.0,-6.47,184.5,13496,9266
TLH-ATL,TLH,ATL,Tallahassee,Atlanta,Small,9E,Endeavor Air,1543,223.0,73.3,86.2,1.04,1.16,24.0,-4.92,44.7,7461,8000
SAT-LAS,SAT,LAS,San Antonio,Las Vegas,Medium,NK,Spirit Airlines,1543,1069.0,177.5,79.65,1.23,7.11,46.0,-7.1,149.8,16907,8949
LAX-MCI,LAX,MCI,Los Angeles,Kansas City,Large,NK,Spirit Airlines,1543,1363.0,190.2,83.34,1.17,1.19,24.0,-5.14,164.9,8691,4841
JST-ORD,JST,ORD,Johnstown,Chicago,Non-hub,OO,SkyWest Airlines,1543,487.0,119.0,77.32,3.37,14.78,79.3,-7.4,83.3,19204,25092
ORD-JST,ORD,JST,Chicago,Johnstown,Large,OO,SkyWest Airlines,1542,487.0,104.7,70.56,3.7,23.05,65.0,-5.66,68.9,36534,10898
ATL-TLH,ATL,TLH,Atlanta,Tallahassee,Large,9E,Endeavor Air,1542,223.0,64.7,85.54,1.04,1.85,24.0,-2.52,41.3,8972,2831
DFW-LFT,DFW,LFT,Dallas-Fort Worth,Lafayette,Large,OH,PSA Airlines,1541,351.0,86.7,69.44,3.76,17.19,79.9,-2.11,56.9,16286,18550
CLE-SEA,CLE,SEA,Cleveland,Seattle,Medium,AS,Alaska Airlines,1541,2021.0,309.0,76.7,1.23,2.29,33.0,-6.04,274.6,8278,8261
LFT-DFW,LFT,DFW,Lafayette,Dallas-Fort Worth,Non-hub,OH,PSA Airlines,1540,351.0,98.7,65.78,4.16,26.17,98.0,-1.91,65.1,18939,27205
SRQ-STL,SRQ,STL,Sarasota,St. Louis,Small,WN,Southwest Airlines,1537,903.0,150.3,82.11,1.63,4.55,32.2,-4.88,127.5,6277,9440
ORD-PWM,ORD,PWM,Chicago,Portland,Large,YX,Republic Airways,1537,900.0,147.6,76.12,3.19,4.97,42.7,-5.02,111.7,11080,9428
ATL-IAH,ATL,IAH,Atlanta,Houston,Large,F9,Frontier Airlines,1536,689.0,143.7,62.89,2.21,24.48,101.0,-3.46,104.4,26212,19680
PBI-ACY,PBI,ACY,West Palm Beach,Atlantic City,Medium,NK,Spirit Airlines,1536,936.0,148.5,79.88,2.28,4.54,39.0,-4.35,124.7,13080,6817
IAH-ATL,IAH,ATL,Houston,Atlanta,Large,F9,Frontier Airlines,1536,689.0,131.5,55.4,2.8,33.89,109.1,-0.66,91.2,24607,31865
ACY-PBI,ACY,PBI,Atlantic City,West Palm Beach,Non-hub,NK,Spirit Airlines,1536,936.0,155.6,80.6,2.15,-0.1,38.0,-5.48,133.3,12940,3539
PHL-JAX,PHL,JAX,Philadelphia,Jacksonville,Large,F9,Frontier Airlines,1534,742.0,142.6,74.84,1.83,7.72,59.0,-6.09,107.8,14996,10680
ORD-MSP,ORD,MSP,Chicago,Minneapolis,Large,YX,Republic Airways,1534,334.0,96.8,79.66,1.89,4.75,36.0,-4.15,61.8,9619,7968
JAX-PHL,JAX,PHL,Jacksonville,Philadelphia,Medium,F9,Frontier Airlines,1533,742.0,131.0,72.73,1.89,14.35,65.0,-3.69,101.2,8606,24488
DFW-PIA,DFW,PIA,Dallas-Fort Worth,Peoria,Large,MQ,Envoy Air,1533,672.0,119.4,79.39,1.44,6.53,39.0,-1.77,90.9,9602,8542
MDW-ROC,MDW,ROC,Chicago,Rochester,Large,WN,Southwest Airlines,1533,523.0,93.7,68.69,1.76,12.77,51.0,-5.41,69.6,11008,12542
ONT-HNL,ONT,HNL,Ontario,Honolulu,Medium,HA,Hawaiian Airlines,1532,2603.0,364.5,80.16,0.59,2.38,29.0,-4.82,337.0,15819,148
ROC-MDW,ROC,MDW,Rochester,Chicago,Small,WN,Southwest Airlines,1532,523.0,110.0,81.4,1.89,3.48,32.0,-5.95,85.3,8337,7877
HNL-ONT,HNL,ONT,Honolulu,Ontario,Medium,HA,Hawaiian Airlines,1531,2603.0,334.4,69.11,0.33,9.95,38.0,-3.7,305.9,13484,5058
MKE-BOS,MKE,BOS,Milwaukee,Boston,Medium,YX,Republic Airways,1531,860.0,142.3,78.51,1.96,3.95,48.0,-4.42,111.1,16618,4983
PIA-DFW,PIA,DFW,Peoria,Dallas-Fort Worth,Small,MQ,Envoy Air,1531,672.0,144.5,76.29,1.5,7.15,48.0,-5.81,107.2,16537,7609
OMA-DFW,OMA,DFW,Omaha,Dallas-Fort Worth,Medium,MQ,Envoy Air,1530,583.0,123.8,84.12,2.16,0.55,29.0,-7.45,90.7,13740,4881
GEG-BOI,GEG,BOI,Spokane,Boise,Medium,OO,SkyWest Airlines,1530,287.0,67.1,87.32,0.52,2.44,20.0,0.67,48.2,6456,4771
OTH-SFO,OTH,SFO,North Bend,San Francisco,Non-hub,OO,SkyWest Airlines,1530,412.0,92.2,76.8,2.09,17.4,54.0,-4.25,69.0,26045,9492
BOS-MKE,BOS,MKE,Boston,Milwaukee,Large,YX,Republic Airways,1530,860.0,167.6,83.79,1.83,-3.18,27.0,-7.53,130.0,8432,4037
SFO-OTH,SFO,OTH,San Francisco,North Bend,Large,OO,SkyWest Airlines,1530,412.0,101.8,77.19,1.11,3.75,40.0,-6.5,68.4,11147,5539
BWI-DFW,BWI,DFW,Baltimore,Dallas-Fort Worth,Large,NK,Spirit Airlines,1530,1217.0,205.5,75.56,1.57,9.89,49.0,-5.1,173.2,20405,6405
LAX-TPA,LAX,TPA,Los Angeles,Tampa,Large,UA,United Airlines,1529,2158.0,286.3,89.27,0.85,-9.07,14.0,-12.47,247.3,4991,3925
DTW-MIA,DTW,MIA,Detroit,Miami,Large,NK,Spirit Airlines,1528,1145.0,186.5,72.91,1.83,9.68,56.0,-7.0,156.4,19555,7382
PDX-SMF,PDX,SMF,Portland,Sacramento,Medium,OO,SkyWest Airlines,1528,479.0,93.4,83.64,0.65,5.14,28.0,-0.77,71.7,6774,7219
PIT-LAS,PIT,LAS,Pittsburgh,Las Vegas,Medium,NK,Spirit Airlines,1528,1910.0,285.8,78.73,1.64,3.95,45.0,-8.43,255.3,13833,5809
MEM-DEN,MEM,DEN,Memphis,Denver,Medium,OO,SkyWest Airlines,1527,872.0,166.6,79.76,2.1,4.46,33.0,-3.47,133.5,15234,2356
LAS-PIT,LAS,PIT,Las Vegas,Pittsburgh,Large,NK,Spirit Airlines,1527,1910.0,247.4,78.32,1.57,3.25,33.0,-3.27,218.9,11441,2865
KOA-LAX,KOA,LAX,Kona,Los Angeles,Small,HA,Hawaiian Airlines,1527,2504.0,325.5,84.41,0.72,0.46,21.0,-8.64,293.8,7753,4970
DFW-BWI,DFW,BWI,Dallas-Fort Worth,Baltimore,Large,NK,Spirit Airlines,1527,1217.0,177.5,69.68,1.64,14.2,64.0,-5.57,146.6,20465,8787
DFW-OMA,DFW,OMA,Dallas-Fort Worth,Omaha,Large,MQ,Envoy Air,1527,583.0,114.4,85.33,2.16,-1.22,21.0,-7.03,84.1,6217,4521
OAK-KOA,OAK,KOA,Oakland,Kona,Medium,WN,Southwest Airlines,1526,2378.0,329.5,83.03,0.2,-3.23,26.0,-10.09,301.1,8991,2858
TPA-LAX,TPA,LAX,Tampa,Los Angeles,Large,UA,United Airlines,1526,2158.0,322.4,84.6,0.98,-2.22,25.0,-9.49,286.8,8063,6003
LAX-KOA,LAX,KOA,Los Angeles,Kona,Large,HA,Hawaiian Airlines,1526,2504.0,345.6,87.35,0.85,-0.33,17.1,-9.4,316.1,15416,148
DEN-MEM,DEN,MEM,Denver,Memphis,Large,OO,SkyWest Airlines,1526,872.0,144.0,74.18,2.36,9.81,41.0,-2.14,112.7,16944,4355
SJU-BOS,SJU,BOS,San Juan,Boston,Medium,NK,Spirit Airlines,1526,1674.0,260.1,77.26,3.28,2.55,38.0,-7.29,228.5,15593,4364
PHL-DTW,PHL,DTW,Philadelphia,Detroit,Large,YX,Republic Airways,1526,453.0,111.6,83.88,1.9,2.79,30.2,-3.86,77.0,14018,5095
KOA-OAK,KOA,OAK,Kona,Oakland,Small,WN,Southwest Airlines,1525,2378.0,306.8,91.08,0.07,-7.9,12.0,-9.97,279.5,5106,897
DTW-PHL,DTW,PHL,Detroit,Philadelphia,Large,YX,Republic Airways,1525,453.0,101.6,84.39,2.3,0.59,27.0,-4.87,70.7,10314,4735
PHL-BUF,PHL,BUF,Philadelphia,Buffalo,Large,OH,PSA Airlines,1525,279.0,82.8,74.62,4.2,11.53,56.0,-2.66,51.9,14034,12240
LAX-AUS,LAX,AUS,Los Angeles,Austin,Large,UA,United Airlines,1525,1242.0,179.6,86.49,0.98,-0.8,23.4,-7.61,148.4,6378,8278
MIA-DTW,MIA,DTW,Miami,Detroit,Large,NK,Spirit Airlines,1524,1145.0,190.3,68.24,2.17,14.45,78.0,-6.0,153.2,20348,12727
SEA-TUS,SEA,TUS,Seattle,Tucson,Large,OO,SkyWest Airlines,1524,1216.0,186.3,80.05,0.46,4.93,31.0,-1.36,160.6,8029,5766
BUF-PHL,BUF,PHL,Buffalo,Philadelphia,Medium,OH,PSA Airlines,1524,279.0,82.5,78.28,3.15,10.06,48.0,-3.73,53.4,16217,11296
AUS-LAX,AUS,LAX,Austin,Los Angeles,Large,UA,United Airlines,1523,1242.0,200.5,87.07,1.05,0.77,19.0,-6.65,167.9,8794,5999
TUS-SEA,TUS,SEA,Tucson,Seattle,Medium,OO,SkyWest Airlines,1523,1216.0,204.5,86.08,0.39,-1.31,18.8,-2.73,176.3,10135,1027
ANC-HNL,ANC,HNL,Anchorage,Honolulu,Medium,AS,Alaska Airlines,1523,2777.0,373.8,79.91,0.66,-1.82,31.3,-6.29,339.9,10977,3978
SEA-RNO,SEA,RNO,Seattle,Reno,Large,QX,Horizon Air,1523,564.0,111.4,81.88,1.58,2.69,25.5,-1.35,88.4,7350,2544
PHX-ELP,PHX,ELP,Phoenix,El Paso,Large,AA,American Airlines,1522,347.0,75.3,83.18,0.2,9.52,35.0,-4.18,50.7,12603,12129
LAN-DCA,LAN,DCA,Lansing,Washington,Non-hub,OH,PSA Airlines,1521,479.0,98.1,67.32,5.65,17.75,73.8,-0.84,73.1,17476,19752
BOI-GEG,BOI,GEG,Boise,Spokane,Medium,QX,Horizon Air,1521,287.0,71.6,84.48,0.72,5.86,30.0,-0.05,55.5,7903,6359
ORD-BDL,ORD,BDL,Chicago,Windsor Locks,Large,MQ,Envoy Air,1521,783.0,132.5,80.01,1.71,3.12,31.0,-3.31,99.9,10202,4083
DCA-LAN,DCA,LAN,Washington,Lansing,Large,OH,PSA Airlines,1521,479.0,106.4,73.04,3.42,9.89,61.0,-3.69,75.8,14956,12155
ELP-PHX,ELP,PHX,El Paso,Phoenix,Small,AA,American Airlines,1521,347.0,83.9,83.56,0.33,12.65,31.6,-0.42,57.9,16724,10499
BOS-SJU,BOS,SJU,Boston,San Juan,Large,NK,Spirit Airlines,1521,1674.0,247.0,63.51,3.48,15.15,77.0,-9.05,216.2,26155,9457
PVD-ORD,PVD,ORD,Providence,Chicago,Small,MQ,Envoy Air,1520,849.0,169.7,75.33,1.12,7.67,47.0,-2.55,132.7,18394,6097
LAS-PHX,LAS,PHX,Las Vegas,Phoenix,Large,NK,Spirit Airlines,1520,255.0,74.1,74.93,2.17,9.06,49.0,-2.36,45.7,15738,5229
PHX-LAS,PHX,LAS,Phoenix,Las Vegas,Large,NK,Spirit Airlines,1520,255.0,69.7,74.14,2.5,11.63,61.9,-1.84,45.0,15685,9190
BDL-ORD,BDL,ORD,Windsor Locks,Chicago,Medium,MQ,Envoy Air,1520,783.0,163.6,80.72,1.84,-1.2,32.0,-5.41,126.5,9126,5052
SMF-PDX,SMF,PDX,Sacramento,Portland,Medium,OO,SkyWest Airlines,1520,479.0,96.2,86.12,0.59,2.03,22.0,-1.46,73.0,4806,6901
CLT-IAD,CLT,IAD,Charlotte,Washington,Large,YV,Mesa Airlines,1520,322.0,90.5,83.29,2.43,4.58,27.0,-7.88,55.0,13525,7227
ORD-PVD,ORD,PVD,Chicago,Providence,Large,MQ,Envoy Air,1519,849.0,138.4,79.2,0.72,5.39,34.0,-2.31,109.1,9929,6372
HNL-ANC,HNL,ANC,Honolulu,Anchorage,Medium,AS,Alaska Airlines,1519,2777.0,368.8,72.94,1.32,3.49,48.0,-8.88,332.2,9121,11497
IAH-DTW,IAH,DTW,Houston,Detroit,Large,UA,United Airlines,1518,1075.0,167.7,74.57,1.71,9.05,49.0,-5.31,134.3,10982,11561
DCA-JAN,DCA,JAN,Washington,Jackson,Large,OH,PSA Airlines,1518,860.0,162.2,66.93,5.14,14.21,75.0,-3.56,126.3,15135,16145
JAN-DCA,JAN,DCA,Jackson,Washington,Small,OH,PSA Airlines,1518,860.0,148.3,84.39,3.49,6.37,22.2,-4.3,116.5,17840,6621
EWR-DTW,EWR,DTW,Newark,Detroit,Large,UA,United Airlines,1516,488.0,120.8,72.82,2.9,8.74,57.9,-8.56,80.9,12088,13595
DTW-IAH,DTW,IAH,Detroit,Houston,Large,UA,United Airlines,1515,1075.0,187.9,79.01,1.78,4.56,37.0,-3.94,155.1,13799,6081
DTW-EWR,DTW,EWR,Detroit,Newark,Large,UA,United Airlines,1515,488.0,105.9,83.04,2.71,2.38,28.9,-6.21,70.6,14395,5309
GSP-DEN,GSP,DEN,Greenville,Denver,Small,OO,SkyWest Airlines,1515,1278.0,225.8,84.36,1.25,-0.12,26.0,-5.44,192.8,13017,1797
EWR-ORF,EWR,ORF,Newark,Norfolk,Large,UA,United Airlines,1515,284.0,85.6,66.4,4.69,16.13,68.0,-4.8,51.0,16861,16086
DEN-GSP,DEN,GSP,Denver,Greenville,Large,OO,SkyWest Airlines,1514,1278.0,188.3,74.37,0.86,9.26,43.0,-1.07,157.9,15097,5872
DFW-AMA,DFW,AMA,Dallas-Fort Worth,Amarillo,Large,AA,American Airlines,1514,312.0,78.0,61.82,3.43,29.53,86.0,-3.67,51.2,22234,27697
LAX-RDU,LAX,RDU,Los Angeles,Raleigh-durham,Large,AA,American Airlines,1514,2239.0,292.5,77.08,1.25,12.85,45.4,-7.89,259.8,16427,15082
AMA-DFW,AMA,DFW,Amarillo,Dallas-Fort Worth,Small,AA,American Airlines,1514,312.0,79.8,70.74,3.57,27.89,96.2,-4.18,49.0,27949,23093
SFO-IAD,SFO,IAD,San Francisco,Washington,Large,AS,Alaska Airlines,1513,2419.0,308.6,74.55,1.45,5.16,46.0,-5.47,275.0,11402,8814
IAD-SFO,IAD,SFO,Washington,San Francisco,Medium,AS,Alaska Airlines,1513,2419.0,355.5,68.21,1.52,10.6,63.0,-9.1,318.6,15928,13065
RDU-LAX,RDU,LAX,Raleigh-durham,Los Angeles,Medium,AA,American Airlines,1513,2239.0,334.0,75.81,1.26,8.35,62.0,-11.59,295.8,13313,16665
TYS-MIA,TYS,MIA,Knoxville,Miami,Small,MQ,Envoy Air,1511,724.0,129.5,85.77,0.66,2.18,19.0,-2.23,103.9,10415,3093
MIA-TYS,MIA,TYS,Miami,Knoxville,Large,MQ,Envoy Air,1509,724.0,138.2,77.67,0.73,1.29,35.8,-4.52,103.1,8110,5913
OMA-ATL,OMA,ATL,Omaha,Atlanta,Medium,WN,Southwest Airlines,1509,821.0,131.3,80.98,1.06,1.44,31.0,-9.12,104.9,4587,9312
EWR-MCI,EWR,MCI,Newark,Kansas City,Large,YX,Republic Airways,1506,1092.0,202.6,80.61,3.45,-4.06,27.0,-9.03,161.2,7836,4508
PDX-KOA,PDX,KOA,Portland,Kona,Medium,AS,Alaska Airlines,1506,2607.0,367.9,84.06,0.86,-4.37,23.0,-7.58,331.1,8354,1736
KOA-PDX,KOA,PDX,Kona,Portland,Small,AS,Alaska Airlines,1505,2607.0,334.3,75.15,1.26,5.36,39.0,-3.47,308.5,7484,11637
BWI-JAN,BWI,JAN,Baltimore,Jackson,Large,WN,Southwest Airlines,1505,888.0,155.2,71.83,0.73,9.13,43.0,-8.41,128.2,11875,9834
DEN-DTW,DEN,DTW,Denver,Detroit,Large,F9,Frontier Airlines,1502,1123.0,173.8,76.56,0.53,7.99,47.0,-5.83,137.9,10254,11706
BOI-GEG,BOI,GEG,Boise,Spokane,Medium,OO,SkyWest Airlines,1502,287.0,68.8,85.49,0.47,3.01,22.8,0.53,49.6,6241,4984
MSP-MIA,MSP,MIA,Minneapolis,Miami,Large,AA,American Airlines,1501,1501.0,228.6,84.21,1.47,4.15,23.0,-8.09,186.3,19804,4503
SMF-STL,SMF,STL,Sacramento,St. Louis,Medium,WN,Southwest Airlines,1501,1679.0,217.3,84.74,0.93,0.89,20.0,-7.77,193.2,5359,2614
MIA-MSP,MIA,MSP,Miami,Minneapolis,Large,AA,American Airlines,1501,1501.0,237.6,66.76,1.33,17.52,68.0,-7.18,202.4,20317,15607
DTW-DEN,DTW,DEN,Detroit,Denver,Large,F9,Frontier Airlines,1500,1123.0,196.8,78.27,1.0,5.23,45.0,-8.47,158.9,12665,10540
PHX-EUG,PHX,EUG,Phoenix,Eugene,Large,AA,American Airlines,1499,952.0,160.4,74.65,0.4,13.0,69.8,-6.56,132.9,10626,19668
LAX-STL,LAX,STL,Los Angeles,St. Louis,Large,AA,American Airlines,1499,1592.0,215.5,72.11,1.6,17.72,68.0,-5.25,187.6,16978,19614
RNO-SEA,RNO,SEA,Reno,Seattle,Medium,QX,Horizon Air,1498,564.0,123.1,78.37,2.47,3.76,31.0,-1.0,100.2,7279,4913
DFW-HSV,DFW,HSV,Dallas-Fort Worth,Huntsville,Large,OH,PSA Airlines,1498,603.0,113.0,69.63,4.27,23.04,84.6,-3.44,80.1,17747,24489
STL-LAX,STL,LAX,St. Louis,Los Angeles,Medium,AA,American Airlines,1498,1592.0,244.1,75.83,1.54,21.42,66.0,-8.07,213.3,24929,21558
SJU-EWR,SJU,EWR,San Juan,Newark,Medium,NK,Spirit Airlines,1498,1608.0,255.4,74.37,3.47,6.98,47.0,-6.18,224.7,17743,5121
MIA-LAS,MIA,LAS,Miami,Las Vegas,Large,NK,Spirit Airlines,1498,2174.0,323.1,74.43,1.67,8.5,51.2,-5.4,290.5,19190,5325
EUG-PHX,EUG,PHX,Eugene,Phoenix,Small,AA,American Airlines,1498,952.0,149.4,81.11,0.67,14.32,47.0,-4.76,124.6,21595,11852
JAN-BWI,JAN,BWI,Jackson,Baltimore,Small,WN,Southwest Airlines,1498,888.0,140.4,86.78,1.07,-4.58,20.0,-10.28,115.2,4434,6936
SJU-MIA,SJU,MIA,San Juan,Miami,Medium,NK,Spirit Airlines,1497,1045.0,171.9,80.09,1.14,5.49,37.0,-6.87,141.4,12315,9963
CVG-LAX,CVG,LAX,Cincinnati,Los Angeles,Medium,DL,Delta Air Lines,1497,1900.0,287.6,85.84,1.34,-2.7,22.0,-11.37,250.3,7292,4148
LGA-DSM,LGA,DSM,New York,Des Moines,Large,9E,Endeavor Air,1497,1031.0,194.8,78.09,3.21,-0.73,47.0,-11.36,149.3,13708,8563
STL-SMF,STL,SMF,St. Louis,Sacramento,Medium,WN,Southwest Airlines,1496,1679.0,251.7,73.26,0.87,7.05,40.0,-9.32,227.3,8978,9366
LAX-CVG,LAX,CVG,Los Angeles,Cincinnati,Large,DL,Delta Air Lines,1496,1900.0,247.9,84.29,1.34,0.83,22.0,-6.51,219.3,8200,3886
MCO-ORF,MCO,ORF,Orlando,Norfolk,Large,WN,Southwest Airlines,1496,655.0,114.8,82.09,1.07,2.65,28.0,-6.22,89.8,7478,4877
DSM-LGA,DSM,LGA,Des Moines,New York,Small,9E,Endeavor Air,1496,1031.0,163.8,81.75,2.74,-1.2,32.1,-9.2,129.5,14737,2448
EWR-SJU,EWR,SJU,Newark,San Juan,Large,NK,Spirit Airlines,1496,1608.0,240.5,65.24,4.08,15.26,85.6,-11.56,204.8,26691,10120
PSP-PDX,PSP,PDX,Palm Springs,Portland,Small,AS,Alaska Airlines,1495,873.0,150.2,84.28,2.41,-1.34,23.0,-2.28,127.2,4739,5531
DEN-SYR,DEN,SYR,Denver,Syracuse,Large,UA,United Airlines,1495,1492.0,201.2,70.84,0.8,13.27,56.0,-1.16,171.7,13984,10682
ORF-MCO,ORF,MCO,Norfolk,Orlando,Medium,WN,Southwest Airlines,1495,655.0,123.7,74.85,1.2,9.9,54.0,-6.06,97.9,12508,11059
SYR-DEN,SYR,DEN,Syracuse,Denver,Small,UA,United Airlines,1494,1492.0,242.9,79.92,0.87,6.87,32.0,-4.05,207.1,16496,5668
DFW-ECP,DFW,ECP,Dallas-Fort Worth,Panama City,Large,YV,Mesa Airlines,1494,685.0,117.7,66.06,3.21,25.95,97.0,-1.47,90.0,24362,19658
ECP-DFW,ECP,DFW,Panama City,Dallas-Fort Worth,Small,YV,Mesa Airlines,1494,685.0,140.1,73.29,3.61,20.29,83.0,-3.63,107.9,21287,17374
PHX-PIT,PHX,PIT,Phoenix,Pittsburgh,Large,WN,Southwest Airlines,1494,1814.0,233.1,75.77,0.54,7.09,35.0,-7.93,207.8,10830,6178
MIA-SJU,MIA,SJU,Miami,San Juan,Large,NK,Spirit Airlines,1494,1045.0,155.5,74.97,1.14,13.05,62.0,-5.69,126.2,17440,11946
MKE-MCO,MKE,MCO,Milwaukee,Orlando,Medium,NK,Spirit Airlines,1493,1066.0,169.1,77.83,2.68,2.92,45.0,-5.87,138.5,15195,5546
EWR-PDX,EWR,PDX,Newark,Portland,Large,AS,Alaska Airlines,1493,2434.0,369.5,69.73,2.14,12.39,70.0,-8.14,327.3,11962,20678
PDX-EWR,PDX,EWR,Portland,Newark,Medium,AS,Alaska Airlines,1493,2434.0,320.4,72.47,1.81,11.05,54.0,-1.92,284.3,24317,832
HSV-DFW,HSV,DFW,Huntsville,Dallas-Fort Worth,Small,OH,PSA Airlines,1492,603.0,137.5,67.56,4.69,24.1,85.0,-5.23,98.6,24625,20199
PDX-PSP,PDX,PSP,Portland,Palm Springs,Medium,AS,Alaska Airlines,1492,873.0,142.8,84.45,2.14,1.35,22.2,-0.91,119.9,5786,4277
LAS-IAH,LAS,IAH,Las Vegas,Houston,Large,F9,Frontier Airlines,1492,1222.0,191.8,74.8,0.8,8.33,48.0,-3.19,154.4,14502,7538
IAH-LAS,IAH,LAS,Houston,Las Vegas,Large,F9,Frontier Airlines,1492,1222.0,203.4,64.61,1.34,24.95,83.0,-5.03,168.1,22130,23139
MCO-MKE,MCO,MKE,Orlando,Milwaukee,Large,NK,Spirit Airlines,1491,1066.0,174.2,70.82,2.48,12.59,60.8,-2.88,148.7,20002,5843
DTW-ORF,DTW,ORF,Detroit,Norfolk,Large,OO,SkyWest Airlines,1490,529.0,108.2,73.69,2.01,14.48,63.0,-4.5,77.6,30261,0
ORF-DTW,ORF,DTW,Norfolk,Detroit,Medium,OO,SkyWest Airlines,1490,529.0,119.2,76.91,2.21,15.19,64.5,-5.8,88.3,31781,0
DFW-SGU,DFW,SGU,Dallas-Fort Worth,Saint George,Large,OO,SkyWest Airlines,1490,976.0,173.1,78.52,0.54,7.37,42.0,-2.71,139.6,16453,4101
SGU-DFW,SGU,DFW,Saint George,Dallas-Fort Worth,Small,OO,SkyWest Airlines,1488,976.0,160.4,75.67,0.6,14.63,44.0,-2.96,125.5,18012,14751
CLT-SDF,CLT,SDF,Charlotte,Louisville,Large,YX,Republic Airways,1487,335.0,91.5,84.94,0.94,2.09,29.0,-4.96,57.5,6260,10618
LAS-MIA,LAS,MIA,Las Vegas,Miami,Large,NK,Spirit Airlines,1487,2174.0,284.2,75.45,1.55,4.45,38.0,-7.17,249.3,14605,4373
TUS-PHX,TUS,PHX,Tucson,Phoenix,Medium,MQ,Envoy Air,1486,110.0,54.1,85.33,0.74,1.9,21.0,-2.37,26.6,6886,5511
AUS-OKC,AUS,OKC,Austin,Oklahoma City,Large,WN,Southwest Airlines,1485,358.0,79.3,84.85,0.74,0.41,23.0,-7.28,55.1,4246,6232
SMF-EWR,SMF,EWR,Sacramento,Newark,Medium,UA,United Airlines,1485,2500.0,312.1,71.99,2.96,11.39,51.0,-7.44,281.5,13090,13141
PHX-TUS,PHX,TUS,Phoenix,Tucson,Large,MQ,Envoy Air,1485,110.0,53.4,87.68,0.74,-1.5,17.8,-4.97,25.7,3025,4629
OKC-AUS,OKC,AUS,Oklahoma City,Austin,Medium,WN,Southwest Airlines,1485,358.0,78.2,80.47,1.28,3.82,32.6,-4.86,55.6,6706,6821
EWR-SMF,EWR,SMF,Newark,Sacramento,Large,UA,United Airlines,1485,2500.0,372.5,60.61,3.16,17.88,81.0,-6.36,330.7,23060,13680
EWR-ALB,EWR,ALB,Newark,Albany,Large,YX,Republic Airways,1484,143.0,73.3,76.42,5.93,1.61,35.0,-8.01,33.4,8837,6847
BWI-TPA,BWI,TPA,Baltimore,Tampa,Large,NK,Spirit Airlines,1484,842.0,145.8,79.04,3.17,4.16,36.2,-3.37,122.1,11791,5024
PHL-CMH,PHL,CMH,Philadelphia,Columbus,Large,OH,PSA Airlines,1483,406.0,105.2,80.31,2.49,5.24,38.0,-4.39,68.0,10294,10201
SDF-CLT,SDF,CLT,Louisville,Charlotte,Medium,YX,Republic Airways,1483,335.0,95.1,86.99,1.08,1.25,19.0,-2.39,61.2,8926,2703
IAD-SMF,IAD,SMF,Washington,Sacramento,Medium,UA,United Airlines,1483,2358.0,349.8,77.55,0.88,6.47,47.0,-9.78,312.0,15162,8877
PHL-SDF,PHL,SDF,Philadelphia,Louisville,Large,YX,Republic Airways,1482,576.0,132.3,79.35,2.43,2.73,41.0,-3.78,92.3,12671,6568
SMF-IAD,SMF,IAD,Sacramento,Washington,Medium,UA,United Airlines,1482,2358.0,296.6,85.83,1.21,0.39,19.6,-7.44,268.5,11271,3679
CMH-PHL,CMH,PHL,Columbus,Philadelphia,Medium,OH,PSA Airlines,1482,406.0,92.2,78.27,3.24,7.44,42.0,-3.12,64.2,9989,13764
IAD-STT,IAD,STT,Washington,St. Thomas,Medium,UA,United Airlines,1481,1606.0,238.3,85.69,0.41,-2.97,20.1,-5.6,207.7,8151,1560
TPA-BWI,TPA,BWI,Tampa,Baltimore,Large,NK,Spirit Airlines,1481,842.0,137.9,79.41,3.31,6.7,44.8,-3.4,112.7,12331,7227
PHX-MCO,PHX,MCO,Phoenix,Orlando,Large,F9,Frontier Airlines,1480,1849.0,252.8,71.15,1.42,12.26,57.5,-9.87,214.6,14059,15508
SDF-PHL,SDF,PHL,Louisville,Philadelphia,Medium,YX,Republic Airways,1480,576.0,117.1,86.15,1.15,-1.91,20.0,-4.4,89.3,9167,1562
MCO-PHX,MCO,PHX,Orlando,Phoenix,Large,F9,Frontier Airlines,1480,1849.0,289.9,64.73,1.01,16.41,76.1,-5.96,254.1,22119,12881
PNS-DFW,PNS,DFW,Pensacola,Dallas-Fort Worth,Small,MQ,Envoy Air,1480,604.0,129.0,79.26,2.36,6.05,36.0,-2.37,99.6,8572,9175
PNS-MCO,PNS,MCO,Pensacola,Orlando,Small,NK,Spirit Airlines,1480,381.0,91.7,67.36,3.78,16.22,80.0,-4.01,64.5,20877,13094
MCO-PNS,MCO,PNS,Orlando,Pensacola,Large,NK,Spirit Airlines,1479,381.0,90.1,68.29,3.31,13.52,63.0,-1.73,65.0,21725,5453
DFW-PNS,DFW,PNS,Dallas-Fort Worth,Pensacola,Large,MQ,Envoy Air,1479,604.0,109.0,80.93,2.37,2.62,26.1,-0.65,81.9,7465,3545
DEN-LAX,DEN,LAX,Denver,Los Angeles,Large,F9,Frontier Airlines,1478,862.0,154.8,74.97,1.56,7.26,48.0,-5.91,119.9,13920,8754
MCO-LGA,MCO,LGA,Orlando,New York,Large,F9,Frontier Airlines,1478,950.0,162.0,62.04,3.11,18.48,83.0,-3.47,127.2,23588,11070
JAN-ATL,JAN,ATL,Jackson,Atlanta,Small,9E,Endeavor Air,1478,341.0,81.2,89.72,1.76,-4.01,11.0,-5.57,52.4,5545,3002
LGA-MCO,LGA,MCO,New York,Orlando,Large,F9,Frontier Airlines,1478,950.0,183.7,56.5,4.06,28.13,111.4,-8.05,135.9,22133,29096
MSY-PHX,MSY,PHX,New Orleans,Phoenix,Medium,AA,American Airlines,1478,1300.0,215.6,76.12,1.42,15.86,56.6,-7.46,184.6,18822,15858
DFW-FSD,DFW,FSD,Dallas-Fort Worth,Sioux Falls,Large,YV,Mesa Airlines,1478,737.0,127.1,66.58,3.25,23.89,82.0,-2.28,100.5,23272,17645
MCI-EWR,MCI,EWR,Kansas City,Newark,Medium,YX,Republic Airways,1478,1092.0,176.9,76.12,4.06,6.64,46.5,-4.24,139.7,18591,5108
ATL-HPN,ATL,HPN,Atlanta,White Plains,Large,OO,SkyWest Airlines,1477,780.0,140.3,69.8,0.68,21.09,77.0,-1.14,112.5,36208,0
ATL-JAN,ATL,JAN,Atlanta,Jackson,Large,9E,Endeavor Air,1477,341.0,84.1,90.39,1.76,-6.36,7.0,-7.55,57.1,4292,1760
LAX-DEN,LAX,DEN,Los Angeles,Denver,Large,F9,Frontier Airlines,1477,862.0,150.5,78.94,1.35,6.78,39.0,-7.24,111.1,12998,10126
PHX-MSY,PHX,MSY,Phoenix,New Orleans,Large,AA,American Airlines,1477,1300.0,183.9,81.11,1.29,2.74,37.9,-7.62,152.7,9064,9111
IND-MSP,IND,MSP,Indianapolis,Minneapolis,Medium,9E,Endeavor Air,1477,503.0,111.2,93.36,0.2,-7.31,7.0,-8.14,82.0,4574,2499
ICT-MSP,ICT,MSP,Wichita,Minneapolis,Small,OO,SkyWest Airlines,1476,545.0,111.8,86.59,0.75,2.63,22.0,-5.38,81.9,16568,0
TTN-TPA,TTN,TPA,Trenton,Tampa,Non-hub,F9,Frontier Airlines,1476,955.0,169.6,73.51,3.46,7.43,62.0,-6.24,138.1,11232,16282
TPA-TTN,TPA,TTN,Tampa,Trenton,Large,F9,Frontier Airlines,1476,955.0,160.1,76.83,2.91,5.76,46.5,-4.79,128.8,10726,10135
MSP-IND,MSP,IND,Minneapolis,Indianapolis,Large,9E,Endeavor Air,1476,503.0,103.3,90.11,0.2,-6.05,14.0,-6.54,70.2,4430,1309
HPN-ATL,HPN,ATL,White Plains,Atlanta,Small,OO,SkyWest Airlines,1476,780.0,145.5,71.27,1.02,24.5,87.0,-4.38,114.4,45028,0
LAX-XNA,LAX,XNA,Los Angeles,Bentonville,Large,OO,SkyWest Airlines,1475,1371.0,200.7,88.0,0.34,-3.17,17.0,-3.96,170.1,6150,2292
MSP-ICT,MSP,ICT,Minneapolis,Wichita,Large,OO,SkyWest Airlines,1475,545.0,114.5,83.46,0.54,1.55,34.0,-8.61,80.5,17610,0
XNA-LAX,XNA,LAX,Bentonville,Los Angeles,Small,OO,SkyWest Airlines,1475,1371.0,222.8,80.54,0.41,3.84,31.0,-4.22,194.6,14631,1939
MHK-ORD,MHK,ORD,Manhattan,Chicago,Non-hub,MQ,Envoy Air,1473,501.0,109.2,85.47,1.83,0.13,24.0,-6.28,75.2,12165,6166
BDL-MCO,BDL,MCO,Windsor Locks,Orlando,Medium,F9,Frontier Airlines,1473,1050.0,187.2,61.51,2.78,31.48,96.4,-6.53,148.5,25425,30816
FSD-DFW,FSD,DFW,Sioux Falls,Dallas-Fort Worth,Small,YV,Mesa Airlines,1473,737.0,139.3,72.78,4.01,12.78,62.0,-7.76,104.3,19457,12394
MCO-BDL,MCO,BDL,Orlando,Windsor Locks,Large,F9,Frontier Airlines,1472,1050.0,169.3,72.49,2.31,9.98,60.6,-3.49,136.3,15418,9093
ATL-OMA,ATL,OMA,Atlanta,Omaha,Large,WN,Southwest Airlines,1472,821.0,145.4,82.54,0.95,1.69,27.0,-8.16,118.9,6336,6071
ATL-BTV,ATL,BTV,Atlanta,Burlington,Large,DL,Delta Air Lines,1472,961.0,149.7,80.57,1.02,5.51,34.0,-5.55,121.2,17167,2611
LAS-SAT,LAS,SAT,Las Vegas,San Antonio,Large,F9,Frontier Airlines,1472,1069.0,164.2,76.29,2.31,5.4,45.0,-5.14,131.0,10491,8810
DTW-PDX,DTW,PDX,Detroit,Portland,Large,DL,Delta Air Lines,1472,1953.0,289.2,79.35,0.75,1.29,34.0,-7.5,259.3,11284,2891
SAT-LAS,SAT,LAS,San Antonio,Las Vegas,Medium,F9,Frontier Airlines,1472,1069.0,179.5,72.42,2.65,9.89,58.0,-5.51,147.8,9757,16626
FLL-BUF,FLL,BUF,Fort Lauderdale,Buffalo,Large,B6,JetBlue Airways,1471,1166.0,180.3,69.27,2.72,14.16,72.5,-3.93,152.9,19626,10379
DEN-MSO,DEN,MSO,Denver,Missoula,Large,OO,SkyWest Airlines,1471,679.0,136.0,80.08,1.36,4.69,34.0,-5.47,104.1,13652,4136
MSO-DEN,MSO,DEN,Missoula,Denver,Small,OO,SkyWest Airlines,1471,679.0,128.7,72.81,1.7,18.82,65.0,-1.86,97.4,28820,7916
BTV-ATL,BTV,ATL,Burlington,Atlanta,Small,DL,Delta Air Lines,1471,961.0,174.7,83.89,1.36,4.92,22.7,-7.97,138.9,18337,2073
PDX-DTW,PDX,DTW,Portland,Detroit,Medium,DL,Delta Air Lines,1471,1953.0,252.1,85.45,0.75,1.49,21.0,-6.47,223.1,5884,6521
BUF-FLL,BUF,FLL,Buffalo,Fort Lauderdale,Medium,B6,JetBlue Airways,1470,1166.0,185.4,71.5,2.65,11.08,69.0,-5.71,157.3,13572,16051
ORD-MHK,ORD,MHK,Chicago,Manhattan,Large,MQ,Envoy Air,1470,501.0,109.9,82.99,1.84,-2.07,25.0,-7.23,79.3,7291,4250
SAV-HOU,SAV,HOU,Savannah,Houston,Medium,WN,Southwest Airlines,1469,853.0,154.3,76.38,1.63,3.48,36.0,-9.25,128.2,6265,9453
IND-DTW,IND,DTW,Indianapolis,Detroit,Medium,OO,SkyWest Airlines,1469,231.0,73.2,78.01,1.29,11.71,49.0,-5.26,42.3,27874,0
CVG-DEN,CVG,DEN,Cincinnati,Denver,Medium,WN,Southwest Airlines,1469,1069.0,179.1,70.59,1.91,9.54,45.0,-6.32,154.1,10540,10116
DTW-IND,DTW,IND,Detroit,Indianapolis,Large,OO,SkyWest Airlines,1468,231.0,72.3,76.84,1.02,12.38,54.0,-2.87,43.0,24649,0
HOU-SAV,HOU,SAV,Houston,Savannah,Medium,WN,Southwest Airlines,1467,853.0,131.2,73.07,1.16,7.85,44.3,-5.37,106.1,11286,7886
DEN-CVG,DEN,CVG,Denver,Cincinnati,Large,WN,Southwest Airlines,1466,1069.0,152.4,68.01,0.95,13.26,43.2,-3.87,129.2,12704,8653
TUL-CLT,TUL,CLT,Tulsa,Charlotte,Small,OH,PSA Airlines,1462,842.0,145.2,80.03,1.71,4.41,34.0,-3.0,108.0,7140,10534
IAH-MCO,IAH,MCO,Houston,Orlando,Large,F9,Frontier Airlines,1462,854.0,150.4,64.02,1.85,22.69,83.0,-8.32,109.9,18951,24710
BOI-SJC,BOI,SJC,Boise,San Jose,Medium,OO,SkyWest Airlines,1462,523.0,112.8,91.11,0.21,-3.31,11.2,-2.67,89.6,4616,2435
MCO-IAH,MCO,IAH,Orlando,Houston,Large,F9,Frontier Airlines,1462,854.0,165.9,71.82,1.57,8.93,60.0,-4.07,128.3,16495,9527
XNA-PHX,XNA,PHX,Bentonville,Phoenix,Small,MQ,Envoy Air,1462,1023.0,180.6,87.0,0.27,-2.14,20.0,-6.47,150.3,7266,3983
CLT-TUL,CLT,TUL,Charlotte,Tulsa,Large,OH,PSA Airlines,1462,842.0,160.0,84.54,1.64,0.07,24.0,-5.74,122.9,5372,7068
LAS-LIH,LAS,LIH,Las Vegas,Lihue,Large,WN,Southwest Airlines,1461,2818.0,391.3,70.36,0.07,3.22,36.0,-9.2,357.4,11739,3625
JFK-PWM,JFK,PWM,New York,Portland,Large,B6,JetBlue Airways,1461,273.0,84.0,69.54,4.45,12.88,73.0,-5.55,49.0,18246,10888
LIH-LAS,LIH,LAS,Lihue,Las Vegas,Small,WN,Southwest Airlines,1461,2818.0,351.1,91.92,0.21,-9.58,11.0,-10.22,322.8,4243,0
PWM-JFK,PWM,JFK,Portland,New York,Small,B6,JetBlue Airways,1461,273.0,79.1,71.05,5.07,11.38,65.6,-3.71,52.4,13319,14398
GEG-BOI,GEG,BOI,Spokane,Boise,Medium,QX,Horizon Air,1460,287.0,69.9,85.34,0.55,3.37,25.0,-0.83,53.2,7351,4587
DCA-MCO,DCA,MCO,Washington,Orlando,Large,DL,Delta Air Lines,1460,759.0,145.4,76.85,2.05,10.38,53.0,-2.72,112.7,21040,6331
ICT-DFW,ICT,DFW,Wichita,Dallas-Fort Worth,Small,OH,PSA Airlines,1460,328.0,86.2,69.79,5.41,22.47,86.0,-0.73,57.1,15931,23271
DFW-ICT,DFW,ICT,Dallas-Fort Worth,Wichita,Large,OH,PSA Airlines,1460,328.0,86.9,65.41,5.62,23.07,90.0,-0.36,55.8,18067,21319
MCO-DCA,MCO,DCA,Orlando,Washington,Large,DL,Delta Air Lines,1459,759.0,133.6,73.06,2.06,13.93,73.8,-3.86,104.6,18105,14143
FLL-STX,FLL,STX,Fort Lauderdale,St. Croix Island,Large,NK,Spirit Airlines,1458,1140.0,161.9,74.42,1.37,9.31,54.0,-5.35,136.9,17237,4019
STX-FLL,STX,FLL,St. Croix Island,Fort Lauderdale,Non-hub,NK,Spirit Airlines,1458,1140.0,180.2,71.54,1.65,10.38,57.0,-2.2,154.7,11768,13264
DCA-MKE,DCA,MKE,Washington,Milwaukee,Large,OH,PSA Airlines,1458,634.0,132.2,69.82,4.46,11.76,70.2,-4.82,98.8,14341,14747
STT-IAD,STT,IAD,St. Thomas,Washington,Small,UA,United Airlines,1457,1606.0,250.9,81.61,1.03,-0.03,29.0,-4.4,224.7,6210,7740
TRI-CLT,TRI,CLT,BRISTOL,Charlotte,Non-hub,OH,PSA Airlines,1457,119.0,70.7,85.04,1.72,-2.92,21.0,-5.06,31.0,9131,3883
CLT-TRI,CLT,TRI,Charlotte,BRISTOL,Large,OH,PSA Airlines,1457,119.0,63.4,85.52,1.44,0.12,21.0,-4.4,28.3,6872,5859
EWR-MSP,EWR,MSP,Newark,Minneapolis,Large,OO,SkyWest Airlines,1457,1008.0,184.8,79.62,1.72,6.67,40.2,-5.98,153.8,22875,0
LAS-CVG,LAS,CVG,Las Vegas,Cincinnati,Large,F9,Frontier Airlines,1457,1678.0,227.6,69.46,1.1,14.98,52.0,-4.47,195.9,18448,10423
CVG-LAS,CVG,LAS,Cincinnati,Las Vegas,Medium,F9,Frontier Airlines,1457,1678.0,263.1,70.21,1.24,13.91,62.0,-7.27,228.9,19055,12388
PHX-XNA,PHX,XNA,Phoenix,Bentonville,Large,MQ,Envoy Air,1456,1023.0,158.9,85.37,0.41,-0.02,21.0,-6.38,126.7,4858,5729
SAV-ORD,SAV,ORD,Savannah,Chicago,Medium,OO,SkyWest Airlines,1456,773.0,155.5,83.31,1.92,4.73,26.0,-4.58,120.1,15850,3347
MKE-DCA,MKE,DCA,Milwaukee,Washington,Medium,OH,PSA Airlines,1456,634.0,122.0,74.18,3.5,19.41,59.6,-0.5,91.9,25385,13550
MSP-EWR,MSP,EWR,Minneapolis,Newark,Large,OO,SkyWest Airlines,1456,1008.0,165.6,79.67,1.51,2.34,38.2,-10.24,129.8,18232,0
DTW-ROC,DTW,ROC,Detroit,Rochester,Large,OO,SkyWest Airlines,1455,296.0,77.6,77.66,1.17,13.06,57.0,-3.29,47.6,26565,0
ROC-DTW,ROC,DTW,Rochester,Detroit,Small,OO,SkyWest Airlines,1455,296.0,83.0,81.99,1.24,11.86,54.0,-5.16,53.2,29049,0
ORD-SAV,ORD,SAV,Chicago,Savannah,Large,OO,SkyWest Airlines,1455,773.0,145.0,78.08,1.92,6.06,35.9,-3.65,106.4,13609,5351
IAH-MSY,IAH,MSY,Houston,New Orleans,Large,NK,Spirit Airlines,1455,305.0,70.2,76.22,2.47,8.98,50.2,-4.82,45.6,16438,6745
LAS-AUS,LAS,AUS,Las Vegas,Austin,Large,NK,Spirit Airlines,1454,1090.0,162.7,83.91,1.38,0.93,24.8,-2.91,133.9,9633,1253
AUS-LAS,AUS,LAS,Austin,Las Vegas,Large,NK,Spirit Airlines,1454,1090.0,178.4,74.28,1.93,9.77,46.7,-4.32,150.5,16219,6095
ORD-CLE,ORD,CLE,Chicago,Cleveland,Large,AA,American Airlines,1453,316.0,79.4,63.11,2.89,27.63,80.0,-1.6,48.3,21651,22261
DEN-CHS,DEN,CHS,Denver,Charleston,Large,UA,United Airlines,1452,1449.0,195.0,73.83,0.62,11.64,43.0,2.0,168.5,12495,8104
MSY-LGA,MSY,LGA,New Orleans,New York,Medium,WN,Southwest Airlines,1452,1183.0,172.4,71.9,2.41,8.59,42.0,-6.9,145.8,11523,6790
SJC-IAH,SJC,IAH,San Jose,Houston,Medium,UA,United Airlines,1452,1608.0,227.8,85.67,0.96,-2.68,23.7,-8.3,195.5,6686,7173
PGD-GRR,PGD,GRR,Punta Gorda,Grand Rapids,Small,G4,Allegiant Air,1452,1118.0,170.2,69.49,1.93,17.26,71.8,-2.61,147.8,15475,18818
GRR-PGD,GRR,PGD,Grand Rapids,Punta Gorda,Medium,G4,Allegiant Air,1452,1118.0,172.3,71.83,1.93,14.23,54.0,-0.91,146.2,23408,8164
DCA-AGS,DCA,AGS,Washington,Bush Field,Large,OH,PSA Airlines,1451,468.0,106.2,67.75,4.2,17.02,72.6,-1.54,74.1,17447,16013
LAX-OGG,LAX,OGG,Los Angeles,Kahului,Large,WN,Southwest Airlines,1451,2486.0,342.6,82.22,0.55,-1.09,29.0,-7.4,316.0,8018,3907
MSY-IAH,MSY,IAH,New Orleans,Houston,Medium,NK,Spirit Airlines,1451,305.0,82.2,76.15,2.55,8.77,49.0,-5.61,54.0,11390,11684
AGS-DCA,AGS,DCA,Bush Field,Washington,Small,OH,PSA Airlines,1451,468.0,100.3,74.84,3.31,13.69,59.0,-2.42,70.2,22580,8297
OGG-LAX,OGG,LAX,Kahului,Los Angeles,Medium,WN,Southwest Airlines,1451,2486.0,318.2,85.6,0.55,-4.29,21.0,-12.09,287.6,4310,4658
IAH-SJC,IAH,SJC,Houston,San Jose,Large,UA,United Airlines,1451,1608.0,248.4,80.77,0.9,3.18,38.0,-8.5,215.6,8927,7927
CHS-DEN,CHS,DEN,Charleston,Denver,Medium,UA,United Airlines,1450,1449.0,234.7,72.07,0.97,13.5,53.0,-1.67,205.2,18817,7191
LGA-MSY,LGA,MSY,New York,New Orleans,Large,WN,Southwest Airlines,1450,1183.0,206.1,68.07,2.14,14.08,68.6,-7.21,168.5,15676,13894
BUF-DCA,BUF,DCA,Buffalo,Washington,Medium,YX,Republic Airways,1449,296.0,83.3,85.51,2.0,0.35,21.0,-4.47,55.7,7738,5292
ATL-CLE,ATL,CLE,Atlanta,Cleveland,Large,NK,Spirit Airlines,1449,554.0,105.5,71.64,2.55,14.74,54.0,-3.28,77.5,13326,12459
HNL-SJC,HNL,SJC,Honolulu,San Jose,Medium,AS,Alaska Airlines,1448,2417.0,314.3,79.7,1.17,2.62,34.0,-7.54,279.3,5472,10880
CLE-ORD,CLE,ORD,Cleveland,Chicago,Medium,AA,American Airlines,1448,316.0,92.7,82.32,2.83,13.67,41.0,-5.69,56.8,22613,12344
DEN-MDW,DEN,MDW,Denver,Chicago,Large,F9,Frontier Airlines,1447,895.0,143.1,73.05,1.66,10.21,52.0,-3.04,113.7,12646,9852
MDW-DEN,MDW,DEN,Chicago,Denver,Large,F9,Frontier Airlines,1447,895.0,164.7,70.77,2.35,15.97,63.2,-3.7,129.1,13285,21142
SEA-MCI,SEA,MCI,Seattle,Kansas City,Large,DL,Delta Air Lines,1446,1489.0,208.1,78.35,1.24,7.24,48.9,-6.71,176.4,16820,6425
ORD-ORF,ORD,ORF,Chicago,Norfolk,Large,MQ,Envoy Air,1446,717.0,134.0,78.77,1.11,4.25,36.5,-5.0,99.7,9788,6753
DCA-BUF,DCA,BUF,Washington,Buffalo,Large,YX,Republic Airways,1446,296.0,85.6,79.32,2.84,2.81,32.0,-3.71,52.0,8305,6815
GEG-LAX,GEG,LAX,Spokane,Los Angeles,Medium,AS,Alaska Airlines,1446,945.0,165.8,84.51,1.59,-1.65,20.0,-1.02,131.2,7899,1028
BWI-BHM,BWI,BHM,Baltimore,Birmingham,Large,WN,Southwest Airlines,1446,682.0,125.8,77.04,0.55,6.04,35.0,-7.65,100.9,10572,6469
SJC-HNL,SJC,HNL,San Jose,Honolulu,Medium,AS,Alaska Airlines,1445,2417.0,339.1,84.78,0.69,-2.67,22.8,-4.0,309.4,8931,1839
ORF-ORD,ORF,ORD,Norfolk,Chicago,Medium,MQ,Envoy Air,1445,717.0,147.5,83.67,1.38,0.11,29.0,-7.23,112.4,12188,4146
CLE-ATL,CLE,ATL,Cleveland,Atlanta,Medium,NK,Spirit Airlines,1445,554.0,113.3,74.67,2.49,11.07,47.0,-4.61,82.3,16415,7657
MCI-SEA,MCI,SEA,Kansas City,Seattle,Medium,DL,Delta Air Lines,1444,1489.0,244.8,88.37,1.25,-3.68,16.7,-10.35,206.3,14945,703
OKC-ATL,OKC,ATL,Oklahoma City,Atlanta,Medium,WN,Southwest Airlines,1444,761.0,120.2,85.39,1.45,-0.38,21.9,-6.95,96.3,3111,6716
LAX-GEG,LAX,GEG,Los Angeles,Spokane,Large,AS,Alaska Airlines,1444,945.0,156.2,85.18,1.18,-2.61,21.5,-4.01,126.5,4638,4976
DFW-PHX,DFW,PHX,Dallas-Fort Worth,Phoenix,Large,NK,Spirit Airlines,1444,868.0,158.3,69.6,1.8,15.35,57.4,-2.05,128.0,21362,7169
RDU-MIA,RDU,MIA,Raleigh-durham,Miami,Medium,DL,Delta Air Lines,1444,700.0,132.6,83.03,1.18,2.92,31.0,-5.39,101.5,13877,2686
DCA-MGM,DCA,MGM,Washington,MONTGOMERY,Large,OH,PSA Airlines,1443,693.0,131.9,69.65,3.4,13.5,69.0,-1.63,102.2,13338,14840
MYR-PHL,MYR,PHL,Myrtle Beach,Philadelphia,Small,OH,PSA Airlines,1443,473.0,100.7,78.86,2.77,4.36,47.0,-3.58,74.2,6076,13679
MIA-RDU,MIA,RDU,Miami,Raleigh-durham,Large,DL,Delta Air Lines,1443,700.0,132.8,69.44,1.39,20.24,81.0,-2.72,100.7,13494,24020
PHX-DFW,PHX,DFW,Phoenix,Dallas-Fort Worth,Large,NK,Spirit Airlines,1442,868.0,135.8,69.97,2.01,17.57,70.0,-2.33,109.5,19269,12818
IND-ORD,IND,ORD,Indianapolis,Chicago,Medium,AA,American Airlines,1442,177.0,76.1,75.87,1.94,12.69,58.0,-3.87,41.0,18691,12075
JFK-ITH,JFK,ITH,New York,Ithaca,Large,9E,Endeavor Air,1442,189.0,77.4,79.33,3.68,5.43,41.0,-3.86,41.8,14765,6772
JAX-ORD,JAX,ORD,Jacksonville,Chicago,Medium,YX,Republic Airways,1442,864.0,168.2,83.91,2.15,-1.46,29.0,-7.64,131.5,9437,5785
MGM-DCA,MGM,DCA,MONTGOMERY,Washington,Non-hub,OH,PSA Airlines,1442,693.0,125.5,67.55,6.17,21.61,73.7,-0.67,97.9,22327,17033
ITH-JFK,ITH,JFK,Ithaca,New York,Non-hub,9E,Endeavor Air,1441,189.0,81.4,83.34,3.19,1.81,30.7,-6.23,45.0,11174,8524
SLC-SJC,SLC,SJC,Salt Lake City,San Jose,Large,WN,Southwest Airlines,1441,584.0,119.1,80.01,0.97,2.99,34.0,-9.27,92.2,5772,8268
ORD-JAX,ORD,JAX,Chicago,Jacksonville,Large,MQ,Envoy Air,1440,864.0,150.3,75.28,1.46,4.65,42.0,-4.92,114.8,10253,7144
PHL-MYR,PHL,MYR,Philadelphia,Myrtle Beach,Large,OH,PSA Airlines,1440,473.0,107.5,80.42,2.01,3.51,39.2,-3.39,74.1,11116,6550
CVG-PHX,CVG,PHX,Cincinnati,Phoenix,Medium,AA,American Airlines,1440,1569.0,253.1,80.76,0.76,9.6,31.8,-7.24,220.4,21110,4595
MSP-BIS,MSP,BIS,Minneapolis,Bismarck,Large,DL,Delta Air Lines,1440,386.0,89.1,78.96,0.56,6.55,51.0,-7.64,60.9,17965,5181
DVL-JMS,DVL,JMS,Devils Lake,Jamestown,Non-hub,OO,SkyWest Airlines,1440,83.0,50.2,80.35,6.11,7.46,26.0,-4.76,22.7,17092,7267
BHM-BWI,BHM,BWI,Birmingham,Baltimore,Small,WN,Southwest Airlines,1439,682.0,117.3,79.5,1.74,4.91,33.0,-5.99,94.1,5385,8800
PHX-CVG,PHX,CVG,Phoenix,Cincinnati,Large,AA,American Airlines,1439,1569.0,215.5,79.64,0.69,5.87,34.5,-6.26,182.7,9620,10629
CLT-CLE,CLT,CLE,Charlotte,Cleveland,Large,OH,PSA Airlines,1439,430.0,103.6,84.5,1.46,1.37,24.0,-2.74,66.5,6254,5742
BIS-MSP,BIS,MSP,Bismarck,Minneapolis,Small,DL,Delta Air Lines,1439,386.0,91.1,86.31,0.69,3.12,23.3,-5.89,58.3,16968,1154
JAX-ORD,JAX,ORD,Jacksonville,Chicago,Medium,MQ,Envoy Air,1439,864.0,165.0,80.75,1.67,2.08,32.0,-5.39,131.1,8658,7292
ORD-IND,ORD,IND,Chicago,Indianapolis,Large,AA,American Airlines,1438,177.0,63.3,70.17,1.67,19.51,74.0,-3.44,33.6,15638,18553
DFW-TPA,DFW,TPA,Dallas-Fort Worth,Tampa,Large,NK,Spirit Airlines,1436,929.0,146.5,73.82,2.09,10.15,51.0,-2.87,118.9,17097,4768
CLE-CLT,CLE,CLT,Cleveland,Charlotte,Medium,OH,PSA Airlines,1436,430.0,108.4,81.55,1.81,3.7,31.0,-5.48,71.0,8294,9583
ATL-OKC,ATL,OKC,Atlanta,Oklahoma City,Large,WN,Southwest Airlines,1436,761.0,136.0,81.48,1.11,2.46,29.0,-6.41,111.4,5466,6328
TUS-SEA,TUS,SEA,Tucson,Seattle,Medium,DL,Delta Air Lines,1434,1216.0,202.8,84.94,1.6,3.74,25.2,-9.18,169.4,13903,10006
SJC-SLC,SJC,SLC,San Jose,Salt Lake City,Medium,WN,Southwest Airlines,1434,584.0,108.6,80.61,0.56,4.85,29.0,-5.36,84.7,6434,6892
SEA-TUS,SEA,TUS,Seattle,Tucson,Large,DL,Delta Air Lines,1434,1216.0,183.7,85.7,1.26,0.89,26.0,-6.58,152.4,12688,2453
MCO-BQN,MCO,BQN,Orlando,Aguadilla,Large,F9,Frontier Airlines,1433,1129.0,168.5,70.06,1.74,13.99,67.0,-5.51,135.2,15751,11780
PHX-PIT,PHX,PIT,Phoenix,Pittsburgh,Large,AA,American Airlines,1433,1814.0,235.4,79.48,0.49,5.71,37.8,-6.71,207.9,8740,10910
DFW-SYR,DFW,SYR,Dallas-Fort Worth,Syracuse,Large,AA,American Airlines,1433,1336.0,187.4,56.11,2.23,32.62,100.0,-4.34,158.4,25275,25277
JFK-PIT,JFK,PIT,New York,Pittsburgh,Large,9E,Endeavor Air,1433,340.0,105.2,85.69,2.37,-2.62,21.0,-5.71,64.9,5800,5142
ELP-ORD,ELP,ORD,El Paso,Chicago,Small,MQ,Envoy Air,1433,1236.0,189.9,84.86,0.77,1.48,23.0,-6.82,154.6,9857,6418
SYR-DFW,SYR,DFW,Syracuse,Dallas-Fort Worth,Small,AA,American Airlines,1432,1336.0,231.2,79.61,2.44,6.9,32.8,-8.65,189.8,21708,4434
PIT-JFK,PIT,JFK,Pittsburgh,New York,Medium,9E,Endeavor Air,1432,340.0,100.7,82.4,2.72,5.12,34.0,-7.39,65.2,17474,6242
BQN-MCO,BQN,MCO,Aguadilla,Orlando,Non-hub,F9,Frontier Airlines,1432,1129.0,186.6,69.34,1.96,16.57,70.8,-8.74,149.9,11592,24031
CHS-PHL,CHS,PHL,Charleston,Philadelphia,Medium,OH,PSA Airlines,1432,550.0,111.6,82.61,2.09,3.58,33.0,-6.13,82.2,9105,12337
DEN-CLE,DEN,CLE,Denver,Cleveland,Large,F9,Frontier Airlines,1431,1201.0,180.8,80.36,1.26,4.63,39.0,-4.99,145.7,10825,5882
PIT-PHX,PIT,PHX,Pittsburgh,Phoenix,Medium,AA,American Airlines,1431,1814.0,285.0,85.95,0.49,9.07,22.0,-8.99,248.9,23999,6140
PHL-CHS,PHL,CHS,Philadelphia,Charleston,Large,OH,PSA Airlines,1431,550.0,119.7,76.45,2.03,6.54,53.4,-4.54,85.0,12228,10471
ATL-DAY,ATL,DAY,Atlanta,Dayton,Large,9E,Endeavor Air,1431,432.0,92.9,91.33,0.14,-3.44,10.0,-6.33,66.2,5488,2002
DAY-ATL,DAY,ATL,Dayton,Atlanta,Small,9E,Endeavor Air,1430,432.0,105.9,90.98,0.21,-6.68,12.0,-10.05,74.5,6693,3445
TPA-DFW,TPA,DFW,Tampa,Dallas-Fort Worth,Large,NK,Spirit Airlines,1429,929.0,168.9,73.69,2.73,12.29,64.0,-4.41,137.1,15751,11474
DFW-RAP,DFW,RAP,Dallas-Fort Worth,Rapid City,Large,YV,Mesa Airlines,1429,835.0,142.0,70.33,3.99,17.4,80.1,-5.29,113.9,16473,16086
RAP-DFW,RAP,DFW,Rapid City,Dallas-Fort Worth,Small,YV,Mesa Airlines,1429,835.0,145.7,74.18,4.48,9.63,64.0,-6.39,112.1,13672,13154
RSW-LGA,RSW,LGA,Fort Myers,New York,Medium,B6,JetBlue Airways,1429,1080.0,169.7,67.6,4.06,14.67,78.0,-2.87,141.2,18574,14305
MSP-CLE,MSP,CLE,Minneapolis,Cleveland,Large,DL,Delta Air Lines,1429,622.0,111.2,76.42,0.63,9.68,56.1,-5.68,81.5,21756,4151
MSP-ORD,MSP,ORD,Minneapolis,Chicago,Large,YX,Republic Airways,1429,334.0,100.6,79.36,2.8,5.62,40.3,-4.22,58.0,12458,9023
CLE-MSP,CLE,MSP,Cleveland,Minneapolis,Medium,DL,Delta Air Lines,1428,622.0,127.7,81.79,0.77,3.64,38.0,-9.09,97.4,12432,9302
ORD-ELP,ORD,ELP,Chicago,El Paso,Large,MQ,Envoy Air,1427,1236.0,210.4,80.73,0.77,-1.17,32.0,-8.82,172.7,8788,4699
PHL-MCI,PHL,MCI,Philadelphia,Kansas City,Large,AA,American Airlines,1426,1038.0,183.7,72.58,1.61,12.4,63.0,-5.85,144.9,14954,14065
BIS-DFW,BIS,DFW,Bismarck,Dallas-Fort Worth,Small,OO,SkyWest Airlines,1426,977.0,164.3,73.49,1.96,20.49,54.8,-0.7,132.8,25573,11180
SMF-HOU,SMF,HOU,Sacramento,Houston,Medium,WN,Southwest Airlines,1425,1624.0,217.0,80.28,1.19,3.52,27.9,-6.34,194.0,6016,4127
DFW-BIS,DFW,BIS,Dallas-Fort Worth,Bismarck,Large,OO,SkyWest Airlines,1425,977.0,166.8,76.77,2.74,6.96,47.8,-4.05,133.1,11065,8775
LGA-RSW,LGA,RSW,New York,Fort Myers,Large,B6,JetBlue Airways,1425,1080.0,198.6,65.4,4.0,17.19,89.0,-7.78,158.8,25896,11233
LAS-SEA,LAS,SEA,Las Vegas,Seattle,Large,F9,Frontier Airlines,1424,867.0,171.1,76.62,1.12,4.02,43.0,-5.46,130.9,10289,8021
SEA-LAS,SEA,LAS,Seattle,Las Vegas,Large,F9,Frontier Airlines,1424,867.0,156.7,67.56,1.4,19.37,68.0,-4.62,118.5,19234,16023
CLE-DEN,CLE,DEN,Cleveland,Denver,Medium,F9,Frontier Airlines,1424,1201.0,206.1,67.63,1.83,17.45,69.5,-6.6,169.2,18689,16916
SEA-FAT,SEA,FAT,Seattle,Fresno,Large,AS,Alaska Airlines,1424,748.0,131.2,81.67,1.47,1.74,24.0,-3.14,100.3,6596,3151
LAX-FLL,LAX,FLL,Los Angeles,Fort Lauderdale,Large,NK,Spirit Airlines,1423,2343.0,294.7,73.86,1.55,10.88,51.0,-6.81,265.0,17136,7419
FAT-SEA,FAT,SEA,Fresno,Seattle,Small,AS,Alaska Airlines,1422,748.0,138.0,79.18,2.04,2.77,28.8,-2.19,107.6,5408,6555
KOA-LAS,KOA,LAS,Kona,Las Vegas,Small,WN,Southwest Airlines,1422,2717.0,340.1,92.97,0.28,-10.57,9.0,-11.01,311.1,4153,8
EAT-SEA,EAT,SEA,Wenatchee,Seattle,Non-hub,QX,Horizon Air,1421,99.0,48.0,82.69,3.03,5.33,23.0,-0.98,30.9,6825,4611
LAS-KOA,LAS,KOA,Las Vegas,Kona,Large,WN,Southwest Airlines,1421,2717.0,376.1,72.55,0.0,2.7,37.0,-8.72,343.4,12121,2450
FLL-LAX,FLL,LAX,Fort Lauderdale,Los Angeles,Large,NK,Spirit Airlines,1420,2343.0,346.4,63.8,1.06,14.51,66.0,-5.98,311.9,23434,5516
SEA-EAT,SEA,EAT,Seattle,Wenatchee,Large,QX,Horizon Air,1420,99.0,47.8,84.72,2.75,1.34,18.4,-2.18,27.4,4586,2832
BOS-MSY,BOS,MSY,Boston,New Orleans,Large,DL,Delta Air Lines,1420,1368.0,228.6,82.18,1.06,-0.02,33.0,-9.3,192.7,11148,6493
MCI-PHL,MCI,PHL,Kansas City,Philadelphia,Medium,AA,American Airlines,1419,1038.0,158.2,76.18,1.76,17.12,46.0,-1.87,132.5,20893,11596
SBN-ATL,SBN,ATL,South Bend,Atlanta,Small,9E,Endeavor Air,1419,566.0,119.1,88.44,0.21,-5.1,18.0,-9.76,87.0,7957,4242
MDW-MSP,MDW,MSP,Chicago,Minneapolis,Large,9E,Endeavor Air,1419,349.0,100.1,88.94,1.34,-8.85,14.0,-13.55,63.4,4599,7323
ONT-CLT,ONT,CLT,Ontario,Charlotte,Medium,AA,American Airlines,1419,2078.0,272.3,83.16,1.41,9.54,28.0,-10.98,239.3,23589,5286
MCO-RSW,MCO,RSW,Orlando,Fort Myers,Large,WN,Southwest Airlines,1419,133.0,55.7,70.61,2.96,11.03,52.0,-5.98,31.4,10379,10824
RSW-MCO,RSW,MCO,Fort Myers,Orlando,Medium,WN,Southwest Airlines,1419,133.0,55.8,83.44,3.52,-0.27,24.0,-6.01,29.6,5287,6553
MSP-MDW,MSP,MDW,Minneapolis,Chicago,Large,9E,Endeavor Air,1418,349.0,100.0,84.41,1.34,0.04,24.6,-7.45,64.6,11496,2320
MSY-BOS,MSY,BOS,New Orleans,Boston,Medium,DL,Delta Air Lines,1418,1368.0,203.1,72.64,0.99,14.82,70.0,-8.93,168.5,24216,11262
BNA-IAH,BNA,IAH,Nashville,Houston,Large,YV,Mesa Airlines,1418,657.0,139.7,82.16,3.03,-3.22,28.9,-10.85,104.5,9398,5205
CLT-ONT,CLT,ONT,Charlotte,Ontario,Large,AA,American Airlines,1418,2078.0,302.0,67.35,1.41,13.62,64.6,-6.67,270.8,14237,13564
PVD-CLT,PVD,CLT,Providence,Charlotte,Small,OH,PSA Airlines,1418,683.0,140.9,85.9,1.41,-2.35,23.0,-8.92,108.7,6036,9487
DEN-JAX,DEN,JAX,Denver,Jacksonville,Large,WN,Southwest Airlines,1417,1447.0,192.6,63.94,1.2,15.83,53.0,-4.27,167.3,13900,10581
ATL-SBN,ATL,SBN,Atlanta,South Bend,Large,9E,Endeavor Air,1417,566.0,111.2,89.63,0.28,-3.57,13.0,-6.46,83.7,6102,1807
ORD-GSO,ORD,GSO,Chicago,Greensboro,Large,OO,SkyWest Airlines,1416,589.0,120.3,79.87,1.13,4.38,35.1,-4.26,84.7,10335,5621
CLT-PVD,CLT,PVD,Charlotte,Providence,Large,OH,PSA Airlines,1416,683.0,126.4,85.95,1.13,-0.2,22.0,-4.48,94.0,6273,4685
DEN-BOS,DEN,BOS,Denver,Boston,Large,DL,Delta Air Lines,1416,1754.0,241.7,73.59,0.85,8.84,46.0,-6.75,202.9,14454,7554
BOS-DEN,BOS,DEN,Boston,Denver,Large,DL,Delta Air Lines,1416,1754.0,287.5,75.78,0.78,1.74,35.9,-8.05,244.5,12154,4597
SAV-ORD,SAV,ORD,Savannah,Chicago,Medium,UA,United Airlines,1414,773.0,149.9,74.61,0.78,13.25,43.0,0.51,116.6,20130,5886
MCO-SDF,MCO,SDF,Orlando,Louisville,Large,NK,Spirit Airlines,1414,719.0,132.9,61.32,2.19,23.67,90.0,-3.57,103.4,25412,13145
GSO-ORD,GSO,ORD,Greensboro,Chicago,Small,OO,SkyWest Airlines,1414,589.0,136.0,75.46,0.99,9.62,43.0,0.99,98.1,15226,5818
ONT-DFW,ONT,DFW,Ontario,Dallas-Fort Worth,Medium,F9,Frontier Airlines,1413,1188.0,184.2,69.78,3.11,13.27,58.9,-5.41,146.5,14174,14471
PSP-SFO,PSP,SFO,Palm Springs,San Francisco,Small,UA,United Airlines,1413,421.0,99.2,74.17,0.85,9.52,59.0,-5.5,69.8,16679,9515
DFW-ONT,DFW,ONT,Dallas-Fort Worth,Ontario,Large,F9,Frontier Airlines,1411,1188.0,195.3,67.26,2.62,15.32,63.0,-3.98,162.3,14344,15460
SEA-GEG,SEA,GEG,Seattle,Spokane,Large,DL,Delta Air Lines,1411,224.0,67.2,75.41,1.49,15.57,48.0,-4.08,39.0,22996,6301
BNA-EWR,BNA,EWR,Nashville,Newark,Large,NK,Spirit Airlines,1410,748.0,135.8,68.3,3.62,13.44,76.0,-6.82,104.1,23643,6297
SDF-MCO,SDF,MCO,Louisville,Orlando,Medium,NK,Spirit Airlines,1410,719.0,130.0,69.72,2.7,17.75,61.0,-4.48,99.9,25071,8723
BOS-STL,BOS,STL,Boston,St. Louis,Large,MQ,Envoy Air,1409,1047.0,191.3,81.05,1.7,1.46,39.9,-7.47,155.6,9099,8365
GEG-SEA,GEG,SEA,Spokane,Seattle,Medium,DL,Delta Air Lines,1409,224.0,76.9,87.58,1.49,2.84,16.4,-4.56,43.1,11586,4426
ORD-SAV,ORD,SAV,Chicago,Savannah,Large,UA,United Airlines,1409,773.0,139.2,84.17,0.5,0.23,30.0,-6.16,102.2,6497,6462
PIT-ORD,PIT,ORD,Pittsburgh,Chicago,Medium,OO,SkyWest Airlines,1408,413.0,109.2,77.7,2.7,7.18,56.3,-9.15,71.0,10851,14712
PHL-PIT,PHL,PIT,Philadelphia,Pittsburgh,Large,OH,PSA Airlines,1407,268.0,81.9,78.54,2.2,6.53,48.0,-3.17,48.5,10773,9016
PIT-PHL,PIT,PHL,Pittsburgh,Philadelphia,Medium,OH,PSA Airlines,1406,268.0,75.3,74.82,3.2,13.57,56.0,-1.7,47.8,12224,16107
LBB-AUS,LBB,AUS,Lubbock,Austin,Small,WN,Southwest Airlines,1406,341.0,72.1,91.32,1.42,-4.78,6.0,-5.84,50.1,4734,1231
ORD-ROC,ORD,ROC,Chicago,Rochester,Large,OO,SkyWest Airlines,1406,528.0,107.3,79.23,2.06,7.26,41.0,-2.88,73.6,9449,9002
ALB-EWR,ALB,EWR,Albany,Newark,Small,YX,Republic Airways,1406,143.0,77.1,77.88,7.11,-0.05,34.0,-5.26,35.0,13200,2843
ROC-ORD,ROC,ORD,Rochester,Chicago,Small,OO,SkyWest Airlines,1406,528.0,126.7,80.37,2.2,9.21,45.6,-6.29,87.9,12842,12549
BOS-MCO,BOS,MCO,Boston,Orlando,Large,F9,Frontier Airlines,1405,1121.0,203.9,67.54,1.92,16.99,62.0,-6.26,161.1,22833,10543
ORD-TYS,ORD,TYS,Chicago,Knoxville,Large,MQ,Envoy Air,1405,475.0,99.6,75.16,1.07,7.96,42.0,-1.4,68.2,12319,6397
EWR-BNA,EWR,BNA,Newark,Nashville,Large,NK,Spirit Airlines,1405,748.0,144.8,75.09,2.63,8.14,62.0,-5.97,111.3,18075,6320
AUS-LBB,AUS,LBB,Austin,Lubbock,Large,WN,Southwest Airlines,1405,341.0,75.1,69.82,1.14,13.31,63.0,-6.34,53.2,8359,15923
MCI-LGA,MCI,LGA,Kansas City,New York,Medium,DL,Delta Air Lines,1404,1107.0,169.2,78.06,1.64,9.94,59.0,-5.35,139.6,19069,10123
TYS-ORD,TYS,ORD,Knoxville,Chicago,Small,MQ,Envoy Air,1404,475.0,114.6,76.0,1.07,7.57,45.0,-2.68,79.9,11894,7682
ROA-LGA,ROA,LGA,Roanoke VA,New York,Non-hub,YX,Republic Airways,1404,405.0,99.1,69.44,5.13,23.92,77.0,-2.74,65.0,28492,13355
LGA-ROA,LGA,ROA,New York,Roanoke VA,Large,YX,Republic Airways,1404,405.0,109.0,78.85,2.56,2.01,39.2,-2.02,72.6,8309,8291
PDX-IAD,PDX,IAD,Portland,Washington,Medium,UA,United Airlines,1404,2327.0,295.6,87.96,1.07,-2.53,17.0,-9.25,266.4,8230,4052
TUL-IAH,TUL,IAH,Tulsa,Houston,Small,UA,United Airlines,1404,429.0,98.1,88.25,1.64,-0.49,15.0,-1.88,71.9,7645,1928
LGA-MCI,LGA,MCI,New York,Kansas City,Large,DL,Delta Air Lines,1404,1107.0,200.7,73.08,1.71,13.67,78.0,-5.0,162.8,25540,8464
MCO-BOS,MCO,BOS,Orlando,Boston,Large,F9,Frontier Airlines,1404,1121.0,183.5,79.2,1.71,4.5,36.1,-6.64,145.0,13374,5745
HOU-SMF,HOU,SMF,Houston,Sacramento,Medium,WN,Southwest Airlines,1402,1624.0,242.9,74.68,0.71,7.55,38.0,-6.81,219.1,10940,5795
IAD-PDX,IAD,PDX,Washington,Portland,Medium,UA,United Airlines,1401,2327.0,342.2,77.23,0.71,9.57,58.0,-8.29,307.4,17841,7240
MKE-LAS,MKE,LAS,Milwaukee,Las Vegas,Medium,NK,Spirit Airlines,1401,1524.0,233.8,77.73,2.43,5.93,41.0,-4.59,205.8,15896,5707
IAH-TUL,IAH,TUL,Houston,Tulsa,Large,UA,United Airlines,1401,429.0,91.8,72.88,1.43,9.7,54.2,-4.81,64.0,11415,9739
STL-BOS,STL,BOS,St. Louis,Boston,Medium,MQ,Envoy Air,1401,1047.0,157.3,71.66,1.64,11.75,62.0,-3.15,132.9,10437,14445
MSP-BOS,MSP,BOS,Minneapolis,Boston,Large,B6,JetBlue Airways,1400,1124.0,168.3,65.43,2.21,23.33,84.0,-3.35,138.1,24274,17890
BOS-MSP,BOS,MSP,Boston,Minneapolis,Large,B6,JetBlue Airways,1400,1124.0,200.1,71.86,1.86,9.81,65.3,-8.73,164.6,18191,9094
TLH-DCA,TLH,DCA,Tallahassee,Washington,Small,OH,PSA Airlines,1400,716.0,125.8,81.21,2.5,7.1,25.0,0.1,99.2,14922,4680
FLL-ORH,FLL,ORH,Fort Lauderdale,Worcester,Large,B6,JetBlue Airways,1399,1211.0,185.2,73.05,3.36,8.73,59.0,-5.98,155.1,16905,6501
JAX-DEN,JAX,DEN,Jacksonville,Denver,Medium,WN,Southwest Airlines,1399,1447.0,228.0,79.06,1.22,4.95,34.0,-7.17,201.7,10674,5509
DCA-TLH,DCA,TLH,Washington,Tallahassee,Large,OH,PSA Airlines,1398,716.0,138.3,67.53,5.15,13.04,71.0,-4.84,104.1,14284,13303
PHL-BNA,PHL,BNA,Philadelphia,Nashville,Large,OH,PSA Airlines,1398,675.0,141.9,77.04,2.93,7.76,50.0,-3.61,106.7,11630,11245
CMH-DCA,CMH,DCA,Columbus,Washington,Medium,WN,Southwest Airlines,1398,323.0,77.0,81.26,1.43,3.42,30.7,-6.45,52.3,8925,5690
DCA-CMH,DCA,CMH,Washington,Columbus,Large,WN,Southwest Airlines,1398,323.0,81.6,73.53,1.79,8.73,43.0,-6.95,55.0,8033,10257
LAS-MKE,LAS,MKE,Las Vegas,Milwaukee,Large,NK,Spirit Airlines,1397,1524.0,210.1,76.52,2.15,6.95,46.0,-7.04,180.4,15683,4341
BNA-PHL,BNA,PHL,Nashville,Philadelphia,Large,OH,PSA Airlines,1397,675.0,121.9,76.59,3.22,8.16,49.1,-4.91,92.6,11599,11240
DCA-DTW,DCA,DTW,Washington,Detroit,Large,YX,Republic Airways,1397,405.0,105.5,81.25,3.36,1.67,28.0,-5.97,68.1,7142,7136
DTW-DCA,DTW,DCA,Detroit,Washington,Large,YX,Republic Airways,1396,405.0,97.3,84.53,2.79,-1.93,22.0,-4.3,66.2,7794,3768
DCA-ROC,DCA,ROC,Washington,Rochester,Large,YX,Republic Airways,1396,296.0,85.4,81.16,3.3,0.69,26.0,-5.53,52.0,5109,7869
DFW-MRY,DFW,MRY,Dallas-Fort Worth,Monterey,Large,AA,American Airlines,1395,1430.0,223.2,68.46,1.51,18.19,75.0,-5.49,193.8,18802,14710
CLE-ATL,CLE,ATL,Cleveland,Atlanta,Medium,WN,Southwest Airlines,1395,554.0,108.9,81.08,1.15,1.37,31.0,-8.49,82.8,4265,8531
MRY-DFW,MRY,DFW,Monterey,Dallas-Fort Worth,Small,AA,American Airlines,1395,1430.0,209.6,71.97,1.58,29.98,71.0,-5.37,174.9,27843,22340
ROC-DCA,ROC,DCA,Rochester,Washington,Small,YX,Republic Airways,1394,296.0,84.4,85.15,2.87,-1.93,20.0,-5.58,57.2,7097,4975
DFW-PIA,DFW,PIA,Dallas-Fort Worth,Peoria,Large,YV,Mesa Airlines,1393,672.0,116.0,65.47,4.59,22.31,89.0,-3.19,88.7,18893,18039
PIA-DFW,PIA,DFW,Peoria,Dallas-Fort Worth,Small,YV,Mesa Airlines,1393,672.0,137.5,71.86,3.88,16.84,81.0,-3.93,101.2,15645,17214
ORH-FLL,ORH,FLL,Worcester,Fort Lauderdale,Non-hub,B6,JetBlue Airways,1393,1211.0,197.7,65.18,3.59,20.92,94.0,-6.76,168.7,25077,16988
DFW-GSO,DFW,GSO,Dallas-Fort Worth,Greensboro,Large,MQ,Envoy Air,1393,999.0,156.3,79.76,1.44,3.82,34.0,-2.88,127.0,8762,4552
PHL-CLE,PHL,CLE,Philadelphia,Cleveland,Large,AA,American Airlines,1393,363.0,95.6,68.99,2.3,13.32,66.4,-3.85,60.7,12183,14788
BUR-BNA,BUR,BNA,Burbank,Nashville,Medium,WN,Southwest Airlines,1393,1791.0,237.3,81.19,0.57,1.89,29.4,-6.76,209.0,6774,4776
JLN-DEN,JLN,DEN,Joplin,Denver,Non-hub,OO,SkyWest Airlines,1393,582.0,131.8,75.45,1.79,10.8,76.8,-10.4,95.0,26297,9376
FNT-CLT,FNT,CLT,Flint,Charlotte,Non-hub,OH,PSA Airlines,1393,555.0,128.4,85.93,1.15,-1.14,21.0,-9.95,88.4,6694,6333
MCI-IAH,MCI,IAH,Kansas City,Houston,Medium,UA,United Airlines,1392,643.0,128.3,84.2,1.94,4.41,24.0,-1.6,98.7,11532,4123
ESC-MSP,ESC,MSP,Escanaba,Minneapolis,Non-hub,OO,SkyWest Airlines,1392,304.0,79.4,81.54,1.44,7.12,42.0,-4.33,54.8,23988,0
DEN-JLN,DEN,JLN,Denver,Joplin,Large,OO,SkyWest Airlines,1392,582.0,112.4,80.03,1.36,3.03,41.0,-8.49,79.6,12259,6837
LSE-MSP,LSE,MSP,La Crosse,Minneapolis,Non-hub,OO,SkyWest Airlines,1392,119.0,62.2,87.79,1.08,-0.77,19.0,-11.03,30.3,17903,0
GSO-DFW,GSO,DFW,Greensboro,Dallas-Fort Worth,Small,MQ,Envoy Air,1392,999.0,184.7,80.89,1.58,0.16,32.0,-10.41,146.5,8356,7458
SFO-PSP,SFO,PSP,San Francisco,Palm Springs,Large,UA,United Airlines,1392,421.0,99.1,86.71,0.57,-1.34,23.0,-7.1,65.7,6204,6283
MSP-ESC,MSP,ESC,Minneapolis,Escanaba,Large,OO,SkyWest Airlines,1392,304.0,77.2,86.06,1.65,2.51,21.8,-6.89,47.9,17948,0
CLT-FNT,CLT,FNT,Charlotte,Flint,Large,OH,PSA Airlines,1392,555.0,122.1,80.6,1.08,4.88,33.7,-1.8,89.0,8592,6375
SJC-BOI,SJC,BOI,San Jose,Boise,Medium,OO,SkyWest Airlines,1391,523.0,97.7,86.84,0.29,-0.98,19.5,-3.36,76.8,2477,7392
DAB-CLT,DAB,CLT,Daytona Beach,Charlotte,Non-hub,AA,American Airlines,1391,416.0,99.3,80.01,0.79,13.65,50.2,-5.22,69.4,16458,11242
CLT-DAB,CLT,DAB,Charlotte,Daytona Beach,Large,AA,American Airlines,1391,416.0,87.9,73.54,0.79,14.22,52.0,-1.96,63.4,13137,11464
MSP-LSE,MSP,LSE,Minneapolis,La Crosse,Large,OO,SkyWest Airlines,1391,119.0,56.0,84.11,0.72,4.47,29.0,-6.85,26.3,18238,0
CLE-PHL,CLE,PHL,Cleveland,Philadelphia,Medium,AA,American Airlines,1390,363.0,82.7,70.0,2.45,17.05,62.5,0.66,58.7,16514,13160
IAD-CLT,IAD,CLT,Washington,Charlotte,Medium,AA,American Airlines,1388,322.0,90.7,79.83,1.95,12.18,38.1,-5.16,57.5,20051,8346
ORD-JAX,ORD,JAX,Chicago,Jacksonville,Large,YX,Republic Airways,1387,864.0,152.7,83.2,1.8,-2.83,24.0,-5.49,114.9,7354,2946
CLT-IAD,CLT,IAD,Charlotte,Washington,Large,AA,American Airlines,1387,322.0,80.3,72.1,1.8,12.15,55.9,-4.78,52.7,12117,12955
SJC-RNO,SJC,RNO,San Jose,Reno,Medium,WN,Southwest Airlines,1387,188.0,62.3,92.29,0.29,-5.84,8.0,-7.76,38.9,2585,1808
AUS-MAF,AUS,MAF,Austin,Midland,Large,OO,SkyWest Airlines,1387,294.0,82.2,77.87,0.58,12.76,56.0,-8.38,50.7,31386,0
MAF-AUS,MAF,AUS,Midland,Austin,Small,OO,SkyWest Airlines,1387,294.0,85.5,79.96,0.58,8.92,55.0,-7.61,47.5,28926,0
AVL-LGA,AVL,LGA,Asheville,New York,Small,YX,Republic Airways,1386,599.0,115.0,76.33,3.54,7.82,45.0,-3.78,87.1,14356,7774
LGA-AVL,LGA,AVL,New York,Asheville,Large,YX,Republic Airways,1386,599.0,132.1,83.41,2.09,-2.75,25.0,-3.9,95.3,7055,4167
BNA-BUR,BNA,BUR,Nashville,Burbank,Large,WN,Southwest Airlines,1385,1791.0,272.4,75.52,0.58,5.6,38.0,-9.64,246.6,6453,10212
ORD-BNA,ORD,BNA,Chicago,Nashville,Large,YX,Republic Airways,1385,409.0,101.3,79.71,1.01,3.7,37.0,-1.81,63.6,9904,6143
LGA-GRR,LGA,GRR,New York,Grand Rapids,Large,YX,Republic Airways,1385,618.0,133.9,80.65,2.74,-0.44,43.0,-5.5,97.4,8647,6255
GRR-LGA,GRR,LGA,Grand Rapids,New York,Medium,YX,Republic Airways,1384,618.0,116.9,79.99,2.46,2.83,38.0,-1.52,89.6,10108,4634
DEN-CVG,DEN,CVG,Denver,Cincinnati,Large,DL,Delta Air Lines,1383,1069.0,154.2,80.48,0.43,6.33,41.0,-2.33,127.9,7817,9308
BUR-ABQ,BUR,ABQ,Burbank,Albuquerque,Medium,WN,Southwest Airlines,1383,672.0,111.4,82.14,0.65,2.56,27.0,-4.16,87.0,4184,6233
CVG-DEN,CVG,DEN,Cincinnati,Denver,Medium,DL,Delta Air Lines,1382,1069.0,183.6,90.01,0.43,-5.24,14.0,-9.04,151.6,7580,1426
ATL-CLE,ATL,CLE,Atlanta,Cleveland,Large,WN,Southwest Airlines,1382,554.0,103.6,84.3,0.65,1.76,24.0,-7.33,77.4,5074,4661
JFK-BWI,JFK,BWI,New York,Baltimore,Large,YX,Republic Airways,1381,184.0,74.2,80.96,2.68,1.75,37.0,-2.79,40.2,6278,7954
DEN-CNY,DEN,CNY,Denver,Moab,Large,OO,SkyWest Airlines,1380,283.0,74.5,81.45,1.96,2.84,30.0,-2.4,49.2,9985,2732
BWI-JFK,BWI,JFK,Baltimore,New York,Large,YX,Republic Airways,1380,184.0,75.7,78.84,2.61,2.0,33.8,-0.53,42.1,9511,4571
CNY-DEN,CNY,DEN,Moab,Denver,Non-hub,OO,SkyWest Airlines,1380,283.0,78.4,76.81,2.75,17.82,54.0,-1.86,48.3,28260,7328
ORF-EWR,ORF,EWR,Norfolk,Newark,Medium,UA,United Airlines,1379,284.0,89.0,77.08,4.86,9.52,49.0,-4.59,56.6,18463,7232
STT-JFK,STT,JFK,St. Thomas,New York,Small,AA,American Airlines,1379,1623.0,258.5,76.36,1.31,10.54,52.0,-6.94,224.3,15087,15632
JFK-STT,JFK,STT,New York,St. Thomas,Large,AA,American Airlines,1378,1623.0,239.0,81.28,1.09,5.08,33.3,-7.34,203.2,18488,6735
MCO-GRR,MCO,GRR,Orlando,Grand Rapids,Large,F9,Frontier Airlines,1378,1024.0,174.9,75.4,1.67,8.99,56.0,-5.19,140.4,14228,9833
ABQ-ORD,ABQ,ORD,Albuquerque,Chicago,Medium,AA,American Airlines,1378,1118.0,176.0,77.87,1.16,9.76,44.0,-6.46,140.7,14815,10607
RNO-SJC,RNO,SJC,Reno,San Jose,Medium,WN,Southwest Airlines,1378,188.0,65.1,72.93,1.02,9.0,47.7,-7.42,43.2,3015,17245
ORD-ABQ,ORD,ABQ,Chicago,Albuquerque,Large,AA,American Airlines,1377,1118.0,187.1,76.76,1.09,6.04,44.0,-6.08,154.6,9790,9175
CMH-AUS,CMH,AUS,Columbus,Austin,Medium,WN,Southwest Airlines,1377,1073.0,175.7,79.88,0.94,2.43,27.0,-5.3,153.1,5908,5929
AUS-CMH,AUS,CMH,Austin,Columbus,Large,WN,Southwest Airlines,1377,1073.0,155.2,79.01,1.02,5.6,29.1,-4.05,133.4,6310,6573
CAE-LGA,CAE,LGA,Columbia,New York,Small,9E,Endeavor Air,1376,617.0,116.7,85.83,3.2,-1.61,17.5,-7.18,84.7,10032,2619
ONT-AUS,ONT,AUS,Ontario,Austin,Medium,WN,Southwest Airlines,1376,1196.0,164.0,84.38,0.87,2.56,22.0,-4.04,143.0,4914,3918
AUS-ONT,AUS,ONT,Austin,Ontario,Large,WN,Southwest Airlines,1376,1196.0,184.7,72.53,0.94,9.32,39.8,-5.24,161.8,7264,9310
LGA-CAE,LGA,CAE,New York,Columbia,Large,9E,Endeavor Air,1376,617.0,130.7,74.06,3.71,6.49,59.6,-5.52,93.1,10139,12284
PBI-PHL,PBI,PHL,West Palm Beach,Philadelphia,Medium,F9,Frontier Airlines,1374,951.0,163.0,62.3,2.33,32.23,112.9,-4.95,128.7,22093,28947
PHL-PBI,PHL,PBI,Philadelphia,West Palm Beach,Large,F9,Frontier Airlines,1374,951.0,169.6,70.16,1.53,11.21,75.9,-5.11,135.8,17981,10181
GRR-MCO,GRR,MCO,Grand Rapids,Orlando,Medium,F9,Frontier Airlines,1374,1024.0,174.7,69.36,2.69,16.77,84.5,-7.44,134.7,16477,21743
SJC-KOA,SJC,KOA,San Jose,Kona,Medium,AS,Alaska Airlines,1374,2384.0,332.3,87.7,0.66,-6.31,18.0,-6.12,302.0,7580,999
SFO-LAX,SFO,LAX,San Francisco,Los Angeles,Large,AA,American Airlines,1374,337.0,88.2,78.82,0.44,18.0,54.0,-2.3,55.6,17465,17510
KOA-SJC,KOA,SJC,Kona,San Jose,Small,AS,Alaska Airlines,1373,2384.0,306.3,79.17,1.46,4.66,38.3,-5.52,279.3,6528,9857
ALW-SEA,ALW,SEA,Walla Walla,Seattle,Non-hub,QX,Horizon Air,1373,213.0,65.6,86.53,3.28,1.31,16.0,-2.33,49.0,4395,4157
SEA-ALW,SEA,ALW,Seattle,Walla Walla,Large,QX,Horizon Air,1372,213.0,62.1,85.5,2.7,0.87,18.0,-2.72,41.7,4270,3042
DFW-GNV,DFW,GNV,Dallas-Fort Worth,Gainesville,Large,MQ,Envoy Air,1372,900.0,145.2,80.1,0.95,2.29,36.0,-3.35,116.1,8200,5056
GNV-DFW,GNV,DFW,Gainesville,Dallas-Fort Worth,Non-hub,MQ,Envoy Air,1372,900.0,168.6,75.58,0.95,7.86,46.7,-4.92,137.7,10707,10030
LAX-SFO,LAX,SFO,Los Angeles,San Francisco,Large,AA,American Airlines,1372,337.0,85.6,66.4,0.22,20.14,74.0,0.41,56.0,16662,17501
IAD-JFK,IAD,JFK,Washington,New York,Medium,9E,Endeavor Air,1372,228.0,87.7,81.2,4.01,0.02,27.0,-8.56,49.0,10682,6628
JFK-IAD,JFK,IAD,New York,Washington,Large,9E,Endeavor Air,1371,228.0,89.1,81.77,4.01,-1.19,27.0,-8.11,49.2,9931,4065
PWM-DCA,PWM,DCA,Portland,Washington,Small,YX,Republic Airways,1370,482.0,118.0,83.58,2.55,-1.03,23.0,-7.18,85.3,9148,5504
RAP-ORD,RAP,ORD,Rapid City,Chicago,Small,OO,SkyWest Airlines,1370,780.0,141.5,78.61,1.68,8.45,44.1,-3.78,106.0,10612,12006
MDT-SFB,MDT,SFB,Harrisburg,Sanford,Small,G4,Allegiant Air,1370,827.0,137.3,62.04,1.53,29.18,90.0,-1.16,117.3,25296,21800
ORD-RAP,ORD,RAP,Chicago,Rapid City,Large,OO,SkyWest Airlines,1370,780.0,152.8,75.69,1.68,7.15,49.0,-5.34,115.3,10141,9565
DCA-OKC,DCA,OKC,Washington,Oklahoma City,Large,WN,Southwest Airlines,1370,1158.0,194.7,69.93,1.97,10.0,46.0,-7.25,165.5,11228,9851
OKC-DCA,OKC,DCA,Oklahoma City,Washington,Medium,WN,Southwest Airlines,1370,1158.0,163.6,79.56,2.04,1.96,27.0,-4.93,141.6,5895,5608
TPA-AUS,TPA,AUS,Tampa,Austin,Large,AA,American Airlines,1369,928.0,163.7,76.33,2.05,9.0,48.1,-3.46,134.9,13400,10252
DCA-PWM,DCA,PWM,Washington,Portland,Large,YX,Republic Airways,1368,482.0,102.6,80.92,3.44,0.62,29.0,-4.96,70.7,4806,6724
MFR-DEN,MFR,DEN,Medford,Denver,Small,OO,SkyWest Airlines,1368,964.0,158.5,81.43,1.46,9.28,36.6,-4.7,128.8,19625,4782
ABQ-BUR,ABQ,BUR,Albuquerque,Burbank,Medium,WN,Southwest Airlines,1368,672.0,122.0,74.49,0.95,8.34,37.0,-6.36,102.0,4809,12327
SFB-MDT,SFB,MDT,Sanford,Harrisburg,Small,G4,Allegiant Air,1368,827.0,135.1,74.12,1.1,11.55,50.0,-0.89,113.4,16634,5965
DEN-MFR,DEN,MFR,Denver,Medford,Large,OO,SkyWest Airlines,1368,964.0,175.9,76.39,0.95,6.86,42.0,-5.76,142.5,14894,3420
SRQ-HOU,SRQ,HOU,Sarasota,Houston,Small,WN,Southwest Airlines,1367,789.0,143.1,77.1,3.37,3.8,38.0,-8.37,117.0,6165,9161
YKM-SEA,YKM,SEA,Yakima,Seattle,Non-hub,QX,Horizon Air,1367,103.0,43.9,86.54,2.49,2.35,16.0,-0.85,29.5,4714,3650
SJU-TPA,SJU,TPA,San Juan,Tampa,Medium,F9,Frontier Airlines,1366,1237.0,194.5,75.18,1.61,11.41,54.0,-4.3,164.0,9008,16288
AUS-TPA,AUS,TPA,Austin,Tampa,Large,AA,American Airlines,1366,928.0,142.3,71.82,2.05,16.89,75.0,-2.9,118.6,15395,16406
SEA-YKM,SEA,YKM,Seattle,Yakima,Large,QX,Horizon Air,1366,103.0,46.8,84.85,2.05,1.57,22.0,-2.97,27.5,4829,3123
ORD-PSP,ORD,PSP,Chicago,Palm Springs,Large,AA,American Airlines,1364,1651.0,263.8,76.69,0.81,3.52,38.0,-7.65,227.3,9586,8550
PSP-ORD,PSP,ORD,Palm Springs,Chicago,Small,AA,American Airlines,1363,1651.0,235.5,77.4,0.88,12.0,42.0,-7.89,195.5,18035,10964
MDW-DTW,MDW,DTW,Chicago,Detroit,Large,9E,Endeavor Air,1361,228.0,72.5,87.58,0.96,-3.81,20.0,-7.43,40.6,4628,6934
AUS-EWR,AUS,EWR,Austin,Newark,Large,NK,Spirit Airlines,1361,1504.0,225.3,60.03,3.82,22.73,100.9,-5.54,189.7,33036,5483
LGB-SLC,LGB,SLC,Long Beach,Salt Lake City,Small,WN,Southwest Airlines,1361,588.0,108.6,84.42,0.15,1.57,27.0,-8.07,83.3,2725,8886
ORD-JAC,ORD,JAC,Chicago,Jacksn Hole,Large,AA,American Airlines,1361,1162.0,192.7,73.03,0.44,22.11,67.0,-4.85,162.5,21756,17676
DTW-MDW,DTW,MDW,Detroit,Chicago,Large,9E,Endeavor Air,1361,228.0,78.4,87.29,0.96,-3.36,19.0,-7.52,47.1,7229,1571
SLC-LGB,SLC,LGB,Salt Lake City,Long Beach,Large,WN,Southwest Airlines,1361,588.0,114.1,82.73,0.37,2.7,29.0,-7.28,89.2,4692,7509
JAC-ORD,JAC,ORD,Jacksn Hole,Chicago,Small,AA,American Airlines,1361,1162.0,188.5,67.38,0.44,36.03,100.0,-2.78,147.1,23794,33455
HOU-SRQ,HOU,SRQ,Houston,Sarasota,Medium,WN,Southwest Airlines,1361,789.0,126.1,74.58,2.94,7.68,41.2,-6.75,103.2,9808,7259
EWR-AUS,EWR,AUS,Newark,Austin,Large,NK,Spirit Airlines,1360,1504.0,242.9,72.43,3.09,7.01,55.5,-4.34,208.9,16430,5362
TPA-SJU,TPA,SJU,Tampa,San Juan,Large,F9,Frontier Airlines,1360,1237.0,181.3,75.88,1.32,8.89,46.0,-6.37,150.5,9875,10810
LFT-ATL,LFT,ATL,Lafayette,Atlanta,Non-hub,OO,SkyWest Airlines,1359,503.0,108.1,78.66,0.52,11.78,72.4,-6.1,72.5,29098,0
ATL-LFT,ATL,LFT,Atlanta,Lafayette,Large,OO,SkyWest Airlines,1359,503.0,107.7,76.82,0.29,14.34,64.4,-4.53,78.3,27978,0
PHL-BGR,PHL,BGR,Philadelphia,Bangor,Large,OH,PSA Airlines,1358,473.0,104.2,77.69,2.06,6.87,46.0,-3.55,70.5,9645,8935
JFK-ACK,JFK,ACK,New York,Nantucket,Large,B6,JetBlue Airways,1357,199.0,73.9,71.48,3.83,12.54,67.4,-4.5,40.9,18315,8451
BGR-PHL,BGR,PHL,Bangor,Philadelphia,Small,OH,PSA Airlines,1357,473.0,112.6,81.95,1.92,3.72,35.0,-6.97,82.9,9092,9701
ORD-PIT,ORD,PIT,Chicago,Pittsburgh,Large,OO,SkyWest Airlines,1357,413.0,95.1,77.01,2.58,8.98,50.0,-4.31,60.9,8661,11804
ACK-JFK,ACK,JFK,Nantucket,New York,Non-hub,B6,JetBlue Airways,1356,199.0,70.4,68.73,5.01,20.71,99.0,-3.04,41.1,17554,19881
MLU-DFW,MLU,DFW,Monroe,Dallas-Fort Worth,Non-hub,OO,SkyWest Airlines,1355,293.0,85.2,80.0,3.32,8.71,40.0,-2.19,55.0,16797,4942
SLC-BUR,SLC,BUR,Salt Lake City,Burbank,Large,WN,Southwest Airlines,1355,574.0,116.0,77.05,1.55,4.92,35.0,-6.24,92.0,5946,8205
AVL-EWR,AVL,EWR,Asheville,Newark,Small,YX,Republic Airways,1355,583.0,126.6,80.22,4.58,0.23,33.0,-8.27,87.4,14282,2822
DFW-MLU,DFW,MLU,Dallas-Fort Worth,Monroe,Large,OO,SkyWest Airlines,1355,293.0,76.4,82.8,3.32,1.86,26.0,-2.78,47.0,10623,1786
IAH-MCI,IAH,MCI,Houston,Kansas City,Large,UA,United Airlines,1353,643.0,121.6,71.32,1.77,14.49,60.0,-3.13,91.1,12287,11950
EWR-AVL,EWR,AVL,Newark,Asheville,Large,YX,Republic Airways,1353,583.0,133.2,79.67,6.28,-4.59,28.0,-8.41,90.5,7884,3437
ANC-ORD,ANC,ORD,Anchorage,Chicago,Medium,AS,Alaska Airlines,1353,2846.0,376.2,74.65,0.96,4.03,40.0,1.58,338.8,13524,1445
BUR-SLC,BUR,SLC,Burbank,Salt Lake City,Medium,WN,Southwest Airlines,1352,574.0,106.7,81.29,1.33,2.95,28.1,-5.11,80.8,4634,6680
CVG-IAD,CVG,IAD,Cincinnati,Washington,Medium,YX,Republic Airways,1352,388.0,92.5,87.72,1.55,-2.37,17.0,-3.51,63.9,4295,5312
MIA-PHL,MIA,PHL,Miami,Philadelphia,Large,NK,Spirit Airlines,1351,1013.0,172.1,70.54,2.52,14.3,72.4,-5.53,136.9,18141,10146
PHL-MIA,PHL,MIA,Philadelphia,Miami,Large,NK,Spirit Airlines,1351,1013.0,177.4,78.61,2.22,1.14,41.3,-9.54,141.8,14146,3364
DCA-MSN,DCA,MSN,Washington,Madison,Large,YX,Republic Airways,1348,707.0,141.8,85.16,1.85,-2.42,23.0,-6.86,108.5,8404,3628
ORD-ANC,ORD,ANC,Chicago,Anchorage,Large,AS,Alaska Airlines,1348,2846.0,402.6,71.51,1.04,7.66,45.0,-6.74,366.0,15305,5519
DFW-CHA,DFW,CHA,Dallas-Fort Worth,Chattanooga,Large,OH,PSA Airlines,1348,695.0,127.6,72.85,2.15,14.18,66.0,-4.59,91.4,13778,15395
MSN-DCA,MSN,DCA,Madison,Washington,Small,YX,Republic Airways,1348,707.0,121.7,78.78,2.37,4.52,44.3,-3.45,95.5,14794,5115
SFO-SLC,SFO,SLC,San Francisco,Salt Lake City,Large,UA,United Airlines,1348,599.0,115.5,78.93,0.82,6.53,45.6,-5.95,82.3,6846,11444
SLC-BWI,SLC,BWI,Salt Lake City,Baltimore,Large,WN,Southwest Airlines,1348,1865.0,244.1,72.7,1.41,8.04,36.0,-6.9,216.4,10502,6084
DTW-DAY,DTW,DAY,Detroit,Dayton,Large,9E,Endeavor Air,1347,166.0,62.6,90.79,0.67,-4.99,11.0,-5.79,33.1,5569,517
DAY-DTW,DAY,DTW,Dayton,Detroit,Small,9E,Endeavor Air,1347,166.0,69.8,92.28,0.82,-7.47,7.0,-8.38,37.2,4378,2725
DFW-CID,DFW,CID,Dallas-Fort Worth,Cedar Rapids,Large,YV,Mesa Airlines,1347,685.0,121.6,67.41,4.08,19.67,83.2,-3.8,93.3,15286,16575
DFW-HSV,DFW,HSV,Dallas-Fort Worth,Huntsville,Large,OO,SkyWest Airlines,1347,603.0,114.1,77.13,1.11,9.36,46.0,-1.13,82.1,14403,5543
ORD-CHS,ORD,CHS,Chicago,Charleston,Large,MQ,Envoy Air,1346,760.0,138.6,79.72,1.19,1.15,32.0,-5.16,102.6,7405,4704
DTW-PHL,DTW,PHL,Detroit,Philadelphia,Large,AA,American Airlines,1346,453.0,97.1,75.48,2.53,15.44,53.2,-0.63,70.0,18588,10851
CID-DFW,CID,DFW,Cedar Rapids,Dallas-Fort Worth,Small,YV,Mesa Airlines,1346,685.0,134.0,74.0,4.53,14.32,63.0,-5.39,99.3,15782,12491
PIT-DAL,PIT,DAL,Pittsburgh,Dallas,Medium,WN,Southwest Airlines,1346,1060.0,177.5,80.24,1.26,1.67,29.0,-8.28,151.8,6655,6318
MIA-SEA,MIA,SEA,Miami,Seattle,Large,AS,Alaska Airlines,1346,2724.0,404.6,70.58,2.23,7.31,53.4,-4.16,360.2,12955,8493
SEA-MIA,SEA,MIA,Seattle,Miami,Large,AS,Alaska Airlines,1346,2724.0,355.1,75.41,1.63,1.37,37.0,-6.56,315.6,13672,1226
HSV-DFW,HSV,DFW,Huntsville,Dallas-Fort Worth,Small,OO,SkyWest Airlines,1346,603.0,126.2,69.69,1.71,19.76,56.0,-0.69,96.0,21006,10548
CHS-ORD,CHS,ORD,Charleston,Chicago,Medium,MQ,Envoy Air,1345,760.0,151.2,76.88,1.19,4.59,43.7,-2.75,116.2,9706,7625
BUR-STS,BUR,STS,Burbank,Santa Rosa,Medium,OO,SkyWest Airlines,1345,387.0,94.7,78.51,1.56,4.26,29.5,-0.96,65.7,5089,8174
STS-BUR,STS,BUR,Santa Rosa,Burbank,Small,OO,SkyWest Airlines,1345,387.0,82.1,76.95,1.56,6.71,38.9,-1.67,59.2,5194,10091
CHA-DFW,CHA,DFW,Chattanooga,Dallas-Fort Worth,Small,OH,PSA Airlines,1344,695.0,148.2,75.89,2.31,11.51,68.8,-9.66,108.6,19177,11542
MEM-MCO,MEM,MCO,Memphis,Orlando,Medium,NK,Spirit Airlines,1344,684.0,129.5,79.91,2.83,0.74,43.7,-10.78,94.1,12380,6355
PHL-DTW,PHL,DTW,Philadelphia,Detroit,Large,AA,American Airlines,1344,453.0,110.6,74.85,2.46,10.55,54.1,-5.2,73.0,13177,10938
MCO-MEM,MCO,MEM,Orlando,Memphis,Large,NK,Spirit Airlines,1343,684.0,131.3,66.2,2.61,17.55,74.0,-4.55,103.1,22987,6895
ONT-JFK,ONT,JFK,Ontario,New York,Medium,B6,JetBlue Airways,1342,2429.0,317.2,65.05,2.53,28.03,83.5,-8.65,283.7,26710,19594
JFK-ONT,JFK,ONT,New York,Ontario,Large,B6,JetBlue Airways,1342,2429.0,369.7,61.48,2.16,14.77,90.6,-12.74,321.2,23176,10576
FWA-CLT,FWA,CLT,Fort Wayne,Charlotte,Small,OH,PSA Airlines,1339,460.0,109.1,82.6,1.19,7.04,33.0,-5.75,70.5,15750,5532
LAS-MEM,LAS,MEM,Las Vegas,Memphis,Large,NK,Spirit Airlines,1338,1416.0,198.0,84.45,0.67,2.68,28.0,-6.82,168.5,11473,3169
RDU-PHL,RDU,PHL,Raleigh-durham,Philadelphia,Medium,YX,Republic Airways,1338,337.0,91.0,84.16,1.87,-0.41,24.0,-4.44,59.4,6431,5722
FNT-PGD,FNT,PGD,Flint,Punta Gorda,Non-hub,G4,Allegiant Air,1338,1111.0,174.3,65.4,1.42,16.84,68.0,1.12,151.1,22949,8465
CLT-FWA,CLT,FWA,Charlotte,Fort Wayne,Large,OH,PSA Airlines,1338,460.0,107.6,77.2,2.09,7.17,41.0,-2.2,71.2,9973,7362
PGD-FNT,PGD,FNT,Punta Gorda,Flint,Small,G4,Allegiant Air,1338,1111.0,173.9,64.13,1.42,20.26,73.2,-2.21,151.2,16383,17204
PHL-RDU,PHL,RDU,Philadelphia,Raleigh-durham,Large,YX,Republic Airways,1338,337.0,96.3,89.46,0.97,-6.28,13.7,-7.65,59.8,5524,3426
MEM-LAS,MEM,LAS,Memphis,Las Vegas,Medium,NK,Spirit Airlines,1337,1416.0,221.2,78.46,0.97,6.91,52.0,-6.66,193.8,14080,7968
CVG-BOS,CVG,BOS,Cincinnati,Boston,Medium,MQ,Envoy Air,1336,752.0,127.7,83.53,1.05,3.16,27.0,-3.47,102.4,7580,4895
AUS-IND,AUS,IND,Austin,Indianapolis,Large,MQ,Envoy Air,1336,919.0,147.9,80.24,1.42,4.07,34.5,-4.94,120.6,5602,8766
ISP-PBI,ISP,PBI,Islip,West Palm Beach,Small,F9,Frontier Airlines,1335,1052.0,182.6,68.16,2.32,14.77,72.0,-4.07,155.6,17349,12879
IND-AUS,IND,AUS,Indianapolis,Austin,Medium,MQ,Envoy Air,1335,919.0,159.0,81.05,1.2,3.35,29.0,-0.73,134.5,7726,4530
BOS-CVG,BOS,CVG,Boston,Cincinnati,Large,MQ,Envoy Air,1335,752.0,151.3,67.12,1.5,17.37,78.0,-3.47,117.5,11290,19952
SMF-JFK,SMF,JFK,Sacramento,New York,Medium,B6,JetBlue Airways,1335,2521.0,318.1,63.37,1.8,28.79,79.0,-4.7,289.7,23868,20020
JFK-SMF,JFK,SMF,New York,Sacramento,Large,B6,JetBlue Airways,1335,2521.0,384.9,57.98,1.27,20.16,100.0,-10.95,334.9,26953,12063
GEG-PDX,GEG,PDX,Spokane,Portland,Medium,OO,SkyWest Airlines,1334,279.0,74.0,85.68,0.97,3.17,21.0,-0.7,51.6,5337,5512
PBI-ISP,PBI,ISP,West Palm Beach,Islip,Medium,F9,Frontier Airlines,1333,1052.0,164.8,62.57,3.3,21.15,83.0,-4.28,137.9,16876,16764
LGA-BNA,LGA,BNA,New York,Nashville,Large,B6,JetBlue Airways,1332,764.0,155.0,64.19,3.3,17.1,81.0,-2.32,115.1,18929,12323
SLC-SFO,SLC,SFO,Salt Lake City,San Francisco,Large,UA,United Airlines,1332,599.0,129.1,77.85,0.98,5.35,50.0,-11.65,92.2,12725,10485
BNA-LGA,BNA,LGA,Nashville,New York,Large,B6,JetBlue Airways,1331,764.0,137.7,62.36,3.61,23.76,89.0,-3.48,105.8,22213,19296
MSP-PSP,MSP,PSP,Minneapolis,Palm Springs,Large,DL,Delta Air Lines,1331,1454.0,233.4,82.57,0.23,-3.91,26.0,-6.32,196.7,8909,1010
PSP-MSP,PSP,MSP,Palm Springs,Minneapolis,Small,DL,Delta Air Lines,1330,1454.0,202.6,85.26,0.38,-0.61,22.0,-7.29,174.1,8760,3667
CLT-CHO,CLT,CHO,Charlotte,Charlottesville VA,Large,OH,PSA Airlines,1329,245.0,76.3,83.15,1.5,3.95,31.0,-4.11,44.0,6430,8581
PHX-TUL,PHX,TUL,Phoenix,Tulsa,Large,OO,SkyWest Airlines,1329,935.0,148.7,82.77,0.15,2.94,35.0,-5.15,116.5,9885,4374
DEN-DVL,DEN,DVL,Denver,Devils Lake,Large,OO,SkyWest Airlines,1329,638.0,125.4,83.15,2.03,-2.89,24.0,-6.25,91.9,7382,3800
CHO-CLT,CHO,CLT,Charlottesville VA,Charlotte,Non-hub,OH,PSA Airlines,1329,245.0,81.5,87.36,1.5,1.14,19.0,-6.96,48.1,8062,7470
JAX-BOS,JAX,BOS,Jacksonville,Boston,Medium,DL,Delta Air Lines,1328,1010.0,162.2,76.88,1.28,9.51,51.0,-7.97,130.8,13329,13097
BOS-JAX,BOS,JAX,Boston,Jacksonville,Large,DL,Delta Air Lines,1327,1010.0,181.4,78.75,1.21,5.21,49.0,-7.63,146.0,15246,5841
TUL-PHX,TUL,PHX,Tulsa,Phoenix,Small,OO,SkyWest Airlines,1326,935.0,170.6,83.48,0.3,6.13,27.4,-2.27,140.2,16604,2736
DFW-DSM,DFW,DSM,Dallas-Fort Worth,Des Moines,Large,MQ,Envoy Air,1326,624.0,118.1,85.9,1.73,-0.71,23.0,-5.83,87.8,5979,3973
ATL-SJU,ATL,SJU,Atlanta,San Juan,Large,F9,Frontier Airlines,1325,1547.0,220.6,57.89,2.26,28.24,97.2,-6.05,187.4,23158,18628
RIC-JFK,RIC,JFK,Richmond,New York,Medium,YX,Republic Airways,1325,288.0,85.6,80.68,3.09,4.2,38.7,-2.85,52.3,9739,6446
MIA-BWI,MIA,BWI,Miami,Baltimore,Large,F9,Frontier Airlines,1324,946.0,163.6,69.41,2.11,15.76,72.8,-2.43,129.2,16414,12660
JFK-RIC,JFK,RIC,New York,Richmond,Large,YX,Republic Airways,1324,288.0,94.5,73.79,4.61,7.77,52.8,-0.44,58.0,9829,9094
TYS-CLT,TYS,CLT,Knoxville,Charlotte,Small,AA,American Airlines,1323,177.0,70.3,73.09,0.98,25.96,59.1,-1.79,36.3,24337,17368
DSM-DFW,DSM,DFW,Des Moines,Dallas-Fort Worth,Small,MQ,Envoy Air,1323,624.0,129.4,81.56,1.97,0.65,30.0,-6.55,96.3,7247,6552
CLT-TYS,CLT,TYS,Charlotte,Knoxville,Large,AA,American Airlines,1323,177.0,62.2,69.77,0.91,20.05,67.0,-2.84,35.0,17036,14975
EWR-IND,EWR,IND,Newark,Indianapolis,Large,NK,Spirit Airlines,1323,645.0,136.3,70.82,4.08,9.62,66.2,-8.63,99.0,18367,6669
IND-EWR,IND,EWR,Indianapolis,Newark,Medium,NK,Spirit Airlines,1323,645.0,123.6,71.13,4.23,13.87,80.7,-7.68,90.7,25896,4839
BWI-MIA,BWI,MIA,Baltimore,Miami,Large,F9,Frontier Airlines,1322,946.0,170.5,67.93,3.1,17.84,82.1,-6.43,135.5,13927,20408
SJU-ATL,SJU,ATL,San Juan,Atlanta,Medium,F9,Frontier Airlines,1322,1547.0,243.7,63.24,2.27,24.4,83.0,-2.2,205.9,17801,21208
SWO-DFW,SWO,DFW,Stillwater,Dallas-Fort Worth,Non-hub,MQ,Envoy Air,1319,225.0,70.9,87.57,1.97,0.36,16.0,-3.6,44.1,8268,4056
DFW-SWO,DFW,SWO,Dallas-Fort Worth,Stillwater,Large,MQ,Envoy Air,1319,225.0,69.7,85.75,2.12,-0.23,20.4,-4.36,41.7,5692,4213
MSY-DFW,MSY,DFW,New Orleans,Dallas-Fort Worth,Medium,NK,Spirit Airlines,1319,447.0,103.2,73.46,2.2,11.33,54.0,-2.93,73.6,17115,5847
TUL-AUS,TUL,AUS,Tulsa,Austin,Small,WN,Southwest Airlines,1318,426.0,86.9,84.83,1.14,-1.05,23.0,-5.89,64.4,3708,6067
LGA-TYS,LGA,TYS,New York,Knoxville,Large,YX,Republic Airways,1318,647.0,140.1,76.71,3.79,0.89,38.0,-3.01,101.4,8486,6136
AUS-TUL,AUS,TUL,Austin,Tulsa,Large,WN,Southwest Airlines,1318,426.0,83.9,77.92,0.61,6.48,35.2,-4.65,62.3,3690,9261
TYS-LGA,TYS,LGA,Knoxville,New York,Small,YX,Republic Airways,1318,647.0,122.1,76.33,3.87,11.04,48.0,-1.67,93.3,17307,7244
SRQ-DCA,SRQ,DCA,Sarasota,Washington,Small,AA,American Airlines,1318,851.0,143.4,71.7,2.66,15.16,54.0,-3.17,118.1,12678,15757
DFW-MSY,DFW,MSY,Dallas-Fort Worth,New Orleans,Large,NK,Spirit Airlines,1317,447.0,89.3,68.72,2.81,17.67,71.3,-4.21,62.3,18420,11262
DCA-SRQ,DCA,SRQ,Washington,Sarasota,Large,AA,American Airlines,1316,851.0,157.3,75.61,2.43,4.99,43.0,-3.82,124.2,9589,8516
DFW-EUG,DFW,EUG,Dallas-Fort Worth,Eugene,Large,AA,American Airlines,1314,1606.0,247.2,65.3,1.52,22.42,88.6,-7.82,215.2,17305,19566
EUG-DFW,EUG,DFW,Eugene,Dallas-Fort Worth,Small,AA,American Airlines,1314,1606.0,225.4,70.02,1.6,25.33,79.7,-6.88,191.5,24283,16791
PHX-ONT,PHX,ONT,Phoenix,Ontario,Large,OO,SkyWest Airlines,1314,325.0,82.2,86.53,0.15,0.43,24.0,-3.92,52.6,5676,3882
ONT-PHX,ONT,PHX,Ontario,Phoenix,Medium,OO,SkyWest Airlines,1314,325.0,80.8,87.06,0.3,3.7,22.0,-0.42,54.1,9892,4100
PDX-GEG,PDX,GEG,Portland,Spokane,Medium,OO,SkyWest Airlines,1314,279.0,66.0,84.78,0.68,4.28,25.9,1.0,48.0,6872,3384
FLL-RDU,FLL,RDU,Fort Lauderdale,Raleigh-durham,Large,WN,Southwest Airlines,1313,680.0,127.0,72.66,1.52,10.71,45.3,-6.22,98.7,10003,10172
MSP-DTW,MSP,DTW,Minneapolis,Detroit,Large,NK,Spirit Airlines,1313,528.0,103.3,84.16,1.22,-0.31,26.6,-4.3,72.6,6705,4755
DTW-MSP,DTW,MSP,Detroit,Minneapolis,Large,NK,Spirit Airlines,1312,528.0,111.9,84.22,1.07,-1.19,27.0,-7.69,85.0,9133,2166
IAH-MCO,IAH,MCO,Houston,Orlando,Large,WN,Southwest Airlines,1311,854.0,141.1,77.5,1.91,6.33,46.0,-7.54,111.3,11302,7141
BWI-SLC,BWI,SLC,Baltimore,Salt Lake City,Large,WN,Southwest Airlines,1311,1865.0,288.6,72.85,0.53,7.81,42.8,-8.54,258.8,12900,4010
DEN-IND,DEN,IND,Denver,Indianapolis,Large,F9,Frontier Airlines,1309,977.0,150.2,79.6,1.15,5.11,38.0,-5.54,119.2,8800,7631
LEX-DTW,LEX,DTW,Lexington KY,Detroit,Small,YX,Republic Airways,1309,296.0,84.3,89.0,0.69,-0.8,15.0,-4.63,54.3,7663,2023
IND-DEN,IND,DEN,Indianapolis,Denver,Medium,F9,Frontier Airlines,1309,977.0,174.4,77.01,1.38,5.77,46.0,-5.14,140.1,8517,11330
DTW-LEX,DTW,LEX,Detroit,Lexington KY,Large,YX,Republic Airways,1309,296.0,78.5,88.46,0.61,-0.27,17.0,-5.21,50.7,9978,1625
DTW-GSO,DTW,GSO,Detroit,Greensboro,Large,9E,Endeavor Air,1309,460.0,101.2,88.24,0.61,-2.72,16.0,-6.66,70.6,7400,1899
CLT-MEM,CLT,MEM,Charlotte,Memphis,Large,OH,PSA Airlines,1308,511.0,121.5,84.71,1.45,0.71,22.0,-3.5,84.3,5073,5021
GSO-DTW,GSO,DTW,Greensboro,Detroit,Small,9E,Endeavor Air,1308,460.0,105.2,87.39,0.76,-2.32,19.0,-9.54,71.9,6554,5921
MEM-CLT,MEM,CLT,Memphis,Charlotte,Medium,OH,PSA Airlines,1307,511.0,112.2,81.71,1.68,5.57,31.0,-4.8,74.2,7808,9755
DAL-PIT,DAL,PIT,Dallas,Pittsburgh,Large,WN,Southwest Airlines,1307,1060.0,152.6,78.19,0.84,7.13,36.0,-4.89,129.0,8229,6718
LIH-OGG,LIH,OGG,Lihue,Kahului,Small,WN,Southwest Airlines,1306,201.0,54.1,82.01,0.38,2.06,30.0,-3.2,34.5,3072,8173
OGG-LIH,OGG,LIH,Kahului,Lihue,Medium,WN,Southwest Airlines,1306,201.0,53.9,82.39,0.31,2.43,30.9,-2.85,35.1,2394,9411
FNT-SFB,FNT,SFB,Flint,Sanford,Non-hub,G4,Allegiant Air,1305,988.0,155.6,69.73,1.07,14.43,60.0,-0.8,132.5,18439,8963
SMF-LAS,SMF,LAS,Sacramento,Las Vegas,Medium,OO,SkyWest Airlines,1305,397.0,94.8,82.61,0.61,3.84,38.0,-1.88,64.2,16466,0
LAS-SMF,LAS,SMF,Las Vegas,Sacramento,Large,OO,SkyWest Airlines,1305,397.0,99.8,81.15,0.84,7.23,50.0,-3.46,70.4,20462,0
RDU-FLL,RDU,FLL,Raleigh-durham,Fort Lauderdale,Medium,WN,Southwest Airlines,1305,680.0,123.5,81.3,1.23,2.91,31.0,-8.28,99.5,6399,7282
MSP-PIT,MSP,PIT,Minneapolis,Pittsburgh,Large,DL,Delta Air Lines,1305,726.0,123.6,80.23,0.69,5.46,42.0,-6.66,93.1,14112,4579
PIE-ABE,PIE,ABE,St. Petersburg,Allentown,Small,G4,Allegiant Air,1305,970.0,151.7,72.49,1.46,13.46,57.5,-1.2,130.8,13605,11979
SFB-FNT,SFB,FNT,Sanford,Flint,Small,G4,Allegiant Air,1305,988.0,160.0,70.11,1.0,14.26,66.0,-2.07,136.2,13125,11733
PIT-MSP,PIT,MSP,Pittsburgh,Minneapolis,Medium,DL,Delta Air Lines,1304,726.0,139.5,85.35,0.77,0.18,31.0,-9.07,108.3,9284,6766
MCO-IAH,MCO,IAH,Orlando,Houston,Large,WN,Southwest Airlines,1304,854.0,157.0,74.46,1.61,7.35,44.0,-6.42,127.0,10805,6692
ABE-PIE,ABE,PIE,Allentown,St. Petersburg,Small,G4,Allegiant Air,1304,970.0,160.6,79.22,1.38,8.36,42.0,-1.95,138.7,17011,5894
ORD-SYR,ORD,SYR,Chicago,Syracuse,Large,OO,SkyWest Airlines,1304,607.0,114.2,76.15,2.76,8.3,43.0,-2.13,81.2,12652,4540
SYR-ORD,SYR,ORD,Syracuse,Chicago,Small,OO,SkyWest Airlines,1304,607.0,141.9,74.39,3.37,10.22,49.0,-3.24,99.9,14686,8976
MSN-LGA,MSN,LGA,Madison,New York,Small,YX,Republic Airways,1301,812.0,138.7,86.4,1.92,-3.31,19.4,-5.65,108.1,10283,478
PHX-MEM,PHX,MEM,Phoenix,Memphis,Large,AA,American Airlines,1301,1264.0,181.0,69.95,0.77,17.65,63.0,-4.62,153.6,13570,17041
LGA-MSN,LGA,MSN,New York,Madison,Large,YX,Republic Airways,1301,812.0,162.4,75.79,4.0,0.26,46.0,-8.27,123.7,10163,6653
SNA-PVU,SNA,PVU,Santa Ana,Provo,Medium,G4,Allegiant Air,1300,565.0,102.0,58.92,2.38,49.66,90.1,-2.77,80.0,38425,29269
DFW-ECP,DFW,ECP,Dallas-Fort Worth,Panama City,Large,AA,American Airlines,1300,685.0,112.4,53.23,1.92,39.43,122.2,-0.26,89.4,22424,31368
MEM-PHX,MEM,PHX,Memphis,Phoenix,Medium,AA,American Airlines,1300,1264.0,211.6,82.77,0.92,16.35,32.0,-6.96,178.5,24167,8220
PVU-SNA,PVU,SNA,Provo,Santa Ana,Non-hub,G4,Allegiant Air,1299,565.0,110.0,79.6,0.85,5.19,36.0,0.51,84.3,10769,4586
ECP-DFW,ECP,DFW,Panama City,Dallas-Fort Worth,Small,AA,American Airlines,1299,685.0,139.3,61.59,2.0,41.56,126.0,-1.36,109.4,28683,30089
DSM-LAS,DSM,LAS,Des Moines,Las Vegas,Small,WN,Southwest Airlines,1297,1216.0,191.3,82.5,0.77,-0.78,25.0,-9.05,165.7,5680,4698
LAS-DSM,LAS,DSM,Las Vegas,Des Moines,Large,WN,Southwest Airlines,1297,1216.0,172.0,76.33,0.85,5.15,32.0,-6.3,143.7,6779,5688
JFK-ORD,JFK,ORD,New York,Chicago,Large,9E,Endeavor Air,1297,740.0,169.7,84.12,3.86,-2.41,23.0,-10.74,119.7,10513,3020
DFW-SAN,DFW,SAN,Dallas-Fort Worth,San Diego,Large,F9,Frontier Airlines,1296,1171.0,197.2,70.22,1.85,17.39,71.0,-2.61,163.9,15112,15409
ORD-JFK,ORD,JFK,Chicago,New York,Large,9E,Endeavor Air,1296,740.0,142.5,77.47,4.32,10.05,44.4,-8.06,102.0,19999,6628
SAN-DFW,SAN,DFW,San Diego,Dallas-Fort Worth,Large,F9,Frontier Airlines,1295,1171.0,186.3,65.33,1.93,21.06,68.0,-1.92,145.4,14663,19276
TPA-IAH,TPA,IAH,Tampa,Houston,Large,NK,Spirit Airlines,1295,787.0,147.8,76.76,2.93,7.76,42.4,-2.74,119.7,11554,6811
SDF-LAS,SDF,LAS,Louisville,Las Vegas,Medium,WN,Southwest Airlines,1295,1624.0,247.8,82.32,0.62,-0.64,27.0,-8.99,220.4,5102,5357
LAS-SDF,LAS,SDF,Las Vegas,Louisville,Large,WN,Southwest Airlines,1294,1624.0,217.1,69.63,0.54,11.84,56.0,-6.64,188.9,11100,9534
BOI-LAS,BOI,LAS,Boise,Las Vegas,Medium,NK,Spirit Airlines,1294,519.0,109.3,73.49,2.55,10.74,54.0,-2.66,83.8,13525,7274
LAS-BOI,LAS,BOI,Las Vegas,Boise,Large,NK,Spirit Airlines,1292,519.0,110.3,76.86,2.01,4.99,41.0,-3.5,82.9,12460,3781
IAH-TPA,IAH,TPA,Houston,Tampa,Large,NK,Spirit Airlines,1290,787.0,126.8,74.57,2.33,9.38,55.0,-3.88,100.8,16027,4476
BTV-DTW,BTV,DTW,Burlington,Detroit,Small,9E,Endeavor Air,1288,537.0,119.8,85.25,0.39,0.37,26.0,-8.53,83.8,8974,5827
MIA-BOS,MIA,BOS,Miami,Boston,Large,NK,Spirit Airlines,1288,1258.0,202.0,76.48,2.25,5.72,47.0,-5.6,166.3,13358,4439
DFW-AMA,DFW,AMA,Dallas-Fort Worth,Amarillo,Large,OO,SkyWest Airlines,1288,312.0,84.9,82.45,2.17,1.58,33.0,-5.3,50.7,10572,2374
LAX-PHL,LAX,PHL,Los Angeles,Philadelphia,Large,NK,Spirit Airlines,1287,2402.0,309.0,80.26,1.63,-0.18,29.0,-7.25,276.8,7542,3773
CVG-ATL,CVG,ATL,Cincinnati,Atlanta,Medium,F9,Frontier Airlines,1287,373.0,98.4,73.97,2.25,9.3,53.0,0.52,64.8,10226,10523
AMA-DFW,AMA,DFW,Amarillo,Dallas-Fort Worth,Small,OO,SkyWest Airlines,1287,312.0,80.0,77.23,2.56,12.9,52.0,-2.45,49.9,18731,7621
ATL-CVG,ATL,CVG,Atlanta,Cincinnati,Large,F9,Frontier Airlines,1287,373.0,90.9,71.79,2.33,13.23,65.0,-3.58,59.9,10349,14362
DTW-BTV,DTW,BTV,Detroit,Burlington,Large,9E,Endeavor Air,1286,537.0,102.8,86.86,0.39,-2.82,20.0,-5.15,74.1,6715,1229
PHL-LAX,PHL,LAX,Philadelphia,Los Angeles,Large,NK,Spirit Airlines,1286,2402.0,358.5,76.44,2.1,1.54,41.0,-8.8,322.0,13302,2330
BOS-MIA,BOS,MIA,Boston,Miami,Large,NK,Spirit Airlines,1286,1258.0,214.8,68.97,2.02,12.39,70.2,-6.64,179.9,21849,5788
EWR-PWM,EWR,PWM,Newark,Portland,Large,UA,United Airlines,1286,284.0,80.9,64.07,4.82,22.58,88.0,-5.27,47.8,15850,18577
SLC-BOS,SLC,BOS,Salt Lake City,Boston,Large,B6,JetBlue Airways,1285,2105.0,268.3,65.06,1.01,27.43,85.4,-4.41,240.5,20667,21240
BOS-SLC,BOS,SLC,Boston,Salt Lake City,Large,B6,JetBlue Airways,1284,2105.0,330.8,66.43,0.55,14.77,81.0,-10.87,290.4,21646,7837
RST-ORD,RST,ORD,Rochester,Chicago,Non-hub,OO,SkyWest Airlines,1282,268.0,85.7,69.66,3.12,19.22,86.0,2.07,49.1,26987,4839
MCO-LGA,MCO,LGA,Orlando,New York,Large,AA,American Airlines,1282,950.0,156.3,72.23,1.4,17.35,64.2,-1.89,127.0,15799,14192
ORD-RST,ORD,RST,Chicago,Rochester,Large,OO,SkyWest Airlines,1282,268.0,81.9,68.17,2.96,19.86,77.0,-4.02,47.8,28198,4845
CLT-MLI,CLT,MLI,Charlotte,Moline,Large,OH,PSA Airlines,1281,674.0,136.9,72.91,2.11,11.23,51.9,-4.42,99.4,11154,11404
MLI-CLT,MLI,CLT,Moline,Charlotte,Small,OH,PSA Airlines,1281,674.0,132.7,77.52,2.34,11.7,42.3,-2.6,94.0,16121,9775
DCA-BTV,DCA,BTV,Washington,Burlington,Large,YX,Republic Airways,1281,437.0,103.1,83.22,2.81,-2.96,23.0,-6.4,69.8,4191,4669
PWM-EWR,PWM,EWR,Portland,Newark,Small,UA,United Airlines,1280,284.0,94.9,81.56,4.69,3.73,27.0,-5.15,61.7,13799,3577
BHM-IAH,BHM,IAH,Birmingham,Houston,Small,OO,SkyWest Airlines,1280,562.0,123.3,75.08,1.41,12.53,54.2,-2.34,92.7,19321,4731
LGA-MCO,LGA,MCO,New York,Orlando,Large,AA,American Airlines,1279,950.0,174.6,71.54,1.41,12.85,72.0,0.22,137.2,14754,11361
BTV-DCA,BTV,DCA,Burlington,Washington,Small,YX,Republic Airways,1279,437.0,111.1,78.42,3.05,5.36,34.7,-2.0,80.4,11691,5101
IND-PIE,IND,PIE,Indianapolis,St. Petersburg,Medium,G4,Allegiant Air,1277,840.0,132.9,71.42,2.04,14.44,57.3,1.03,111.6,15695,8720
DTW-PWM,DTW,PWM,Detroit,Portland,Large,DL,Delta Air Lines,1277,668.0,111.2,80.11,1.1,9.01,49.0,-4.38,84.9,17428,3447
IAH-BHM,IAH,BHM,Houston,Birmingham,Large,OO,SkyWest Airlines,1277,562.0,111.1,74.0,1.72,12.53,56.1,-2.77,79.6,14758,7246
DCA-RSW,DCA,RSW,Washington,Fort Myers,Large,B6,JetBlue Airways,1277,892.0,163.1,73.61,4.07,7.68,59.0,-6.17,132.1,14662,8028
PIE-IND,PIE,IND,St. Petersburg,Indianapolis,Small,G4,Allegiant Air,1277,840.0,136.2,67.97,1.96,17.93,71.0,-0.37,115.4,12895,15325
RSW-DCA,RSW,DCA,Fort Myers,Washington,Medium,B6,JetBlue Airways,1277,892.0,145.3,67.19,5.01,17.99,84.0,-2.2,121.2,17444,16749
PWM-DTW,PWM,DTW,Portland,Detroit,Small,DL,Delta Air Lines,1277,668.0,131.1,83.01,1.41,6.73,31.0,-9.59,99.1,17743,4111
CLE-ATL,CLE,ATL,Cleveland,Atlanta,Medium,F9,Frontier Airlines,1274,554.0,121.4,59.58,1.96,22.76,86.0,-0.02,84.3,16409,19373
ATL-CLE,ATL,CLE,Atlanta,Cleveland,Large,F9,Frontier Airlines,1272,554.0,112.8,61.95,1.57,23.53,78.0,-3.68,78.2,14107,20284
IAH-JAX,IAH,JAX,Houston,Jacksonville,Large,YV,Mesa Airlines,1270,817.0,135.2,80.0,2.28,1.46,32.0,-6.72,104.2,11556,1435
MOT-MSP,MOT,MSP,Minot,Minneapolis,Non-hub,9E,Endeavor Air,1270,449.0,97.4,89.53,0.63,-7.36,13.9,-10.77,66.4,5092,5112
LEX-DTW,LEX,DTW,Lexington KY,Detroit,Small,OO,SkyWest Airlines,1269,296.0,86.6,85.89,0.79,2.54,32.6,-6.06,52.6,17175,0
DTW-LEX,DTW,LEX,Detroit,Lexington KY,Large,OO,SkyWest Airlines,1268,296.0,79.2,80.99,0.87,8.51,48.1,-4.43,49.0,20894,0
MSP-MOT,MSP,MOT,Minneapolis,Minot,Large,9E,Endeavor Air,1268,449.0,102.5,90.62,0.63,-6.3,11.5,-9.77,70.7,8105,1139
IND-ORD,IND,ORD,Indianapolis,Chicago,Medium,UA,United Airlines,1267,177.0,74.0,70.64,1.97,17.96,54.0,2.8,42.4,18922,7558
SBA-SMF,SBA,SMF,Santa Barbara,Sacramento,Small,WN,Southwest Airlines,1267,310.0,76.9,86.9,1.03,-0.37,19.0,-6.01,55.1,2213,7126
SAN-BOS,SAN,BOS,San Diego,Boston,Large,DL,Delta Air Lines,1266,2588.0,336.6,83.49,0.87,1.6,24.0,-10.34,290.9,12424,3868
BOS-SAN,BOS,SAN,Boston,San Diego,Large,DL,Delta Air Lines,1266,2588.0,388.9,72.2,0.63,1.64,39.0,-9.67,346.1,11530,3532
SMF-SBA,SMF,SBA,Sacramento,Santa Barbara,Medium,WN,Southwest Airlines,1266,310.0,75.1,84.91,0.79,-0.63,22.0,-8.28,52.2,2946,5534
ORD-PVD,ORD,PVD,Chicago,Providence,Large,YX,Republic Airways,1265,849.0,143.5,80.95,2.92,0.41,30.0,-5.51,109.6,8380,4550
DSM-DCA,DSM,DCA,Des Moines,Washington,Small,YX,Republic Airways,1265,897.0,144.7,78.97,2.61,4.82,34.5,-1.44,118.4,9111,5657
BWI-MIA,BWI,MIA,Baltimore,Miami,Large,NK,Spirit Airlines,1264,946.0,163.5,67.48,2.85,14.79,77.0,-4.92,134.8,20375,7980
ATL-ASE,ATL,ASE,Atlanta,Aspen,Large,OO,SkyWest Airlines,1264,1304.0,227.3,62.1,2.22,17.82,70.1,-1.13,198.1,26890,0
DCA-DSM,DCA,DSM,Washington,Des Moines,Large,YX,Republic Airways,1264,897.0,167.5,74.21,2.85,5.76,46.0,-3.45,133.3,9337,8289
MIA-BWI,MIA,BWI,Miami,Baltimore,Large,NK,Spirit Airlines,1264,946.0,157.7,77.29,2.61,7.54,49.4,-4.58,127.3,13780,5290
MSN-LGA,MSN,LGA,Madison,New York,Small,9E,Endeavor Air,1263,812.0,137.9,81.31,5.78,-2.45,27.0,-8.13,106.0,9645,3183
CLT-CID,CLT,CID,Charlotte,Cedar Rapids,Large,AA,American Airlines,1263,742.0,135.9,63.58,1.5,26.51,77.0,-4.37,106.6,19066,19211
SJC-AUS,SJC,AUS,San Jose,Austin,Medium,OO,SkyWest Airlines,1263,1476.0,213.2,81.47,0.71,3.47,29.0,-0.47,187.1,6326,5866
RDM-SFO,RDM,SFO,Redmond-Bend,San Francisco,Small,UA,United Airlines,1263,462.0,101.4,71.5,0.71,17.98,56.0,-4.5,74.4,19814,9438
LGA-MSN,LGA,MSN,New York,Madison,Large,9E,Endeavor Air,1263,812.0,161.0,76.17,6.25,2.61,54.0,-8.22,122.2,10199,7387
CID-CLT,CID,CLT,Cedar Rapids,Charlotte,Small,AA,American Airlines,1262,742.0,133.2,76.55,1.58,17.74,53.0,-3.09,99.9,21889,7610
ASE-ATL,ASE,ATL,Aspen,Atlanta,Small,OO,SkyWest Airlines,1262,1304.0,196.7,55.15,6.58,36.5,118.4,-1.45,163.4,47871,0
AUS-SJC,AUS,SJC,Austin,San Jose,Large,OO,SkyWest Airlines,1262,1476.0,233.8,81.7,1.11,4.72,31.0,-4.84,206.4,5163,8644
ORD-IND,ORD,IND,Chicago,Indianapolis,Large,UA,United Airlines,1262,177.0,68.1,72.27,1.66,12.38,58.0,-4.0,34.0,10564,10693
ORD-PAH,ORD,PAH,Chicago,PADUCAH,Large,OO,SkyWest Airlines,1262,342.0,86.0,80.27,4.28,2.22,30.0,-6.69,54.1,12292,3763
PVD-ORD,PVD,ORD,Providence,Chicago,Small,YX,Republic Airways,1261,849.0,174.1,84.46,3.17,-3.03,21.0,-7.03,133.2,8248,3576
LGA-IAH,LGA,IAH,New York,Houston,Large,NK,Spirit Airlines,1261,1416.0,246.2,76.21,2.54,3.44,52.0,-9.91,203.3,15675,5581
ORH-JFK,ORH,JFK,Worcester,New York,Non-hub,YX,Republic Airways,1260,150.0,73.6,80.08,4.76,-1.1,28.0,-3.05,38.3,9558,4026
JFK-ORH,JFK,ORH,New York,Worcester,Large,YX,Republic Airways,1260,150.0,65.3,89.13,2.62,-8.81,8.0,-6.49,32.1,2182,3355
JFK-ORH,JFK,ORH,New York,Worcester,Large,B6,JetBlue Airways,1260,150.0,62.0,60.95,7.3,18.34,77.0,-3.86,31.6,15564,11748
SFO-RDM,SFO,RDM,San Francisco,Redmond-Bend,Large,UA,United Airlines,1259,462.0,99.2,84.91,0.56,1.67,27.0,-5.53,66.4,5289,7287
GRR-DFW,GRR,DFW,Grand Rapids,Dallas-Fort Worth,Medium,MQ,Envoy Air,1258,931.0,171.6,75.83,1.91,5.46,39.0,-5.29,137.0,10828,6055
ORH-JFK,ORH,JFK,Worcester,New York,Non-hub,B6,JetBlue Airways,1258,150.0,62.7,71.3,7.71,10.61,59.0,-2.07,36.5,14319,7871
IAH-LGA,IAH,LGA,Houston,New York,Large,NK,Spirit Airlines,1258,1416.0,207.0,70.43,2.38,11.44,71.0,-9.82,175.4,21120,4741
JFK-JAX,JFK,JAX,New York,Jacksonville,Large,DL,Delta Air Lines,1257,828.0,160.2,77.57,1.59,8.2,51.0,-8.65,120.6,16254,7472
MCI-DEN,MCI,DEN,Kansas City,Denver,Medium,OO,SkyWest Airlines,1257,533.0,119.3,85.28,1.59,1.35,24.0,-2.49,87.7,9687,2629
ONT-PDX,ONT,PDX,Ontario,Portland,Medium,AS,Alaska Airlines,1257,838.0,140.8,86.24,2.86,-2.63,17.0,-3.23,117.3,2371,4782
PDX-ONT,PDX,ONT,Portland,Ontario,Medium,AS,Alaska Airlines,1257,838.0,135.2,81.94,2.63,2.8,25.0,-0.74,113.8,5799,3228
ORD-ALB,ORD,ALB,Chicago,Albany,Large,MQ,Envoy Air,1256,723.0,126.0,77.31,1.11,5.04,36.0,-3.29,93.2,7599,5539
DEN-MCI,DEN,MCI,Denver,Kansas City,Large,OO,SkyWest Airlines,1256,533.0,103.6,82.48,1.35,3.92,28.0,-2.58,74.5,8216,2860
IAH-PHX,IAH,PHX,Houston,Phoenix,Large,OO,SkyWest Airlines,1256,1009.0,186.7,85.43,0.96,2.09,21.0,-2.65,151.9,12716,1029
ALB-ORD,ALB,ORD,Albany,Chicago,Small,MQ,Envoy Air,1256,723.0,152.1,77.71,1.19,5.2,42.3,-4.61,112.5,13130,5576
JAX-JFK,JAX,JFK,Jacksonville,New York,Medium,DL,Delta Air Lines,1256,828.0,148.8,75.88,1.91,12.68,56.6,-7.11,111.8,19605,8239
DFW-GRR,DFW,GRR,Dallas-Fort Worth,Grand Rapids,Large,MQ,Envoy Air,1254,931.0,150.6,82.7,1.83,1.55,25.0,-3.34,120.6,5431,3446
STS-PDX,STS,PDX,Santa Rosa,Portland,Small,OO,SkyWest Airlines,1253,489.0,97.1,81.25,1.44,7.66,38.7,-2.61,74.8,4978,11526
USA-FLL,USA,FLL,Concord,Fort Lauderdale,Non-hub,G4,Allegiant Air,1252,643.0,117.5,57.43,3.59,35.65,103.8,-1.08,94.6,22049,25745
CLT-IAH,CLT,IAH,Charlotte,Houston,Large,YV,Mesa Airlines,1251,912.0,177.0,83.45,2.24,-1.79,30.5,-12.84,135.9,12329,2716
FLL-USA,FLL,USA,Fort Lauderdale,Concord,Large,G4,Allegiant Air,1250,643.0,119.9,66.24,2.96,21.15,72.2,0.34,95.8,17813,12173
PAH-ORD,PAH,ORD,PADUCAH,Chicago,Non-hub,OO,SkyWest Airlines,1249,342.0,98.8,83.35,4.8,3.18,27.3,-6.25,68.7,16247,3240
LGA-MSY,LGA,MSY,New York,New Orleans,Large,B6,JetBlue Airways,1249,1183.0,208.2,67.73,1.6,11.2,76.0,-8.36,167.9,17063,9014
MSY-LGA,MSY,LGA,New Orleans,New York,Medium,B6,JetBlue Airways,1249,1183.0,179.3,67.97,1.92,17.51,82.1,-8.2,146.6,18266,14703
SEA-PSC,SEA,PSC,Seattle,Pasco,Large,AS,Alaska Airlines,1248,172.0,62.1,74.52,1.36,8.17,36.0,-0.44,34.0,8169,5600
PSC-SEA,PSC,SEA,Pasco,Seattle,Small,AS,Alaska Airlines,1247,172.0,68.9,80.03,1.36,6.44,33.2,0.33,37.6,12057,3243
BDL-RSW,BDL,RSW,Windsor Locks,Fort Myers,Medium,B6,JetBlue Airways,1246,1180.0,200.2,72.79,2.09,8.41,52.6,-4.04,171.8,13850,7196
PHL-LAS,PHL,LAS,Philadelphia,Las Vegas,Large,F9,Frontier Airlines,1246,2176.0,336.6,61.32,1.52,19.64,92.9,-10.37,291.7,19466,16449
BZN-SFO,BZN,SFO,Bozeman,San Francisco,Small,OO,SkyWest Airlines,1245,807.0,153.7,79.92,0.96,4.77,42.0,-4.7,126.4,11419,5392
RSW-BDL,RSW,BDL,Fort Myers,Windsor Locks,Medium,B6,JetBlue Airways,1244,1180.0,173.2,66.64,2.25,21.64,75.8,-0.41,149.4,15214,18213
PHX-IAH,PHX,IAH,Phoenix,Houston,Large,OO,SkyWest Airlines,1244,1009.0,164.8,84.89,0.88,1.5,27.0,-5.95,127.3,11692,1685
DCA-OMA,DCA,OMA,Washington,Omaha,Large,YX,Republic Airways,1243,1012.0,186.0,88.82,1.37,-8.11,14.0,-6.8,149.8,4497,1067
OMA-DCA,OMA,DCA,Omaha,Washington,Medium,YX,Republic Airways,1243,1012.0,151.8,87.61,1.29,-5.52,17.0,-4.9,125.3,7077,1008
DCA-LEX,DCA,LEX,Washington,Lexington KY,Large,YX,Republic Airways,1243,414.0,96.8,80.53,3.38,1.15,48.0,-7.24,67.5,8357,8242
LEX-DCA,LEX,DCA,Lexington KY,Washington,Small,YX,Republic Airways,1242,414.0,91.6,87.2,1.93,-2.59,17.0,-3.66,62.9,8868,381
MSO-DFW,MSO,DFW,Missoula,Dallas-Fort Worth,Small,AA,American Airlines,1241,1320.0,199.6,75.26,1.21,17.66,60.0,-4.49,166.8,17920,12586
DFW-MSO,DFW,MSO,Dallas-Fort Worth,Missoula,Large,AA,American Airlines,1241,1320.0,206.0,72.52,1.13,11.88,59.9,-3.86,178.2,11115,10156
DFW-ICT,DFW,ICT,Dallas-Fort Worth,Wichita,Large,OO,SkyWest Airlines,1240,328.0,88.7,80.97,1.61,3.82,37.0,-4.28,54.6,12132,2395
BZN-SEA,BZN,SEA,Bozeman,Seattle,Small,QX,Horizon Air,1240,543.0,124.0,77.98,2.42,4.8,31.0,-1.39,99.8,7654,4730
SFO-BZN,SFO,BZN,San Francisco,Bozeman,Large,OO,SkyWest Airlines,1240,807.0,140.5,81.13,0.81,1.44,32.2,-4.44,107.8,7880,3333
LAS-PHL,LAS,PHL,Las Vegas,Philadelphia,Large,F9,Frontier Airlines,1240,2176.0,286.3,65.73,1.29,19.32,66.7,-6.21,248.6,18276,11685
SEA-BZN,SEA,BZN,Seattle,Bozeman,Large,QX,Horizon Air,1239,543.0,103.3,84.02,1.78,2.14,22.0,-3.03,80.2,5900,2599
ICT-DFW,ICT,DFW,Wichita,Dallas-Fort Worth,Small,OO,SkyWest Airlines,1239,328.0,85.6,74.01,2.34,16.17,65.0,-0.84,56.9,20946,5755
CLT-LIT,CLT,LIT,Charlotte,Little Rock,Large,AA,American Airlines,1237,640.0,123.9,75.51,1.29,8.18,52.0,-5.06,94.6,9218,8953
LIT-CLT,LIT,CLT,Little Rock,Charlotte,Small,AA,American Airlines,1236,640.0,118.3,79.61,1.38,15.24,38.0,-4.61,87.1,15547,9677
PSP-LAX,PSP,LAX,Palm Springs,Los Angeles,Small,OO,SkyWest Airlines,1236,110.0,61.0,87.94,0.24,-1.76,18.8,-5.5,26.5,10333,932
COS-ORD,COS,ORD,Colorado Springs,Chicago,Small,UA,United Airlines,1235,911.0,151.7,82.51,1.13,6.77,31.6,-4.8,118.2,9717,7377
MDW-BUR,MDW,BUR,Chicago,Burbank,Large,WN,Southwest Airlines,1235,1740.0,262.0,73.2,0.81,6.61,38.9,-5.89,237.8,10698,4403
TPA-ORD,TPA,ORD,Tampa,Chicago,Large,WN,Southwest Airlines,1234,1012.0,174.0,74.64,2.27,7.27,39.2,-1.24,143.6,11412,3771
ORD-COS,ORD,COS,Chicago,Colorado Springs,Large,UA,United Airlines,1234,911.0,164.5,78.61,0.97,4.32,36.0,-4.41,128.1,8633,4886
MCI-EWR,MCI,EWR,Kansas City,Newark,Medium,UA,United Airlines,1234,1092.0,168.3,81.36,3.16,6.66,31.9,-4.15,136.5,12714,5533
IAH-SHV,IAH,SHV,Houston,Shreveport,Large,OO,SkyWest Airlines,1234,192.0,70.2,72.85,1.86,15.93,59.0,-5.02,36.7,16987,10284
BDL-PHL,BDL,PHL,Windsor Locks,Philadelphia,Medium,YX,Republic Airways,1233,196.0,80.8,87.92,1.05,-3.54,18.1,-5.41,53.1,5071,3955
PHL-STL,PHL,STL,Philadelphia,St. Louis,Large,OH,PSA Airlines,1233,814.0,158.3,75.83,2.27,8.12,47.0,-3.38,120.5,12490,6805
PHL-BDL,PHL,BDL,Philadelphia,Windsor Locks,Large,YX,Republic Airways,1233,196.0,72.8,87.35,1.05,-1.7,17.0,-4.91,40.6,5189,5307
MSP-JAX,MSP,JAX,Minneapolis,Jacksonville,Large,DL,Delta Air Lines,1232,1174.0,172.9,81.49,1.87,1.02,31.7,-5.92,143.8,10384,1793
TYS-DFW,TYS,DFW,Knoxville,Dallas-Fort Worth,Small,OH,PSA Airlines,1232,771.0,150.9,78.08,2.11,7.56,40.0,-2.37,115.2,13084,5434
STL-PHL,STL,PHL,St. Louis,Philadelphia,Medium,OH,PSA Airlines,1232,814.0,132.9,82.47,3.0,2.2,30.1,-2.44,107.2,7053,6827
DFW-TYS,DFW,TYS,Dallas-Fort Worth,Knoxville,Large,OH,PSA Airlines,1232,771.0,131.8,71.43,3.49,17.15,64.6,-2.86,99.4,13366,14368
LAX-PSP,LAX,PSP,Los Angeles,Palm Springs,Large,OO,SkyWest Airlines,1231,110.0,60.7,85.54,0.24,2.19,26.0,-4.18,31.9,8086,4035
SHV-IAH,SHV,IAH,Shreveport,Houston,Small,OO,SkyWest Airlines,1231,192.0,74.1,75.14,1.87,13.07,62.0,-3.27,42.1,18535,6816
JAX-MSP,JAX,MSP,Jacksonville,Minneapolis,Medium,DL,Delta Air Lines,1231,1174.0,192.3,82.53,1.95,2.48,27.0,-9.13,162.9,10896,5767
EWR-BUF,EWR,BUF,Newark,Buffalo,Large,UA,United Airlines,1230,282.0,86.0,59.19,4.15,23.02,92.0,-7.01,49.9,14163,19822
IAH-CLT,IAH,CLT,Houston,Charlotte,Large,YV,Mesa Airlines,1228,912.0,152.7,83.06,1.95,-0.51,28.0,-9.76,117.3,11081,515
ROC-ORD,ROC,ORD,Rochester,Chicago,Small,YX,Republic Airways,1228,528.0,130.8,80.46,2.85,1.28,31.0,-5.05,88.7,7919,5414
SPI-DFW,SPI,DFW,Springfield,Dallas-Fort Worth,Non-hub,MQ,Envoy Air,1227,630.0,130.4,78.32,3.02,4.49,34.6,-4.54,98.4,11168,4987
DFW-SPI,DFW,SPI,Dallas-Fort Worth,Springfield,Large,MQ,Envoy Air,1227,630.0,116.6,85.25,2.77,-0.24,19.0,-4.43,88.6,5893,2690
ORD-ABE,ORD,ABE,Chicago,Allentown,Large,OO,SkyWest Airlines,1227,655.0,123.2,74.49,1.87,14.45,56.0,-3.05,88.3,14821,10349
ABE-ORD,ABE,ORD,Allentown,Chicago,Small,OO,SkyWest Airlines,1227,655.0,144.1,76.77,1.55,18.9,78.2,-5.22,106.7,22083,11550
BHM-LAS,BHM,LAS,Birmingham,Las Vegas,Small,WN,Southwest Airlines,1227,1618.0,247.8,80.28,0.57,3.89,34.1,-9.18,221.6,5049,8265
BUF-EWR,BUF,EWR,Buffalo,Newark,Medium,UA,United Airlines,1222,282.0,87.4,83.72,3.76,-0.51,23.0,-7.17,52.7,11208,1951
ELP-SAN,ELP,SAN,El Paso,San Diego,Small,WN,Southwest Airlines,1221,636.0,112.8,79.93,0.82,4.0,32.0,-5.21,90.9,5013,6728
DEN-TUL,DEN,TUL,Denver,Tulsa,Large,UA,United Airlines,1221,541.0,99.4,70.02,0.66,16.11,64.0,-3.22,71.3,11919,13337
CLT-LAS,CLT,LAS,Charlotte,Las Vegas,Large,NK,Spirit Airlines,1220,1916.0,285.9,68.52,2.62,13.62,54.6,-4.91,257.7,14912,6235
FLL-MSY,FLL,MSY,Fort Lauderdale,New Orleans,Large,B6,JetBlue Airways,1220,674.0,127.4,61.8,3.36,21.54,86.0,-2.89,100.2,21453,10490
TUL-DEN,TUL,DEN,Tulsa,Denver,Small,UA,United Airlines,1219,541.0,111.1,80.15,0.9,7.04,29.4,2.06,82.7,11288,2345
CVG-AUS,CVG,AUS,Cincinnati,Austin,Medium,MQ,Envoy Air,1218,958.0,165.3,79.8,1.15,4.54,28.2,-1.81,140.6,9313,3048
MSY-FLL,MSY,FLL,New Orleans,Fort Lauderdale,Medium,B6,JetBlue Airways,1218,674.0,112.6,67.82,3.2,19.41,70.0,-3.08,89.4,15464,14879
ORD-TPA,ORD,TPA,Chicago,Tampa,Large,WN,Southwest Airlines,1218,1012.0,157.2,53.69,3.61,24.72,70.0,-2.51,131.9,14193,16779
CID-ORD,CID,ORD,Cedar Rapids,Chicago,Small,UA,United Airlines,1217,196.0,76.0,80.69,1.89,9.11,28.0,1.52,41.2,12383,3452
LAS-CLT,LAS,CLT,Las Vegas,Charlotte,Large,NK,Spirit Airlines,1217,1916.0,253.4,77.57,2.38,4.14,32.3,-7.52,220.5,11379,2474
ORD-CID,ORD,CID,Chicago,Cedar Rapids,Large,UA,United Airlines,1217,196.0,72.8,64.5,1.56,22.8,79.0,-5.45,36.4,14574,17888
IND-LAX,IND,LAX,Indianapolis,Los Angeles,Medium,DL,Delta Air Lines,1217,1814.0,277.6,84.06,0.99,0.37,26.0,-9.03,241.1,9768,3720
AUS-CVG,AUS,CVG,Austin,Cincinnati,Large,MQ,Envoy Air,1217,958.0,152.5,78.55,0.9,4.97,41.6,-5.27,125.1,5712,8976
JFK-STT,JFK,STT,New York,St. Thomas,Large,DL,Delta Air Lines,1216,1623.0,240.8,81.09,0.66,-0.9,31.0,-7.86,199.0,12125,471
PIE-FNT,PIE,FNT,St. Petersburg,Flint,Small,G4,Allegiant Air,1216,1040.0,163.1,66.78,0.82,14.97,64.0,-1.41,140.7,12102,13047
FNT-PIE,FNT,PIE,Flint,St. Petersburg,Non-hub,G4,Allegiant Air,1215,1040.0,165.4,70.53,0.82,13.05,56.0,-0.15,143.4,17724,6030
LWS-DEN,LWS,DEN,Lewiston,Denver,Non-hub,OO,SkyWest Airlines,1215,768.0,138.6,79.42,1.4,11.88,41.0,-8.27,105.4,20177,6461
OGG-SFO,OGG,SFO,Kahului,San Francisco,Medium,AS,Alaska Airlines,1215,2338.0,297.7,73.25,1.73,9.33,46.0,-3.42,272.3,7544,10873
MSY-ORD,MSY,ORD,New Orleans,Chicago,Medium,NK,Spirit Airlines,1215,837.0,151.7,76.05,2.47,6.6,46.0,-5.05,120.0,12098,6155
IND-TPA,IND,TPA,Indianapolis,Tampa,Medium,NK,Spirit Airlines,1215,837.0,135.3,76.05,3.87,9.06,47.0,-3.05,112.6,13216,6351
STT-JFK,STT,JFK,St. Thomas,New York,Small,DL,Delta Air Lines,1215,1623.0,258.8,75.8,1.23,1.33,40.5,-7.1,218.0,9928,6211
DEN-LWS,DEN,LWS,Denver,Lewiston,Large,OO,SkyWest Airlines,1215,768.0,151.2,83.37,1.23,-2.49,29.0,-10.74,114.5,8102,3892
LAX-IND,LAX,IND,Los Angeles,Indianapolis,Large,DL,Delta Air Lines,1214,1814.0,239.3,83.94,1.07,-0.54,26.2,-6.31,209.7,7035,2729
TPA-IND,TPA,IND,Tampa,Indianapolis,Large,NK,Spirit Airlines,1214,837.0,141.6,78.09,3.46,5.23,37.1,-2.32,116.5,10100,4168
SJC-PHX,SJC,PHX,San Jose,Phoenix,Medium,OO,SkyWest Airlines,1213,621.0,118.0,87.39,0.08,2.21,22.0,-4.14,88.4,10996,2748
SFO-OGG,SFO,OGG,San Francisco,Kahului,Large,AS,Alaska Airlines,1213,2338.0,336.6,81.12,1.07,-1.71,29.0,-4.77,295.9,8613,2232
ORD-MSY,ORD,MSY,Chicago,New Orleans,Large,NK,Spirit Airlines,1213,837.0,143.3,72.22,2.72,9.97,53.2,-7.47,112.9,14576,6322
COS-ATL,COS,ATL,Colorado Springs,Atlanta,Small,DL,Delta Air Lines,1212,1184.0,175.3,84.74,0.91,2.71,26.0,-6.83,140.6,11921,3479
IAH-MIA,IAH,MIA,Houston,Miami,Large,MQ,Envoy Air,1212,964.0,152.3,72.69,0.74,10.51,53.5,-4.57,122.7,10177,11120
LAS-BHM,LAS,BHM,Las Vegas,Birmingham,Large,WN,Southwest Airlines,1212,1618.0,212.2,70.63,0.58,9.82,43.0,-5.94,185.6,10178,6109
OMA-MCO,OMA,MCO,Omaha,Orlando,Medium,WN,Southwest Airlines,1211,1211.0,175.6,74.98,1.65,8.12,44.0,-5.21,150.6,8241,8373
BUR-MDW,BUR,MDW,Burbank,Chicago,Medium,WN,Southwest Airlines,1211,1740.0,236.8,83.65,0.99,0.33,25.0,-8.54,207.7,5769,4141
ATL-COS,ATL,COS,Atlanta,Colorado Springs,Large,DL,Delta Air Lines,1211,1184.0,189.3,75.23,0.83,8.65,48.0,-2.65,162.7,14562,2634
MCO-OMA,MCO,OMA,Orlando,Omaha,Large,WN,Southwest Airlines,1211,1211.0,193.7,72.58,1.24,11.22,51.0,-3.46,168.2,10672,8096
DEN-CLT,DEN,CLT,Denver,Charlotte,Large,OO,SkyWest Airlines,1210,1337.0,199.7,77.6,0.99,4.82,33.3,-5.86,163.5,10628,3028
TUS-MDW,TUS,MDW,Tucson,Chicago,Medium,WN,Southwest Airlines,1210,1440.0,195.2,91.98,1.32,-5.76,9.5,-8.34,172.1,2749,708
CLT-DEN,CLT,DEN,Charlotte,Denver,Large,OO,SkyWest Airlines,1210,1337.0,239.0,84.13,1.24,0.16,23.0,-8.04,198.2,11595,2379
PHX-SJC,PHX,SJC,Phoenix,San Jose,Large,OO,SkyWest Airlines,1210,621.0,126.6,86.53,0.08,0.01,21.0,-3.26,97.8,6306,1765
MIA-IAH,MIA,IAH,Miami,Houston,Large,MQ,Envoy Air,1210,964.0,176.3,77.85,0.5,5.7,40.0,-0.69,146.3,10347,3507
MDW-TUS,MDW,TUS,Chicago,Tucson,Large,WN,Southwest Airlines,1210,1440.0,225.4,77.44,1.9,2.33,31.5,-9.04,198.7,7051,4662
DEN-EUG,DEN,EUG,Denver,Eugene,Large,OO,SkyWest Airlines,1209,996.0,176.2,80.73,1.24,3.87,34.0,-4.94,146.0,9857,2558
JFK-IAD,JFK,IAD,New York,Washington,Large,OO,SkyWest Airlines,1209,228.0,91.6,73.04,1.9,16.54,80.8,-6.13,50.8,29259,0
IAD-CVG,IAD,CVG,Washington,Cincinnati,Medium,YX,Republic Airways,1209,388.0,100.4,83.46,1.9,0.53,32.7,-5.06,67.2,7643,3683
MCO-MDW,MCO,MDW,Orlando,Chicago,Large,F9,Frontier Airlines,1208,990.0,173.5,68.13,2.32,15.3,71.4,-3.25,143.5,14200,10953
IDA-PHX,IDA,PHX,Idaho Falls,Phoenix,Small,OO,SkyWest Airlines,1208,695.0,129.0,82.78,0.33,6.8,35.0,-5.75,96.6,15818,6906
PHX-IDA,PHX,IDA,Phoenix,Idaho Falls,Large,OO,SkyWest Airlines,1207,695.0,126.9,84.42,0.33,-0.21,27.0,-4.85,97.5,6508,3452
EUG-DEN,EUG,DEN,Eugene,Denver,Small,OO,SkyWest Airlines,1207,996.0,161.9,78.79,2.4,7.15,39.0,-2.18,134.0,13480,3051
AGS-ATL,AGS,ATL,Bush Field,Atlanta,Small,DL,Delta Air Lines,1206,143.0,65.6,83.08,1.0,1.15,28.0,-10.85,33.0,10859,3411
MDW-MCO,MDW,MCO,Chicago,Orlando,Large,F9,Frontier Airlines,1206,990.0,162.9,70.23,3.23,17.18,69.5,-5.52,128.0,14141,16582
PNS-FLL,PNS,FLL,Pensacola,Fort Lauderdale,Small,NK,Spirit Airlines,1206,525.0,105.9,68.66,2.4,14.55,66.0,-3.22,80.7,13462,10986
IAD-JFK,IAD,JFK,Washington,New York,Medium,OO,SkyWest Airlines,1206,228.0,94.3,69.24,3.9,14.05,70.2,-2.99,51.2,25389,0
ORD-BWI,ORD,BWI,Chicago,Baltimore,Large,AA,American Airlines,1205,622.0,113.3,62.32,2.24,22.49,88.0,-2.73,83.9,14352,16603
ATL-AGS,ATL,AGS,Atlanta,Bush Field,Large,DL,Delta Air Lines,1205,143.0,55.1,79.83,0.91,8.85,40.7,-2.59,30.8,13660,4133
FLL-PNS,FLL,PNS,Fort Lauderdale,Pensacola,Large,NK,Spirit Airlines,1204,525.0,109.7,72.67,1.91,10.33,57.0,-3.64,83.7,15931,4092
BOS-ATL,BOS,ATL,Boston,Atlanta,Large,NK,Spirit Airlines,1204,946.0,180.5,68.85,1.58,13.4,63.7,-7.13,139.2,18609,7089
BWI-ORD,BWI,ORD,Baltimore,Chicago,Large,AA,American Airlines,1203,622.0,137.8,83.62,2.66,0.91,29.0,-7.65,98.4,9486,6014
ATL-BOS,ATL,BOS,Atlanta,Boston,Large,NK,Spirit Airlines,1203,946.0,151.7,72.73,1.08,11.59,57.0,-4.44,122.0,14984,6245
BNA-LAX,BNA,LAX,Nashville,Los Angeles,Large,NK,Spirit Airlines,1203,1797.0,269.7,73.4,2.99,8.83,45.6,-6.6,238.8,13258,4984
DAY-PHL,DAY,PHL,Dayton,Philadelphia,Small,OH,PSA Airlines,1200,477.0,100.9,90.08,1.25,-5.59,10.0,-6.81,71.0,6774,2749
LAX-BNA,LAX,BNA,Los Angeles,Nashville,Large,NK,Spirit Airlines,1200,1797.0,237.8,77.67,2.67,3.51,37.0,-6.54,209.3,9089,4369
GTF-MSP,GTF,MSP,Great Falls,Minneapolis,Non-hub,OO,SkyWest Airlines,1199,887.0,148.4,91.66,0.17,-2.42,11.0,-5.14,117.4,8978,0
PHL-DAY,PHL,DAY,Philadelphia,Dayton,Large,OH,PSA Airlines,1199,477.0,110.5,72.14,1.92,11.96,72.0,-4.18,75.6,12673,11785
MSP-GTF,MSP,GTF,Minneapolis,Great Falls,Large,OO,SkyWest Airlines,1198,887.0,159.1,83.64,0.42,0.79,27.0,-6.62,130.6,12444,0
MEM-IAH,MEM,IAH,Memphis,Houston,Medium,OO,SkyWest Airlines,1198,468.0,115.5,74.79,1.5,11.93,52.4,-3.37,82.8,15068,6438
MAF-AUS,MAF,AUS,Midland,Austin,Small,WN,Southwest Airlines,1197,294.0,65.5,88.22,0.84,-0.99,17.5,-3.74,45.1,4438,2750
EWR-MCI,EWR,MCI,Newark,Kansas City,Large,UA,United Airlines,1197,1092.0,191.1,58.23,2.92,26.69,102.0,-5.59,154.0,18826,18457
DTW-ATL,DTW,ATL,Detroit,Atlanta,Large,F9,Frontier Airlines,1197,594.0,127.1,62.32,3.09,19.96,75.4,-4.09,88.4,10710,18955
ATL-DTW,ATL,DTW,Atlanta,Detroit,Large,F9,Frontier Airlines,1196,594.0,123.2,66.56,2.84,16.33,71.0,-4.72,87.7,11928,13296
AUS-MAF,AUS,MAF,Austin,Midland,Large,WN,Southwest Airlines,1196,294.0,68.1,75.33,0.84,7.75,41.5,-4.26,47.7,5150,9157
CVG-SRQ,CVG,SRQ,Cincinnati,Sarasota,Medium,G4,Allegiant Air,1195,812.0,131.6,68.37,2.09,16.79,77.2,0.04,110.7,18554,7924
SRQ-CVG,SRQ,CVG,Sarasota,Cincinnati,Small,G4,Allegiant Air,1195,812.0,136.4,68.45,2.18,19.16,86.0,-0.49,112.7,15320,14787
LAX-SUN,LAX,SUN,Los Angeles,Hailey,Large,OO,SkyWest Airlines,1195,696.0,135.3,85.44,0.75,-2.64,21.0,-6.11,104.1,5899,2311
SUN-LAX,SUN,LAX,Hailey,Los Angeles,Non-hub,OO,SkyWest Airlines,1195,696.0,151.1,86.53,1.84,-0.73,20.0,-6.85,113.6,11968,2494
VPS-BWI,VPS,BWI,Valparaiso,Baltimore,Small,WN,Southwest Airlines,1194,819.0,135.4,83.17,0.67,0.4,26.0,-8.15,108.5,4452,6307
SDF-IAH,SDF,IAH,Louisville,Houston,Medium,YV,Mesa Airlines,1193,788.0,155.4,80.13,1.68,3.4,34.1,-9.49,121.3,13072,3876
BWI-VPS,BWI,VPS,Baltimore,Valparaiso,Large,WN,Southwest Airlines,1193,819.0,144.5,83.57,0.67,0.25,23.0,-8.21,114.6,6272,2004
DTW-MSN,DTW,MSN,Detroit,Madison,Large,9E,Endeavor Air,1193,311.0,81.7,90.19,0.42,-6.07,13.0,-6.57,53.2,3621,1565
ORD-MKG,ORD,MKG,Chicago,Muskegon,Large,OO,SkyWest Airlines,1193,119.0,57.1,81.73,4.69,-0.16,30.0,-3.54,28.9,6907,3084
MSN-DTW,MSN,DTW,Madison,Detroit,Small,9E,Endeavor Air,1193,311.0,78.6,91.62,0.42,-5.84,9.0,-6.05,50.0,3605,2299
MKG-ORD,MKG,ORD,Muskegon,Chicago,Non-hub,OO,SkyWest Airlines,1193,119.0,62.3,80.89,4.95,3.74,37.0,-4.5,29.4,12560,5489
BZN-EWR,BZN,EWR,Bozeman,Newark,Small,UA,United Airlines,1193,1882.0,257.7,68.32,2.6,17.67,84.0,-4.78,221.2,22115,7663
IND-MCO,IND,MCO,Indianapolis,Orlando,Medium,F9,Frontier Airlines,1192,829.0,145.3,66.36,3.44,17.03,72.0,-6.75,110.0,10509,19540
EWR-BZN,EWR,BZN,Newark,Bozeman,Large,UA,United Airlines,1192,1882.0,293.4,83.56,1.68,-2.64,24.6,-8.26,256.1,7058,3434
DFW-MRY,DFW,MRY,Dallas-Fort Worth,Monterey,Large,MQ,Envoy Air,1191,1430.0,227.6,80.35,0.5,1.73,29.0,-4.89,200.6,7307,3496
MCO-IND,MCO,IND,Orlando,Indianapolis,Large,F9,Frontier Airlines,1191,829.0,153.5,71.62,2.52,11.84,64.0,-3.96,120.7,13565,9037
PHX-LBB,PHX,LBB,Phoenix,Lubbock,Large,OO,SkyWest Airlines,1190,588.0,109.7,84.2,0.42,5.69,31.8,-4.94,79.6,12231,5039
MRY-DFW,MRY,DFW,Monterey,Dallas-Fort Worth,Small,MQ,Envoy Air,1190,1430.0,208.7,77.65,0.59,7.39,40.0,-3.19,180.9,11209,5020
LBB-PHX,LBB,PHX,Lubbock,Phoenix,Small,OO,SkyWest Airlines,1188,588.0,126.4,90.82,0.51,2.14,12.0,-4.14,96.6,14909,729
LAS-MSP,LAS,MSP,Las Vegas,Minneapolis,Large,NK,Spirit Airlines,1188,1299.0,186.2,73.99,1.52,10.58,48.0,-3.36,158.0,13133,4163
LEX-DFW,LEX,DFW,Lexington KY,Dallas-Fort Worth,Small,AA,American Airlines,1187,785.0,151.7,72.62,1.6,22.14,72.7,-6.95,116.0,17692,17371
DFW-LEX,DFW,LEX,Dallas-Fort Worth,Lexington KY,Large,AA,American Airlines,1187,785.0,131.6,65.37,1.6,28.17,80.0,-5.35,101.5,18864,19538
LIT-ATL,LIT,ATL,Little Rock,Atlanta,Small,WN,Southwest Airlines,1187,453.0,88.2,86.18,1.6,-0.24,19.5,-6.28,63.8,3343,5944
ELP-DEN,ELP,DEN,El Paso,Denver,Small,F9,Frontier Airlines,1187,563.0,118.0,73.8,0.93,12.24,58.2,-3.75,84.1,9444,12572
DEN-ELP,DEN,ELP,Denver,El Paso,Large,F9,Frontier Airlines,1187,563.0,112.0,74.47,0.76,9.29,52.0,-3.85,82.6,9171,9049
DTW-MSY,DTW,MSY,Detroit,New Orleans,Large,NK,Spirit Airlines,1186,926.0,154.4,82.72,1.35,0.04,30.1,-7.27,128.0,8409,3118
IAH-LGA,IAH,LGA,Houston,New York,Large,YX,Republic Airways,1185,1416.0,214.8,73.0,4.14,10.67,67.0,-5.66,180.7,14709,9290
LGA-IAH,LGA,IAH,New York,Houston,Large,YX,Republic Airways,1185,1416.0,255.8,79.66,3.04,-7.94,27.3,-13.25,208.3,5867,3964
MDT-ATL,MDT,ATL,Harrisburg,Atlanta,Small,9E,Endeavor Air,1185,620.0,129.8,89.11,0.68,-4.92,15.0,-9.45,95.9,6336,2607
ATL-MDT,ATL,MDT,Atlanta,Harrisburg,Large,9E,Endeavor Air,1185,620.0,111.9,91.31,0.68,-4.08,10.5,-6.46,85.0,3967,1538
FLL-RDU,FLL,RDU,Fort Lauderdale,Raleigh-durham,Large,NK,Spirit Airlines,1185,680.0,126.0,68.1,2.03,15.97,67.0,-4.62,99.4,18338,6174
RDU-FLL,RDU,FLL,Raleigh-durham,Fort Lauderdale,Medium,NK,Spirit Airlines,1185,680.0,128.5,66.33,2.19,16.97,74.0,-6.16,99.8,12201,15042
BOS-CHS,BOS,CHS,Boston,Charleston,Large,DL,Delta Air Lines,1184,818.0,154.8,77.87,1.52,5.21,43.0,-4.2,121.8,10813,6242
CHS-BOS,CHS,BOS,Charleston,Boston,Medium,DL,Delta Air Lines,1184,818.0,146.0,70.95,1.6,23.81,83.0,-7.45,110.9,26767,11436
EWR-PIT,EWR,PIT,Newark,Pittsburgh,Large,NK,Spirit Airlines,1184,319.0,85.1,76.6,2.79,11.22,69.0,-3.81,55.7,17026,4536
MSP-LAS,MSP,LAS,Minneapolis,Las Vegas,Large,NK,Spirit Airlines,1184,1299.0,209.8,72.72,2.11,9.98,55.3,-5.57,176.1,13687,7779
SMF-PHX,SMF,PHX,Sacramento,Phoenix,Medium,OO,SkyWest Airlines,1184,647.0,118.7,88.18,0.0,-1.88,19.8,-5.52,90.4,6405,3089
CLT-MIA,CLT,MIA,Charlotte,Miami,Large,NK,Spirit Airlines,1184,650.0,131.4,68.58,2.03,15.31,82.0,-7.66,95.2,19877,7784
ABE-DTW,ABE,DTW,Allentown,Detroit,Small,9E,Endeavor Air,1184,425.0,110.6,88.51,1.44,-3.53,15.0,-10.34,75.1,9452,1903
PIT-EWR,PIT,EWR,Pittsburgh,Newark,Medium,NK,Spirit Airlines,1183,319.0,85.8,67.03,4.14,18.0,86.6,-2.85,57.3,23448,5570
DTW-ABE,DTW,ABE,Detroit,Allentown,Large,9E,Endeavor Air,1183,425.0,90.5,90.36,1.44,-5.51,11.0,-6.3,61.4,4992,801
MIA-CLT,MIA,CLT,Miami,Charlotte,Large,NK,Spirit Airlines,1183,650.0,133.0,77.43,1.69,7.07,49.8,-5.12,97.3,12816,6585
MSY-DTW,MSY,DTW,New Orleans,Detroit,Medium,NK,Spirit Airlines,1183,926.0,149.2,83.52,1.78,4.89,32.0,-5.15,122.7,7429,6622
CHA-DCA,CHA,DCA,Chattanooga,Washington,Small,OH,PSA Airlines,1183,523.0,103.8,76.33,3.38,11.92,53.0,-1.07,76.9,15347,7804
DCA-CHA,DCA,CHA,Washington,Chattanooga,Large,OH,PSA Airlines,1181,523.0,114.1,68.5,4.15,13.92,73.3,-3.55,80.6,10514,13900
PHX-SMF,PHX,SMF,Phoenix,Sacramento,Large,OO,SkyWest Airlines,1181,647.0,129.5,86.37,0.08,0.9,22.0,-3.31,101.7,6496,2067
DTW-GRR,DTW,GRR,Detroit,Grand Rapids,Large,9E,Endeavor Air,1180,120.0,54.8,90.85,0.34,-4.56,11.0,-5.81,28.0,3591,1697
DFW-BMI,DFW,BMI,Dallas-Fort Worth,Bloomington,Large,YV,Mesa Airlines,1180,690.0,117.6,68.31,3.39,21.72,85.5,-3.04,91.7,14098,15843
EWR-ILM,EWR,ILM,Newark,Wilmington,Large,YX,Republic Airways,1180,488.0,113.7,75.51,5.59,0.84,40.0,-5.54,77.2,6983,5271
GRR-DTW,GRR,DTW,Grand Rapids,Detroit,Medium,9E,Endeavor Air,1180,120.0,57.6,91.69,0.34,-6.75,7.0,-6.68,28.2,2273,3284
ILM-EWR,ILM,EWR,Wilmington,Newark,Small,YX,Republic Airways,1180,488.0,114.6,75.59,5.51,5.72,49.9,-2.26,78.7,14363,3132
JAX-IAH,JAX,IAH,Jacksonville,Houston,Medium,YV,Mesa Airlines,1179,817.0,158.2,84.82,2.8,-2.23,22.0,-10.82,126.4,10659,2542
SAN-LIH,SAN,LIH,San Diego,Lihue,Large,AS,Alaska Airlines,1178,2676.0,380.6,81.49,0.68,0.63,32.0,-5.41,342.5,9028,2887
GRI-DFW,GRI,DFW,Grand Island,Dallas-Fort Worth,Non-hub,MQ,Envoy Air,1178,561.0,118.1,80.31,2.97,4.24,35.6,-5.22,85.7,10650,4473
LIH-SAN,LIH,SAN,Lihue,San Diego,Small,AS,Alaska Airlines,1178,2676.0,337.0,71.48,1.53,8.63,45.0,-2.31,312.2,5263,11693
IAH-CRP,IAH,CRP,Houston,Corpus Christi,Large,OO,SkyWest Airlines,1178,201.0,70.7,78.78,1.53,12.14,59.3,-4.4,41.2,12497,9126
CRP-IAH,CRP,IAH,Corpus Christi,Houston,Small,OO,SkyWest Airlines,1178,201.0,70.3,80.05,1.87,8.64,45.6,-2.44,41.6,14356,4811
LGA-DAY,LGA,DAY,New York,Dayton,Large,YX,Republic Airways,1178,549.0,124.9,83.62,2.72,-1.5,28.0,-4.04,90.4,4898,5307
BMI-DFW,BMI,DFW,Bloomington,Dallas-Fort Worth,Non-hub,YV,Mesa Airlines,1178,690.0,138.3,75.47,3.9,12.2,67.0,-5.71,102.9,11783,13370
DAY-LGA,DAY,LGA,Dayton,New York,Small,YX,Republic Airways,1178,549.0,110.9,80.39,2.8,5.84,44.2,-2.59,84.1,10981,6899
DFW-GRI,DFW,GRI,Dallas-Fort Worth,Grand Island,Large,MQ,Envoy Air,1178,561.0,115.0,83.79,2.55,-0.2,20.0,-3.73,84.7,5680,2147
MDT-ORD,MDT,ORD,Harrisburg,Chicago,Small,MQ,Envoy Air,1177,594.0,135.3,77.23,1.87,0.84,43.0,-8.23,96.6,8747,5333
LGA-ORD,LGA,ORD,New York,Chicago,Large,NK,Spirit Airlines,1177,733.0,157.8,69.24,3.06,15.06,88.0,-3.38,115.4,20940,6778
ORD-ABQ,ORD,ABQ,Chicago,Albuquerque,Large,UA,United Airlines,1177,1118.0,196.0,79.86,0.85,2.04,36.0,-6.59,156.1,6626,5281
ABQ-ORD,ABQ,ORD,Albuquerque,Chicago,Medium,UA,United Airlines,1177,1118.0,173.8,83.18,1.36,0.46,27.0,-6.75,140.2,6836,4157
LAX-LAS,LAX,LAS,Los Angeles,Las Vegas,Large,F9,Frontier Airlines,1177,236.0,80.2,66.36,2.04,21.87,78.0,-2.89,44.1,12889,19534
LAS-LAX,LAS,LAX,Las Vegas,Los Angeles,Large,F9,Frontier Airlines,1177,236.0,80.0,80.03,0.42,2.46,43.0,-3.49,43.1,6103,7326
MDT-DTW,MDT,DTW,Harrisburg,Detroit,Small,9E,Endeavor Air,1176,371.0,97.4,88.95,0.51,-1.18,15.4,-4.6,65.8,4793,4167
WYS-SLC,WYS,SLC,West Yellowstone,Salt Lake City,Non-hub,OO,SkyWest Airlines,1176,273.0,72.2,90.39,0.68,0.35,11.0,-5.53,46.9,14856,0
SLC-WYS,SLC,WYS,Salt Lake City,West Yellowstone,Large,OO,SkyWest Airlines,1176,273.0,74.6,88.86,0.51,-4.07,13.0,-6.81,44.4,6676,0
MCO-SYR,MCO,SYR,Orlando,Syracuse,Large,F9,Frontier Airlines,1176,1053.0,170.0,74.32,2.21,9.78,55.0,-1.64,138.5,10842,8073
ORD-MDT,ORD,MDT,Chicago,Harrisburg,Large,MQ,Envoy Air,1176,594.0,114.7,79.68,1.79,3.38,35.0,-4.33,80.6,6654,4744
DEN-SAV,DEN,SAV,Denver,Savannah,Large,UA,United Airlines,1175,1414.0,197.2,78.89,0.51,5.34,30.0,-1.82,166.3,7644,3753
DTW-MDT,DTW,MDT,Detroit,Harrisburg,Large,9E,Endeavor Air,1175,371.0,84.9,88.34,0.51,-2.36,16.0,-4.29,56.8,5331,1370
SYR-MCO,SYR,MCO,Syracuse,Orlando,Small,F9,Frontier Airlines,1175,1053.0,183.3,67.32,3.4,17.59,71.7,-6.01,144.6,16503,13458
SAN-ELP,SAN,ELP,San Diego,El Paso,Large,WN,Southwest Airlines,1174,636.0,106.1,77.94,1.02,7.77,33.9,-1.73,82.2,5194,7821
ORD-LGA,ORD,LGA,Chicago,New York,Large,NK,Spirit Airlines,1174,733.0,128.3,70.19,2.21,14.66,71.6,-3.9,98.5,20160,4796
SAV-DEN,SAV,DEN,Savannah,Denver,Medium,UA,United Airlines,1174,1414.0,230.5,69.42,0.85,16.48,63.7,-2.42,200.5,19207,6345
ATL-TTN,ATL,TTN,Atlanta,Trenton,Large,F9,Frontier Airlines,1173,701.0,127.3,68.12,2.64,17.12,75.0,-4.86,96.5,11106,14630
FLL-SDF,FLL,SDF,Fort Lauderdale,Louisville,Large,NK,Spirit Airlines,1173,895.0,151.1,70.76,2.3,12.11,56.6,-2.87,124.2,15591,3940
TTN-ATL,TTN,ATL,Trenton,Atlanta,Non-hub,F9,Frontier Airlines,1173,701.0,140.9,68.37,2.64,16.2,76.0,-2.16,104.7,13675,13992
SDF-FLL,SDF,FLL,Louisville,Fort Lauderdale,Medium,NK,Spirit Airlines,1172,895.0,152.2,70.65,2.9,11.96,59.5,-5.9,123.3,13758,7797
PGD-IND,PGD,IND,Punta Gorda,Indianapolis,Small,G4,Allegiant Air,1171,916.0,145.9,65.41,1.62,18.91,77.2,-0.76,125.4,11630,15329
IND-PGD,IND,PGD,Indianapolis,Punta Gorda,Medium,G4,Allegiant Air,1170,916.0,145.8,72.05,1.37,14.34,58.0,2.87,124.2,16495,6176
MSN-DFW,MSN,DFW,Madison,Dallas-Fort Worth,Small,MQ,Envoy Air,1169,821.0,157.1,81.44,1.63,1.57,30.8,-5.67,123.4,8156,3259
DFW-MSN,DFW,MSN,Dallas-Fort Worth,Madison,Large,MQ,Envoy Air,1169,821.0,138.2,83.15,1.54,0.43,27.0,-5.52,109.3,4816,4024
SEA-ONT,SEA,ONT,Seattle,Ontario,Large,DL,Delta Air Lines,1169,956.0,161.2,80.58,1.37,4.45,56.9,-9.94,126.9,14065,4004
PHX-BOS,PHX,BOS,Phoenix,Boston,Large,DL,Delta Air Lines,1168,2300.0,297.4,82.62,1.03,2.97,29.8,-11.24,258.9,12495,5076
CLT-XNA,CLT,XNA,Charlotte,Bentonville,Large,OH,PSA Airlines,1168,754.0,152.8,81.59,1.37,-1.25,29.0,-6.68,112.1,6127,4095
RNO-PHX,RNO,PHX,Reno,Phoenix,Medium,OO,SkyWest Airlines,1168,601.0,113.4,83.48,0.94,8.27,30.0,-3.15,84.7,13490,6052
PHX-RNO,PHX,RNO,Phoenix,Reno,Large,OO,SkyWest Airlines,1168,601.0,119.1,86.22,0.51,1.68,20.0,-3.1,91.2,3853,5336
ATL-AVL,ATL,AVL,Atlanta,Asheville,Large,9E,Endeavor Air,1168,164.0,59.9,93.41,0.09,-5.93,5.0,-7.27,33.8,4164,1082
TRI-DFW,TRI,DFW,BRISTOL,Dallas-Fort Worth,Non-hub,OO,SkyWest Airlines,1168,868.0,167.2,80.65,2.14,3.06,37.6,-11.7,127.4,11632,9501
BOS-PHX,BOS,PHX,Boston,Phoenix,Large,DL,Delta Air Lines,1168,2300.0,358.4,72.95,0.86,3.73,43.0,-11.58,312.9,12232,6612
LAX-MIA,LAX,MIA,Los Angeles,Miami,Large,DL,Delta Air Lines,1168,2342.0,303.4,76.37,0.77,2.36,32.1,-3.73,267.7,10377,1338
AVL-ATL,AVL,ATL,Asheville,Atlanta,Small,9E,Endeavor Air,1167,164.0,67.7,91.6,0.17,-7.86,8.8,-10.86,35.2,4689,2127
DFW-PVU,DFW,PVU,Dallas-Fort Worth,Provo,Large,OO,SkyWest Airlines,1167,958.0,171.4,65.9,2.06,20.0,81.2,-0.76,139.9,24328,3567
BOS-SJU,BOS,SJU,Boston,San Juan,Large,DL,Delta Air Lines,1167,1674.0,247.8,80.89,0.26,-0.4,33.0,-8.35,209.2,9362,1998
MIA-LAX,MIA,LAX,Miami,Los Angeles,Large,DL,Delta Air Lines,1167,2342.0,346.6,84.92,0.77,-1.73,25.7,-7.84,307.3,7134,3168
ONT-SEA,ONT,SEA,Ontario,Seattle,Medium,DL,Delta Air Lines,1167,956.0,171.2,86.98,1.37,-0.06,22.2,-10.36,134.6,7743,6892
PVU-DFW,PVU,DFW,Provo,Dallas-Fort Worth,Non-hub,OO,SkyWest Airlines,1167,958.0,164.3,75.41,1.89,14.96,61.0,-5.92,124.7,25995,1191
DFW-TRI,DFW,TRI,Dallas-Fort Worth,BRISTOL,Large,OO,SkyWest Airlines,1167,868.0,142.2,77.04,1.63,7.39,51.0,-7.27,109.2,8903,10031
SJU-BOS,SJU,BOS,San Juan,Boston,Medium,DL,Delta Air Lines,1167,1674.0,260.4,84.15,0.69,-2.63,30.9,-10.36,219.5,6093,6364
PHL-DTW,PHL,DTW,Philadelphia,Detroit,Large,NK,Spirit Airlines,1167,453.0,108.0,74.72,1.2,9.09,49.6,-4.79,74.1,12965,6032
PDX-STS,PDX,STS,Portland,Santa Rosa,Medium,OO,SkyWest Airlines,1167,489.0,99.5,77.55,1.63,6.21,35.0,1.34,77.5,7169,5146
DTW-PHL,DTW,PHL,Detroit,Philadelphia,Large,NK,Spirit Airlines,1166,453.0,100.2,84.56,0.94,-1.11,29.0,-7.31,68.4,8942,1829
XNA-CLT,XNA,CLT,Bentonville,Charlotte,Small,OH,PSA Airlines,1166,754.0,138.4,80.7,1.37,6.74,35.0,-3.95,99.7,10081,7247
LEX-ATL,LEX,ATL,Lexington KY,Atlanta,Small,YX,Republic Airways,1165,304.0,90.4,86.78,1.63,1.6,20.5,-3.1,62.8,8727,2106
IAH-MEM,IAH,MEM,Houston,Memphis,Large,OO,SkyWest Airlines,1165,468.0,101.6,80.17,1.29,8.7,45.5,-2.61,70.1,10310,5576
SMF-ORD,SMF,ORD,Sacramento,Chicago,Medium,AA,American Airlines,1165,1781.0,245.0,78.2,2.32,11.9,41.4,-5.93,210.0,16227,7626
OGG-SMF,OGG,SMF,Kahului,Sacramento,Medium,WN,Southwest Airlines,1164,2404.0,303.0,83.16,0.09,-0.31,27.0,-9.27,277.9,6160,3604
SMF-OGG,SMF,OGG,Sacramento,Kahului,Medium,WN,Southwest Airlines,1164,2404.0,333.8,82.39,0.09,-2.54,26.0,-7.4,305.5,7193,1248
DEN-ORD,DEN,ORD,Denver,Chicago,Large,F9,Frontier Airlines,1164,888.0,151.8,66.92,1.12,20.46,82.0,-4.88,112.8,16681,14400
ORD-SMF,ORD,SMF,Chicago,Sacramento,Large,AA,American Airlines,1163,1781.0,273.4,71.45,2.15,7.03,53.0,-9.18,238.4,11369,6298
ATL-LEX,ATL,LEX,Atlanta,Lexington KY,Large,YX,Republic Airways,1163,304.0,75.4,84.44,1.46,6.95,27.0,-2.27,51.5,11098,3903
IAH-IND,IAH,IND,Houston,Indianapolis,Large,YV,Mesa Airlines,1163,844.0,140.1,83.4,2.41,2.85,31.0,-5.31,110.4,11776,605
ATL-LIT,ATL,LIT,Atlanta,Little Rock,Large,WN,Southwest Airlines,1163,453.0,94.8,87.45,1.2,-0.25,17.0,-7.08,70.1,3067,3638
TPA-BUF,TPA,BUF,Tampa,Buffalo,Large,F9,Frontier Airlines,1163,1053.0,168.9,71.37,2.75,12.34,63.1,-4.36,138.3,10959,11929
IND-MCI,IND,MCI,Indianapolis,Kansas City,Medium,WN,Southwest Airlines,1163,451.0,91.9,83.49,0.26,2.16,26.0,-5.59,69.9,3426,5704
BUF-TPA,BUF,TPA,Buffalo,Tampa,Medium,F9,Frontier Airlines,1162,1053.0,173.2,68.5,3.7,15.57,68.0,-5.52,142.7,12972,14477
MCI-IND,MCI,IND,Kansas City,Indianapolis,Medium,WN,Southwest Airlines,1162,451.0,85.4,79.52,0.26,6.45,38.2,-6.74,62.6,4229,9654
LGB-BNA,LGB,BNA,Long Beach,Nashville,Small,WN,Southwest Airlines,1161,1785.0,232.5,87.17,0.69,-1.0,19.0,-8.36,206.7,4253,4401
SBA-SEA,SBA,SEA,Santa Barbara,Seattle,Small,AS,Alaska Airlines,1161,908.0,157.7,78.73,1.29,2.8,35.0,-1.5,129.4,4857,7269
BNA-LGB,BNA,LGB,Nashville,Long Beach,Large,WN,Southwest Airlines,1161,1785.0,271.1,78.21,0.69,3.82,34.1,-9.38,243.9,4721,6697
ORD-DEN,ORD,DEN,Chicago,Denver,Large,F9,Frontier Airlines,1161,888.0,171.9,72.09,1.81,20.47,78.2,-4.61,128.7,19248,14038
SEA-SBA,SEA,SBA,Seattle,Santa Barbara,Large,AS,Alaska Airlines,1161,908.0,149.8,79.67,1.03,2.84,29.7,-3.84,120.4,5794,4629
DCA-BDL,DCA,BDL,Washington,Windsor Locks,Large,AA,American Airlines,1160,313.0,86.4,71.55,2.5,11.3,54.0,-7.38,53.1,7521,14141
RDU-PHL,RDU,PHL,Raleigh-durham,Philadelphia,Medium,OH,PSA Airlines,1160,337.0,89.8,74.4,2.59,13.53,59.5,-4.86,57.8,7790,15649
SBA-PHX,SBA,PHX,Santa Barbara,Phoenix,Small,MQ,Envoy Air,1160,455.0,97.4,87.24,1.03,0.23,18.0,-3.98,69.0,4201,5170
BDL-DCA,BDL,DCA,Windsor Locks,Washington,Medium,AA,American Airlines,1160,313.0,84.3,69.91,2.67,15.73,57.3,-1.41,60.9,12100,13384
JFK-MVY,JFK,MVY,New York,Vineyard Haven MA,Large,B6,JetBlue Airways,1159,173.0,68.2,68.94,5.18,15.95,79.0,-5.01,36.4,16959,8587
MVY-JFK,MVY,JFK,Vineyard Haven MA,New York,Non-hub,B6,JetBlue Airways,1159,173.0,65.8,65.23,5.78,23.4,101.9,-3.52,38.7,15741,19384
PHL-RDU,PHL,RDU,Philadelphia,Raleigh-durham,Large,OH,PSA Airlines,1159,337.0,93.8,74.89,2.16,10.36,57.9,-2.39,60.1,9848,9817
DTW-CID,DTW,CID,Detroit,Cedar Rapids,Large,9E,Endeavor Air,1159,430.0,100.7,88.61,0.52,-4.42,17.0,-6.41,69.7,5470,891
PHX-SBA,PHX,SBA,Phoenix,Santa Barbara,Large,MQ,Envoy Air,1159,455.0,95.2,84.04,0.86,3.17,26.0,-1.55,71.6,3648,4569
DFW-PHL,DFW,PHL,Dallas-Fort Worth,Philadelphia,Large,F9,Frontier Airlines,1159,1303.0,197.9,60.57,2.85,27.85,94.1,-5.3,160.4,17752,20071
CID-DTW,CID,DTW,Cedar Rapids,Detroit,Small,9E,Endeavor Air,1158,430.0,98.6,86.18,0.52,-0.24,24.0,-6.45,66.8,5728,5088
SYR-BOS,SYR,BOS,Syracuse,Boston,Small,B6,JetBlue Airways,1157,265.0,71.3,80.47,2.51,4.53,37.0,-1.18,45.1,12855,3137
BOS-SYR,BOS,SYR,Boston,Syracuse,Large,B6,JetBlue Airways,1157,265.0,77.6,67.5,2.42,17.2,81.2,-5.3,50.6,11975,13955
IAD-ATL,IAD,ATL,Washington,Atlanta,Medium,WN,Southwest Airlines,1156,534.0,110.9,85.99,1.47,-2.81,22.0,-9.45,81.6,3465,4986
PHL-DFW,PHL,DFW,Philadelphia,Dallas-Fort Worth,Large,F9,Frontier Airlines,1156,1303.0,228.9,60.9,2.34,25.79,102.0,-6.87,183.3,21278,17495
ATL-IAD,ATL,IAD,Atlanta,Washington,Large,WN,Southwest Airlines,1156,534.0,103.3,86.25,1.04,-0.54,20.7,-8.24,76.0,3098,3548
PIE-USA,PIE,USA,St. Petersburg,Concord,Small,G4,Allegiant Air,1153,528.0,97.4,72.68,2.34,10.5,52.1,-0.03,77.7,11290,6911
USA-PIE,USA,PIE,Concord,St. Petersburg,Non-hub,G4,Allegiant Air,1153,528.0,100.3,65.13,2.52,18.0,73.8,-1.09,80.2,11632,15546
RIC-ORD,RIC,ORD,Richmond,Chicago,Medium,OO,SkyWest Airlines,1152,642.0,141.6,67.8,2.95,23.69,94.7,-5.62,101.4,27028,9911
SMF-PDX,SMF,PDX,Sacramento,Portland,Medium,QX,Horizon Air,1152,479.0,101.3,80.99,1.65,4.97,25.8,-0.93,84.3,2815,7045
IAD-ORF,IAD,ORF,Washington,Norfolk,Medium,YX,Republic Airways,1152,157.0,66.6,84.72,1.74,1.19,24.0,-4.25,36.4,4469,5322
ORD-RIC,ORD,RIC,Chicago,Richmond,Large,OO,SkyWest Airlines,1152,642.0,129.4,63.11,2.95,25.36,91.0,-4.46,90.9,24394,10927
JAX-DCA,JAX,DCA,Jacksonville,Washington,Medium,YX,Republic Airways,1152,634.0,116.1,81.68,2.86,2.39,25.0,-2.42,89.6,7225,4152
MCI-DEN,MCI,DEN,Kansas City,Denver,Medium,F9,Frontier Airlines,1151,533.0,118.6,67.94,1.48,18.54,73.8,-1.21,84.6,14570,13358
JFK-ABQ,JFK,ABQ,New York,Albuquerque,Large,B6,JetBlue Airways,1150,1826.0,299.1,58.52,2.87,18.28,95.0,-14.13,246.2,21893,10651
MCO-STL,MCO,STL,Orlando,St. Louis,Large,NK,Spirit Airlines,1150,882.0,149.2,66.96,3.57,18.0,70.4,-0.03,124.9,16761,6319
BWI-RIC,BWI,RIC,Baltimore,Richmond,Large,WN,Southwest Airlines,1150,121.0,51.4,74.17,0.87,10.32,46.1,-4.44,27.8,7102,8596
IAH-HOB,IAH,HOB,Houston,Hobbs,Large,OO,SkyWest Airlines,1150,501.0,109.6,76.35,2.09,20.39,61.0,-6.78,78.2,23893,8898
HOB-IAH,HOB,IAH,Hobbs,Houston,Non-hub,OO,SkyWest Airlines,1150,501.0,104.1,80.78,1.74,22.92,71.0,-5.6,76.3,31841,4596
DEN-MCI,DEN,MCI,Denver,Kansas City,Large,F9,Frontier Airlines,1150,533.0,101.9,77.83,1.13,5.14,40.0,-2.7,72.4,7122,6090
ABQ-JFK,ABQ,JFK,Albuquerque,New York,Medium,B6,JetBlue Airways,1150,1826.0,245.8,55.04,3.39,36.59,101.0,-4.4,217.8,19999,26037
SFO-CMH,SFO,CMH,San Francisco,Columbus,Large,UA,United Airlines,1150,2120.0,279.3,73.74,0.96,8.37,38.0,-1.79,244.1,10014,5148
RIC-BWI,RIC,BWI,Richmond,Baltimore,Medium,WN,Southwest Airlines,1149,121.0,51.3,76.68,0.44,9.21,38.0,-3.57,29.4,9732,5371
PUB-DEN,PUB,DEN,Pueblo,Denver,Non-hub,OO,SkyWest Airlines,1149,109.0,59.3,84.68,3.05,2.63,20.0,-3.74,31.1,10144,4761
CMH-SFO,CMH,SFO,Columbus,San Francisco,Medium,UA,United Airlines,1148,2120.0,311.6,64.9,0.87,20.1,67.0,-9.01,281.3,18436,9957
BWI-ABQ,BWI,ABQ,Baltimore,Albuquerque,Large,WN,Southwest Airlines,1148,1670.0,258.1,71.86,0.96,8.1,43.0,-9.22,229.4,11173,4594
SDF-PHX,SDF,PHX,Louisville,Phoenix,Medium,WN,Southwest Airlines,1148,1506.0,237.4,81.18,0.87,1.06,28.0,-10.19,209.9,5955,5425
DEN-PUB,DEN,PUB,Denver,Pueblo,Large,OO,SkyWest Airlines,1148,109.0,51.5,82.67,2.79,8.39,28.7,-5.1,25.2,15623,4730
STL-MCO,STL,MCO,St. Louis,Orlando,Medium,NK,Spirit Airlines,1147,882.0,145.9,66.78,4.18,18.24,64.0,-4.19,115.4,16219,10122
TLH-DFW,TLH,DFW,Tallahassee,Dallas-Fort Worth,Small,OH,PSA Airlines,1147,767.0,152.3,72.62,3.49,16.49,70.0,-5.37,116.4,13025,14874
JAX-LGA,JAX,LGA,Jacksonville,New York,Medium,9E,Endeavor Air,1147,833.0,142.3,82.3,2.88,5.07,29.4,-7.33,109.9,12533,4113
PSP-SEA,PSP,SEA,Palm Springs,Seattle,Small,DL,Delta Air Lines,1147,987.0,178.3,88.06,1.22,-3.64,16.0,-11.11,143.5,9702,2441
HOU-SDF,HOU,SDF,Houston,Louisville,Medium,WN,Southwest Airlines,1146,803.0,128.2,76.61,0.79,8.29,40.0,-5.42,105.8,7479,6619
DFW-TLH,DFW,TLH,Dallas-Fort Worth,Tallahassee,Large,OH,PSA Airlines,1145,767.0,134.1,70.92,2.62,17.29,75.6,-4.11,99.4,12310,15635
DCA-JAX,DCA,JAX,Washington,Jacksonville,Large,YX,Republic Airways,1145,634.0,130.1,78.95,2.97,2.45,33.4,-2.84,98.4,5698,5512
ABQ-BWI,ABQ,BWI,Albuquerque,Baltimore,Medium,WN,Southwest Airlines,1145,1670.0,220.5,73.89,1.05,8.28,36.8,-6.86,195.4,7179,7311
SEA-PSP,SEA,PSP,Seattle,Palm Springs,Large,DL,Delta Air Lines,1145,987.0,168.3,86.38,1.14,-1.94,18.3,-5.95,134.0,6469,1980
ONT-PHX,ONT,PHX,Ontario,Phoenix,Medium,YV,Mesa Airlines,1144,325.0,81.0,81.03,1.49,9.1,33.0,0.79,53.5,7380,8392
CLE-LAS,CLE,LAS,Cleveland,Las Vegas,Medium,NK,Spirit Airlines,1144,1824.0,274.8,70.28,2.01,10.41,56.2,-5.92,245.3,12176,7794
ORD-PNS,ORD,PNS,Chicago,Pensacola,Large,UA,United Airlines,1144,794.0,141.9,83.39,0.79,1.06,33.0,-6.67,107.1,4964,6724
PNS-ORD,PNS,ORD,Pensacola,Chicago,Small,UA,United Airlines,1144,794.0,152.2,80.07,1.31,5.46,40.5,-4.24,120.9,7924,8821
BLI-LAS,BLI,LAS,Bellingham,Las Vegas,Non-hub,WN,Southwest Airlines,1143,954.0,151.3,79.27,1.14,4.71,27.0,-5.16,128.7,5939,4650
PHX-SDF,PHX,SDF,Phoenix,Louisville,Large,WN,Southwest Airlines,1143,1506.0,197.4,75.85,0.44,8.96,38.0,-4.93,175.0,7877,5691
PIT-IAH,PIT,IAH,Pittsburgh,Houston,Medium,YV,Mesa Airlines,1143,1117.0,197.4,83.11,2.54,-1.86,22.0,-10.48,163.6,10071,4187
PHX-ONT,PHX,ONT,Phoenix,Ontario,Large,YV,Mesa Airlines,1143,325.0,81.3,76.29,1.4,16.91,61.0,-6.08,51.0,11376,14984
CMH-LAX,CMH,LAX,Columbus,Los Angeles,Medium,NK,Spirit Airlines,1142,1995.0,296.7,71.1,2.19,12.39,53.5,-6.18,267.7,17327,5856
LGA-JAX,LGA,JAX,New York,Jacksonville,Large,9E,Endeavor Air,1142,833.0,163.1,79.6,2.89,0.67,39.2,-8.62,121.4,7956,5774
MEM-MSP,MEM,MSP,Memphis,Minneapolis,Medium,DL,Delta Air Lines,1142,700.0,130.0,88.35,1.23,-3.21,16.0,-8.63,102.4,7726,2750
LAS-BLI,LAS,BLI,Las Vegas,Bellingham,Large,WN,Southwest Airlines,1142,954.0,163.4,70.32,0.88,9.17,46.0,-7.23,135.5,6213,9341
LAX-CMH,LAX,CMH,Los Angeles,Columbus,Large,NK,Spirit Airlines,1142,1995.0,265.5,84.68,1.66,-2.78,24.0,-11.18,232.7,5597,4596
LAX-MEM,LAX,MEM,Los Angeles,Memphis,Large,DL,Delta Air Lines,1142,1619.0,218.5,76.97,0.79,8.93,46.0,-5.54,191.2,13073,4489
MEM-LAX,MEM,LAX,Memphis,Los Angeles,Medium,DL,Delta Air Lines,1142,1619.0,250.7,79.6,0.96,5.83,33.0,-7.22,217.3,11584,4262
LAS-CLE,LAS,CLE,Las Vegas,Cleveland,Large,NK,Spirit Airlines,1141,1824.0,240.7,77.83,1.67,7.75,38.0,-5.12,209.3,12279,2959
ORD-MEM,ORD,MEM,Chicago,Memphis,Large,UA,United Airlines,1141,491.0,114.5,67.22,1.4,18.68,76.7,-5.52,76.2,13367,12832
DEN-OKC,DEN,OKC,Denver,Oklahoma City,Large,F9,Frontier Airlines,1141,495.0,98.0,75.02,1.14,7.22,51.0,-4.44,68.7,7799,8561
DFW-SFO,DFW,SFO,Dallas-Fort Worth,San Francisco,Large,F9,Frontier Airlines,1141,1464.0,242.0,65.03,2.8,16.27,70.0,-3.9,201.7,13907,11262
MSP-MEM,MSP,MEM,Minneapolis,Memphis,Large,DL,Delta Air Lines,1141,700.0,125.4,78.7,1.05,3.81,44.0,-6.43,97.4,11496,3502
SFO-DFW,SFO,DFW,San Francisco,Dallas-Fort Worth,Large,F9,Frontier Airlines,1141,1464.0,218.3,60.04,3.24,26.74,85.4,-7.12,175.8,15274,20431
OKC-DEN,OKC,DEN,Oklahoma City,Denver,Medium,F9,Frontier Airlines,1140,495.0,111.3,73.86,1.23,8.13,55.0,-5.26,78.1,9516,11187
ABQ-LAS,ABQ,LAS,Albuquerque,Las Vegas,Medium,NK,Spirit Airlines,1140,486.0,97.3,76.67,1.4,8.62,50.0,-2.94,73.4,11175,6622
AUS-SFO,AUS,SFO,Austin,San Francisco,Large,OO,SkyWest Airlines,1139,1504.0,236.4,80.42,1.58,5.22,31.0,-2.12,211.7,5070,6685
HRL-DAL,HRL,DAL,Harlingen,Dallas,Small,WN,Southwest Airlines,1139,458.0,95.0,79.28,1.67,5.55,32.0,-5.42,73.9,5915,6081
DAL-HRL,DAL,HRL,Dallas,Harlingen,Large,WN,Southwest Airlines,1139,458.0,88.0,76.03,0.97,8.47,38.7,-6.06,66.4,5491,8753
RDU-DCA,RDU,DCA,Raleigh-durham,Washington,Medium,AA,American Airlines,1139,227.0,69.3,79.72,1.23,11.92,44.0,-2.24,42.1,11050,10938
MYR-LBE,MYR,LBE,Myrtle Beach,Latrobe,Small,NK,Spirit Airlines,1138,455.0,93.4,84.89,2.55,-3.84,22.0,-4.55,71.7,4448,3393
MEM-ORD,MEM,ORD,Memphis,Chicago,Medium,UA,United Airlines,1138,491.0,114.7,83.48,1.67,4.01,25.0,-2.39,81.8,11685,901
LAS-ABQ,LAS,ABQ,Las Vegas,Albuquerque,Large,NK,Spirit Airlines,1138,486.0,92.7,79.35,1.23,4.65,37.0,-3.57,65.6,8642,3968
DFW-CVG,DFW,CVG,Dallas-Fort Worth,Cincinnati,Large,MQ,Envoy Air,1138,812.0,137.0,80.93,2.02,3.12,29.0,-4.03,104.9,6255,4324
CVG-DFW,CVG,DFW,Cincinnati,Dallas-Fort Worth,Medium,MQ,Envoy Air,1137,812.0,164.3,81.62,2.02,3.81,34.0,-5.33,128.8,11375,2109
RSW-MCI,RSW,MCI,Fort Myers,Kansas City,Medium,WN,Southwest Airlines,1137,1155.0,185.9,74.93,2.2,8.86,44.0,-4.23,162.3,6637,9554
LBE-MYR,LBE,MYR,Latrobe,Myrtle Beach,Non-hub,NK,Spirit Airlines,1136,455.0,87.2,84.95,2.64,-2.52,23.0,-2.74,67.5,4119,3987
DCA-CMH,DCA,CMH,Washington,Columbus,Large,OH,PSA Airlines,1136,323.0,90.1,69.72,3.79,12.68,62.7,-1.57,56.4,10181,10375
LAS-SMF,LAS,SMF,Las Vegas,Sacramento,Large,F9,Frontier Airlines,1135,397.0,99.8,80.97,1.32,1.78,34.0,-4.45,68.7,6054,4886
SJU-RDU,SJU,RDU,San Juan,Raleigh-durham,Medium,B6,JetBlue Airways,1135,1433.0,220.3,69.16,0.79,18.33,85.6,-6.64,193.3,16211,13522
PHX-MDW,PHX,MDW,Phoenix,Chicago,Large,F9,Frontier Airlines,1135,1444.0,201.1,78.94,1.06,6.2,40.0,-4.4,173.4,8239,6669
MDW-PHX,MDW,PHX,Chicago,Phoenix,Large,F9,Frontier Airlines,1135,1444.0,231.7,73.57,1.67,8.85,45.6,-5.45,199.1,10501,8907
SMF-LAS,SMF,LAS,Sacramento,Las Vegas,Medium,F9,Frontier Airlines,1135,397.0,89.3,74.36,1.32,8.96,51.3,-0.79,61.3,7081,8560
CMH-DCA,CMH,DCA,Columbus,Washington,Medium,OH,PSA Airlines,1135,323.0,82.0,67.22,5.37,21.41,76.0,-1.14,54.2,17823,13153
LIT-DFW,LIT,DFW,Little Rock,Dallas-Fort Worth,Small,OH,PSA Airlines,1135,304.0,91.0,67.75,5.73,22.23,66.2,-2.06,55.6,13983,16668
DFW-LIT,DFW,LIT,Dallas-Fort Worth,Little Rock,Large,OH,PSA Airlines,1134,304.0,79.5,70.72,5.91,17.58,67.0,-2.39,49.0,9315,15425
PDX-MFR,PDX,MFR,Portland,Medford,Medium,QX,Horizon Air,1133,222.0,60.7,88.79,1.15,-0.82,14.0,-0.93,44.8,4186,1181
RDU-SJU,RDU,SJU,Raleigh-durham,San Juan,Medium,B6,JetBlue Airways,1133,1433.0,210.0,72.29,0.97,15.64,73.2,-7.44,179.6,11681,14679
DCA-RDU,DCA,RDU,Washington,Raleigh-durham,Large,AA,American Airlines,1133,227.0,75.7,70.96,1.41,14.05,70.6,-5.76,43.3,7992,16305
SDF-HOU,SDF,HOU,Louisville,Houston,Medium,WN,Southwest Airlines,1133,803.0,147.0,77.85,1.06,2.58,37.4,-9.3,121.0,5032,7165
PDX-SMF,PDX,SMF,Portland,Sacramento,Medium,QX,Horizon Air,1132,479.0,97.8,83.75,1.33,3.59,23.0,-0.46,80.6,5814,1935
ORD-JAX,ORD,JAX,Chicago,Jacksonville,Large,AA,American Airlines,1132,864.0,144.6,70.14,2.12,16.54,70.0,-6.26,111.8,11216,14956
PHX-PSC,PHX,PSC,Phoenix,Pasco,Large,OO,SkyWest Airlines,1132,962.0,173.4,87.63,0.0,0.08,23.0,-5.96,138.8,6991,2776
JAX-ORD,JAX,ORD,Jacksonville,Chicago,Medium,AA,American Airlines,1132,864.0,161.8,76.41,2.12,12.17,46.6,-5.07,127.4,13901,9697
MFR-PDX,MFR,PDX,Medford,Portland,Small,QX,Horizon Air,1132,222.0,60.3,89.58,2.21,-1.34,11.4,-0.56,44.4,3078,1955
PSC-PHX,PSC,PHX,Pasco,Phoenix,Small,OO,SkyWest Airlines,1131,962.0,164.9,88.59,0.0,-2.9,18.0,-6.21,132.6,9056,216
MRY-PHX,MRY,PHX,Monterey,Phoenix,Small,MQ,Envoy Air,1129,598.0,112.7,84.5,0.62,0.97,24.0,-3.67,85.9,3604,5031
PHX-MRY,PHX,MRY,Phoenix,Monterey,Large,MQ,Envoy Air,1128,598.0,120.0,81.74,0.44,1.58,32.0,-3.75,91.3,5113,4137
DTW-BUF,DTW,BUF,Detroit,Buffalo,Large,OO,SkyWest Airlines,1127,241.0,72.2,76.75,1.06,11.85,56.0,-2.36,42.1,19738,0
BUF-DTW,BUF,DTW,Buffalo,Detroit,Medium,OO,SkyWest Airlines,1127,241.0,76.7,77.82,1.06,12.3,56.6,-5.98,44.6,23418,0
CHS-HOU,CHS,HOU,Charleston,Houston,Medium,WN,Southwest Airlines,1127,928.0,160.4,73.56,2.31,7.17,44.0,-5.65,135.9,5820,8236
BOS-CHS,BOS,CHS,Boston,Charleston,Large,YX,Republic Airways,1126,818.0,159.8,82.59,1.87,-0.74,26.0,-3.16,124.7,7320,1392
MIA-SDF,MIA,SDF,Miami,Louisville,Large,AA,American Airlines,1126,910.0,163.1,65.28,0.8,26.85,81.0,-7.06,126.5,22849,13837
CHS-BOS,CHS,BOS,Charleston,Boston,Medium,YX,Republic Airways,1125,818.0,143.6,81.87,2.49,2.76,35.4,-5.11,110.6,8356,3537
LGA-LIT,LGA,LIT,New York,Little Rock,Large,YX,Republic Airways,1125,1085.0,202.7,73.42,4.18,2.82,53.6,-4.16,160.7,7885,8549
SDF-MIA,SDF,MIA,Louisville,Miami,Medium,AA,American Airlines,1125,910.0,157.9,78.84,1.16,19.07,41.0,-5.12,125.2,23812,5719
LIT-LGA,LIT,LGA,Little Rock,New York,Small,YX,Republic Airways,1124,1085.0,175.0,83.27,1.51,1.13,25.0,-3.99,146.6,8954,3109
MCI-RSW,MCI,RSW,Kansas City,Fort Myers,Medium,WN,Southwest Airlines,1124,1155.0,165.5,77.14,1.96,8.44,41.0,-5.08,144.8,7961,6734
BIS-AZA,BIS,AZA,Bismarck,Mesa,Small,G4,Allegiant Air,1123,1092.0,171.8,73.64,1.6,9.15,54.7,-4.66,147.1,11578,8738
PHL-MCI,PHL,MCI,Philadelphia,Kansas City,Large,OH,PSA Airlines,1123,1038.0,184.7,74.44,2.49,8.79,45.0,-4.16,149.8,10440,7961
DFW-GCK,DFW,GCK,Dallas-Fort Worth,Garden City,Large,OO,SkyWest Airlines,1123,404.0,98.1,79.79,3.29,6.43,46.0,-4.68,65.6,13182,3052
LAS-TPA,LAS,TPA,Las Vegas,Tampa,Large,F9,Frontier Airlines,1122,1984.0,258.7,65.51,1.07,18.13,70.0,-5.61,228.0,14424,10460
MCI-PHL,MCI,PHL,Kansas City,Philadelphia,Medium,OH,PSA Airlines,1122,1038.0,159.5,77.54,2.76,12.48,50.0,-3.9,130.6,13589,10016
PHL-IND,PHL,IND,Philadelphia,Indianapolis,Large,OH,PSA Airlines,1122,588.0,130.2,80.21,2.41,2.69,39.7,-5.56,92.6,8090,5696
AZA-BIS,AZA,BIS,Mesa,Bismarck,Small,G4,Allegiant Air,1122,1092.0,160.7,80.93,1.34,0.31,29.0,-3.32,137.0,8542,2283
BOS-LGA,BOS,LGA,Boston,New York,Large,AA,American Airlines,1122,184.0,80.4,83.16,1.87,-0.26,30.0,-10.08,46.5,6218,9274
GCK-DFW,GCK,DFW,Garden City,Dallas-Fort Worth,Non-hub,OO,SkyWest Airlines,1122,404.0,95.2,78.7,3.74,8.66,42.3,-3.48,63.1,16846,2447
LAS-DSM,LAS,DSM,Las Vegas,Des Moines,Large,G4,Allegiant Air,1121,1216.0,172.5,66.64,1.43,17.05,62.1,-0.55,144.0,13552,10357
IND-PHL,IND,PHL,Indianapolis,Philadelphia,Medium,OH,PSA Airlines,1121,588.0,109.7,81.71,2.05,9.27,31.5,-3.69,81.6,7418,11242
SIT-SEA,SIT,SEA,Sitka,Seattle,Non-hub,AS,Alaska Airlines,1120,861.0,138.1,73.57,0.89,9.4,33.3,1.51,115.0,7093,6653
DSM-LAS,DSM,LAS,Des Moines,Las Vegas,Small,G4,Allegiant Air,1120,1216.0,191.4,69.55,1.43,19.24,58.9,-3.7,166.9,20657,7814
LGA-BOS,LGA,BOS,New York,Boston,Large,AA,American Airlines,1120,184.0,76.9,81.34,1.96,-0.67,46.0,-11.57,38.4,4691,11087
BUF-ORD,BUF,ORD,Buffalo,Chicago,Medium,AA,American Airlines,1119,474.0,112.1,74.89,2.95,16.79,54.5,-2.91,76.3,16551,9181
EWR-MHT,EWR,MHT,Newark,Manchester NH,Large,YX,Republic Airways,1119,209.0,77.8,74.44,6.79,3.53,42.2,-6.13,41.5,6580,5823
SEA-SIT,SEA,SIT,Seattle,Sitka,Large,AS,Alaska Airlines,1119,861.0,144.9,71.13,0.54,8.86,41.0,-0.95,116.8,8093,5365
MSN-MSP,MSN,MSP,Madison,Minneapolis,Small,9E,Endeavor Air,1119,228.0,74.6,88.03,0.45,-3.99,19.0,-7.92,45.9,4769,4843
ORD-BUF,ORD,BUF,Chicago,Buffalo,Large,AA,American Airlines,1118,474.0,92.7,59.39,2.86,29.62,92.0,-0.74,65.7,15481,18998
TPA-LAS,TPA,LAS,Tampa,Las Vegas,Large,F9,Frontier Airlines,1118,1984.0,301.9,62.61,1.07,20.92,79.0,-4.41,265.6,14504,14817
MSP-MSN,MSP,MSN,Minneapolis,Madison,Large,9E,Endeavor Air,1118,228.0,68.2,85.51,0.45,-2.85,23.0,-5.96,39.7,5619,1873
HOU-CHS,HOU,CHS,Houston,Charleston,Medium,WN,Southwest Airlines,1118,928.0,139.2,71.02,1.34,9.96,42.0,-4.6,115.5,9055,6202
EWR-HNL,EWR,HNL,Newark,Honolulu,Large,UA,United Airlines,1117,4962.0,663.8,77.71,0.98,3.4,44.3,-16.73,611.8,13345,4484
TTN-PBI,TTN,PBI,Trenton,West Palm Beach,Non-hub,F9,Frontier Airlines,1117,985.0,178.5,65.71,4.3,14.52,68.2,-4.12,148.5,14804,9552
IAH-CMH,IAH,CMH,Houston,Columbus,Large,YV,Mesa Airlines,1117,986.0,156.5,80.39,3.22,3.88,31.0,-3.66,126.3,10172,468
PBI-TTN,PBI,TTN,West Palm Beach,Trenton,Medium,F9,Frontier Airlines,1117,985.0,162.0,55.33,4.57,26.68,89.0,-3.18,133.9,14782,17134
HNL-EWR,HNL,EWR,Honolulu,Newark,Medium,UA,United Airlines,1117,4962.0,572.4,78.07,2.24,5.29,38.0,-11.07,530.4,8275,9229
ORD-BUF,ORD,BUF,Chicago,Buffalo,Large,YX,Republic Airways,1116,474.0,102.1,79.12,2.6,3.72,33.0,-2.0,67.2,6956,5072
LGA-TUL,LGA,TUL,New York,Tulsa,Large,YX,Republic Airways,1116,1231.0,220.6,70.97,4.48,5.15,59.0,-6.68,182.3,10024,9200
MHT-EWR,MHT,EWR,Manchester NH,Newark,Small,YX,Republic Airways,1116,209.0,93.3,79.93,4.12,-0.41,30.0,-5.05,54.6,9137,3305
TUL-LGA,TUL,LGA,Tulsa,New York,Small,YX,Republic Airways,1115,1231.0,188.8,84.93,2.15,1.47,25.0,-5.0,158.9,9493,4049
IAD-ATL,IAD,ATL,Washington,Atlanta,Medium,YV,Mesa Airlines,1114,534.0,119.9,83.03,1.53,4.81,32.0,-10.79,82.5,15027,1455
IAH-DFW,IAH,DFW,Houston,Dallas-Fort Worth,Large,OO,SkyWest Airlines,1114,224.0,79.1,73.07,2.51,14.89,60.0,-0.62,46.1,16357,3926
LAS-DTW,LAS,DTW,Las Vegas,Detroit,Large,F9,Frontier Airlines,1113,1749.0,240.1,65.77,0.9,14.26,63.0,-8.21,202.8,13792,7861
SBP-PHX,SBP,PHX,San Luis Obispo,Phoenix,Small,MQ,Envoy Air,1113,509.0,100.7,78.17,0.81,7.08,42.0,-1.58,74.4,6912,6892
PHX-SBP,PHX,SBP,Phoenix,San Luis Obispo,Large,MQ,Envoy Air,1112,509.0,106.2,80.22,0.63,3.43,29.0,-3.19,79.3,3530,5804
DTW-LAS,DTW,LAS,Detroit,Las Vegas,Large,F9,Frontier Airlines,1112,1749.0,273.3,67.9,1.53,12.9,65.1,-8.32,238.4,15395,7269
RDU-IAH,RDU,IAH,Raleigh-durham,Houston,Medium,YV,Mesa Airlines,1112,1042.0,189.1,85.52,2.25,-2.43,20.0,-10.16,153.5,7724,3120
SJU-TPA,SJU,TPA,San Juan,Tampa,Medium,NK,Spirit Airlines,1109,1237.0,187.1,70.6,3.88,12.93,61.6,-5.21,162.3,11280,9568
TPA-SJU,TPA,SJU,Tampa,San Juan,Large,NK,Spirit Airlines,1109,1237.0,172.7,73.49,2.98,12.39,63.5,-4.02,150.3,10707,9237
IAH-RDU,IAH,RDU,Houston,Raleigh-durham,Large,YV,Mesa Airlines,1109,1042.0,163.2,81.88,2.07,1.07,27.0,-6.76,132.9,9387,916
ONT-SFO,ONT,SFO,Ontario,San Francisco,Medium,F9,Frontier Airlines,1109,363.0,89.0,67.27,1.8,13.94,64.0,0.15,58.6,12530,9996
SFO-ONT,SFO,ONT,San Francisco,Ontario,Large,F9,Frontier Airlines,1108,363.0,86.7,74.19,1.53,14.19,60.0,-5.48,57.6,7399,16115
PIT-CLT,PIT,CLT,Pittsburgh,Charlotte,Medium,YX,Republic Airways,1107,366.0,97.9,90.42,0.36,-5.9,12.0,-4.7,66.8,2721,1941
FLL-SEA,FLL,SEA,Fort Lauderdale,Seattle,Large,DL,Delta Air Lines,1107,2717.0,403.8,73.62,1.36,11.27,57.0,-11.64,359.9,15236,9228
PHX-YUM,PHX,YUM,Phoenix,Yuma,Large,MQ,Envoy Air,1107,160.0,60.0,87.08,1.45,1.03,18.0,-3.48,33.0,2347,4169
SEA-FLL,SEA,FLL,Seattle,Fort Lauderdale,Large,DL,Delta Air Lines,1107,2717.0,355.1,81.03,1.08,1.29,29.4,-9.25,313.2,12416,1134
SFB-BGR,SFB,BGR,Sanford,Bangor,Small,G4,Allegiant Air,1106,1299.0,183.9,80.11,1.9,4.56,36.0,-2.96,160.2,12373,1616
YUM-PHX,YUM,PHX,Yuma,Phoenix,Non-hub,MQ,Envoy Air,1106,160.0,61.7,85.35,1.54,1.78,20.3,-4.44,33.0,4895,4200
SDF-MIA,SDF,MIA,Louisville,Miami,Medium,MQ,Envoy Air,1106,910.0,153.3,77.49,0.99,3.61,34.0,-4.07,128.0,7415,3679
BGR-SFB,BGR,SFB,Bangor,Sanford,Small,G4,Allegiant Air,1106,1299.0,203.7,68.08,2.53,16.42,66.8,-3.42,179.3,19000,8494
RDU-BNA,RDU,BNA,Raleigh-durham,Nashville,Medium,9E,Endeavor Air,1105,442.0,107.2,81.09,1.81,3.96,43.8,-5.86,72.8,10145,4617
BNA-RDU,BNA,RDU,Nashville,Raleigh-durham,Large,9E,Endeavor Air,1105,442.0,96.7,81.72,1.81,6.16,47.4,-4.5,68.3,5007,12349
CLT-PIT,CLT,PIT,Charlotte,Pittsburgh,Large,YX,Republic Airways,1105,366.0,93.0,89.14,0.27,-2.98,17.0,-6.16,58.3,3475,4927
ORD-PSP,ORD,PSP,Chicago,Palm Springs,Large,UA,United Airlines,1104,1651.0,271.8,82.7,0.27,-1.05,32.5,-11.09,226.8,6191,4899
PSP-ORD,PSP,ORD,Palm Springs,Chicago,Small,UA,United Airlines,1104,1651.0,232.3,86.14,0.72,-0.72,20.0,-7.63,196.1,6443,5595
LAX-PIT,LAX,PIT,Los Angeles,Pittsburgh,Large,NK,Spirit Airlines,1103,2136.0,273.3,77.33,2.18,5.62,43.0,-6.75,244.9,8996,4988
FAY-ATL,FAY,ATL,Fayetteville,Atlanta,Non-hub,DL,Delta Air Lines,1103,331.0,87.2,86.04,1.72,4.33,20.0,-6.26,59.0,13032,913
ATL-FAY,ATL,FAY,Atlanta,Fayetteville,Large,DL,Delta Air Lines,1103,331.0,75.7,81.78,1.72,4.89,36.0,-5.61,50.5,10069,3260
BNA-SJC,BNA,SJC,Nashville,San Jose,Large,WN,Southwest Airlines,1103,1947.0,285.4,72.89,0.82,6.17,39.7,-9.35,258.0,5033,8057
EWR-STL,EWR,STL,Newark,St. Louis,Large,UA,United Airlines,1103,872.0,163.1,70.81,1.45,15.75,83.0,-4.83,128.4,12465,13540
PIT-LAX,PIT,LAX,Pittsburgh,Los Angeles,Medium,NK,Spirit Airlines,1103,2136.0,319.1,71.44,2.36,7.99,53.5,-8.57,284.7,13844,4256
PHX-RDM,PHX,RDM,Phoenix,Redmond-Bend,Large,MQ,Envoy Air,1102,893.0,156.2,85.39,0.18,2.22,22.0,-3.57,127.7,5362,3695
SJC-ORD,SJC,ORD,San Jose,Chicago,Medium,UA,United Airlines,1102,1829.0,258.3,91.56,0.82,-6.34,10.0,-9.59,220.9,4922,2238
ORD-SJC,ORD,SJC,Chicago,San Jose,Large,UA,United Airlines,1102,1829.0,286.6,74.32,0.73,7.63,56.0,-11.0,246.6,10518,8459
MIA-SDF,MIA,SDF,Miami,Louisville,Large,MQ,Envoy Air,1101,910.0,161.3,77.29,0.91,5.96,40.0,-2.04,130.9,7277,4803
STL-EWR,STL,EWR,St. Louis,Newark,Medium,UA,United Airlines,1101,872.0,145.0,70.12,2.36,16.22,82.0,-4.79,114.8,17690,7922
RDM-PHX,RDM,PHX,Redmond-Bend,Phoenix,Small,MQ,Envoy Air,1101,893.0,149.8,89.55,0.36,-0.6,14.0,-6.95,120.0,6331,5126
SBA-PHX,SBA,PHX,Santa Barbara,Phoenix,Small,YV,Mesa Airlines,1100,455.0,95.3,83.91,2.64,4.71,27.2,-2.07,67.9,5796,8265
AGS-DFW,AGS,DFW,Bush Field,Dallas-Fort Worth,Small,MQ,Envoy Air,1100,874.0,171.0,81.82,2.18,1.2,27.0,-5.07,137.8,5878,3291
DFW-AGS,DFW,AGS,Dallas-Fort Worth,Bush Field,Large,MQ,Envoy Air,1099,874.0,138.5,80.44,2.09,2.88,32.0,-2.97,109.3,5799,4536
SAV-IAH,SAV,IAH,Savannah,Houston,Medium,YV,Mesa Airlines,1099,851.0,160.0,78.8,3.18,3.63,33.0,-8.04,129.9,9841,4086
PHX-SBA,PHX,SBA,Phoenix,Santa Barbara,Large,YV,Mesa Airlines,1099,455.0,99.4,81.89,2.46,4.88,34.3,-6.48,69.6,7226,6909
PGD-AVL,PGD,AVL,Punta Gorda,Asheville,Small,G4,Allegiant Air,1099,588.0,103.1,66.33,2.0,19.01,76.7,-0.5,82.0,14176,12113
IAH-SAV,IAH,SAV,Houston,Savannah,Large,YV,Mesa Airlines,1099,851.0,137.6,76.25,2.73,7.7,36.3,-3.17,109.0,14587,506
ORD-ALB,ORD,ALB,Chicago,Albany,Large,OO,SkyWest Airlines,1099,723.0,126.4,78.89,1.0,5.48,39.9,-2.64,93.7,8167,4582
ALB-ORD,ALB,ORD,Albany,Chicago,Small,OO,SkyWest Airlines,1099,723.0,158.5,77.98,1.27,4.0,40.0,-4.1,116.1,12037,4593
AVL-PGD,AVL,PGD,Asheville,Punta Gorda,Small,G4,Allegiant Air,1099,588.0,104.6,69.06,2.0,16.73,66.0,1.57,85.5,15931,7236
DEN-MAF,DEN,MAF,Denver,Midland,Large,WN,Southwest Airlines,1098,563.0,99.5,70.86,2.0,10.95,47.0,-6.3,75.3,7550,9199
SBP-SEA,SBP,SEA,San Luis Obispo,Seattle,Small,OO,SkyWest Airlines,1098,847.0,146.4,85.06,1.0,2.91,20.7,-0.96,122.6,4701,3836
MAF-DEN,MAF,DEN,Midland,Denver,Small,WN,Southwest Airlines,1098,563.0,108.2,76.87,2.37,5.58,45.4,-5.75,83.5,7370,7010
PHX-MAF,PHX,MAF,Phoenix,Midland,Large,OO,SkyWest Airlines,1097,581.0,106.2,79.49,1.19,9.26,46.0,-3.76,77.0,13031,5771
SFB-IND,SFB,IND,Sanford,Indianapolis,Small,G4,Allegiant Air,1097,807.0,135.7,67.64,1.19,19.5,69.7,-0.61,113.6,12872,12750
IND-SFB,IND,SFB,Indianapolis,Sanford,Medium,G4,Allegiant Air,1096,807.0,131.1,72.45,1.0,13.48,52.0,0.33,109.5,11066,8762
PHL-MSY,PHL,MSY,Philadelphia,New Orleans,Large,YX,Republic Airways,1096,1089.0,192.6,81.84,3.47,-3.12,25.0,-4.21,160.7,5482,2629
MAF-PHX,MAF,PHX,Midland,Phoenix,Small,OO,SkyWest Airlines,1095,581.0,119.6,85.21,1.28,9.19,27.0,-4.68,90.4,19773,1034
DCA-ECP,DCA,ECP,Washington,Panama City,Large,OH,PSA Airlines,1094,769.0,146.9,77.51,1.92,2.78,36.4,-1.64,112.5,7187,5127
CLT-EYW,CLT,EYW,Charlotte,Key West,Large,MQ,Envoy Air,1094,736.0,140.4,77.97,1.65,4.93,36.0,-3.38,106.9,6074,5047
ECP-DCA,ECP,DCA,Panama City,Washington,Small,OH,PSA Airlines,1094,769.0,132.7,75.32,2.83,11.55,48.3,-3.54,104.9,8885,12503
IAH-PIT,IAH,PIT,Houston,Pittsburgh,Large,YV,Mesa Airlines,1094,1117.0,168.3,83.73,1.46,2.42,25.0,-5.02,139.3,11022,556
MSY-PHL,MSY,PHL,New Orleans,Philadelphia,Medium,YX,Republic Airways,1094,1089.0,169.3,83.36,3.29,2.01,24.0,-5.42,141.4,6539,5499
EYW-CLT,EYW,CLT,Key West,Charlotte,Small,MQ,Envoy Air,1093,736.0,143.0,70.81,2.01,7.81,48.0,-3.36,107.5,6416,8344
STS-DFW,STS,DFW,Santa Rosa,Dallas-Fort Worth,Small,MQ,Envoy Air,1093,1495.0,211.5,77.68,0.09,9.06,37.0,-3.12,183.7,9374,6939
DFW-STS,DFW,STS,Dallas-Fort Worth,Santa Rosa,Large,MQ,Envoy Air,1093,1495.0,236.4,81.43,0.09,1.83,29.0,-2.81,211.1,6803,2563
SEA-EUG,SEA,EUG,Seattle,Eugene,Large,AS,Alaska Airlines,1092,234.0,73.1,72.44,1.01,6.66,42.2,-2.51,43.9,6862,5594
DTW-BGM,DTW,BGM,Detroit,Binghamton,Large,9E,Endeavor Air,1091,378.0,82.3,86.8,1.28,-1.9,18.0,-5.37,55.8,6165,1939
EUG-SEA,EUG,SEA,Eugene,Seattle,Small,AS,Alaska Airlines,1091,234.0,75.2,79.47,1.1,6.29,36.0,-0.8,44.4,9407,3468
PHX-BFL,PHX,BFL,Phoenix,Bakersfield,Large,AA,American Airlines,1091,425.0,91.6,80.38,0.27,8.12,44.0,-4.37,65.3,7719,8171
BGM-DTW,BGM,DTW,Binghamton,Detroit,Non-hub,9E,Endeavor Air,1091,378.0,97.8,86.89,1.56,0.05,21.8,-9.09,62.8,10263,5050
RDM-SAN,RDM,SAN,Redmond-Bend,San Diego,Small,OO,SkyWest Airlines,1090,823.0,136.6,75.05,1.47,8.83,41.0,1.07,115.1,7478,5864
BFL-PHX,BFL,PHX,Bakersfield,Phoenix,Non-hub,AA,American Airlines,1090,425.0,92.3,83.3,0.46,9.36,37.0,-4.23,64.8,8331,11473
SAN-RDM,SAN,RDM,San Diego,Redmond-Bend,Large,OO,SkyWest Airlines,1090,823.0,144.7,80.92,1.1,3.26,26.0,-1.34,115.5,3774,5096
IAH-ORD,IAH,ORD,Houston,Chicago,Large,MQ,Envoy Air,1090,925.0,163.9,79.45,1.1,4.93,45.0,-6.94,125.4,9240,7908
IAH-PBI,IAH,PBI,Houston,West Palm Beach,Large,UA,United Airlines,1089,956.0,148.5,73.09,0.83,13.17,62.2,-3.52,117.0,14919,5918
DFW-MSO,DFW,MSO,Dallas-Fort Worth,Missoula,Large,MQ,Envoy Air,1089,1320.0,216.7,80.35,0.73,0.21,33.7,-5.37,187.8,7108,3253
ORD-IAH,ORD,IAH,Chicago,Houston,Large,MQ,Envoy Air,1089,925.0,174.7,78.33,1.01,-0.61,38.0,-6.35,136.9,7611,3235
MSO-DFW,MSO,DFW,Missoula,Dallas-Fort Worth,Small,MQ,Envoy Air,1088,1320.0,202.1,80.88,0.92,-0.79,32.0,-7.25,168.2,7434,4237
ATL-JAC,ATL,JAC,Atlanta,Jacksn Hole,Large,DL,Delta Air Lines,1088,1572.0,239.6,77.48,0.64,4.75,43.0,-6.12,211.5,10371,2286
JAC-ATL,JAC,ATL,Jacksn Hole,Atlanta,Small,DL,Delta Air Lines,1086,1572.0,216.6,69.15,1.66,19.05,54.9,-5.53,183.7,23399,3386
PBI-IAH,PBI,IAH,West Palm Beach,Houston,Medium,UA,United Airlines,1086,956.0,176.0,74.68,1.01,13.54,60.4,-3.38,143.7,11276,11332
SAV-LGA,SAV,LGA,Savannah,New York,Medium,B6,JetBlue Airways,1086,722.0,121.5,68.14,5.71,15.23,56.0,-0.42,97.4,12783,8994
ORD-ROC,ORD,ROC,Chicago,Rochester,Large,YX,Republic Airways,1085,528.0,110.2,80.37,2.76,2.82,34.0,-3.18,73.7,7079,4560
ATL-SFO,ATL,SFO,Atlanta,San Francisco,Large,F9,Frontier Airlines,1085,2139.0,328.2,55.3,1.94,30.38,105.0,-5.72,287.1,21987,15768
ORD-CLT,ORD,CLT,Chicago,Charlotte,Large,YX,Republic Airways,1084,599.0,129.3,82.1,2.31,0.64,27.0,-4.86,87.8,6760,3882
AUS-MIA,AUS,MIA,Austin,Miami,Large,MQ,Envoy Air,1084,1103.0,163.9,68.82,0.74,14.94,62.1,-1.86,139.5,11195,9940
STS-SEA,STS,SEA,Santa Rosa,Seattle,Small,AS,Alaska Airlines,1084,618.0,120.0,71.4,1.11,9.87,45.0,1.29,91.0,6557,8279
SEA-STS,SEA,STS,Seattle,Santa Rosa,Large,AS,Alaska Airlines,1084,618.0,122.4,78.04,0.65,4.52,34.0,-1.46,90.5,6720,3449
LGA-SAV,LGA,SAV,New York,Savannah,Large,B6,JetBlue Airways,1084,722.0,143.2,66.51,4.52,16.59,72.4,-2.71,108.5,14454,10535
BIS-MSP,BIS,MSP,Bismarck,Minneapolis,Small,9E,Endeavor Air,1084,386.0,89.5,90.59,0.09,-6.02,11.9,-8.69,60.5,4770,3779
DTW-CHA,DTW,CHA,Detroit,Chattanooga,Large,9E,Endeavor Air,1084,505.0,105.8,85.33,0.28,-1.75,23.1,-5.34,74.3,5966,2156
CHA-DTW,CHA,DTW,Chattanooga,Detroit,Small,9E,Endeavor Air,1084,505.0,111.8,83.3,0.37,3.24,30.0,-7.97,80.6,6231,6630
SLN-DEN,SLN,DEN,Salina,Denver,Non-hub,OO,SkyWest Airlines,1083,383.0,94.6,81.63,1.2,11.96,49.7,-3.63,66.6,17828,4918
JFK-SAT,JFK,SAT,New York,San Antonio,Large,B6,JetBlue Airways,1083,1587.0,260.0,72.58,1.75,6.93,54.0,-9.52,221.1,14787,3678
MSP-BIS,MSP,BIS,Minneapolis,Bismarck,Large,9E,Endeavor Air,1083,386.0,91.4,88.64,0.09,-4.19,17.0,-6.84,64.0,5115,1259
SAT-JFK,SAT,JFK,San Antonio,New York,Medium,B6,JetBlue Airways,1083,1587.0,232.6,64.17,2.86,28.2,87.0,-5.64,201.8,24095,12815
SFO-ATL,SFO,ATL,San Francisco,Atlanta,Large,F9,Frontier Airlines,1082,2139.0,288.4,57.58,2.59,28.65,88.0,-5.46,245.4,14603,19833
ORF-IAD,ORF,IAD,Norfolk,Washington,Medium,YX,Republic Airways,1081,157.0,67.8,81.22,2.13,0.37,27.4,-2.91,38.8,7470,3584
ORD-JLN,ORD,JLN,Chicago,Joplin,Large,OO,SkyWest Airlines,1081,484.0,114.2,75.21,2.22,18.68,55.2,-10.43,76.3,24775,6538
ORD-MHT,ORD,MHT,Chicago,Manchester NH,Large,MQ,Envoy Air,1081,843.0,142.5,79.09,0.93,3.65,37.0,-5.47,106.4,5942,5639
CLE-LAX,CLE,LAX,Cleveland,Los Angeles,Medium,NK,Spirit Airlines,1081,2052.0,305.3,73.64,3.24,6.85,42.0,-7.83,272.9,11346,4701
MHT-ORD,MHT,ORD,Manchester NH,Chicago,Small,MQ,Envoy Air,1081,843.0,164.9,78.26,0.83,2.71,36.0,-3.5,124.7,7998,4052
MIA-AUS,MIA,AUS,Miami,Austin,Large,MQ,Envoy Air,1080,1103.0,191.9,76.2,0.65,3.71,35.1,-1.41,161.0,8519,2771
LAX-CLE,LAX,CLE,Los Angeles,Cleveland,Large,NK,Spirit Airlines,1080,2052.0,268.3,77.96,2.69,5.69,34.0,-5.89,237.4,8771,4647
MSP-PHL,MSP,PHL,Minneapolis,Philadelphia,Large,OH,PSA Airlines,1080,980.0,154.0,76.76,2.5,11.5,44.0,-3.51,122.7,12740,9956
PHL-MSP,PHL,MSP,Philadelphia,Minneapolis,Large,OH,PSA Airlines,1080,980.0,183.3,78.43,2.41,4.61,45.0,-5.24,149.5,8353,6530
SLC-FLL,SLC,FLL,Salt Lake City,Fort Lauderdale,Large,B6,JetBlue Airways,1079,2084.0,269.8,65.52,1.48,22.79,65.0,-3.48,242.8,18997,11539
FLL-SLC,FLL,SLC,Fort Lauderdale,Salt Lake City,Large,B6,JetBlue Airways,1079,2084.0,316.2,70.16,1.02,7.46,53.2,-5.96,281.5,12416,4601
JLN-ORD,JLN,ORD,Joplin,Chicago,Non-hub,OO,SkyWest Airlines,1078,484.0,115.4,82.0,2.6,12.71,48.3,-7.78,76.3,20771,5299
LEX-SFB,LEX,SFB,Lexington KY,Sanford,Small,G4,Allegiant Air,1077,667.0,109.7,58.03,2.97,36.28,99.0,-0.15,90.3,21736,21468
SEA-SBP,SEA,SBP,Seattle,San Luis Obispo,Large,OO,SkyWest Airlines,1077,847.0,145.8,84.87,0.46,1.45,23.0,-1.7,120.3,2876,3775
LGA-RDU,LGA,RDU,New York,Raleigh-durham,Large,DL,Delta Air Lines,1076,431.0,109.6,74.16,2.97,9.88,62.0,-5.91,73.2,15255,5015
ORD-SLN,ORD,SLN,Chicago,Salina,Large,OO,SkyWest Airlines,1076,559.0,123.9,77.51,1.77,9.39,47.0,-5.04,88.0,12135,7291
PHX-CID,PHX,CID,Phoenix,Cedar Rapids,Large,OO,SkyWest Airlines,1076,1252.0,191.5,79.09,1.67,4.35,41.0,-7.07,152.5,13181,2313
SJC-BNA,SJC,BNA,San Jose,Nashville,Medium,WN,Southwest Airlines,1076,1947.0,255.2,81.97,0.37,3.62,26.0,-6.23,230.1,4828,3169
CID-PHX,CID,PHX,Cedar Rapids,Phoenix,Small,OO,SkyWest Airlines,1075,1252.0,210.4,81.12,1.86,8.85,36.0,-6.19,177.8,20285,177
RDU-LGA,RDU,LGA,Raleigh-durham,New York,Medium,DL,Delta Air Lines,1075,431.0,98.1,69.3,3.07,19.61,78.0,-1.47,66.3,16832,10228
FSD-ORD,FSD,ORD,Sioux Falls,Chicago,Small,UA,United Airlines,1074,462.0,108.0,86.69,1.77,2.01,21.0,-4.58,67.7,10470,1787
USA-SFB,USA,SFB,Concord,Sanford,Non-hub,G4,Allegiant Air,1074,457.0,88.1,59.96,2.7,31.77,85.0,0.0,68.6,16551,20631
DEN-SBA,DEN,SBA,Denver,Santa Barbara,Large,OO,SkyWest Airlines,1074,916.0,165.8,80.91,1.68,2.74,34.0,-6.11,135.1,8987,2270
SFB-USA,SFB,USA,Sanford,Concord,Small,G4,Allegiant Air,1073,457.0,92.0,65.7,2.14,18.27,68.0,0.53,71.5,16058,7259
JFK-SFO,JFK,SFO,New York,San Francisco,Large,UA,United Airlines,1072,2586.0,384.7,80.88,2.52,1.65,40.0,-8.82,342.8,9831,6008
SFO-JFK,SFO,JFK,San Francisco,New York,Large,UA,United Airlines,1071,2586.0,331.4,76.1,2.33,8.03,38.0,-1.72,295.6,10637,4496
SFB-LEX,SFB,LEX,Sanford,Lexington KY,Small,G4,Allegiant Air,1071,667.0,114.9,64.8,2.24,20.29,79.8,1.02,94.1,17668,8070
JFK-LAX,JFK,LAX,New York,Los Angeles,Large,UA,United Airlines,1071,2475.0,372.5,80.95,2.24,1.56,40.7,-11.25,323.5,8268,8198
LAX-JFK,LAX,JFK,Los Angeles,New York,Large,UA,United Airlines,1070,2475.0,321.0,82.06,1.96,2.43,28.0,-6.42,288.8,9743,3685
ORD-FSD,ORD,FSD,Chicago,Sioux Falls,Large,UA,United Airlines,1070,462.0,107.8,63.36,1.5,24.35,93.7,-6.49,71.6,15624,15004
RDM-DEN,RDM,DEN,Redmond-Bend,Denver,Small,OO,SkyWest Airlines,1070,898.0,148.5,77.57,1.59,11.29,47.0,-1.84,121.1,13299,5409
AUS-LAS,AUS,LAS,Austin,Las Vegas,Large,F9,Frontier Airlines,1070,1090.0,182.9,68.88,2.15,14.89,70.4,-6.02,149.4,10164,13547
LAS-AUS,LAS,AUS,Las Vegas,Austin,Large,F9,Frontier Airlines,1070,1090.0,169.0,76.07,1.87,6.06,53.0,-5.68,134.0,6734,8974
MIA-MSY,MIA,MSY,Miami,New Orleans,Large,WN,Southwest Airlines,1069,675.0,127.0,62.58,2.9,17.41,61.0,-2.17,100.9,9890,11031
LAS-MDW,LAS,MDW,Las Vegas,Chicago,Large,F9,Frontier Airlines,1069,1521.0,212.9,67.35,1.59,12.9,51.0,-3.12,182.7,11435,6954
TPA-MDW,TPA,MDW,Tampa,Chicago,Large,F9,Frontier Airlines,1069,997.0,165.9,69.32,3.09,16.23,69.8,-1.75,138.4,9957,12585
SNA-BNA,SNA,BNA,Santa Ana,Nashville,Medium,WN,Southwest Airlines,1068,1772.0,231.4,66.76,0.94,11.91,46.0,-7.35,205.0,8085,6853
SBA-DEN,SBA,DEN,Santa Barbara,Denver,Small,OO,SkyWest Airlines,1068,916.0,153.8,80.52,2.06,4.49,35.0,-5.07,124.1,12609,2225
MDW-TPA,MDW,TPA,Chicago,Tampa,Large,F9,Frontier Airlines,1068,997.0,157.8,69.66,3.0,12.82,59.9,-0.95,130.6,10163,9781
MDW-LAS,MDW,LAS,Chicago,Las Vegas,Large,F9,Frontier Airlines,1068,1521.0,241.8,62.55,2.06,21.21,76.0,-7.69,206.3,11920,17541
MSY-MIA,MSY,MIA,New Orleans,Miami,Medium,WN,Southwest Airlines,1068,675.0,113.5,69.48,2.81,12.38,48.2,-4.8,90.3,10275,6569
MKE-BOS,MKE,BOS,Milwaukee,Boston,Medium,B6,JetBlue Airways,1067,860.0,136.3,68.32,1.69,16.94,82.0,-3.3,109.3,16582,12527
ORD-BOI,ORD,BOI,Chicago,Boise,Large,UA,United Airlines,1067,1437.0,231.9,83.41,0.66,-1.78,27.0,-9.63,195.0,5603,3838
SLC-LGB,SLC,LGB,Salt Lake City,Long Beach,Large,DL,Delta Air Lines,1066,588.0,117.3,87.99,0.28,-2.06,20.0,-7.75,88.7,7512,1450
BOI-ORD,BOI,ORD,Boise,Chicago,Medium,UA,United Airlines,1066,1437.0,204.5,81.43,0.84,10.45,32.0,-2.38,174.3,11641,6486
BOS-MKE,BOS,MKE,Boston,Milwaukee,Large,B6,JetBlue Airways,1066,860.0,159.4,79.27,0.56,2.96,47.2,-8.27,127.8,9865,3904
LGB-SLC,LGB,SLC,Long Beach,Salt Lake City,Small,DL,Delta Air Lines,1066,588.0,112.3,85.65,0.75,3.36,27.0,-6.14,83.7,11827,634
BDL-SJU,BDL,SJU,Windsor Locks,San Juan,Medium,F9,Frontier Airlines,1065,1666.0,238.2,46.2,2.35,45.36,93.0,7.72,220.5,33087,17352
SJU-BDL,SJU,BDL,San Juan,Windsor Locks,Medium,F9,Frontier Airlines,1065,1666.0,248.2,48.36,1.69,41.29,113.0,8.56,228.2,32345,13762
DEN-RDM,DEN,RDM,Denver,Redmond-Bend,Large,OO,SkyWest Airlines,1064,898.0,168.1,79.14,1.13,5.39,37.0,-5.14,136.2,9200,2918
EUG-SJC,EUG,SJC,Eugene,San Jose,Small,WN,Southwest Airlines,1063,471.0,91.7,78.55,1.03,5.91,31.0,-4.95,71.2,3180,7020
DFW-FSD,DFW,FSD,Dallas-Fort Worth,Sioux Falls,Large,MQ,Envoy Air,1063,737.0,133.8,78.46,3.2,1.65,32.0,-4.08,102.9,5362,3759
SJC-EUG,SJC,EUG,San Jose,Eugene,Medium,WN,Southwest Airlines,1063,471.0,92.9,83.44,1.13,1.53,25.0,-4.04,71.8,2916,3872
SFO-AUS,SFO,AUS,San Francisco,Austin,Large,OO,SkyWest Airlines,1063,1504.0,213.9,83.44,1.32,1.76,29.0,-2.93,185.5,3838,4830
FSD-DFW,FSD,DFW,Sioux Falls,Dallas-Fort Worth,Small,MQ,Envoy Air,1062,737.0,145.2,74.11,3.3,2.86,45.9,-9.77,108.3,7820,6194
CHS-DTW,CHS,DTW,Charleston,Detroit,Medium,DL,Delta Air Lines,1062,667.0,122.2,86.72,1.41,0.51,19.0,-6.37,93.8,6164,4337
DTW-CHS,DTW,CHS,Detroit,Charleston,Large,DL,Delta Air Lines,1062,667.0,123.8,84.18,1.51,1.14,23.0,-4.41,95.6,7204,2089
STS-SEA,STS,SEA,Santa Rosa,Seattle,Small,QX,Horizon Air,1061,618.0,119.7,83.79,1.79,2.24,25.0,-2.52,96.1,3548,4147
ABE-PGD,ABE,PGD,Allentown,Punta Gorda,Small,G4,Allegiant Air,1061,1018.0,167.4,74.08,1.89,11.93,52.0,-0.43,144.7,17106,4288
DCA-CID,DCA,CID,Washington,Cedar Rapids,Large,OH,PSA Airlines,1061,801.0,159.7,79.55,3.49,0.63,45.0,-8.67,117.7,6648,7742
CID-DCA,CID,DCA,Cedar Rapids,Washington,Small,OH,PSA Airlines,1061,801.0,135.4,78.04,3.39,6.18,40.0,-5.23,104.6,9812,8346
PGD-ABE,PGD,ABE,Punta Gorda,Allentown,Small,G4,Allegiant Air,1060,1018.0,158.4,70.66,1.7,15.05,64.0,-1.5,138.2,11652,9972
SLC-MCO,SLC,MCO,Salt Lake City,Orlando,Large,B6,JetBlue Airways,1060,1931.0,256.8,64.81,1.51,18.52,75.0,-2.25,228.4,12319,13201
LBB-DEN,LBB,DEN,Lubbock,Denver,Small,WN,Southwest Airlines,1059,456.0,94.7,79.32,1.42,2.29,35.0,-5.25,70.2,5701,5616
MCO-SLC,MCO,SLC,Orlando,Salt Lake City,Large,B6,JetBlue Airways,1059,1931.0,295.3,63.17,0.76,18.54,87.0,-4.61,263.8,18757,9113
CHS-LGA,CHS,LGA,Charleston,New York,Medium,DL,Delta Air Lines,1059,641.0,118.9,75.07,2.55,20.29,72.0,-5.58,89.2,21953,9088
OKC-MCO,OKC,MCO,Oklahoma City,Orlando,Medium,WN,Southwest Airlines,1059,1069.0,159.0,76.49,1.32,7.54,36.6,-4.19,134.6,7530,5529
LGA-CHS,LGA,CHS,New York,Charleston,Large,DL,Delta Air Lines,1059,641.0,136.2,73.37,2.08,9.06,68.0,-5.99,96.7,15281,5119
DEN-LBB,DEN,LBB,Denver,Lubbock,Large,WN,Southwest Airlines,1059,456.0,85.8,72.24,1.32,11.19,48.0,-5.53,62.4,7394,8140
MYR-CLE,MYR,CLE,Myrtle Beach,Cleveland,Small,NK,Spirit Airlines,1058,557.0,105.8,82.23,2.17,1.93,30.7,-3.15,81.9,6455,4499
DEN-SAT,DEN,SAT,Denver,San Antonio,Large,F9,Frontier Airlines,1058,794.0,135.7,77.13,1.51,4.51,40.1,-4.54,104.5,6869,6249
SJU-EWR,SJU,EWR,San Juan,Newark,Medium,F9,Frontier Airlines,1057,1608.0,257.3,59.32,1.7,19.67,66.6,5.69,230.3,15880,8312
PNS-DEN,PNS,DEN,Pensacola,Denver,Small,F9,Frontier Airlines,1057,1179.0,199.7,68.68,1.89,16.05,66.6,-4.61,166.4,9729,14664
DEN-PNS,DEN,PNS,Denver,Pensacola,Large,F9,Frontier Airlines,1057,1179.0,176.0,77.39,1.42,5.91,45.0,-6.48,145.1,7685,7269
HOU-BUR,HOU,BUR,Houston,Burbank,Medium,WN,Southwest Airlines,1056,1389.0,218.0,78.03,0.85,5.44,39.0,-7.93,195.3,6898,5165
EWR-SJU,EWR,SJU,Newark,San Juan,Large,F9,Frontier Airlines,1056,1608.0,243.6,58.43,1.99,31.85,96.3,3.15,213.7,27530,9815
CLE-MYR,CLE,MYR,Cleveland,Myrtle Beach,Medium,NK,Spirit Airlines,1056,557.0,102.7,82.29,2.08,2.82,30.8,-5.89,78.4,6744,6104
SAT-DEN,SAT,DEN,San Antonio,Denver,Medium,F9,Frontier Airlines,1056,794.0,143.0,76.14,2.27,7.48,51.9,-5.15,111.1,6992,9637
BOS-ACK,BOS,ACK,Boston,Nantucket,Large,B6,JetBlue Airways,1054,91.0,52.4,77.13,3.04,6.91,52.0,-5.21,24.4,10981,5337
DTW-PHX,DTW,PHX,Detroit,Phoenix,Large,F9,Frontier Airlines,1054,1671.0,268.6,75.81,1.61,10.33,46.4,-11.17,230.9,11832,10045
SDF-LAS,SDF,LAS,Louisville,Las Vegas,Medium,NK,Spirit Airlines,1053,1624.0,244.1,70.56,3.13,15.65,61.0,-4.37,217.8,15378,6615
BNA-PHL,BNA,PHL,Nashville,Philadelphia,Large,NK,Spirit Airlines,1053,675.0,122.3,76.92,1.8,10.68,50.0,-4.43,93.9,12006,7258
ACK-BOS,ACK,BOS,Nantucket,Boston,Non-hub,B6,JetBlue Airways,1053,91.0,52.5,72.74,3.23,11.64,71.2,-4.24,25.5,12152,10345
MCO-OKC,MCO,OKC,Orlando,Oklahoma City,Large,WN,Southwest Airlines,1053,1069.0,178.3,72.46,0.76,10.74,53.0,-4.26,151.8,9098,7274
SBP-DFW,SBP,DFW,San Luis Obispo,Dallas-Fort Worth,Small,MQ,Envoy Air,1052,1360.0,200.4,78.52,1.05,7.25,29.0,-4.78,172.4,10429,2617
LAS-SDF,LAS,SDF,Las Vegas,Louisville,Large,NK,Spirit Airlines,1052,1624.0,217.7,70.06,3.04,11.86,53.0,-4.18,188.0,12494,4776
DFW-SBP,DFW,SBP,Dallas-Fort Worth,San Luis Obispo,Large,MQ,Envoy Air,1052,1360.0,219.7,85.55,1.05,-2.88,20.0,-8.14,187.8,3917,3382
CHS-IAH,CHS,IAH,Charleston,Houston,Medium,YV,Mesa Airlines,1052,925.0,170.4,78.04,2.76,4.52,36.4,-6.64,140.4,10695,3013
PHX-DTW,PHX,DTW,Phoenix,Detroit,Large,F9,Frontier Airlines,1052,1671.0,232.2,79.66,1.71,2.72,33.0,-6.23,197.4,8383,3632
MYR-DFW,MYR,DFW,Myrtle Beach,Dallas-Fort Worth,Small,MQ,Envoy Air,1052,1048.0,193.9,78.71,1.24,3.65,42.0,-4.85,160.2,7554,5159
DFW-MYR,DFW,MYR,Dallas-Fort Worth,Myrtle Beach,Large,MQ,Envoy Air,1052,1048.0,156.1,83.84,1.05,2.25,26.3,-3.4,127.8,5214,3621
MSY-EWR,MSY,EWR,New Orleans,Newark,Medium,YX,Republic Airways,1052,1167.0,185.0,79.37,5.13,-3.49,28.0,-11.28,148.2,7489,4350
CHS-DFW,CHS,DFW,Charleston,Dallas-Fort Worth,Medium,MQ,Envoy Air,1051,987.0,183.5,81.83,2.09,0.59,29.0,-3.54,151.1,5656,3725
SFO-MDW,SFO,MDW,San Francisco,Chicago,Large,WN,Southwest Airlines,1051,1855.0,246.6,85.25,0.86,-2.85,22.0,-10.34,218.0,3047,2558
PHL-BNA,PHL,BNA,Philadelphia,Nashville,Large,NK,Spirit Airlines,1051,675.0,137.4,79.35,2.0,2.46,38.0,-7.04,103.1,9779,3735
ONT-HOU,ONT,HOU,Ontario,Houston,Medium,WN,Southwest Airlines,1050,1345.0,183.6,83.52,1.14,1.58,22.0,-6.32,161.2,4323,3018
IAH-CHS,IAH,CHS,Houston,Charleston,Large,YV,Mesa Airlines,1050,925.0,148.5,79.81,2.48,1.35,33.0,-4.03,117.5,8708,917
DFW-CHS,DFW,CHS,Dallas-Fort Worth,Charleston,Large,MQ,Envoy Air,1049,987.0,153.8,82.27,2.1,0.7,27.0,-4.67,122.7,5275,2644
BFL-PHX,BFL,PHX,Bakersfield,Phoenix,Non-hub,MQ,Envoy Air,1048,425.0,96.6,86.35,0.38,-0.75,22.0,-4.56,67.3,3707,3882
PHX-BFL,PHX,BFL,Phoenix,Bakersfield,Large,MQ,Envoy Air,1048,425.0,92.9,83.49,0.48,4.01,28.0,-4.11,66.2,4095,5464
MSP-IND,MSP,IND,Minneapolis,Indianapolis,Large,OO,SkyWest Airlines,1047,503.0,104.8,73.26,1.24,11.51,48.0,-3.47,71.3,17285,0
ROC-MCO,ROC,MCO,Rochester,Orlando,Small,NK,Spirit Airlines,1047,1033.0,176.9,75.64,2.01,5.64,50.0,-10.11,140.1,11381,4724
BUF-ORD,BUF,ORD,Buffalo,Chicago,Medium,YX,Republic Airways,1046,474.0,121.2,82.7,2.49,-0.52,26.4,-5.18,81.5,6588,3695
IND-MSP,IND,MSP,Indianapolis,Minneapolis,Medium,OO,SkyWest Airlines,1046,503.0,110.8,78.01,1.34,12.06,47.0,-4.07,83.9,19496,0
BOS-HNL,BOS,HNL,Boston,Honolulu,Large,HA,Hawaiian Airlines,1046,5095.0,675.0,70.94,0.67,16.77,43.0,-6.65,634.3,21814,4528
IAH-SDF,IAH,SDF,Houston,Louisville,Large,YV,Mesa Airlines,1046,788.0,137.4,79.45,2.01,7.47,41.0,-5.81,105.6,13560,1378
MCO-ROC,MCO,ROC,Orlando,Rochester,Large,NK,Spirit Airlines,1046,1033.0,165.7,83.75,1.43,2.27,27.0,-4.32,135.4,8728,1182
EWR-MSY,EWR,MSY,Newark,New Orleans,Large,NK,Spirit Airlines,1044,1167.0,198.8,70.02,3.74,10.2,71.8,-10.45,164.2,14670,6263
STL-DTW,STL,DTW,St. Louis,Detroit,Medium,OO,SkyWest Airlines,1044,440.0,93.0,79.31,2.3,13.68,56.2,-5.16,64.9,21227,0
DTW-STL,DTW,STL,Detroit,St. Louis,Large,OO,SkyWest Airlines,1043,440.0,103.5,75.26,1.92,15.09,67.0,-4.11,74.1,20823,0
SRQ-EWR,SRQ,EWR,Sarasota,Newark,Small,YX,Republic Airways,1043,1034.0,175.2,67.59,7.19,12.99,70.0,-1.41,141.2,13964,6390
ORD-MYR,ORD,MYR,Chicago,Myrtle Beach,Large,NK,Spirit Airlines,1043,753.0,127.2,78.24,1.34,8.67,44.0,-5.92,97.4,10380,5448
MSY-EWR,MSY,EWR,New Orleans,Newark,Medium,NK,Spirit Airlines,1042,1167.0,177.3,76.01,3.07,6.89,51.2,-6.89,146.6,11920,3046
BQN-MCO,BQN,MCO,Aguadilla,Orlando,Non-hub,NK,Spirit Airlines,1042,1129.0,178.0,60.65,3.55,18.75,77.0,-5.56,148.1,10305,15459
MCO-BQN,MCO,BQN,Orlando,Aguadilla,Large,NK,Spirit Airlines,1042,1129.0,162.6,53.36,3.26,26.61,73.5,-1.96,135.7,21818,5920
BNA-SNA,BNA,SNA,Nashville,Santa Ana,Large,WN,Southwest Airlines,1041,1772.0,268.0,77.81,1.63,1.9,29.0,-8.83,240.6,4320,3850
MYR-ORD,MYR,ORD,Myrtle Beach,Chicago,Small,NK,Spirit Airlines,1041,753.0,144.5,75.7,1.63,7.25,54.1,-4.91,111.3,12604,5440
FWA-PGD,FWA,PGD,Fort Wayne,Punta Gorda,Small,G4,Allegiant Air,1041,986.0,150.2,61.29,1.73,22.82,81.0,-0.15,129.3,17154,11405
BUR-HOU,BUR,HOU,Burbank,Houston,Medium,WN,Southwest Airlines,1041,1389.0,194.8,81.08,1.63,2.08,26.0,-5.17,169.5,4172,3887
PGD-FWA,PGD,FWA,Punta Gorda,Fort Wayne,Small,G4,Allegiant Air,1040,986.0,152.8,75.1,1.54,6.24,40.0,-0.84,132.3,8847,4753
HNL-BOS,HNL,BOS,Honolulu,Boston,Medium,HA,Hawaiian Airlines,1040,5095.0,583.4,72.69,0.19,7.09,38.0,-6.75,549.9,10683,1239
BOS-SAT,BOS,SAT,Boston,San Antonio,Large,B6,JetBlue Airways,1038,1764.0,280.4,74.28,1.25,5.21,47.8,-8.12,247.5,13021,1669
ORD-SJU,ORD,SJU,Chicago,San Juan,Large,NK,Spirit Airlines,1038,2072.0,282.9,77.46,0.87,6.52,46.0,-9.09,248.6,13497,2711
SAT-BOS,SAT,BOS,San Antonio,Boston,Medium,B6,JetBlue Airways,1038,1764.0,243.2,64.16,1.73,22.04,76.0,-3.9,213.7,17860,10223
SAT-OKC,SAT,OKC,San Antonio,Oklahoma City,Medium,WN,Southwest Airlines,1037,407.0,80.7,85.44,0.48,-0.53,20.0,-6.47,59.4,2093,4778
EWR-SRQ,EWR,SRQ,Newark,Sarasota,Large,YX,Republic Airways,1036,1034.0,189.6,75.87,3.57,2.59,43.6,-3.71,155.2,9494,2613
DFW-SEA,DFW,SEA,Dallas-Fort Worth,Seattle,Large,DL,Delta Air Lines,1036,1660.0,267.3,81.76,1.06,2.89,39.0,-6.85,228.8,7984,6341
TUS-IAH,TUS,IAH,Tucson,Houston,Medium,UA,United Airlines,1036,936.0,142.4,88.22,1.16,2.9,16.0,-6.12,114.7,7205,4272
SJU-ORD,SJU,ORD,San Juan,Chicago,Medium,NK,Spirit Airlines,1036,2072.0,317.2,77.03,1.16,2.12,42.1,-8.39,276.0,10450,4164
SEA-DFW,SEA,DFW,Seattle,Dallas-Fort Worth,Large,DL,Delta Air Lines,1035,1660.0,237.7,74.98,1.06,11.54,57.0,-5.29,199.5,16297,3782
IND-MIA,IND,MIA,Indianapolis,Miami,Medium,MQ,Envoy Air,1035,1020.0,165.2,73.04,0.87,8.88,51.1,-3.37,139.7,8689,6996
LAS-GRR,LAS,GRR,Las Vegas,Grand Rapids,Large,G4,Allegiant Air,1034,1642.0,220.5,68.76,0.87,19.56,63.0,-0.91,190.4,18490,7292
IAH-TUS,IAH,TUS,Houston,Tucson,Large,UA,United Airlines,1034,936.0,165.2,78.24,0.97,5.02,36.0,-4.1,134.3,6936,3753
BMI-ATL,BMI,ATL,Bloomington,Atlanta,Non-hub,OO,SkyWest Airlines,1034,533.0,110.0,79.88,0.39,11.38,52.5,-7.58,78.5,21395,0
MIA-IND,MIA,IND,Miami,Indianapolis,Large,MQ,Envoy Air,1033,1020.0,173.4,84.9,0.77,0.61,23.0,-3.25,143.6,5814,1662
SLC-JAC,SLC,JAC,Salt Lake City,Jacksn Hole,Large,OO,SkyWest Airlines,1033,205.0,67.9,90.22,0.58,-0.04,12.0,-2.84,41.7,7040,0
CLT-IAD,CLT,IAD,Charlotte,Washington,Large,YX,Republic Airways,1033,322.0,92.2,84.7,1.45,0.41,24.0,-2.29,56.1,4449,4004
ATL-BMI,ATL,BMI,Atlanta,Bloomington,Large,OO,SkyWest Airlines,1033,533.0,105.9,77.35,0.39,18.57,61.0,-4.85,80.2,25998,0
GRR-LAS,GRR,LAS,Grand Rapids,Las Vegas,Medium,G4,Allegiant Air,1033,1642.0,251.1,74.25,0.87,16.7,47.0,-4.43,222.9,20515,6773
ORD-ELP,ORD,ELP,Chicago,El Paso,Large,OO,SkyWest Airlines,1033,1236.0,215.3,75.7,1.36,8.15,44.0,-3.87,175.9,11361,4434
ELP-ORD,ELP,ORD,El Paso,Chicago,Small,OO,SkyWest Airlines,1032,1236.0,193.5,79.46,1.74,10.29,36.0,-1.73,160.4,12926,3436
MDW-SFO,MDW,SFO,Chicago,San Francisco,Large,WN,Southwest Airlines,1032,1855.0,278.1,66.57,0.97,14.48,61.8,-9.21,249.4,12527,7973
BWI-LGA,BWI,LGA,Baltimore,New York,Large,WN,Southwest Airlines,1032,185.0,66.0,55.23,4.46,20.05,66.6,-2.97,38.5,14680,6548
PHF-CLT,PHF,CLT,Newport News,Charlotte,Non-hub,OH,PSA Airlines,1032,282.0,88.0,86.24,1.26,3.66,23.0,-5.14,56.5,8862,4344
LGA-BDL,LGA,BDL,New York,Windsor Locks,Large,9E,Endeavor Air,1032,101.0,65.5,77.62,3.97,4.92,46.0,-9.47,24.8,8130,7763
LGA-BWI,LGA,BWI,New York,Baltimore,Large,WN,Southwest Airlines,1032,185.0,74.2,76.74,5.43,6.04,37.5,-6.27,39.8,6497,5619
RDU-SJU,RDU,SJU,Raleigh-durham,San Juan,Medium,F9,Frontier Airlines,1031,1433.0,213.9,66.05,2.04,18.24,72.0,-4.48,184.0,14136,11090
JAC-SLC,JAC,SLC,Jacksn Hole,Salt Lake City,Small,OO,SkyWest Airlines,1031,205.0,67.8,87.68,0.58,1.56,18.0,-2.47,39.7,9780,0
KOA-SJC,KOA,SJC,Kona,San Jose,Small,WN,Southwest Airlines,1031,2384.0,303.1,83.9,0.19,0.33,25.7,-7.65,278.7,4874,3676
CLT-PHF,CLT,PHF,Charlotte,Newport News,Large,OH,PSA Airlines,1031,282.0,80.7,82.44,1.55,1.77,31.0,-5.72,48.4,6336,4513
SJC-KOA,SJC,KOA,San Jose,Kona,Medium,WN,Southwest Airlines,1030,2384.0,329.1,86.21,0.1,-4.41,20.0,-8.83,304.0,5215,1267
SJU-RDU,SJU,RDU,San Juan,Raleigh-durham,Medium,F9,Frontier Airlines,1030,1433.0,227.1,68.83,2.43,14.77,58.0,-1.31,199.1,10102,9754
BDL-LGA,BDL,LGA,Windsor Locks,New York,Medium,9E,Endeavor Air,1030,101.0,62.3,76.21,3.4,12.21,48.0,-2.77,30.7,14770,4823
LBB-IAH,LBB,IAH,Lubbock,Houston,Small,OO,SkyWest Airlines,1030,458.0,103.8,77.38,2.14,14.87,76.5,-3.19,74.9,16919,6235
OGG-SJC,OGG,SJC,Kahului,San Jose,Medium,AS,Alaska Airlines,1030,2355.0,298.1,77.48,1.36,5.69,38.0,-4.02,273.6,5039,7436
IAH-LBB,IAH,LBB,Houston,Lubbock,Large,OO,SkyWest Airlines,1029,458.0,102.8,76.29,1.65,11.67,56.6,-3.39,74.0,12955,5461
SJC-OGG,SJC,OGG,San Jose,Kahului,Medium,AS,Alaska Airlines,1029,2355.0,336.2,84.06,0.78,-3.19,30.0,-3.93,303.0,8381,1254
HOU-ONT,HOU,ONT,Houston,Ontario,Medium,WN,Southwest Airlines,1029,1345.0,206.1,79.3,0.97,4.52,30.2,-7.46,181.0,5236,4905
OKC-SAT,OKC,SAT,Oklahoma City,San Antonio,Medium,WN,Southwest Airlines,1029,407.0,82.9,85.23,0.58,0.37,21.0,-4.58,64.2,1986,4553
LAX-SLC,LAX,SLC,Los Angeles,Salt Lake City,Large,NK,Spirit Airlines,1028,590.0,111.3,76.46,1.07,9.14,57.0,-5.67,83.6,9161,7883
CWA-DTW,CWA,DTW,Wassau,Detroit,Non-hub,9E,Endeavor Air,1028,363.0,86.0,88.33,0.29,1.62,16.2,-4.85,55.3,5917,4670
PIT-MYR,PIT,MYR,Pittsburgh,Myrtle Beach,Medium,NK,Spirit Airlines,1028,475.0,87.6,80.35,2.53,5.15,41.0,-3.12,66.8,6736,6412
SLC-LAX,SLC,LAX,Salt Lake City,Los Angeles,Large,NK,Spirit Airlines,1028,590.0,120.3,77.72,0.78,6.14,44.1,-6.27,88.8,8430,5714
CVG-MIA,CVG,MIA,Cincinnati,Miami,Medium,F9,Frontier Airlines,1027,948.0,159.8,68.94,2.73,15.42,82.4,-5.7,127.5,9345,15074
IAD-SAV,IAD,SAV,Washington,Savannah,Medium,YX,Republic Airways,1027,515.0,117.1,76.63,1.46,8.11,46.0,-1.83,86.3,10448,4409
DTW-CWA,DTW,CWA,Detroit,Wassau,Large,9E,Endeavor Air,1027,363.0,88.1,87.24,0.39,1.7,19.0,-3.71,62.3,8557,1317
SFO-SUN,SFO,SUN,San Francisco,Hailey,Large,OO,SkyWest Airlines,1026,587.0,117.2,83.82,1.46,-0.59,25.9,-8.72,83.9,7285,2699
MYR-PIT,MYR,PIT,Myrtle Beach,Pittsburgh,Small,NK,Spirit Airlines,1026,475.0,91.0,82.75,2.63,2.04,34.0,-2.63,70.6,6059,4755
SAN-FLL,SAN,FLL,San Diego,Fort Lauderdale,Large,B6,JetBlue Airways,1026,2269.0,290.6,60.04,1.36,38.29,68.0,-6.56,258.7,27542,15672
MIA-CVG,MIA,CVG,Miami,Cincinnati,Large,F9,Frontier Airlines,1026,948.0,167.5,73.39,2.14,12.89,62.0,-4.26,131.5,11533,10651
SUN-SFO,SUN,SFO,Hailey,San Francisco,Non-hub,OO,SkyWest Airlines,1026,587.0,137.1,72.12,2.14,10.71,67.9,-6.82,101.6,16360,7411
RNO-PDX,RNO,PDX,Reno,Portland,Medium,QX,Horizon Air,1026,444.0,98.8,83.72,1.46,3.83,23.0,-0.38,81.7,2453,5163
FLL-SAN,FLL,SAN,Fort Lauderdale,San Diego,Large,B6,JetBlue Airways,1026,2269.0,330.7,65.2,1.17,13.44,61.0,-1.82,300.1,15128,3714
FLL-DCA,FLL,DCA,Fort Lauderdale,Washington,Large,AA,American Airlines,1025,899.0,151.6,75.61,1.07,13.11,55.0,-4.81,123.9,8826,12535
STL-CLT,STL,CLT,St. Louis,Charlotte,Medium,OH,PSA Airlines,1025,575.0,116.7,87.61,1.27,2.71,19.0,-4.7,82.8,6752,5183
DCA-FLL,DCA,FLL,Washington,Fort Lauderdale,Large,AA,American Airlines,1025,899.0,168.0,80.1,0.98,2.34,38.9,-9.56,131.9,6250,8642
DTW-PVD,DTW,PVD,Detroit,Providence,Large,DL,Delta Air Lines,1025,615.0,107.7,79.02,2.15,5.51,41.0,-4.98,82.0,10973,2368
PVD-DTW,PVD,DTW,Providence,Detroit,Small,DL,Delta Air Lines,1025,615.0,126.3,85.85,2.34,1.24,20.0,-8.33,94.6,8054,3961
CMH-IAH,CMH,IAH,Columbus,Houston,Medium,YV,Mesa Airlines,1025,986.0,179.4,77.56,3.32,6.07,42.3,-9.64,146.6,13769,2974
DSM-ATL,DSM,ATL,Des Moines,Atlanta,Small,9E,Endeavor Air,1025,743.0,129.4,91.8,0.29,-4.63,7.0,-9.86,98.1,6206,2566
VPS-DCA,VPS,DCA,Valparaiso,Washington,Small,OH,PSA Airlines,1024,789.0,136.5,74.9,1.95,16.2,49.3,-2.54,106.8,14454,9480
CLT-STL,CLT,STL,Charlotte,St. Louis,Large,OH,PSA Airlines,1024,575.0,129.0,87.99,0.88,-2.27,17.4,-5.63,93.5,3780,2860
ATL-DSM,ATL,DSM,Atlanta,Des Moines,Large,9E,Endeavor Air,1024,743.0,137.2,92.29,0.29,-6.02,9.0,-8.64,107.8,4455,773
ORD-DBQ,ORD,DBQ,Chicago,Dubuque IA,Large,MQ,Envoy Air,1024,147.0,63.4,83.01,2.34,0.78,26.3,-5.74,31.4,7528,2936
JAX-CLT,JAX,CLT,Jacksonville,Charlotte,Medium,OH,PSA Airlines,1024,328.0,91.2,83.01,1.66,4.19,31.0,-5.25,57.0,5664,6954
DBQ-ORD,DBQ,ORD,Dubuque IA,Chicago,Non-hub,MQ,Envoy Air,1024,147.0,69.8,89.16,2.54,-8.1,9.0,-7.43,34.1,5184,2198
CLT-JAX,CLT,JAX,Charlotte,Jacksonville,Large,OH,PSA Airlines,1023,328.0,89.4,86.22,1.17,0.3,21.0,-2.87,55.8,5410,2434
DCA-VPS,DCA,VPS,Washington,Valparaiso,Large,OH,PSA Airlines,1022,789.0,161.0,74.76,2.74,3.46,42.0,-6.07,116.3,7058,7000
GTF-DEN,GTF,DEN,Great Falls,Denver,Non-hub,UA,United Airlines,1021,623.0,117.2,77.57,1.18,8.74,55.0,-3.28,89.1,12978,5244
SFO-ABQ,SFO,ABQ,San Francisco,Albuquerque,Large,UA,United Airlines,1021,896.0,147.9,78.84,1.37,5.75,41.5,-4.61,113.3,5660,6463
DEN-GTF,DEN,GTF,Denver,Great Falls,Large,UA,United Airlines,1021,623.0,114.4,74.53,0.69,13.73,69.7,-5.48,86.6,6777,12632
DEN-RIC,DEN,RIC,Denver,Richmond,Large,WN,Southwest Airlines,1020,1482.0,198.2,65.59,0.59,15.77,55.0,-6.58,170.6,9316,9377
RIC-DEN,RIC,DEN,Richmond,Denver,Medium,WN,Southwest Airlines,1020,1482.0,242.5,75.2,0.39,2.99,39.0,-11.67,210.0,7678,4451
ORD-BZN,ORD,BZN,Chicago,Bozeman,Large,AA,American Airlines,1019,1185.0,200.0,76.64,0.49,4.97,41.0,-6.37,165.5,7164,6635
ABQ-SFO,ABQ,SFO,Albuquerque,San Francisco,Medium,UA,United Airlines,1019,896.0,154.7,82.92,1.37,3.32,39.0,-7.56,126.7,7736,5677
PHX-LGB,PHX,LGB,Phoenix,Long Beach,Large,YV,Mesa Airlines,1018,355.0,86.7,78.19,1.38,11.47,49.0,-6.8,57.9,8114,10714
LGB-PHX,LGB,PHX,Long Beach,Phoenix,Small,YV,Mesa Airlines,1017,355.0,86.3,81.22,1.47,7.58,45.1,-2.76,57.6,4239,10352
BZN-ORD,BZN,ORD,Bozeman,Chicago,Small,AA,American Airlines,1017,1185.0,186.0,67.85,0.39,32.99,86.0,-1.87,145.7,23741,15427
MLI-DFW,MLI,DFW,Moline,Dallas-Fort Worth,Small,YV,Mesa Airlines,1017,691.0,142.3,76.01,4.13,10.77,55.8,-5.95,103.6,9627,10940
BTR-IAH,BTR,IAH,Baton Rouge,Houston,Small,OO,SkyWest Airlines,1017,253.0,85.1,76.79,1.77,13.31,64.4,-5.1,53.1,14245,8959
IAH-BTR,IAH,BTR,Houston,Baton Rouge,Large,OO,SkyWest Airlines,1017,253.0,72.7,77.88,1.67,12.27,54.2,-4.97,42.7,11000,8258
PDX-PSP,PDX,PSP,Portland,Palm Springs,Medium,OO,SkyWest Airlines,1017,873.0,148.5,82.69,1.57,1.85,26.0,-2.57,125.9,4385,4318
PSP-PDX,PSP,PDX,Palm Springs,Portland,Small,OO,SkyWest Airlines,1016,873.0,155.0,88.58,1.08,-4.01,15.0,-2.99,132.8,4252,807
DFW-MLI,DFW,MLI,Dallas-Fort Worth,Moline,Large,YV,Mesa Airlines,1016,691.0,121.4,72.54,3.74,18.89,82.5,-5.03,91.4,12698,11890
ORD-RIC,ORD,RIC,Chicago,Richmond,Large,MQ,Envoy Air,1016,642.0,123.5,82.09,1.48,0.25,27.1,-6.49,90.5,5268,3521
CLE-MSP,CLE,MSP,Cleveland,Minneapolis,Medium,9E,Endeavor Air,1016,622.0,129.0,87.7,0.39,-3.99,21.4,-9.45,96.5,4457,3957
PHX-ORD,PHX,ORD,Phoenix,Chicago,Large,F9,Frontier Airlines,1016,1440.0,209.9,69.59,2.17,17.22,75.0,-6.56,172.3,13902,10896
MSP-CLE,MSP,CLE,Minneapolis,Cleveland,Large,9E,Endeavor Air,1015,622.0,118.1,89.56,0.2,-4.72,16.0,-7.85,82.2,5212,961
RIC-ORD,RIC,ORD,Richmond,Chicago,Medium,MQ,Envoy Air,1015,642.0,138.4,79.21,1.48,3.05,32.0,-4.33,104.5,8329,2821
ORD-PHX,ORD,PHX,Chicago,Phoenix,Large,F9,Frontier Airlines,1014,1440.0,241.3,66.57,2.37,14.85,76.2,-6.95,198.4,12991,9759
MCO-ROC,MCO,ROC,Orlando,Rochester,Large,WN,Southwest Airlines,1013,1033.0,161.6,77.69,1.18,6.5,35.0,-6.09,133.4,7245,4558
FLL-BNA,FLL,BNA,Fort Lauderdale,Nashville,Large,B6,JetBlue Airways,1013,793.0,145.1,61.99,3.36,21.0,97.6,-2.9,113.8,19234,8201
BNA-FLL,BNA,FLL,Nashville,Fort Lauderdale,Large,B6,JetBlue Airways,1013,793.0,136.1,67.92,4.05,21.03,84.0,-2.09,108.7,12480,15433
ROC-MCO,ROC,MCO,Rochester,Orlando,Small,WN,Southwest Airlines,1011,1033.0,167.4,73.49,1.19,10.99,52.0,-6.03,140.4,11343,6500
MKE-MCO,MKE,MCO,Milwaukee,Orlando,Medium,F9,Frontier Airlines,1011,1066.0,175.4,70.82,1.98,14.77,68.0,-6.57,136.7,11370,13768
AMA-AUS,AMA,AUS,Amarillo,Austin,Small,WN,Southwest Airlines,1010,418.0,80.7,88.12,1.78,-1.94,15.0,-3.86,59.8,3323,2539
AUS-AMA,AUS,AMA,Austin,Amarillo,Large,WN,Southwest Airlines,1010,418.0,83.8,73.76,0.69,8.48,46.1,-5.12,61.7,4224,8634
SAN-OAK,SAN,OAK,San Diego,Oakland,Large,NK,Spirit Airlines,1010,446.0,91.7,73.96,1.29,10.48,48.0,-3.89,66.1,9677,6704
OAK-SAN,OAK,SAN,Oakland,San Diego,Medium,NK,Spirit Airlines,1010,446.0,90.7,74.65,2.18,9.67,46.0,-1.55,70.2,10598,4601
MCO-MKE,MCO,MKE,Orlando,Milwaukee,Large,F9,Frontier Airlines,1010,1066.0,185.2,79.5,1.49,3.84,39.7,-5.48,152.0,7924,5161
SJU-JFK,SJU,JFK,San Juan,New York,Medium,F9,Frontier Airlines,1009,1598.0,247.6,72.05,1.19,8.97,58.6,-0.84,215.4,11353,5693
DFW-MGM,DFW,MGM,Dallas-Fort Worth,MONTGOMERY,Large,OH,PSA Airlines,1008,622.0,113.3,67.76,5.26,19.59,73.8,-3.6,81.8,10722,14377
OME-OTZ,OME,OTZ,Nome,Kotzebue,Non-hub,AS,Alaska Airlines,1007,183.0,47.4,80.04,3.87,-2.77,23.0,0.22,33.0,1508,4010
MGM-DFW,MGM,DFW,MONTGOMERY,Dallas-Fort Worth,Non-hub,OH,PSA Airlines,1007,622.0,138.1,68.62,4.57,27.36,80.0,-2.88,102.3,24940,8976
MSP-IAH,MSP,IAH,Minneapolis,Houston,Large,YV,Mesa Airlines,1007,1034.0,183.4,80.14,2.38,0.43,33.0,-9.07,146.8,9259,2821
JFK-SJU,JFK,SJU,New York,San Juan,Large,F9,Frontier Airlines,1006,1598.0,236.8,62.52,1.69,21.67,66.8,2.09,204.5,22405,6301
RIC-ORD,RIC,ORD,Richmond,Chicago,Medium,YX,Republic Airways,1005,642.0,141.7,80.2,3.18,1.94,41.0,-6.97,103.5,6992,6588
PHL-MDW,PHL,MDW,Philadelphia,Chicago,Large,F9,Frontier Airlines,1004,668.0,135.5,69.62,2.89,17.14,77.0,-3.6,103.6,13797,10325
ORD-TVC,ORD,TVC,Chicago,Traverse City,Large,YX,Republic Airways,1003,224.0,75.3,75.97,2.39,7.96,54.5,-2.59,41.0,7687,7149
TVC-ORD,TVC,ORD,Traverse City,Chicago,Small,YX,Republic Airways,1002,224.0,86.6,78.84,2.79,4.07,40.9,-3.94,46.7,7560,6030
ORD-RIC,ORD,RIC,Chicago,Richmond,Large,YX,Republic Airways,1002,642.0,131.0,81.24,1.2,1.19,30.3,-3.66,91.6,6341,3193
OMA-ORD,OMA,ORD,Omaha,Chicago,Medium,AA,American Airlines,1002,416.0,100.2,76.25,2.1,18.0,53.3,0.8,65.8,14326,9816
BUF-LAS,BUF,LAS,Buffalo,Las Vegas,Medium,WN,Southwest Airlines,1002,1986.0,296.2,77.05,1.0,3.32,36.1,-12.28,266.5,5765,6533
MDW-PHL,MDW,PHL,Chicago,Philadelphia,Large,F9,Frontier Airlines,1001,668.0,118.4,66.53,2.7,22.07,84.0,-0.89,88.5,9428,17701
EWR-IAD,EWR,IAD,Newark,Washington,Large,YX,Republic Airways,1001,212.0,88.2,73.03,5.69,7.16,47.0,-4.45,48.0,9592,4002
OAK-PDX,OAK,PDX,Oakland,Portland,Medium,OO,SkyWest Airlines,1001,543.0,99.2,86.61,0.7,3.15,21.0,-0.65,80.4,3378,4931
ORD-OMA,ORD,OMA,Chicago,Omaha,Large,AA,American Airlines,1000,416.0,94.5,56.2,1.8,27.34,86.0,-1.86,64.8,16099,13804
